Date,Company,Open,High,Low,Close,Volume,Adj_Close
2019-01-02,AAPL,150.73,151.64,150.21,151.39,54463210,150.67
2019-01-02,AMZN,132.87,133.87,131.73,131.85,65141294,131.81
2019-01-02,GOOGL,102.24,103.28,101.39,102.27,26381236,102.25
2019-01-02,MSFT,227.67,228.59,225.63,226.31,41024360,225.74
2019-01-02,TSLA,202.69,203.65,201.34,201.97,189249672,201.94
2019-01-03,AAPL,155.1,156.1,153.7,155.58,34964167,155.56
2019-01-03,AMZN,131.67,133.25,130.67,132.14,111170825,131.94
2019-01-03,GOOGL,104.93,105.63,104.14,105.2,50243630,104.92
2019-01-03,MSFT,223.67,225.71,221.32,224.39,47204385,223.3
2019-01-03,TSLA,203.57,205.43,202.59,204.15,170512195,203.39
2019-01-04,AAPL,154.24,155.32,153.46,154.31,107564926,153.88
2019-01-04,AMZN,132.69,133.53,130.96,133.06,56171939,132.51
2019-01-04,GOOGL,107.2,107.49,106.69,106.92,47999184,106.69
2019-01-04,MSFT,233.68,236.57,231.66,233.39,50432965,232.93
2019-01-04,TSLA,197.76,200.01,193.71,196.81,160600051,196.34
2019-01-07,AAPL,151.8,154.57,150.27,153.07,74068829,152.58
2019-01-07,AMZN,132.8,134.05,130.42,132.95,105716059,132.55
2019-01-07,GOOGL,107.35,108.38,106.4,108.16,35416824,107.87
2019-01-07,MSFT,230.99,232.18,228.63,230.86,52160132,230.16
2019-01-07,TSLA,191.92,195.59,188.05,193.08,187627524,192.46
2019-01-08,AAPL,157.32,157.58,157.02,157.15,38688859,156.84
2019-01-08,AMZN,131.2,131.73,130.89,131.64,36130672,131.24
2019-01-08,GOOGL,103.46,106.22,101.94,103.59,10152453,103.2
2019-01-08,MSFT,230.27,231.04,229.68,229.9,22237802,229.68
2019-01-08,TSLA,190.85,193.1,188.53,192.88,96957064,192.46
2019-01-09,AAPL,152.39,154.27,151.43,153.17,130529555,152.74
2019-01-09,AMZN,131.16,132.25,130.62,131.4,76133751,131.25
2019-01-09,GOOGL,102.63,102.9,102.46,102.54,18167858,102.03
2019-01-09,MSFT,230.16,233.31,227.42,230.77,35421327,230.09
2019-01-09,TSLA,189.85,190.39,189.06,189.73,190296650,189.34
2019-01-10,AAPL,153.13,155.12,151.66,153.18,106889795,152.83
2019-01-10,AMZN,129.16,129.51,128.98,129.35,30763534,129.17
2019-01-10,GOOGL,102.86,103.29,102.34,102.74,18468999,102.38
2019-01-10,MSFT,235.57,236.54,235.07,236.5,55182655,235.46
2019-01-10,TSLA,194.05,196.13,191.36,191.63,195976869,190.7
2019-01-11,AAPL,149.59,150.25,148.27,149.86,44742920,149.25
2019-01-11,AMZN,128.55,131.0,126.59,128.76,120846176,128.29
2019-01-11,GOOGL,103.38,103.95,102.87,103.91,23403130,103.63
2019-01-11,MSFT,237.94,239.46,235.12,238.85,65425690,238.39
2019-01-11,TSLA,186.69,186.91,186.21,186.26,89577695,185.33
2019-01-14,AAPL,148.95,150.13,146.93,149.59,83372479,149.05
2019-01-14,AMZN,130.58,132.9,129.35,130.39,78190995,129.97
2019-01-14,GOOGL,101.81,103.24,101.11,102.24,52979435,101.83
2019-01-14,MSFT,245.32,246.76,243.12,244.94,30624858,243.88
2019-01-14,TSLA,189.41,190.34,188.7,189.78,134852613,189.52
2019-01-15,AAPL,148.85,149.7,147.46,147.7,42735292,147.69
2019-01-15,AMZN,134.54,137.15,132.16,133.84,102388390,133.38
2019-01-15,GOOGL,102.7,102.81,102.54,102.57,26681979,102.15
2019-01-15,MSFT,243.67,245.91,238.77,242.82,49689824,242.25
2019-01-15,TSLA,189.05,192.08,186.16,189.18,171306195,188.33
2019-01-16,AAPL,145.89,147.01,144.13,145.94,42662429,145.47
2019-01-16,AMZN,132.82,134.68,129.44,134.16,86904377,133.56
2019-01-16,GOOGL,104.52,105.07,103.28,103.54,14331092,103.33
2019-01-16,MSFT,244.38,246.96,242.71,246.88,47765038,246.27
2019-01-16,TSLA,194.78,196.7,192.53,194.19,138801433,193.8
2019-01-17,AAPL,147.98,151.12,146.47,148.43,76781454,147.93
2019-01-17,AMZN,134.6,134.85,134.22,134.57,69395464,134.4
2019-01-17,GOOGL,105.79,107.59,103.82,104.81,22924565,104.78
2019-01-17,MSFT,243.67,248.51,241.51,244.74,14918137,244.16
2019-01-17,TSLA,195.29,196.16,193.61,194.58,42883756,194.23
2019-01-18,AAPL,151.41,153.1,150.52,150.65,134707249,150.47
2019-01-18,AMZN,139.03,140.42,138.31,138.54,32080122,138.23
2019-01-18,GOOGL,104.99,106.45,104.05,105.47,32905155,105.41
2019-01-18,MSFT,244.73,250.43,240.58,247.0,46551549,246.79
2019-01-18,TSLA,190.45,191.34,188.85,190.19,46344603,189.51
2019-01-21,AAPL,154.47,156.17,152.79,153.41,107273527,152.97
2019-01-21,AMZN,135.87,136.87,134.7,136.18,106654309,136.0
2019-01-21,GOOGL,104.01,105.84,102.92,103.86,38530034,103.53
2019-01-21,MSFT,254.95,257.03,252.16,252.93,62633304,251.93
2019-01-21,TSLA,189.21,189.68,188.12,189.05,77608111,188.8
2019-01-22,AAPL,154.01,154.25,153.53,153.7,67898080,153.25
2019-01-22,AMZN,136.65,137.77,135.19,136.07,119952212,135.95
2019-01-22,GOOGL,99.81,100.37,99.13,99.85,26389100,99.45
2019-01-22,MSFT,249.26,251.4,248.23,250.04,59247299,249.49
2019-01-22,TSLA,184.71,186.05,183.67,185.52,133868771,184.78
2019-01-23,AAPL,147.83,149.65,146.92,148.25,73724209,147.62
2019-01-23,AMZN,130.25,131.07,129.23,130.55,55958164,130.18
2019-01-23,GOOGL,99.92,101.58,98.95,99.74,44972253,99.36
2019-01-23,MSFT,256.2,260.69,253.01,257.0,36595929,256.15
2019-01-23,TSLA,179.01,183.22,175.34,181.7,68062721,181.21
2019-01-24,AAPL,150.8,151.33,149.77,150.73,109665282,150.59
2019-01-24,AMZN,135.63,136.53,134.26,134.59,33746931,134.08
2019-01-24,GOOGL,99.55,101.79,97.01,98.71,49471970,98.64
2019-01-24,MSFT,262.64,264.9,260.27,264.07,57366812,262.84
2019-01-24,TSLA,179.89,181.02,179.27,180.07,76610640,179.35
2019-01-25,AAPL,151.56,152.74,150.94,152.17,64822663,151.74
2019-01-25,AMZN,136.61,137.25,135.89,136.25,91899207,136.21
2019-01-25,GOOGL,97.11,98.2,95.91,98.16,39310124,97.75
2019-01-25,MSFT,268.03,269.32,266.41,268.98,23416302,268.64
2019-01-25,TSLA,179.19,180.92,177.94,179.48,56344943,178.83
2019-01-28,AAPL,153.25,153.51,153.02,153.03,63983524,152.35
2019-01-28,AMZN,138.54,140.76,136.91,138.28,106531338,137.9
2019-01-28,GOOGL,96.37,97.1,95.27,95.85,25258942,95.71
2019-01-28,MSFT,271.2,272.81,270.4,272.1,42525790,271.49
2019-01-28,TSLA,174.83,177.69,173.46,176.07,123856816,175.76
2019-01-29,AAPL,152.61,153.26,152.12,152.43,106705849,152.2
2019-01-29,AMZN,137.78,138.57,136.81,137.5,63167677,137.37
2019-01-29,GOOGL,95.65,96.32,94.55,95.69,38385087,95.49
2019-01-29,MSFT,269.09,272.31,267.7,268.83,40089687,267.77
2019-01-29,TSLA,177.27,178.18,175.62,176.12,45283829,175.56
2019-01-30,AAPL,151.17,153.32,149.65,153.18,37311720,152.88
2019-01-30,AMZN,137.66,139.06,135.86,137.35,60658248,136.76
2019-01-30,GOOGL,95.98,97.3,94.44,96.99,31260795,96.84
2019-01-30,MSFT,270.69,271.58,269.6,270.52,12775837,270.31
2019-01-30,TSLA,176.74,177.53,176.19,177.26,159702205,176.79
2019-01-31,AAPL,153.65,154.36,153.15,153.15,162790287,152.57
2019-01-31,AMZN,136.76,138.06,134.93,135.25,112002412,135.15
2019-01-31,GOOGL,94.38,94.97,93.43,94.62,19111039,94.6
2019-01-31,MSFT,270.04,272.73,266.15,271.92,17093501,271.28
2019-01-31,TSLA,179.07,183.53,176.76,178.81,174665849,178.69
2019-02-01,AAPL,152.68,155.25,151.0,153.1,136863154,152.62
2019-02-01,AMZN,138.9,140.78,137.26,137.46,86072520,136.95
2019-02-01,GOOGL,93.78,94.18,93.22,93.22,42509504,92.8
2019-02-01,MSFT,275.37,276.33,273.5,274.14,29562864,273.77
2019-02-01,TSLA,184.97,187.36,183.72,186.1,39349017,186.02
2019-02-04,AAPL,155.31,157.84,152.63,155.22,45001726,155.09
2019-02-04,AMZN,134.3,134.53,133.88,134.03,24532249,133.49
2019-02-04,GOOGL,92.33,93.11,91.0,91.7,15881421,91.32
2019-02-04,MSFT,278.29,281.7,276.2,276.91,38192844,276.36
2019-02-04,TSLA,188.43,189.48,187.44,187.99,48251268,187.13
2019-02-05,AAPL,153.01,153.54,152.32,152.5,34388647,152.13
2019-02-05,AMZN,133.59,136.11,132.12,132.89,27612788,132.57
2019-02-05,GOOGL,92.99,94.71,91.64,93.59,44364116,93.16
2019-02-05,MSFT,278.68,281.12,276.0,279.26,34156935,279.15
2019-02-05,TSLA,198.09,202.95,191.72,196.0,106145463,195.65
2019-02-06,AAPL,150.2,152.34,148.95,151.16,131495034,150.7
2019-02-06,AMZN,136.84,138.09,135.51,136.1,116369937,135.61
2019-02-06,GOOGL,95.24,95.83,94.31,95.32,36816706,95.15
2019-02-06,MSFT,274.09,276.1,272.49,275.94,29577971,274.93
2019-02-06,TSLA,197.59,200.65,195.01,199.35,89315820,198.59
2019-02-07,AAPL,148.9,149.65,147.62,149.08,111948916,148.73
2019-02-07,AMZN,137.41,138.97,134.39,134.9,29117096,134.61
2019-02-07,GOOGL,93.07,93.4,92.51,92.87,41752891,92.67
2019-02-07,MSFT,281.53,283.55,279.59,282.86,15727858,282.44
2019-02-07,TSLA,199.31,201.43,194.58,199.45,126227716,199.34
2019-02-08,AAPL,146.07,146.39,145.46,145.82,161660200,145.55
2019-02-08,AMZN,132.74,135.13,129.92,132.74,95201171,132.62
2019-02-08,GOOGL,93.63,94.18,93.09,93.45,12484793,93.43
2019-02-08,MSFT,274.01,282.31,268.0,279.95,60852365,278.67
2019-02-08,TSLA,203.14,204.34,200.46,201.18,179424271,200.64
2019-02-11,AAPL,143.79,144.88,141.72,142.62,144302078,142.36
2019-02-11,AMZN,131.64,132.82,129.28,130.26,113161654,130.07
2019-02-11,GOOGL,91.01,91.62,90.39,91.19,11153451,91.16
2019-02-11,MSFT,278.74,281.6,277.26,278.44,56902959,278.0
2019-02-11,TSLA,197.01,200.14,195.15,198.43,150195803,198.13
2019-02-12,AAPL,142.52,143.81,141.96,143.42,46611902,143.18
2019-02-12,AMZN,133.04,134.95,131.18,131.49,37784971,131.21
2019-02-12,GOOGL,91.66,92.64,90.87,91.35,21494272,91.13
2019-02-12,MSFT,282.75,286.29,277.47,281.48,50893251,281.0
2019-02-12,TSLA,201.75,203.92,198.02,203.33,120750830,202.94
2019-02-13,AAPL,147.89,149.12,146.16,148.28,66163868,147.78
2019-02-13,AMZN,128.98,131.74,127.72,131.14,27715067,130.56
2019-02-13,GOOGL,90.74,90.95,90.35,90.87,39289547,90.63
2019-02-13,MSFT,284.34,288.73,282.4,283.68,31794332,283.3
2019-02-13,TSLA,199.62,200.0,199.32,199.34,151633546,198.96
2019-02-14,AAPL,150.14,151.47,147.79,150.08,126696256,149.75
2019-02-14,AMZN,128.85,129.61,127.89,128.12,39369420,128.07
2019-02-14,GOOGL,90.9,92.01,90.3,90.74,48489150,90.55
2019-02-14,MSFT,282.95,283.98,282.45,282.65,47026417,282.6
2019-02-14,TSLA,199.54,200.81,198.93,199.71,134123116,199.19
2019-02-15,AAPL,149.9,150.81,147.87,149.46,88606072,149.38
2019-02-15,AMZN,126.95,127.96,125.97,127.02,67380694,126.6
2019-02-15,GOOGL,91.52,91.93,91.18,91.93,38163627,91.83
2019-02-15,MSFT,285.18,294.89,280.84,284.71,26739562,283.93
2019-02-15,TSLA,202.18,204.44,200.2,203.16,188668529,202.49
2019-02-18,AAPL,147.91,149.45,146.36,147.31,115074159,146.94
2019-02-18,AMZN,123.47,126.19,121.75,123.42,32189394,123.19
2019-02-18,GOOGL,93.59,94.61,91.89,92.69,37274931,92.67
2019-02-18,MSFT,281.41,282.36,279.42,280.47,45371931,279.14
2019-02-18,TSLA,206.42,207.73,205.76,205.89,53627290,205.88
2019-02-19,AAPL,149.43,150.55,147.1,149.01,169365715,148.95
2019-02-19,AMZN,123.88,125.36,122.69,123.24,47711396,122.68
2019-02-19,GOOGL,93.66,94.25,93.06,93.41,13861484,93.39
2019-02-19,MSFT,277.1,279.05,274.3,278.02,63401725,277.65
2019-02-19,TSLA,214.35,219.53,209.71,210.83,41846583,210.26
2019-02-20,AAPL,150.09,150.58,149.02,150.35,170761276,150.24
2019-02-20,AMZN,122.32,122.4,122.21,122.32,102225924,121.88
2019-02-20,GOOGL,89.8,90.1,89.45,89.64,22639747,89.6
2019-02-20,MSFT,282.96,285.15,278.51,281.49,21695369,281.35
2019-02-20,TSLA,207.12,209.95,204.22,204.84,175592635,204.19
2019-02-21,AAPL,148.59,150.8,147.31,148.11,112179381,148.06
2019-02-21,AMZN,122.81,123.88,122.1,122.87,120256973,122.26
2019-02-21,GOOGL,87.98,89.17,86.71,88.67,14510434,88.64
2019-02-21,MSFT,277.91,278.96,275.91,277.66,49339875,277.2
2019-02-21,TSLA,212.71,215.25,209.29,210.45,102713015,210.35
2019-02-22,AAPL,148.72,151.57,147.25,150.43,120561040,150.43
2019-02-22,AMZN,124.71,125.4,123.47,124.39,116962212,124.06
2019-02-22,GOOGL,86.94,87.8,86.05,87.58,41254388,87.17
2019-02-22,MSFT,282.36,283.25,280.83,281.4,21228804,280.52
2019-02-22,TSLA,206.54,208.3,204.8,205.68,159894156,205.31
2019-02-25,AAPL,151.56,152.7,149.99,150.64,133157708,150.15
2019-02-25,AMZN,121.99,122.42,121.72,122.31,72878263,122.1
2019-02-25,GOOGL,84.92,85.89,84.44,85.03,48496867,84.64
2019-02-25,MSFT,281.32,287.58,277.96,279.26,58602425,277.91
2019-02-25,TSLA,206.14,208.13,203.85,206.91,164339249,206.48
2019-02-26,AAPL,152.82,153.86,151.1,152.2,156858413,152.14
2019-02-26,AMZN,128.55,129.62,126.27,127.41,71483284,126.94
2019-02-26,GOOGL,84.0,85.45,83.3,84.38,19717219,84.02
2019-02-26,MSFT,275.82,278.33,274.57,277.71,44532476,277.5
2019-02-26,TSLA,209.55,214.15,206.99,209.61,153159695,209.29
2019-02-27,AAPL,157.34,160.76,152.61,153.66,146594144,153.57
2019-02-27,AMZN,121.67,122.73,119.9,121.64,27627356,121.23
2019-02-27,GOOGL,84.08,85.09,82.93,84.93,45544064,84.79
2019-02-27,MSFT,271.86,273.36,270.44,272.24,56142273,271.86
2019-02-27,TSLA,202.89,203.16,202.76,202.88,184815233,202.64
2019-02-28,AAPL,155.71,159.02,154.02,156.85,115272340,156.09
2019-02-28,AMZN,120.09,121.43,119.12,119.19,93367999,118.96
2019-02-28,GOOGL,82.99,84.53,80.29,82.79,20350020,82.38
2019-02-28,MSFT,273.81,276.32,272.46,272.58,61136816,272.37
2019-02-28,TSLA,209.16,211.92,203.2,208.2,161553333,207.71
2019-03-01,AAPL,163.65,167.09,162.08,163.43,37378139,163.28
2019-03-01,AMZN,120.79,122.36,119.87,121.56,88360693,121.19
2019-03-01,GOOGL,82.2,82.78,81.1,81.67,48657084,81.29
2019-03-01,MSFT,274.86,278.87,270.45,276.96,31193140,276.36
2019-03-01,TSLA,203.43,205.61,201.87,203.4,155837629,202.52
2019-03-04,AAPL,159.29,160.43,158.09,158.73,142879071,158.11
2019-03-04,AMZN,122.38,123.48,121.5,123.37,31378021,123.04
2019-03-04,GOOGL,81.63,82.63,80.21,81.67,36771220,81.4
2019-03-04,MSFT,276.85,280.82,274.06,279.48,18635940,278.54
2019-03-04,TSLA,198.51,200.68,196.71,200.37,84664169,199.89
2019-03-05,AAPL,156.86,157.1,156.61,156.69,123789905,156.48
2019-03-05,AMZN,119.64,122.18,117.51,119.9,103217472,119.32
2019-03-05,GOOGL,82.77,83.31,82.3,82.77,35968484,82.71
2019-03-05,MSFT,278.17,281.25,275.43,277.81,18202227,276.62
2019-03-05,TSLA,199.79,202.21,196.18,197.91,151501737,197.73
2019-03-06,AAPL,154.45,154.93,154.08,154.9,146506812,154.34
2019-03-06,AMZN,122.38,122.76,121.66,121.89,41694082,121.41
2019-03-06,GOOGL,82.4,83.23,81.65,82.28,18641889,82.25
2019-03-06,MSFT,279.23,285.49,275.31,280.62,37618852,280.43
2019-03-06,TSLA,205.22,207.31,202.43,202.92,127716313,202.91
2019-03-07,AAPL,152.34,152.95,151.81,152.74,56954382,152.1
2019-03-07,AMZN,123.57,123.94,123.01,123.6,72489190,123.26
2019-03-07,GOOGL,81.24,81.34,81.11,81.3,23996876,81.02
2019-03-07,MSFT,278.56,278.92,278.21,278.4,35219597,277.8
2019-03-07,TSLA,203.36,204.96,201.1,201.56,36784513,201.44
2019-03-08,AAPL,154.27,155.76,152.16,155.17,127068422,154.61
2019-03-08,AMZN,125.77,126.0,125.3,125.7,43121654,125.6
2019-03-08,GOOGL,83.32,84.32,82.68,83.19,13638106,83.13
2019-03-08,MSFT,281.0,283.57,278.16,279.7,19195851,278.32
2019-03-08,TSLA,198.98,202.99,195.93,200.82,56456395,200.74
2019-03-11,AAPL,160.38,163.14,158.2,161.14,141129839,160.34
2019-03-11,AMZN,123.84,125.27,122.4,124.46,74265689,123.98
2019-03-11,GOOGL,82.01,82.57,81.25,82.29,35067966,82.23
2019-03-11,MSFT,287.45,291.45,282.73,287.07,15051590,286.5
2019-03-11,TSLA,198.2,200.36,196.9,197.4,163376276,197.12
2019-03-12,AAPL,157.57,160.24,156.19,159.78,102792686,159.36
2019-03-12,AMZN,121.6,123.15,119.56,121.87,30935023,121.38
2019-03-12,GOOGL,83.22,84.64,80.5,82.69,17464506,82.33
2019-03-12,MSFT,292.6,295.78,286.47,288.87,57919337,288.84
2019-03-12,TSLA,196.52,198.02,195.62,195.63,109218424,195.35
2019-03-13,AAPL,159.03,161.49,155.99,159.1,38523777,158.61
2019-03-13,AMZN,118.95,119.25,118.77,118.98,82098966,118.82
2019-03-13,GOOGL,82.52,84.2,81.49,82.38,27582284,82.36
2019-03-13,MSFT,284.76,287.82,282.5,287.19,33473092,286.76
2019-03-13,TSLA,193.47,196.5,190.54,195.05,134515172,194.43
2019-03-14,AAPL,153.56,155.17,150.69,155.06,126851882,154.41
2019-03-14,AMZN,120.07,121.3,117.62,118.32,91079932,117.86
2019-03-14,GOOGL,84.24,84.74,83.21,83.56,43149553,83.34
2019-03-14,MSFT,286.72,288.21,285.61,287.05,31181697,285.68
2019-03-14,TSLA,200.69,201.85,198.49,198.75,171138080,198.1
2019-03-15,AAPL,156.37,156.78,155.53,155.66,114868281,155.18
2019-03-15,AMZN,116.67,118.4,114.18,116.29,23088632,116.18
2019-03-15,GOOGL,86.75,87.9,85.41,86.07,49541391,85.79
2019-03-15,MSFT,287.35,288.25,286.23,287.05,22123883,286.8
2019-03-15,TSLA,200.63,202.3,198.39,199.26,49590435,198.58
2019-03-18,AAPL,153.33,155.77,150.71,154.63,167570932,154.15
2019-03-18,AMZN,114.4,115.57,113.24,114.98,33394332,114.46
2019-03-18,GOOGL,84.8,85.27,84.18,84.57,37658926,84.51
2019-03-18,MSFT,291.95,293.33,289.21,293.08,57620745,292.69
2019-03-18,TSLA,194.32,198.13,191.99,195.42,40874739,194.75
2019-03-19,AAPL,156.05,156.62,155.07,155.45,35351158,155.31
2019-03-19,AMZN,112.03,112.85,111.55,112.13,104261389,111.92
2019-03-19,GOOGL,86.28,86.94,85.75,85.81,51701837,85.68
2019-03-19,MSFT,290.22,291.55,289.63,290.51,20548714,290.34
2019-03-19,TSLA,195.01,196.94,192.1,194.19,113764032,193.3
2019-03-20,AAPL,154.51,155.27,153.46,154.12,122567769,154.03
2019-03-20,AMZN,112.61,114.45,108.58,111.2,44074357,110.76
2019-03-20,GOOGL,86.85,88.16,85.33,86.49,24165353,86.08
2019-03-20,MSFT,291.46,294.87,288.06,289.9,23831120,289.88
2019-03-20,TSLA,185.7,186.93,184.46,185.66,40848573,184.99
2019-03-21,AAPL,156.51,157.6,154.87,156.42,148184202,156.42
2019-03-21,AMZN,113.7,114.12,113.25,113.89,33012681,113.53
2019-03-21,GOOGL,86.61,86.83,86.19,86.68,40422520,86.4
2019-03-21,MSFT,289.9,290.37,289.31,290.15,23814592,289.8
2019-03-21,TSLA,181.54,182.87,178.54,180.28,192387718,180.1
2019-03-22,AAPL,156.04,158.21,152.62,154.89,81075709,154.84
2019-03-22,AMZN,113.14,114.2,112.68,112.85,46998299,112.29
2019-03-22,GOOGL,89.66,90.04,89.33,89.88,52885727,89.75
2019-03-22,MSFT,285.07,287.22,284.13,287.14,64311824,286.78
2019-03-22,TSLA,185.36,187.13,182.82,185.34,96570740,184.68
2019-03-25,AAPL,154.02,156.37,152.8,154.33,161967618,153.95
2019-03-25,AMZN,112.99,113.84,111.03,113.49,94624742,113.22
2019-03-25,GOOGL,91.32,93.4,89.0,90.24,16722304,90.0
2019-03-25,MSFT,284.88,288.21,283.28,284.9,57381959,284.82
2019-03-25,TSLA,188.3,190.53,187.07,187.96,185235793,187.93
2019-03-26,AAPL,156.68,157.62,154.85,156.64,88045041,155.86
2019-03-26,AMZN,115.33,116.06,114.53,114.79,66671938,114.32
2019-03-26,GOOGL,92.76,93.5,91.24,92.85,44889208,92.65
2019-03-26,MSFT,282.26,285.51,279.67,281.9,37770953,281.34
2019-03-26,TSLA,181.53,183.22,180.69,181.7,98202916,181.09
2019-03-27,AAPL,157.65,157.84,157.42,157.6,96576155,157.04
2019-03-27,AMZN,110.92,112.47,110.25,111.49,112777445,111.31
2019-03-27,GOOGL,94.15,94.48,93.7,93.94,26576852,93.81
2019-03-27,MSFT,285.55,291.78,282.44,285.14,37177826,284.82
2019-03-27,TSLA,175.05,178.08,173.39,177.52,57338754,176.66
2019-03-28,AAPL,159.81,161.64,157.05,159.33,145987382,159.17
2019-03-28,AMZN,112.81,115.28,110.85,112.88,106574591,112.8
2019-03-28,GOOGL,93.03,94.29,92.47,93.78,16002155,93.62
2019-03-28,MSFT,283.6,284.19,282.6,283.69,47684890,282.29
2019-03-28,TSLA,179.22,181.73,177.61,180.11,162051291,179.34
2019-03-29,AAPL,160.09,161.06,159.2,159.35,159829402,158.83
2019-03-29,AMZN,111.46,112.25,110.72,111.26,71049514,110.85
2019-03-29,GOOGL,93.47,94.48,91.37,93.26,17516880,93.13
2019-03-29,MSFT,282.04,284.66,276.69,281.14,51992086,280.14
2019-03-29,TSLA,183.46,186.3,181.84,185.26,65311101,184.88
2019-04-01,AAPL,156.16,158.61,154.89,157.45,44111380,157.22
2019-04-01,AMZN,109.72,110.6,109.01,109.38,83601538,109.17
2019-04-01,GOOGL,92.62,92.98,92.46,92.77,14098798,92.32
2019-04-01,MSFT,288.58,290.42,284.53,286.22,39934010,286.07
2019-04-01,TSLA,190.78,194.66,188.16,192.33,178020718,191.99
2019-04-02,AAPL,155.42,156.6,153.45,156.16,168403795,156.15
2019-04-02,AMZN,110.75,111.34,109.67,110.02,76045950,109.97
2019-04-02,GOOGL,92.25,93.46,90.98,93.33,22045004,93.29
2019-04-02,MSFT,291.48,292.33,290.15,290.98,52621928,290.84
2019-04-02,TSLA,200.49,203.09,198.43,199.99,102529316,199.31
2019-04-03,AAPL,151.0,153.47,149.77,152.26,143909155,151.92
2019-04-03,AMZN,110.29,111.1,108.71,110.66,93532369,110.26
2019-04-03,GOOGL,92.49,92.74,92.27,92.6,22322913,92.2
2019-04-03,MSFT,293.2,296.01,288.06,294.8,54043290,293.91
2019-04-03,TSLA,192.15,193.14,190.26,191.89,135022282,191.85
2019-04-04,AAPL,154.72,154.95,154.62,154.65,99487132,153.92
2019-04-04,AMZN,110.48,112.08,108.92,110.38,30066773,109.91
2019-04-04,GOOGL,89.37,90.64,87.84,89.49,42329866,89.22
2019-04-04,MSFT,292.37,293.62,291.22,291.42,40110785,290.76
2019-04-04,TSLA,189.68,192.19,187.06,188.38,129241374,187.99
2019-04-05,AAPL,152.49,154.22,150.5,151.91,170552846,151.43
2019-04-05,AMZN,108.88,110.32,106.72,108.78,38534487,108.29
2019-04-05,GOOGL,89.67,90.68,87.52,89.73,45754853,89.3
2019-04-05,MSFT,283.2,285.2,280.11,281.85,33598712,281.15
2019-04-05,TSLA,194.33,195.72,191.34,194.02,189570008,193.46
2019-04-08,AAPL,153.81,154.58,153.43,153.84,111755016,153.82
2019-04-08,AMZN,109.14,110.89,108.16,108.91,58823573,108.84
2019-04-08,GOOGL,87.55,89.02,86.46,88.64,41508440,88.56
2019-04-08,MSFT,286.01,286.37,285.36,285.52,65425170,284.77
2019-04-08,TSLA,191.09,192.6,189.54,192.26,52698762,192.1
2019-04-09,AAPL,156.04,158.12,153.17,153.92,97453913,153.63
2019-04-09,AMZN,109.01,109.68,108.58,108.8,45657408,108.53
2019-04-09,GOOGL,89.6,90.05,88.94,89.65,14683418,89.56
2019-04-09,MSFT,284.95,285.88,284.07,285.71,29895857,285.22
2019-04-09,TSLA,193.76,195.2,190.9,193.96,66083504,193.78
2019-04-10,AAPL,154.1,156.73,152.27,156.38,59089447,155.96
2019-04-10,AMZN,109.0,109.54,107.97,108.25,83377408,108.03
2019-04-10,GOOGL,92.73,93.75,91.41,91.73,38872899,91.36
2019-04-10,MSFT,282.21,284.83,280.35,284.02,65139216,283.02
2019-04-10,TSLA,187.2,188.33,186.47,187.14,116328166,186.3
2019-04-11,AAPL,152.55,156.07,150.81,154.16,172312852,154.14
2019-04-11,AMZN,108.1,108.4,107.79,107.92,44421881,107.76
2019-04-11,GOOGL,91.62,92.15,90.53,91.65,33796234,91.53
2019-04-11,MSFT,274.03,276.11,272.62,273.07,14609935,272.47
2019-04-11,TSLA,193.45,195.48,189.13,190.61,100638109,189.98
2019-04-12,AAPL,156.4,158.64,153.38,155.15,55416839,155.08
2019-04-12,AMZN,105.72,107.21,104.28,104.83,118756044,104.48
2019-04-12,GOOGL,92.39,93.75,91.55,91.98,26697913,91.81
2019-04-12,MSFT,269.12,271.46,267.99,269.46,31702850,269.4
2019-04-12,TSLA,194.14,196.15,191.57,192.3,163705750,191.93
2019-04-15,AAPL,152.77,154.95,150.86,153.59,166312901,153.48
2019-04-15,AMZN,105.2,106.34,103.33,103.96,31379121,103.87
2019-04-15,GOOGL,91.71,92.7,90.17,91.44,22966727,91.13
2019-04-15,MSFT,268.71,274.1,264.43,272.21,44191094,272.18
2019-04-15,TSLA,191.9,193.41,190.99,192.49,148959051,191.71
2019-04-16,AAPL,156.49,157.78,153.67,156.89,153265124,156.77
2019-04-16,AMZN,104.36,105.18,103.15,105.04,43644615,104.58
2019-04-16,GOOGL,90.16,91.91,89.16,91.19,23946845,91.14
2019-04-16,MSFT,273.12,279.93,270.13,271.56,40106104,271.54
2019-04-16,TSLA,190.46,191.05,190.1,190.15,157566565,189.91
2019-04-17,AAPL,161.67,165.49,159.02,160.76,40118071,160.65
2019-04-17,AMZN,108.32,109.25,106.26,108.14,75868793,107.82
2019-04-17,GOOGL,92.01,93.12,89.99,92.33,48442046,91.88
2019-04-17,MSFT,281.56,284.9,280.07,280.39,31154002,280.28
2019-04-17,TSLA,197.85,200.0,195.39,195.82,187231876,194.89
2019-04-18,AAPL,160.42,160.92,159.96,160.83,50598955,160.79
2019-04-18,AMZN,108.44,109.06,107.44,108.78,74800601,108.46
2019-04-18,GOOGL,91.7,93.4,90.2,91.65,47441833,91.34
2019-04-18,MSFT,284.51,288.31,279.21,282.62,34619154,282.15
2019-04-18,TSLA,191.48,194.95,189.32,192.66,71008296,192.59
2019-04-19,AAPL,163.75,165.35,161.63,162.68,121010466,162.16
2019-04-19,AMZN,106.57,107.42,105.17,106.32,86574982,106.24
2019-04-19,GOOGL,94.26,95.09,92.84,93.75,44281236,93.44
2019-04-19,MSFT,294.67,295.88,292.56,294.61,60802442,293.93
2019-04-19,TSLA,195.55,197.89,194.3,197.07,137987159,196.43
2019-04-22,AAPL,162.95,165.17,160.65,163.7,154714136,163.33
2019-04-22,AMZN,106.77,108.13,105.2,106.99,83619540,106.54
2019-04-22,GOOGL,92.1,92.62,91.77,91.83,31861925,91.41
2019-04-22,MSFT,291.28,296.76,286.1,290.93,59887732,289.71
2019-04-22,TSLA,193.19,194.94,189.89,190.88,184706709,190.46
2019-04-23,AAPL,164.85,166.11,163.76,164.09,51298192,163.29
2019-04-23,AMZN,105.89,106.43,104.71,105.17,44491765,104.8
2019-04-23,GOOGL,93.19,93.52,92.51,92.67,34953065,92.48
2019-04-23,MSFT,301.38,304.22,299.57,301.18,12606905,300.02
2019-04-23,TSLA,186.59,186.91,185.95,186.69,116990941,186.44
2019-04-24,AAPL,165.77,168.77,164.12,166.04,34094431,165.51
2019-04-24,AMZN,105.22,105.47,104.78,105.34,112659422,104.94
2019-04-24,GOOGL,93.16,93.29,93.1,93.25,42571124,93.2
2019-04-24,MSFT,297.6,300.71,296.01,300.53,44130527,300.53
2019-04-24,TSLA,189.34,191.39,185.87,190.75,39209332,190.7
2019-04-25,AAPL,168.27,171.64,165.23,168.14,162198852,167.6
2019-04-25,AMZN,103.63,104.64,102.35,103.74,99808150,103.53
2019-04-25,GOOGL,94.36,95.43,93.61,93.91,38804067,93.73
2019-04-25,MSFT,309.06,313.41,306.95,311.27,27983093,310.22
2019-04-25,TSLA,195.29,195.9,194.34,194.44,60675463,193.63
2019-04-26,AAPL,171.64,172.9,169.37,172.74,168730969,172.01
2019-04-26,AMZN,102.42,103.78,101.82,102.75,99317231,102.67
2019-04-26,GOOGL,92.85,93.29,92.32,92.84,15770347,92.5
2019-04-26,MSFT,321.77,324.29,319.89,323.12,28652612,322.09
2019-04-26,TSLA,188.34,191.78,185.24,189.94,45140134,189.91
2019-04-29,AAPL,167.55,168.53,166.89,168.5,98115548,168.49
2019-04-29,AMZN,102.47,103.67,100.86,102.52,37178697,102.12
2019-04-29,GOOGL,91.99,93.1,91.28,92.06,27533170,91.88
2019-04-29,MSFT,328.41,334.64,322.29,327.96,34510968,327.68
2019-04-29,TSLA,186.35,188.39,185.34,185.88,167230510,185.11
2019-04-30,AAPL,160.64,162.46,159.74,162.28,50558679,161.58
2019-04-30,AMZN,102.43,103.17,101.9,102.36,94131217,101.97
2019-04-30,GOOGL,92.24,92.47,91.79,92.06,44948803,91.7
2019-04-30,MSFT,316.65,318.35,315.16,317.14,48061662,315.65
2019-04-30,TSLA,190.35,192.64,189.15,189.76,176059662,189.12
2019-05-01,AAPL,164.7,166.46,163.33,164.29,161137531,163.86
2019-05-01,AMZN,102.64,103.72,101.13,102.18,73162477,101.67
2019-05-01,GOOGL,91.94,92.28,91.49,91.97,11978723,91.89
2019-05-01,MSFT,320.17,321.87,319.39,319.55,45097941,318.43
2019-05-01,TSLA,189.64,192.09,188.27,191.9,84108063,191.31
2019-05-02,AAPL,161.14,162.4,160.39,161.42,44773164,160.71
2019-05-02,AMZN,98.24,99.27,97.2,99.03,29205071,98.66
2019-05-02,GOOGL,90.29,91.23,89.07,90.77,29323845,90.51
2019-05-02,MSFT,322.04,323.4,320.66,322.31,18054439,321.74
2019-05-02,TSLA,192.25,194.58,187.59,190.62,52349561,190.46
2019-05-03,AAPL,160.18,161.91,158.8,159.17,104492087,158.92
2019-05-03,AMZN,98.0,99.94,97.08,99.66,89535674,99.3
2019-05-03,GOOGL,90.76,91.27,90.32,90.55,29061362,90.41
2019-05-03,MSFT,316.25,319.75,309.13,318.43,40138303,318.41
2019-05-03,TSLA,188.77,189.21,187.74,188.77,90276965,188.61
2019-05-06,AAPL,157.38,157.61,157.0,157.21,139749395,156.57
2019-05-06,AMZN,100.29,100.64,99.94,100.45,23184252,100.01
2019-05-06,GOOGL,91.48,92.31,90.48,90.79,14976385,90.62
2019-05-06,MSFT,310.38,312.73,307.63,312.64,49429137,311.81
2019-05-06,TSLA,185.62,187.37,184.57,184.77,64168508,184.5
2019-05-07,AAPL,155.97,157.66,154.32,156.63,121028687,156.14
2019-05-07,AMZN,99.56,100.02,99.33,99.81,97215980,99.57
2019-05-07,GOOGL,91.02,92.38,89.74,90.89,22574909,90.54
2019-05-07,MSFT,309.82,312.31,308.58,312.04,48834801,311.71
2019-05-07,TSLA,189.31,191.7,186.92,191.1,65166228,190.55
2019-05-08,AAPL,161.01,161.8,160.2,161.32,108624341,160.6
2019-05-08,AMZN,100.16,102.23,99.24,101.25,87607155,100.93
2019-05-08,GOOGL,91.04,91.14,90.96,91.05,18422790,90.95
2019-05-08,MSFT,327.24,330.75,325.28,326.08,35562971,325.52
2019-05-08,TSLA,185.75,188.32,184.28,187.7,178628369,187.3
2019-05-09,AAPL,160.56,165.24,157.48,162.27,70771025,161.76
2019-05-09,AMZN,103.18,104.61,101.43,102.84,63453866,102.53
2019-05-09,GOOGL,87.26,87.94,86.51,87.55,42304053,87.5
2019-05-09,MSFT,330.23,333.16,328.5,330.15,63383275,328.6
2019-05-09,TSLA,186.82,187.65,185.38,187.13,177566143,186.84
2019-05-10,AAPL,160.46,162.51,157.18,160.43,103775676,159.7
2019-05-10,AMZN,103.99,104.32,103.49,103.97,46383538,103.9
2019-05-10,GOOGL,86.94,87.26,86.26,86.96,11119414,86.69
2019-05-10,MSFT,337.73,341.06,331.7,337.63,36070425,337.11
2019-05-10,TSLA,185.44,186.51,184.5,185.28,107334199,185.23
2019-05-13,AAPL,165.0,167.67,161.04,163.02,94158974,162.31
2019-05-13,AMZN,104.58,105.99,102.82,102.86,30885035,102.59
2019-05-13,GOOGL,86.37,87.07,85.54,86.52,29724974,86.4
2019-05-13,MSFT,338.6,344.58,334.65,339.21,30492639,338.87
2019-05-13,TSLA,193.11,193.88,191.32,191.81,59545580,191.34
2019-05-14,AAPL,160.69,163.17,158.72,160.5,174058195,160.19
2019-05-14,AMZN,101.24,104.68,99.63,102.6,116774129,102.56
2019-05-14,GOOGL,84.54,85.18,84.15,84.87,51970685,84.55
2019-05-14,MSFT,330.39,332.13,327.86,330.02,62082909,329.61
2019-05-14,TSLA,194.43,196.13,190.69,192.14,102430413,191.25
2019-05-15,AAPL,166.02,166.79,165.59,166.07,67417912,165.37
2019-05-15,AMZN,101.27,101.79,100.74,101.43,42572583,101.28
2019-05-15,GOOGL,83.22,83.56,82.97,83.4,37190777,83.32
2019-05-15,MSFT,343.41,345.5,339.96,340.75,36878098,339.18
2019-05-15,TSLA,191.88,193.74,187.67,191.13,50478714,190.29
2019-05-16,AAPL,165.09,166.05,164.25,164.35,173462520,163.62
2019-05-16,AMZN,100.74,100.93,100.46,100.5,40694044,100.41
2019-05-16,GOOGL,82.07,83.06,81.41,82.27,53460618,81.87
2019-05-16,MSFT,334.28,338.99,327.59,334.86,59838728,333.19
2019-05-16,TSLA,193.14,196.6,190.59,194.74,90751620,193.99
2019-05-17,AAPL,162.37,162.7,161.77,161.94,149658378,161.34
2019-05-17,AMZN,97.55,99.51,96.55,98.07,91215658,97.72
2019-05-17,GOOGL,82.02,82.25,81.82,81.97,41820427,81.8
2019-05-17,MSFT,333.91,338.4,331.11,334.12,38439686,332.6
2019-05-17,TSLA,194.13,197.47,192.69,193.99,178241267,193.71
2019-05-20,AAPL,164.37,165.36,163.25,163.45,72316989,163.26
2019-05-20,AMZN,101.16,101.79,100.74,101.42,29129253,101.4
2019-05-20,GOOGL,82.2,83.19,80.76,82.63,11905072,82.22
2019-05-20,MSFT,338.06,340.02,335.4,338.14,12002598,338.02
2019-05-20,TSLA,199.71,202.07,198.12,201.63,160082536,201.56
2019-05-21,AAPL,165.18,166.83,163.71,165.71,105095894,165.08
2019-05-21,AMZN,101.08,101.92,100.3,100.33,79943965,100.22
2019-05-21,GOOGL,80.52,81.16,79.95,81.04,18895192,80.86
2019-05-21,MSFT,348.94,354.4,341.82,345.53,42313926,345.28
2019-05-21,TSLA,198.62,200.84,197.07,199.86,66516563,199.21
2019-05-22,AAPL,166.37,168.34,165.25,166.53,101284174,166.14
2019-05-22,AMZN,98.36,99.01,97.3,97.75,54936377,97.4
2019-05-22,GOOGL,81.65,82.43,81.26,82.0,14867215,81.8
2019-05-22,MSFT,349.47,351.47,345.48,350.57,48807884,350.04
2019-05-22,TSLA,199.61,200.89,198.8,200.7,169890989,200.05
2019-05-23,AAPL,161.19,161.89,160.81,161.6,41125995,161.59
2019-05-23,AMZN,96.12,96.19,95.96,96.18,91065593,95.76
2019-05-23,GOOGL,82.43,83.0,81.97,82.95,52618939,82.79
2019-05-23,MSFT,355.33,358.98,350.84,352.59,55567830,352.53
2019-05-23,TSLA,198.13,199.72,196.72,199.15,49278155,198.73
2019-05-24,AAPL,164.61,165.71,162.92,164.57,117771978,164.14
2019-05-24,AMZN,96.75,97.51,95.89,95.96,35126890,95.56
2019-05-24,GOOGL,86.5,87.84,85.88,86.32,52533486,86.03
2019-05-24,MSFT,361.71,362.96,360.88,361.95,44824124,361.9
2019-05-24,TSLA,200.76,203.68,194.45,197.86,142118652,197.2
2019-05-27,AAPL,162.92,164.7,159.28,161.28,151609194,161.25
2019-05-27,AMZN,96.29,97.42,95.1,96.13,118733210,95.81
2019-05-27,GOOGL,84.84,84.96,84.61,84.81,42839768,84.46
2019-05-27,MSFT,365.4,366.48,364.68,365.7,63455931,364.12
2019-05-27,TSLA,199.98,203.35,197.7,202.68,96983114,202.52
2019-05-28,AAPL,162.95,163.58,162.23,162.4,153223343,161.7
2019-05-28,AMZN,98.67,99.81,98.06,98.67,99580371,98.59
2019-05-28,GOOGL,85.4,86.97,84.47,85.12,48663198,84.87
2019-05-28,MSFT,361.59,369.28,356.09,363.61,61713150,363.46
2019-05-28,TSLA,203.56,206.4,200.03,204.01,166580642,203.74
2019-05-29,AAPL,161.69,163.15,160.85,162.0,55654274,161.85
2019-05-29,AMZN,97.07,97.57,96.71,97.04,103067191,96.69
2019-05-29,GOOGL,83.0,83.72,82.41,83.37,52822160,83.34
2019-05-29,MSFT,372.86,378.91,364.47,373.45,47801778,372.29
2019-05-29,TSLA,210.86,212.17,210.12,210.84,163641178,210.38
2019-05-30,AAPL,163.82,166.95,161.19,162.89,149590319,162.43
2019-05-30,AMZN,96.69,97.31,96.1,96.75,79055496,96.43
2019-05-30,GOOGL,83.01,83.21,82.64,82.94,27674241,82.53
2019-05-30,MSFT,363.6,365.92,360.47,361.54,52066202,361.14
2019-05-30,TSLA,208.75,210.35,205.87,209.19,152024485,209.18
2019-05-31,AAPL,160.02,163.3,157.65,161.98,139655750,161.58
2019-05-31,AMZN,94.79,94.97,94.59,94.66,90275742,94.49
2019-05-31,GOOGL,84.26,85.52,83.6,83.96,51494169,83.86
2019-05-31,MSFT,351.34,357.08,348.86,351.5,37760696,351.14
2019-05-31,TSLA,198.0,199.31,197.1,199.12,146748536,198.26
2019-06-03,AAPL,162.72,163.41,161.36,162.99,121890271,162.27
2019-06-03,AMZN,93.35,94.16,92.99,94.06,84434615,93.9
2019-06-03,GOOGL,84.86,85.88,83.95,84.43,44130508,84.17
2019-06-03,MSFT,352.3,358.21,345.73,348.75,55188454,348.72
2019-06-03,TSLA,199.31,201.1,196.19,198.84,55023444,198.65
2019-06-04,AAPL,156.08,156.86,155.48,156.55,52055178,156.39
2019-06-04,AMZN,97.09,97.65,96.36,97.39,46273456,97.12
2019-06-04,GOOGL,85.94,86.64,85.39,85.7,51477733,85.67
2019-06-04,MSFT,346.33,353.04,343.25,350.47,32221806,349.7
2019-06-04,TSLA,193.04,197.78,190.63,197.4,155820184,196.47
2019-06-05,AAPL,159.71,162.69,158.03,158.38,76887977,157.78
2019-06-05,AMZN,98.05,100.43,95.26,96.65,24915917,96.64
2019-06-05,GOOGL,85.66,86.41,84.99,85.65,51288612,85.41
2019-06-05,MSFT,350.53,354.54,346.61,348.75,55335109,347.53
2019-06-05,TSLA,194.38,196.34,190.64,195.7,154887251,195.66
2019-06-06,AAPL,160.74,162.02,158.36,159.13,81259771,158.99
2019-06-06,AMZN,95.58,97.59,94.29,95.67,59615484,95.48
2019-06-06,GOOGL,85.76,87.03,84.63,85.33,43997259,85.16
2019-06-06,MSFT,356.72,358.76,354.59,358.56,55047059,358.51
2019-06-06,TSLA,197.18,199.24,194.95,197.37,110186221,196.94
2019-06-07,AAPL,158.62,160.27,157.56,158.41,136004369,158.19
2019-06-07,AMZN,97.96,99.01,96.06,97.66,43656985,97.48
2019-06-07,GOOGL,84.47,85.55,83.42,84.41,11997786,84.33
2019-06-07,MSFT,360.57,362.1,358.98,359.48,20722291,358.37
2019-06-07,TSLA,203.84,205.09,203.14,203.58,40245583,203.09
2019-06-10,AAPL,159.97,162.18,157.6,159.53,68259064,159.01
2019-06-10,AMZN,97.5,98.97,96.25,97.88,103892096,97.47
2019-06-10,GOOGL,84.01,84.51,83.22,84.41,21424780,84.31
2019-06-10,MSFT,363.84,368.1,358.55,361.17,50562631,360.14
2019-06-10,TSLA,203.0,203.67,202.32,202.52,122600373,201.56
2019-06-11,AAPL,154.7,157.24,153.26,154.47,116417095,154.09
2019-06-11,AMZN,99.0,99.49,98.51,98.64,93788237,98.55
2019-06-11,GOOGL,86.85,88.01,85.61,86.84,16627321,86.61
2019-06-11,MSFT,357.57,358.68,355.47,356.79,16105839,356.43
2019-06-11,TSLA,199.21,200.82,197.65,199.19,180479842,199.0
2019-06-12,AAPL,154.58,154.74,154.28,154.36,166225032,154.03
2019-06-12,AMZN,97.19,98.33,96.64,97.57,53927325,97.28
2019-06-12,GOOGL,86.74,87.57,86.24,86.55,36149781,86.34
2019-06-12,MSFT,353.22,355.71,348.25,354.92,43640610,353.52
2019-06-12,TSLA,202.53,204.18,201.76,202.86,134132950,202.26
2019-06-13,AAPL,155.27,156.16,154.27,155.75,119366966,155.3
2019-06-13,AMZN,98.78,99.37,97.58,99.02,120664169,98.92
2019-06-13,GOOGL,88.69,89.37,88.1,88.37,13274306,87.97
2019-06-13,MSFT,354.04,358.66,349.71,357.72,32435656,356.34
2019-06-13,TSLA,202.36,203.67,200.23,201.98,79464446,201.92
2019-06-14,AAPL,157.28,157.46,156.93,157.11,96920869,156.42
2019-06-14,AMZN,97.95,99.07,97.05,97.19,56738909,97.03
2019-06-14,GOOGL,86.07,86.45,85.49,85.69,33861138,85.56
2019-06-14,MSFT,347.32,352.49,343.72,347.76,54606585,347.51
2019-06-14,TSLA,194.27,195.81,192.66,192.99,161062897,192.08
2019-06-17,AAPL,155.82,159.38,154.12,157.32,80268402,157.16
2019-06-17,AMZN,96.69,97.84,95.7,95.97,36935475,95.71
2019-06-17,GOOGL,87.27,88.07,86.62,86.74,14509510,86.6
2019-06-17,MSFT,352.74,354.56,351.15,352.76,36102037,352.49
2019-06-17,TSLA,194.5,196.75,191.17,193.45,57248511,192.66
2019-06-18,AAPL,161.31,163.35,157.19,161.7,81873823,161.17
2019-06-18,AMZN,95.5,96.65,94.21,95.18,62662598,94.75
2019-06-18,GOOGL,86.77,87.0,86.24,86.75,30898130,86.67
2019-06-18,MSFT,359.16,361.22,356.68,358.01,40473483,356.8
2019-06-18,TSLA,192.79,195.94,191.03,193.06,87835542,192.58
2019-06-19,AAPL,161.59,163.99,160.27,160.77,57399726,160.36
2019-06-19,AMZN,94.05,94.58,93.41,93.69,72193829,93.46
2019-06-19,GOOGL,85.05,86.86,81.32,84.93,50048464,84.84
2019-06-19,MSFT,363.36,368.2,358.58,362.33,39636925,361.27
2019-06-19,TSLA,182.92,185.25,178.97,185.12,40797462,185.0
2019-06-20,AAPL,156.97,157.98,156.17,156.47,115604722,156.18
2019-06-20,AMZN,93.39,94.71,91.86,94.04,82018557,93.58
2019-06-20,GOOGL,86.34,87.45,85.27,85.58,47423801,85.53
2019-06-20,MSFT,358.78,363.27,355.68,361.71,58549667,360.98
2019-06-20,TSLA,184.24,186.34,182.44,184.53,83681940,184.18
2019-06-21,AAPL,153.19,157.82,150.95,155.76,139994307,155.14
2019-06-21,AMZN,91.53,91.92,91.01,91.54,79097371,91.43
2019-06-21,GOOGL,83.48,83.6,83.26,83.31,17842540,83.16
2019-06-21,MSFT,372.06,379.39,368.71,373.03,55772030,371.4
2019-06-21,TSLA,185.39,187.01,182.1,183.64,173197264,183.09
2019-06-24,AAPL,155.87,156.18,155.68,155.97,37263152,155.56
2019-06-24,AMZN,92.35,93.14,90.97,92.65,45522551,92.4
2019-06-24,GOOGL,82.87,83.57,81.49,83.23,49120304,82.92
2019-06-24,MSFT,381.03,382.63,379.72,380.73,15403407,379.82
2019-06-24,TSLA,183.54,185.19,181.15,183.52,119704058,183.03
2019-06-25,AAPL,153.88,154.21,153.54,154.01,95469835,153.55
2019-06-25,AMZN,91.33,92.15,90.21,90.68,46219823,90.65
2019-06-25,GOOGL,81.93,82.43,81.54,82.22,40243797,81.83
2019-06-25,MSFT,373.35,375.95,370.98,373.8,55337352,373.66
2019-06-25,TSLA,184.48,186.15,182.6,185.03,173088157,184.97
2019-06-26,AAPL,158.82,160.47,157.84,158.23,156097129,158.19
2019-06-26,AMZN,93.51,94.37,91.85,93.07,100003917,93.0
2019-06-26,GOOGL,82.79,83.63,82.39,82.84,19696689,82.84
2019-06-26,MSFT,372.94,373.26,372.41,372.65,57207481,370.81
2019-06-26,TSLA,181.26,183.22,178.46,181.71,72675527,181.17
2019-06-27,AAPL,153.3,155.71,152.21,154.27,54485974,154.05
2019-06-27,AMZN,92.62,93.22,91.82,92.17,41982919,91.99
2019-06-27,GOOGL,82.61,84.05,81.75,82.32,37444093,82.21
2019-06-27,MSFT,368.02,372.25,360.62,371.87,16716382,370.79
2019-06-27,TSLA,183.7,185.72,181.08,183.68,176011209,183.34
2019-06-28,AAPL,159.21,159.35,159.12,159.18,65274770,158.92
2019-06-28,AMZN,92.7,93.27,91.41,92.65,111207357,92.6
2019-06-28,GOOGL,83.22,84.23,82.11,83.71,35954238,83.36
2019-06-28,MSFT,371.73,378.77,366.57,372.09,23344047,370.56
2019-06-28,TSLA,189.06,189.82,187.73,188.09,178954508,188.0
2019-07-01,AAPL,156.51,158.65,155.41,157.73,67016795,157.51
2019-07-01,AMZN,92.12,92.93,91.08,92.19,32503289,92.15
2019-07-01,GOOGL,86.2,87.73,84.89,85.98,44249976,85.76
2019-07-01,MSFT,371.55,377.66,368.06,376.65,56827741,376.6
2019-07-01,TSLA,191.49,192.33,190.44,191.63,112240265,190.94
2019-07-02,AAPL,159.74,160.25,159.31,159.8,128204259,159.16
2019-07-02,AMZN,93.0,93.35,92.67,92.78,117826792,92.53
2019-07-02,GOOGL,85.27,86.1,84.37,85.79,34616266,85.38
2019-07-02,MSFT,378.58,383.31,373.02,377.33,53867764,376.31
2019-07-02,TSLA,191.92,194.79,187.74,191.96,70928691,191.94
2019-07-03,AAPL,161.5,162.15,160.92,161.55,160544726,161.4
2019-07-03,AMZN,94.17,95.57,92.43,94.09,93289800,93.91
2019-07-03,GOOGL,86.07,86.74,84.5,85.19,23875978,85.14
2019-07-03,MSFT,387.76,391.02,384.57,387.07,49696069,385.9
2019-07-03,TSLA,195.76,196.31,194.6,194.73,79750703,193.9
2019-07-04,AAPL,158.18,160.31,156.41,157.96,117002471,157.38
2019-07-04,AMZN,90.39,91.04,90.11,90.89,35258973,90.49
2019-07-04,GOOGL,83.86,84.73,82.22,83.44,17217724,83.17
2019-07-04,MSFT,396.26,398.87,393.56,398.71,22902716,398.58
2019-07-04,TSLA,192.23,193.15,191.32,191.38,101583157,191.05
2019-07-05,AAPL,153.48,157.62,150.51,154.37,168577276,154.19
2019-07-05,AMZN,91.29,91.57,90.69,91.32,79698514,91.08
2019-07-05,GOOGL,83.82,84.01,83.59,83.7,48466902,83.44
2019-07-05,MSFT,397.95,402.16,394.86,395.45,38420716,393.92
2019-07-05,TSLA,190.74,191.78,189.95,190.58,101643673,190.52
2019-07-08,AAPL,160.26,160.98,159.07,159.13,93230744,158.35
2019-07-08,AMZN,90.31,91.0,89.82,90.52,58757275,90.11
2019-07-08,GOOGL,85.23,86.23,83.82,84.83,48455432,84.7
2019-07-08,MSFT,385.19,393.44,381.32,387.01,58741053,385.41
2019-07-08,TSLA,184.29,186.19,183.01,185.41,124964889,185.17
2019-07-09,AAPL,159.56,163.34,157.47,160.06,152229954,160.05
2019-07-09,AMZN,86.79,87.45,85.72,86.84,40067238,86.56
2019-07-09,GOOGL,84.11,84.45,83.59,84.33,14976063,84.26
2019-07-09,MSFT,387.18,390.43,381.14,386.86,32018532,385.72
2019-07-09,TSLA,186.23,188.69,184.83,185.68,75759458,185.38
2019-07-10,AAPL,163.16,164.76,162.05,162.25,34648257,162.18
2019-07-10,AMZN,87.1,87.76,85.98,87.02,50252417,86.64
2019-07-10,GOOGL,87.16,87.73,86.05,87.16,32786725,86.99
2019-07-10,MSFT,383.13,384.89,380.74,381.31,25372890,379.76
2019-07-10,TSLA,187.03,187.49,186.74,187.34,176798968,186.59
2019-07-11,AAPL,163.59,164.78,162.07,162.87,151482819,162.22
2019-07-11,AMZN,87.55,87.81,87.41,87.52,70094206,87.17
2019-07-11,GOOGL,86.63,87.55,86.14,86.68,46453118,86.46
2019-07-11,MSFT,375.52,380.12,373.08,376.21,32917358,375.5
2019-07-11,TSLA,186.96,188.09,185.22,187.27,56855310,186.83
2019-07-12,AAPL,158.37,161.0,154.95,157.93,57253464,157.86
2019-07-12,AMZN,88.14,89.46,87.25,88.05,80350957,87.92
2019-07-12,GOOGL,83.7,84.71,82.61,83.29,52892989,82.95
2019-07-12,MSFT,368.34,369.83,367.6,368.33,18802205,368.02
2019-07-12,TSLA,189.48,191.11,186.82,188.67,46706780,187.91
2019-07-15,AAPL,152.87,155.09,151.59,152.74,138276840,152.04
2019-07-15,AMZN,90.82,91.78,89.13,91.69,36719494,91.48
2019-07-15,GOOGL,83.55,84.17,82.74,83.33,37311502,83.15
2019-07-15,MSFT,362.33,365.81,358.38,364.99,40231521,364.04
2019-07-15,TSLA,188.63,190.12,185.19,188.06,185533724,187.12
2019-07-16,AAPL,153.48,155.49,151.79,152.86,73571898,152.36
2019-07-16,AMZN,94.3,95.01,92.94,93.89,73445840,93.67
2019-07-16,GOOGL,83.36,84.0,82.19,83.72,29441115,83.64
2019-07-16,MSFT,361.59,363.72,358.44,360.22,59512265,360.12
2019-07-16,TSLA,188.77,190.2,187.49,187.81,106763909,187.23
2019-07-17,AAPL,150.55,152.12,148.51,150.22,166903482,150.02
2019-07-17,AMZN,95.64,97.38,94.84,96.21,44774536,95.84
2019-07-17,GOOGL,83.51,83.89,82.94,82.95,22423381,82.72
2019-07-17,MSFT,367.14,369.65,365.17,365.84,53521109,365.59
2019-07-17,TSLA,196.54,199.43,191.88,193.78,125573172,193.68
2019-07-18,AAPL,155.8,158.53,154.51,157.38,103476739,157.06
2019-07-18,AMZN,96.99,97.19,96.62,97.0,68107454,96.76
2019-07-18,GOOGL,82.64,83.08,82.09,82.6,51284163,82.47
2019-07-18,MSFT,356.81,364.35,352.8,362.51,34512976,361.35
2019-07-18,TSLA,191.33,191.96,190.63,191.39,73424133,190.56
2019-07-19,AAPL,161.44,162.04,160.62,160.68,94615136,160.08
2019-07-19,AMZN,93.9,94.69,93.24,94.43,56817161,94.38
2019-07-19,GOOGL,83.24,83.29,83.21,83.25,50254248,83.13
2019-07-19,MSFT,366.95,369.46,362.73,365.12,26934499,364.97
2019-07-19,TSLA,193.58,195.18,192.77,194.16,190682563,193.49
2019-07-22,AAPL,165.98,166.85,164.79,165.85,71188899,165.51
2019-07-22,AMZN,97.67,98.06,96.93,97.55,35808533,97.13
2019-07-22,GOOGL,85.9,86.59,84.81,85.37,40542095,85.14
2019-07-22,MSFT,367.82,372.66,365.39,368.47,43469316,368.14
2019-07-22,TSLA,198.73,201.34,197.3,198.36,141655872,197.4
2019-07-23,AAPL,163.82,164.22,163.59,163.73,110033736,163.63
2019-07-23,AMZN,95.66,96.68,95.12,95.69,89153584,95.32
2019-07-23,GOOGL,84.94,85.53,84.51,85.24,49275834,85.15
2019-07-23,MSFT,378.64,382.92,376.4,378.78,53184062,378.5
2019-07-23,TSLA,199.69,200.73,199.01,199.47,104239180,198.55
2019-07-24,AAPL,165.99,167.23,164.38,165.61,131687825,165.49
2019-07-24,AMZN,97.0,97.68,96.25,97.21,60969239,96.89
2019-07-24,GOOGL,83.25,83.62,82.94,83.58,47641293,83.56
2019-07-24,MSFT,388.4,393.1,386.32,387.71,49843333,386.84
2019-07-24,TSLA,195.5,195.79,194.98,195.29,143342635,194.72
2019-07-25,AAPL,166.14,168.75,164.6,165.45,113784113,165.38
2019-07-25,AMZN,98.06,98.39,97.58,97.82,35251030,97.56
2019-07-25,GOOGL,81.71,82.34,80.69,81.87,25814875,81.53
2019-07-25,MSFT,395.51,397.89,390.54,395.41,41444154,394.65
2019-07-25,TSLA,193.97,195.15,192.99,194.48,195850775,193.67
2019-07-26,AAPL,166.6,167.01,165.69,166.12,167974374,165.68
2019-07-26,AMZN,100.21,101.86,98.07,99.84,55078735,99.67
2019-07-26,GOOGL,81.77,82.14,81.54,81.75,53641935,81.36
2019-07-26,MSFT,399.1,402.44,391.33,394.25,48764122,393.08
2019-07-26,TSLA,191.78,194.18,190.72,193.09,189072211,193.06
2019-07-29,AAPL,164.99,166.31,164.38,166.25,117862862,165.61
2019-07-29,AMZN,100.25,101.5,98.63,99.68,72372462,99.53
2019-07-29,GOOGL,81.76,82.93,81.22,82.27,51301114,81.92
2019-07-29,MSFT,383.94,386.48,379.64,379.84,57369520,379.51
2019-07-29,TSLA,193.64,195.03,191.96,193.16,97371493,192.88
2019-07-30,AAPL,164.94,166.82,162.23,164.76,41411313,164.2
2019-07-30,AMZN,97.48,98.02,97.23,97.89,92426740,97.58
2019-07-30,GOOGL,79.88,80.14,79.68,79.76,28826600,79.74
2019-07-30,MSFT,387.19,390.12,384.73,386.81,18191813,386.51
2019-07-30,TSLA,188.47,189.96,187.19,188.59,191154588,187.88
2019-07-31,AAPL,168.64,169.5,167.01,169.1,120684299,168.45
2019-07-31,AMZN,95.58,97.25,94.46,96.67,37022843,96.41
2019-07-31,GOOGL,82.1,82.35,81.62,82.1,24384161,81.85
2019-07-31,MSFT,377.03,379.4,375.57,379.38,57733864,378.01
2019-07-31,TSLA,186.07,187.9,185.14,187.69,36233644,187.29
2019-08-01,AAPL,165.47,166.04,164.54,164.63,175702511,164.1
2019-08-01,AMZN,96.32,96.67,95.89,96.49,65556508,96.36
2019-08-01,GOOGL,84.62,85.83,81.88,84.4,46950563,84.16
2019-08-01,MSFT,383.68,386.54,379.52,386.28,32594933,385.02
2019-08-01,TSLA,181.5,183.33,180.43,182.78,176169952,182.09
2019-08-02,AAPL,163.36,165.91,158.65,163.15,173708019,162.96
2019-08-02,AMZN,96.42,97.05,95.25,96.66,72944584,96.58
2019-08-02,GOOGL,83.43,84.67,82.79,83.73,25859396,83.48
2019-08-02,MSFT,380.98,387.35,377.56,386.7,39758832,386.67
2019-08-02,TSLA,184.15,184.45,183.65,183.94,86183961,183.05
2019-08-05,AAPL,162.69,165.4,158.71,162.13,66383908,161.41
2019-08-05,AMZN,96.43,97.43,94.86,96.69,103473618,96.22
2019-08-05,GOOGL,86.54,87.22,85.08,85.34,54943751,85.07
2019-08-05,MSFT,379.05,383.15,375.35,379.59,47232740,378.08
2019-08-05,TSLA,182.41,184.12,181.63,183.63,126160850,182.9
2019-08-06,AAPL,157.5,160.0,156.35,158.25,34573846,158.24
2019-08-06,AMZN,99.59,100.37,98.51,99.35,92655870,98.87
2019-08-06,GOOGL,87.15,87.53,86.27,86.72,38333855,86.64
2019-08-06,MSFT,381.33,382.5,380.01,382.39,42512785,381.65
2019-08-06,TSLA,181.33,182.7,179.83,181.66,92050760,180.78
2019-08-07,AAPL,157.22,159.74,153.85,156.11,63428559,156.08
2019-08-07,AMZN,101.23,101.99,100.09,101.7,83270121,101.2
2019-08-07,GOOGL,85.97,87.02,84.54,85.79,10952371,85.5
2019-08-07,MSFT,375.62,376.19,374.51,374.52,56656856,372.97
2019-08-07,TSLA,181.66,186.46,178.47,181.31,160012927,180.74
2019-08-08,AAPL,159.11,159.34,158.83,158.93,56052888,158.92
2019-08-08,AMZN,102.64,103.48,101.44,102.36,97815106,102.07
2019-08-08,GOOGL,86.32,86.65,85.66,86.23,11660198,85.89
2019-08-08,MSFT,382.02,386.4,377.91,384.28,47433484,382.86
2019-08-08,TSLA,184.03,186.32,182.65,182.95,169259773,182.76
2019-08-09,AAPL,160.49,163.16,157.78,160.91,65216452,160.24
2019-08-09,AMZN,102.96,103.83,102.3,103.67,46836919,103.42
2019-08-09,GOOGL,87.3,89.32,86.14,87.71,20655911,87.49
2019-08-09,MSFT,377.08,380.95,371.14,373.25,17761263,373.1
2019-08-09,TSLA,184.35,187.09,180.75,186.56,194789135,186.12
2019-08-12,AAPL,158.67,160.21,157.93,159.15,171550778,159.06
2019-08-12,AMZN,109.66,110.51,107.93,108.53,77170125,108.28
2019-08-12,GOOGL,88.43,88.76,87.96,88.02,24798037,87.87
2019-08-12,MSFT,369.55,371.39,365.34,370.06,29984074,369.3
2019-08-12,TSLA,182.34,185.87,180.71,182.96,82127984,182.21
2019-08-13,AAPL,162.13,163.33,160.31,162.6,132226968,161.92
2019-08-13,AMZN,107.14,107.39,106.82,107.27,82135922,107.04
2019-08-13,GOOGL,89.3,90.68,88.0,88.9,51722867,88.86
2019-08-13,MSFT,368.07,372.44,363.92,368.98,44691607,367.31
2019-08-13,TSLA,179.66,183.17,174.26,178.9,117371246,178.42
2019-08-14,AAPL,161.51,162.26,160.64,161.04,115532413,160.3
2019-08-14,AMZN,109.35,110.45,108.57,108.71,73894619,108.6
2019-08-14,GOOGL,87.43,88.01,86.97,86.99,16677342,86.83
2019-08-14,MSFT,370.99,374.34,364.96,369.86,56050585,368.12
2019-08-14,TSLA,179.5,181.65,177.79,180.73,38489969,179.98
2019-08-15,AAPL,156.22,157.37,155.59,156.69,159979723,156.66
2019-08-15,AMZN,106.07,106.46,105.73,106.05,34411718,105.88
2019-08-15,GOOGL,89.25,90.88,88.23,89.09,28123912,88.68
2019-08-15,MSFT,370.75,372.08,368.2,369.76,36735718,368.72
2019-08-15,TSLA,178.2,181.85,176.22,180.45,145506053,180.31
2019-08-16,AAPL,156.93,158.18,156.3,157.54,90817262,157.05
2019-08-16,AMZN,103.81,104.91,103.01,104.85,114237316,104.45
2019-08-16,GOOGL,91.77,92.98,90.88,91.81,15448658,91.75
2019-08-16,MSFT,365.8,368.31,360.58,365.84,12588977,364.02
2019-08-16,TSLA,174.7,176.18,173.27,174.89,52523279,174.2
2019-08-19,AAPL,163.22,165.02,161.43,163.29,43670655,162.65
2019-08-19,AMZN,105.12,105.98,104.48,105.86,32956822,105.67
2019-08-19,GOOGL,95.13,96.7,94.18,96.41,43530973,95.99
2019-08-19,MSFT,372.56,386.65,364.45,370.89,38704056,369.8
2019-08-19,TSLA,178.54,179.52,176.42,179.33,197995487,179.15
2019-08-20,AAPL,162.02,162.25,161.79,161.82,117306720,161.68
2019-08-20,AMZN,102.88,103.4,102.25,103.28,82280942,102.98
2019-08-20,GOOGL,98.75,99.4,98.34,99.03,23804773,98.77
2019-08-20,MSFT,367.83,372.5,364.45,371.42,25237136,370.77
2019-08-20,TSLA,176.92,178.27,174.01,176.65,168774575,176.3
2019-08-21,AAPL,165.65,167.96,163.08,165.33,70452070,165.23
2019-08-21,AMZN,100.77,101.48,99.47,100.66,56484956,100.47
2019-08-21,GOOGL,101.8,102.78,100.41,102.25,23167572,101.9
2019-08-21,MSFT,374.64,376.6,372.58,373.03,54724247,371.32
2019-08-21,TSLA,173.53,174.34,172.73,173.54,190215008,173.46
2019-08-22,AAPL,167.73,169.36,165.49,167.14,129940271,166.82
2019-08-22,AMZN,96.98,97.74,96.01,96.94,97468682,96.68
2019-08-22,GOOGL,105.99,106.91,103.9,104.63,46632336,104.2
2019-08-22,MSFT,373.79,378.63,371.62,374.41,62740516,373.75
2019-08-22,TSLA,171.69,173.65,170.64,171.97,95827764,171.93
2019-08-23,AAPL,169.23,170.03,167.74,168.71,157545467,167.89
2019-08-23,AMZN,98.07,98.41,97.61,98.1,90334271,98.07
2019-08-23,GOOGL,103.44,104.17,102.37,103.79,19702407,103.48
2019-08-23,MSFT,392.19,393.64,390.45,393.01,38982033,391.65
2019-08-23,TSLA,179.35,180.01,178.53,179.84,71948817,179.6
2019-08-26,AAPL,166.82,168.55,165.82,168.26,149787251,168.11
2019-08-26,AMZN,96.7,98.0,95.68,96.92,60719986,96.45
2019-08-26,GOOGL,105.1,105.75,103.98,104.02,50937324,103.77
2019-08-26,MSFT,409.65,417.63,400.22,403.63,36468771,402.06
2019-08-26,TSLA,184.69,185.55,183.42,183.75,116558683,182.91
2019-08-27,AAPL,166.01,166.28,165.83,165.83,120837476,165.82
2019-08-27,AMZN,99.36,99.9,98.58,98.8,51969569,98.68
2019-08-27,GOOGL,101.97,103.21,100.86,102.79,38532272,102.41
2019-08-27,MSFT,401.16,403.17,399.85,401.08,21471078,400.47
2019-08-27,TSLA,177.72,179.91,176.59,178.13,113445387,177.3
2019-08-28,AAPL,162.22,163.27,160.57,161.82,47405211,161.63
2019-08-28,AMZN,101.05,101.81,100.61,100.95,53259973,100.7
2019-08-28,GOOGL,103.39,103.93,103.05,103.58,54405846,103.22
2019-08-28,MSFT,399.62,404.64,391.82,396.77,43804673,395.33
2019-08-28,TSLA,183.89,185.72,181.15,182.8,165728756,182.03
2019-08-29,AAPL,168.59,169.26,168.08,168.17,123097552,168.12
2019-08-29,AMZN,102.4,103.3,101.75,102.31,69891661,102.07
2019-08-29,GOOGL,104.1,105.18,103.33,103.85,35272727,103.7
2019-08-29,MSFT,394.27,395.3,392.0,394.45,43326319,394.09
2019-08-29,TSLA,187.4,189.02,186.18,187.06,49013185,186.15
2019-08-30,AAPL,165.55,167.26,164.72,166.87,115832546,166.33
2019-08-30,AMZN,102.2,103.93,100.67,101.65,115686571,101.28
2019-08-30,GOOGL,105.65,106.59,103.92,105.47,49154745,105.24
2019-08-30,MSFT,390.54,395.61,384.93,390.7,53121394,390.44
2019-08-30,TSLA,184.44,185.34,182.38,183.05,181950079,182.37
2019-09-02,AAPL,164.36,164.78,163.59,163.84,172182411,163.81
2019-09-02,AMZN,104.62,106.15,103.38,104.19,39077406,103.92
2019-09-02,GOOGL,108.78,110.4,107.74,109.15,31455785,108.68
2019-09-02,MSFT,382.72,386.97,379.59,381.4,24343701,380.32
2019-09-02,TSLA,179.62,182.0,178.44,180.5,115026735,179.65
2019-09-03,AAPL,161.36,162.97,159.19,162.24,96209989,161.65
2019-09-03,AMZN,101.63,102.62,100.71,101.21,63762552,100.77
2019-09-03,GOOGL,109.42,110.56,108.51,109.01,26805889,109.01
2019-09-03,MSFT,374.62,377.22,370.42,374.67,13989134,374.05
2019-09-03,TSLA,177.15,177.91,175.84,177.43,194669359,176.66
2019-09-04,AAPL,163.44,164.49,161.75,162.1,131890240,161.46
2019-09-04,AMZN,102.01,102.98,101.53,101.89,33668287,101.4
2019-09-04,GOOGL,108.38,108.69,108.04,108.16,19971704,108.03
2019-09-04,MSFT,386.68,387.98,384.85,385.64,55000302,385.46
2019-09-04,TSLA,173.72,175.43,172.68,173.86,124754089,173.38
2019-09-05,AAPL,162.81,163.96,160.35,162.86,53752336,162.39
2019-09-05,AMZN,103.06,104.94,101.44,102.17,100992319,102.01
2019-09-05,GOOGL,105.29,105.69,104.77,105.05,29635803,104.94
2019-09-05,MSFT,378.68,381.98,375.75,377.47,50368575,377.22
2019-09-05,TSLA,177.16,180.45,172.71,177.18,81354846,176.86
2019-09-06,AAPL,165.03,165.69,164.2,165.46,89253593,164.86
2019-09-06,AMZN,101.79,102.25,101.44,102.04,46335053,101.61
2019-09-06,GOOGL,103.99,105.09,103.36,104.0,11896768,103.71
2019-09-06,MSFT,377.33,385.11,373.25,381.44,25367391,381.21
2019-09-06,TSLA,178.96,180.59,176.25,177.33,88786155,177.07
2019-09-09,AAPL,165.27,165.86,164.9,165.38,36483307,165.09
2019-09-09,AMZN,98.95,99.89,96.87,98.71,77251111,98.47
2019-09-09,GOOGL,103.91,104.44,102.83,103.68,33994029,103.21
2019-09-09,MSFT,389.88,397.62,385.28,390.54,28459909,389.46
2019-09-09,TSLA,181.44,182.06,180.75,181.48,93235136,180.95
2019-09-10,AAPL,167.05,168.37,165.79,166.47,171419853,165.8
2019-09-10,AMZN,96.47,96.66,96.32,96.49,48676517,96.07
2019-09-10,GOOGL,106.67,106.88,106.28,106.32,40179849,106.31
2019-09-10,MSFT,393.46,395.67,389.32,395.3,30773259,394.88
2019-09-10,TSLA,181.1,183.06,180.15,181.02,88128148,180.53
2019-09-11,AAPL,167.65,168.47,166.4,167.55,122175726,166.82
2019-09-11,AMZN,96.97,97.42,96.28,96.5,113003127,96.46
2019-09-11,GOOGL,106.16,106.77,104.81,106.04,22957198,105.98
2019-09-11,MSFT,399.12,403.9,395.81,400.45,33722829,399.95
2019-09-11,TSLA,177.39,178.01,176.75,177.49,51415805,176.83
2019-09-12,AAPL,169.69,171.48,167.95,168.95,48892379,168.21
2019-09-12,AMZN,97.4,97.88,96.59,96.77,75241226,96.71
2019-09-12,GOOGL,106.38,107.31,105.4,106.69,26055831,106.58
2019-09-12,MSFT,399.27,400.82,397.07,399.8,47311753,399.32
2019-09-12,TSLA,177.77,179.35,176.32,176.7,91523090,176.58
2019-09-13,AAPL,168.07,170.55,166.86,166.94,115803881,166.33
2019-09-13,AMZN,95.23,95.99,94.28,95.26,22733800,94.98
2019-09-13,GOOGL,107.0,107.43,106.81,107.05,46409644,107.01
2019-09-13,MSFT,405.22,408.25,401.59,402.32,51767740,400.97
2019-09-13,TSLA,185.76,186.92,184.49,184.77,97411850,184.36
2019-09-16,AAPL,162.29,163.93,160.75,162.7,33673357,161.94
2019-09-16,AMZN,98.56,99.49,97.2,98.24,50627341,98.09
2019-09-16,GOOGL,106.04,106.71,104.5,106.32,27911942,105.96
2019-09-16,MSFT,406.68,409.23,405.57,406.76,58986104,405.17
2019-09-16,TSLA,186.27,188.16,185.12,186.76,148326004,185.86
2019-09-17,AAPL,162.84,166.11,158.35,161.42,155857625,161.24
2019-09-17,AMZN,99.45,102.23,98.27,99.59,47567502,99.56
2019-09-17,GOOGL,109.86,110.52,108.49,109.05,46140587,108.74
2019-09-17,MSFT,415.61,416.1,414.97,415.38,33085835,414.03
2019-09-17,TSLA,185.51,186.73,183.08,186.72,152684048,185.91
2019-09-18,AAPL,162.96,163.72,162.56,163.68,66854482,163.67
2019-09-18,AMZN,99.26,100.76,98.32,98.7,76811085,98.66
2019-09-18,GOOGL,109.91,111.49,109.0,111.0,10007098,110.85
2019-09-18,MSFT,423.53,428.67,418.38,420.64,55959222,420.11
2019-09-18,TSLA,195.23,195.97,194.16,194.62,132272568,194.19
2019-09-19,AAPL,163.5,165.99,160.76,163.72,33407002,163.16
2019-09-19,AMZN,98.32,99.65,96.85,98.24,57317529,98.19
2019-09-19,GOOGL,110.75,111.33,110.34,110.94,35217093,110.6
2019-09-19,MSFT,418.66,421.85,413.28,421.08,41570831,420.84
2019-09-19,TSLA,202.42,204.09,198.75,199.85,74777108,199.3
2019-09-20,AAPL,167.08,168.1,166.28,166.35,36781247,165.58
2019-09-20,AMZN,98.57,100.72,96.18,97.94,45676354,97.51
2019-09-20,GOOGL,110.26,110.38,110.17,110.17,23311601,109.66
2019-09-20,MSFT,401.96,406.2,395.54,404.08,14070848,402.12
2019-09-20,TSLA,200.63,201.22,200.15,201.12,76460451,201.1
2019-09-23,AAPL,162.4,163.95,159.88,163.4,60821635,162.72
2019-09-23,AMZN,96.39,98.91,95.28,98.28,99305541,97.89
2019-09-23,GOOGL,107.68,108.49,107.25,108.09,12927068,108.07
2019-09-23,MSFT,399.18,407.27,393.53,403.31,29377033,401.97
2019-09-23,TSLA,194.78,198.06,192.02,194.39,90497489,193.87
2019-09-24,AAPL,164.99,165.88,163.75,165.34,36548404,165.28
2019-09-24,AMZN,97.31,97.96,96.85,96.92,120335509,96.72
2019-09-24,GOOGL,107.43,108.8,105.26,106.57,31504478,106.27
2019-09-24,MSFT,403.31,408.48,397.99,407.26,43968161,406.78
2019-09-24,TSLA,194.12,194.85,193.24,194.11,42097208,193.44
2019-09-25,AAPL,165.74,166.85,164.17,165.56,147448843,165.02
2019-09-25,AMZN,95.37,96.46,94.42,94.82,34273821,94.7
2019-09-25,GOOGL,109.08,109.82,107.57,108.15,51171935,108.15
2019-09-25,MSFT,403.35,409.11,398.98,408.25,34106889,406.68
2019-09-25,TSLA,190.15,191.5,187.04,191.39,138217059,190.66
2019-09-26,AAPL,166.22,167.01,164.88,166.78,97133832,166.49
2019-09-26,AMZN,97.08,97.76,96.22,96.85,30486628,96.63
2019-09-26,GOOGL,109.18,110.05,108.73,109.43,54073923,109.04
2019-09-26,MSFT,412.96,413.58,411.52,413.57,38448442,411.95
2019-09-26,TSLA,192.85,193.58,191.54,192.95,61390764,192.38
2019-09-27,AAPL,171.84,172.45,170.7,172.05,63566814,172.03
2019-09-27,AMZN,97.22,97.55,96.58,97.08,92008901,97.07
2019-09-27,GOOGL,110.41,110.76,110.19,110.72,41042857,110.48
2019-09-27,MSFT,407.77,409.46,405.85,409.42,65823323,407.94
2019-09-27,TSLA,198.9,200.8,196.13,197.63,151174908,196.66
2019-09-30,AAPL,171.48,172.71,169.52,170.6,126853919,170.17
2019-09-30,AMZN,97.39,98.29,95.94,97.28,112844978,96.96
2019-09-30,GOOGL,108.22,108.92,107.86,108.36,31795430,107.87
2019-09-30,MSFT,419.77,422.61,413.42,420.54,56701371,420.54
2019-09-30,TSLA,190.76,192.27,189.64,192.0,178380830,191.71
2019-10-01,AAPL,176.26,176.88,175.88,175.96,129952866,175.14
2019-10-01,AMZN,99.01,99.28,98.64,99.13,43132152,99.04
2019-10-01,GOOGL,111.11,111.52,110.36,111.04,51607563,110.95
2019-10-01,MSFT,408.21,412.54,401.43,410.58,12027539,409.57
2019-10-01,TSLA,194.3,195.56,192.82,193.32,61253375,192.66
2019-10-02,AAPL,177.66,178.7,176.15,176.39,138949739,175.88
2019-10-02,AMZN,101.56,102.41,100.79,102.34,38999747,101.87
2019-10-02,GOOGL,108.76,109.79,106.37,108.63,15920682,108.11
2019-10-02,MSFT,410.73,413.3,409.28,410.94,47988637,409.44
2019-10-02,TSLA,198.23,201.29,195.83,199.17,67426807,198.77
2019-10-03,AAPL,173.75,175.58,172.08,172.55,136437103,172.11
2019-10-03,AMZN,101.01,101.96,99.14,100.96,75485250,100.64
2019-10-03,GOOGL,109.91,110.57,108.73,109.41,40530859,109.39
2019-10-03,MSFT,414.12,415.8,413.3,414.95,39249215,414.21
2019-10-03,TSLA,200.0,202.02,198.63,198.75,187683541,198.49
2019-10-04,AAPL,177.14,179.3,174.64,175.85,163380321,175.16
2019-10-04,AMZN,98.95,99.82,97.54,99.39,41918499,99.04
2019-10-04,GOOGL,110.54,111.19,109.85,111.16,30385663,111.09
2019-10-04,MSFT,411.76,419.48,408.05,413.49,58296070,413.11
2019-10-04,TSLA,197.44,200.44,194.28,196.03,59911353,195.74
2019-10-07,AAPL,181.77,183.57,179.22,180.58,162900682,179.84
2019-10-07,AMZN,102.39,102.95,101.89,102.59,117438812,102.41
2019-10-07,GOOGL,109.94,110.32,109.38,109.96,14274399,109.59
2019-10-07,MSFT,406.7,413.02,402.02,404.88,18401210,403.77
2019-10-07,TSLA,202.7,204.46,201.57,204.16,75003269,203.78
2019-10-08,AAPL,181.95,182.63,181.28,181.92,67601274,181.8
2019-10-08,AMZN,101.6,102.71,100.85,101.38,79728417,101.05
2019-10-08,GOOGL,113.89,114.98,112.89,113.05,51265977,112.75
2019-10-08,MSFT,409.19,414.91,406.62,407.88,50845214,405.88
2019-10-08,TSLA,212.05,213.01,211.05,212.76,85919101,212.57
2019-10-09,AAPL,185.19,190.81,181.96,184.5,88315741,184.47
2019-10-09,AMZN,100.61,101.81,99.06,100.25,41251786,100.21
2019-10-09,GOOGL,112.73,113.8,112.27,112.86,33947086,112.36
2019-10-09,MSFT,407.0,411.62,402.25,402.46,58152893,401.92
2019-10-09,TSLA,213.99,215.59,210.7,211.24,112559544,210.66
2019-10-10,AAPL,178.0,180.51,176.11,178.78,143380130,178.0
2019-10-10,AMZN,101.12,102.42,99.91,101.44,107586289,101.0
2019-10-10,GOOGL,116.85,118.23,114.7,115.81,52605602,115.29
2019-10-10,MSFT,398.25,400.86,395.8,397.47,65152696,396.5
2019-10-10,TSLA,214.22,214.9,212.87,213.01,144170162,212.6
2019-10-11,AAPL,179.03,179.71,178.52,178.68,151359204,178.17
2019-10-11,AMZN,98.42,99.0,98.15,98.85,90072487,98.73
2019-10-11,GOOGL,114.78,115.21,114.46,114.69,39443784,114.17
2019-10-11,MSFT,406.19,409.15,401.72,403.69,59593182,402.02
2019-10-11,TSLA,215.28,216.74,212.02,214.99,173742607,214.67
2019-10-14,AAPL,174.18,175.97,171.69,174.61,56054034,173.88
2019-10-14,AMZN,100.1,100.42,99.44,99.66,41117968,99.41
2019-10-14,GOOGL,116.24,117.36,115.24,116.33,49141556,116.01
2019-10-14,MSFT,407.92,408.42,407.12,407.44,27259904,406.55
2019-10-14,TSLA,224.9,228.37,221.25,224.2,76397688,223.58
2019-10-15,AAPL,175.59,177.98,172.86,173.65,157031064,172.96
2019-10-15,AMZN,99.85,100.7,99.35,100.23,24542414,99.86
2019-10-15,GOOGL,116.98,117.53,116.01,116.48,19480617,116.26
2019-10-15,MSFT,409.88,418.03,399.09,405.6,54041258,405.34
2019-10-15,TSLA,223.84,228.27,217.07,224.27,159286669,223.62
2019-10-16,AAPL,174.49,175.73,173.89,175.05,108488412,174.99
2019-10-16,AMZN,101.16,101.45,100.58,100.71,67833021,100.31
2019-10-16,GOOGL,120.72,122.19,118.54,119.52,35432796,119.19
2019-10-16,MSFT,398.95,400.88,397.65,399.32,35076165,399.12
2019-10-16,TSLA,226.58,227.39,225.75,226.88,89955469,226.01
2019-10-17,AAPL,177.35,177.58,177.24,177.41,53361420,177.4
2019-10-17,AMZN,102.16,103.37,101.64,102.21,50271387,102.15
2019-10-17,GOOGL,117.78,119.39,116.54,119.35,44065534,119.08
2019-10-17,MSFT,389.89,390.46,389.03,389.49,65849077,389.07
2019-10-17,TSLA,224.6,227.29,221.52,225.47,94719908,225.38
2019-10-18,AAPL,170.94,171.37,170.15,171.08,97482539,170.67
2019-10-18,AMZN,106.74,107.02,106.27,106.3,54059494,106.28
2019-10-18,GOOGL,120.03,121.15,118.81,119.65,19307846,119.42
2019-10-18,MSFT,381.18,382.57,378.51,380.96,16119851,380.83
2019-10-18,TSLA,216.55,221.61,214.18,214.56,133040443,214.13
2019-10-21,AAPL,176.21,177.86,175.2,177.56,128974270,177.54
2019-10-21,AMZN,107.83,108.16,107.41,107.9,40975479,107.57
2019-10-21,GOOGL,119.13,120.17,118.15,118.74,42689861,118.21
2019-10-21,MSFT,386.2,386.91,385.15,386.08,65833188,385.63
2019-10-21,TSLA,217.51,218.79,216.9,218.26,87536482,217.52
2019-10-22,AAPL,173.86,174.87,172.93,174.29,157012484,173.58
2019-10-22,AMZN,105.4,107.11,104.61,106.74,35782802,106.48
2019-10-22,GOOGL,118.89,119.29,118.61,119.23,24841711,119.02
2019-10-22,MSFT,380.22,388.1,373.85,383.43,22585006,381.99
2019-10-22,TSLA,218.78,221.51,214.51,219.78,98277751,218.93
2019-10-23,AAPL,177.44,178.13,176.75,177.07,120970002,176.96
2019-10-23,AMZN,110.08,111.72,108.29,110.99,89850700,110.82
2019-10-23,GOOGL,120.1,121.27,118.91,120.11,46486924,119.77
2019-10-23,MSFT,385.18,392.24,381.58,385.35,32977020,384.56
2019-10-23,TSLA,215.78,217.88,214.85,216.39,152006261,215.74
2019-10-24,AAPL,178.89,179.25,178.15,178.29,131291852,178.0
2019-10-24,AMZN,112.11,112.75,111.69,112.69,79288008,112.18
2019-10-24,GOOGL,120.64,122.0,117.85,120.52,29275425,120.12
2019-10-24,MSFT,376.21,385.38,369.13,379.58,50148607,379.25
2019-10-24,TSLA,213.9,214.12,213.47,213.99,118821579,213.97
2019-10-25,AAPL,178.92,182.87,176.86,180.39,126729723,180.39
2019-10-25,AMZN,113.81,115.13,111.59,112.68,32903061,112.5
2019-10-25,GOOGL,121.43,123.3,119.8,122.71,16709305,122.68
2019-10-25,MSFT,374.0,376.3,371.83,375.2,20420498,374.19
2019-10-25,TSLA,215.5,216.25,214.45,216.13,195865101,215.94
2019-10-28,AAPL,177.83,178.86,176.19,176.73,113650341,176.49
2019-10-28,AMZN,117.02,118.32,115.29,115.96,28952924,115.85
2019-10-28,GOOGL,124.81,125.28,124.6,124.91,44389921,124.64
2019-10-28,MSFT,370.87,375.7,368.7,372.47,41956300,370.92
2019-10-28,TSLA,213.42,214.76,212.35,212.62,50000963,211.89
2019-10-29,AAPL,176.32,178.04,173.49,176.0,141769059,175.82
2019-10-29,AMZN,112.38,115.39,111.05,113.33,55892294,113.31
2019-10-29,GOOGL,122.08,122.67,121.71,121.92,13344889,121.48
2019-10-29,MSFT,366.22,369.31,363.25,368.03,34639937,367.82
2019-10-29,TSLA,211.32,213.78,209.52,210.14,78300993,209.4
2019-10-30,AAPL,172.74,174.83,171.63,172.17,110406430,171.31
2019-10-30,AMZN,114.78,114.98,114.57,114.85,34588014,114.63
2019-10-30,GOOGL,124.58,127.17,122.79,124.21,21002837,123.68
2019-10-30,MSFT,376.08,381.28,372.13,378.67,53644855,378.51
2019-10-30,TSLA,212.73,214.36,209.31,211.09,104056477,210.16
2019-10-31,AAPL,168.39,171.74,165.59,168.82,96611881,168.18
2019-10-31,AMZN,113.81,114.91,113.09,114.09,47561301,114.07
2019-10-31,GOOGL,128.29,129.65,127.48,129.11,17974422,129.02
2019-10-31,MSFT,382.14,383.38,379.8,381.35,57465876,381.25
2019-10-31,TSLA,205.04,206.39,204.31,206.05,152821267,205.84
2019-11-01,AAPL,166.34,168.88,165.1,166.3,118896597,166.02
2019-11-01,AMZN,113.49,114.41,112.94,113.44,39938409,112.92
2019-11-01,GOOGL,131.63,132.96,128.63,131.02,45875780,130.57
2019-11-01,MSFT,383.04,383.76,382.72,382.8,41410509,381.72
2019-11-01,TSLA,203.26,206.55,200.5,202.67,62580526,202.06
2019-11-04,AAPL,165.59,168.73,162.35,164.29,101002190,163.49
2019-11-04,AMZN,113.43,114.53,112.68,114.19,106016848,114.08
2019-11-04,GOOGL,129.4,130.36,128.71,129.66,29194878,129.13
2019-11-04,MSFT,370.42,372.49,366.72,367.72,60754698,366.8
2019-11-04,TSLA,199.74,200.88,197.69,200.71,52648830,199.71
2019-11-05,AAPL,162.79,165.64,160.37,163.38,115544821,162.99
2019-11-05,AMZN,114.86,115.84,113.46,114.79,38776320,114.4
2019-11-05,GOOGL,130.72,131.36,129.24,130.46,13447891,130.12
2019-11-05,MSFT,375.75,379.23,370.87,372.29,29740896,370.61
2019-11-05,TSLA,203.83,205.17,202.46,203.66,121328619,202.94
2019-11-06,AAPL,167.89,168.63,166.3,167.5,34625491,166.82
2019-11-06,AMZN,116.29,117.35,115.49,116.88,56352968,116.54
2019-11-06,GOOGL,129.34,130.07,128.22,129.16,25704772,128.81
2019-11-06,MSFT,367.2,370.0,363.71,368.27,63542785,367.69
2019-11-06,TSLA,203.72,205.65,200.9,204.85,40239238,204.71
2019-11-07,AAPL,170.2,170.63,169.32,170.12,40678504,170.06
2019-11-07,AMZN,120.0,122.04,118.71,119.2,26898865,118.66
2019-11-07,GOOGL,129.57,130.16,129.18,130.04,54508350,129.83
2019-11-07,MSFT,359.67,365.09,355.58,362.48,57698978,362.31
2019-11-07,TSLA,201.99,205.99,196.74,201.17,140611396,200.43
2019-11-08,AAPL,166.1,168.43,164.45,167.86,76249754,167.7
2019-11-08,AMZN,120.12,121.04,118.01,120.97,65108905,120.69
2019-11-08,GOOGL,130.33,133.1,128.41,129.55,22337823,128.98
2019-11-08,MSFT,359.09,361.18,358.18,361.08,55469382,360.21
2019-11-08,TSLA,211.98,213.49,208.8,210.69,75649896,209.75
2019-11-11,AAPL,169.34,171.46,166.82,167.61,135125697,167.0
2019-11-11,AMZN,119.3,119.81,118.94,119.01,114575789,118.79
2019-11-11,GOOGL,128.69,130.09,127.97,128.85,48350643,128.59
2019-11-11,MSFT,367.87,369.61,366.01,367.12,39172479,365.82
2019-11-11,TSLA,222.47,223.67,219.87,221.61,164161726,221.52
2019-11-12,AAPL,164.18,165.14,163.61,164.7,107623527,164.46
2019-11-12,AMZN,122.63,124.47,119.88,120.66,37299262,120.57
2019-11-12,GOOGL,131.92,132.26,131.72,132.11,31320251,131.88
2019-11-12,MSFT,371.03,376.58,368.2,373.7,37537686,372.7
2019-11-12,TSLA,230.41,231.78,227.68,229.39,71798165,229.24
2019-11-13,AAPL,160.92,162.19,160.06,161.88,170661470,161.46
2019-11-13,AMZN,120.55,121.64,119.66,120.86,120290347,120.67
2019-11-13,GOOGL,131.08,132.14,130.49,131.26,40302621,131.0
2019-11-13,MSFT,367.11,374.35,363.08,372.56,39421355,372.39
2019-11-13,TSLA,232.43,240.18,226.09,232.46,52767847,231.7
2019-11-14,AAPL,164.31,165.24,162.34,162.58,118632102,162.43
2019-11-14,AMZN,122.59,124.43,120.69,121.81,33052515,121.69
2019-11-14,GOOGL,124.23,125.09,123.74,124.81,26956882,124.58
2019-11-14,MSFT,373.05,379.86,369.22,375.93,62846688,375.22
2019-11-14,TSLA,231.54,236.63,227.17,229.37,182787973,229.08
2019-11-15,AAPL,161.11,161.92,160.6,161.37,119981262,160.9
2019-11-15,AMZN,125.08,125.33,124.68,124.88,119842152,124.81
2019-11-15,GOOGL,121.06,121.8,119.73,121.41,43894604,121.14
2019-11-15,MSFT,379.93,381.94,376.98,379.84,54175658,378.7
2019-11-15,TSLA,233.47,235.92,231.75,234.76,142017759,234.41
2019-11-18,AAPL,158.13,159.12,156.45,157.81,93018308,157.55
2019-11-18,AMZN,122.28,122.8,121.38,122.22,38758846,121.73
2019-11-18,GOOGL,118.58,119.94,116.03,118.0,11765960,118.0
2019-11-18,MSFT,391.53,396.0,389.45,390.62,22291876,389.97
2019-11-18,TSLA,229.07,233.14,226.16,230.74,126017976,230.63
2019-11-19,AAPL,159.84,160.86,158.89,160.4,116471618,159.73
2019-11-19,AMZN,124.25,125.49,122.91,123.22,38482450,122.77
2019-11-19,GOOGL,121.44,122.34,120.55,120.7,14760050,120.26
2019-11-19,MSFT,387.02,389.22,383.31,387.71,59929322,386.27
2019-11-19,TSLA,226.49,228.34,225.62,225.79,90865271,224.95
2019-11-20,AAPL,162.28,163.08,161.91,162.28,124443896,161.96
2019-11-20,AMZN,124.92,125.82,123.88,125.43,50117933,125.34
2019-11-20,GOOGL,119.09,119.93,118.36,119.75,13270697,119.58
2019-11-20,MSFT,383.75,387.22,378.86,385.31,13627631,383.95
2019-11-20,TSLA,228.4,229.72,227.21,227.81,79832004,227.34
2019-11-21,AAPL,163.02,164.93,161.42,161.94,117604592,161.54
2019-11-21,AMZN,124.72,125.94,123.16,124.28,26020339,123.67
2019-11-21,GOOGL,120.94,123.86,117.55,121.64,20502795,121.6
2019-11-21,MSFT,373.27,378.2,365.56,371.02,47189216,369.6
2019-11-21,TSLA,233.03,235.76,227.36,231.77,139672643,231.58
2019-11-22,AAPL,160.1,162.79,156.44,159.65,174740863,158.95
2019-11-22,AMZN,123.58,124.8,122.38,123.89,104946101,123.47
2019-11-22,GOOGL,123.21,125.11,121.45,122.63,46255815,122.11
2019-11-22,MSFT,372.3,378.04,367.95,373.57,28364524,371.9
2019-11-22,TSLA,225.88,228.2,223.16,225.5,101183347,224.55
2019-11-25,AAPL,157.94,158.68,157.09,158.11,71479135,157.38
2019-11-25,AMZN,120.72,122.14,119.95,120.57,70563772,120.53
2019-11-25,GOOGL,124.52,126.66,123.36,124.9,44320877,124.32
2019-11-25,MSFT,375.52,379.37,371.18,372.42,56619733,370.79
2019-11-25,TSLA,228.87,233.32,226.52,228.66,169460173,228.08
2019-11-26,AAPL,156.3,158.41,155.28,156.5,106744609,155.77
2019-11-26,AMZN,118.18,119.22,117.72,119.03,98318923,118.81
2019-11-26,GOOGL,123.65,126.19,122.0,123.48,37759860,123.18
2019-11-26,MSFT,387.06,391.56,380.54,386.06,47177209,384.31
2019-11-26,TSLA,231.78,234.98,225.63,229.01,126067408,228.03
2019-11-27,AAPL,153.06,154.24,151.81,153.1,158731388,152.83
2019-11-27,AMZN,119.73,121.19,118.24,118.5,90833633,118.22
2019-11-27,GOOGL,120.69,124.58,118.68,121.6,24775843,121.04
2019-11-27,MSFT,395.84,398.75,389.15,393.61,49441571,393.0
2019-11-27,TSLA,239.07,244.93,236.33,240.45,179313153,239.33
2019-11-28,AAPL,147.45,148.31,145.48,147.65,127304843,147.32
2019-11-28,AMZN,119.65,121.15,118.88,120.31,64828736,120.07
2019-11-28,GOOGL,122.45,123.61,121.31,121.43,25096447,120.87
2019-11-28,MSFT,400.28,401.78,398.11,401.56,50262324,401.11
2019-11-28,TSLA,239.46,244.02,236.77,238.53,186134520,238.24
2019-11-29,AAPL,142.6,144.93,141.49,144.48,112970741,144.45
2019-11-29,AMZN,121.22,122.27,120.55,120.99,110407600,120.81
2019-11-29,GOOGL,117.68,118.27,117.37,117.74,19545642,117.43
2019-11-29,MSFT,401.39,404.74,398.97,403.07,53054647,401.54
2019-11-29,TSLA,236.18,241.38,231.87,234.07,88124512,233.9
2019-12-02,AAPL,146.27,147.54,145.63,145.92,96853414,145.75
2019-12-02,AMZN,122.26,122.96,121.34,122.65,78864003,122.42
2019-12-02,GOOGL,117.9,118.33,116.91,117.91,14627476,117.36
2019-12-02,MSFT,397.62,399.74,393.32,394.85,64339280,393.34
2019-12-02,TSLA,231.79,235.03,229.81,234.39,74662815,233.91
2019-12-03,AAPL,142.85,144.5,140.18,142.25,165513606,141.71
2019-12-03,AMZN,125.5,126.18,123.95,125.71,60605926,125.58
2019-12-03,GOOGL,120.83,121.31,120.06,120.33,36811338,119.92
2019-12-03,MSFT,389.27,391.88,384.21,389.41,54524436,387.61
2019-12-03,TSLA,230.37,231.24,229.35,230.08,104037182,229.81
2019-12-04,AAPL,138.77,140.03,137.47,139.5,121796339,138.86
2019-12-04,AMZN,123.83,124.69,122.04,123.47,24567897,122.98
2019-12-04,GOOGL,123.57,125.66,120.01,123.66,54177724,123.3
2019-12-04,MSFT,379.19,381.92,375.52,377.47,44531503,377.42
2019-12-04,TSLA,239.07,243.93,232.61,235.07,115140191,234.86
2019-12-05,AAPL,140.23,140.78,139.29,139.9,144612044,139.69
2019-12-05,AMZN,117.03,118.56,116.28,117.94,58564006,117.66
2019-12-05,GOOGL,122.44,123.26,122.06,122.93,26346078,122.69
2019-12-05,MSFT,385.89,387.4,383.71,386.88,56790845,386.68
2019-12-05,TSLA,236.71,237.79,234.41,236.59,125597806,236.51
2019-12-06,AAPL,137.33,140.16,134.92,137.96,96397165,137.69
2019-12-06,AMZN,119.69,121.95,117.24,119.03,46329445,118.89
2019-12-06,GOOGL,125.47,127.3,123.94,125.79,43336421,125.53
2019-12-06,MSFT,384.42,387.58,382.57,385.68,38795117,385.03
2019-12-06,TSLA,238.44,239.33,236.98,238.71,166323937,238.26
2019-12-09,AAPL,139.93,140.66,139.21,139.26,174870754,139.16
2019-12-09,AMZN,116.4,118.52,114.26,117.16,56318924,117.16
2019-12-09,GOOGL,124.15,125.85,123.08,123.5,28803528,123.06
2019-12-09,MSFT,375.98,382.42,372.86,373.01,59303315,372.9
2019-12-09,TSLA,238.2,239.93,237.19,237.63,135879151,236.5
2019-12-10,AAPL,139.07,139.68,137.97,139.51,148053257,139.36
2019-12-10,AMZN,117.52,118.86,114.97,117.03,85155564,116.78
2019-12-10,GOOGL,123.33,124.65,122.39,123.52,13662564,122.91
2019-12-10,MSFT,378.79,380.49,377.88,379.21,34032552,377.93
2019-12-10,TSLA,238.55,240.02,235.27,236.87,43265481,236.14
2019-12-11,AAPL,139.0,139.67,138.43,138.82,56987530,138.61
2019-12-11,AMZN,119.17,120.7,116.47,116.76,23028877,116.69
2019-12-11,GOOGL,120.23,121.55,119.35,119.37,50105324,119.07
2019-12-11,MSFT,379.61,384.46,373.57,376.85,31838913,376.59
2019-12-11,TSLA,240.2,242.82,237.9,240.26,58693155,239.65
2019-12-12,AAPL,137.77,138.95,137.13,138.94,156130085,138.88
2019-12-12,AMZN,118.56,119.31,117.91,118.79,89426166,118.57
2019-12-12,GOOGL,120.42,121.23,119.74,120.04,52490065,119.79
2019-12-12,MSFT,367.53,371.17,364.5,368.61,40933149,367.96
2019-12-12,TSLA,240.76,241.8,239.88,241.02,150851687,240.73
2019-12-13,AAPL,142.48,144.31,139.66,140.16,57176762,139.82
2019-12-13,AMZN,119.75,120.74,118.29,118.95,30044583,118.66
2019-12-13,GOOGL,123.59,124.87,122.31,122.67,53141079,122.17
2019-12-13,MSFT,366.47,371.59,361.55,365.81,23603572,364.5
2019-12-13,TSLA,243.08,244.22,242.02,243.01,38650277,242.58
2019-12-16,AAPL,136.98,138.02,136.51,137.52,51463945,137.49
2019-12-16,AMZN,116.38,117.43,114.15,115.35,73509979,114.88
2019-12-16,GOOGL,123.41,124.85,121.49,123.7,25804883,123.27
2019-12-16,MSFT,365.34,366.45,364.05,364.83,54518650,363.09
2019-12-16,TSLA,247.99,251.19,245.27,245.54,193899143,245.32
2019-12-17,AAPL,137.45,137.93,137.01,137.1,76901523,136.76
2019-12-17,AMZN,114.88,116.94,113.95,115.6,78093407,115.36
2019-12-17,GOOGL,120.4,122.39,119.53,121.4,53652581,121.06
2019-12-17,MSFT,365.76,369.66,362.41,364.48,41088314,364.2
2019-12-17,TSLA,239.0,241.0,237.47,239.06,97513317,238.46
2019-12-18,AAPL,134.06,135.05,132.86,134.82,125628957,134.25
2019-12-18,AMZN,114.45,115.04,113.19,114.63,118851265,114.56
2019-12-18,GOOGL,121.68,122.63,120.16,120.72,45266634,120.18
2019-12-18,MSFT,366.0,368.28,362.8,365.51,53217005,365.01
2019-12-18,TSLA,238.11,240.65,237.0,239.48,88072168,239.2
2019-12-19,AAPL,137.07,137.44,136.21,136.32,40320400,136.11
2019-12-19,AMZN,113.83,114.31,113.24,113.5,106217189,113.07
2019-12-19,GOOGL,120.31,121.01,119.89,120.98,32522270,120.85
2019-12-19,MSFT,369.77,374.09,367.71,371.19,33666375,370.85
2019-12-19,TSLA,233.37,235.1,230.98,230.99,174497133,229.85
2019-12-20,AAPL,134.79,135.34,134.22,134.85,175524346,134.73
2019-12-20,AMZN,112.29,114.01,110.7,111.11,66965174,110.68
2019-12-20,GOOGL,119.86,120.97,119.01,120.36,25354093,120.16
2019-12-20,MSFT,375.0,377.38,370.81,373.77,58659807,373.31
2019-12-20,TSLA,234.47,237.11,232.01,232.47,57082895,231.89
2019-12-23,AAPL,136.01,137.8,133.83,135.31,107893970,134.92
2019-12-23,AMZN,110.34,111.53,109.11,111.11,47279606,110.66
2019-12-23,GOOGL,122.99,123.55,122.72,123.34,18732424,123.13
2019-12-23,MSFT,368.01,372.95,365.07,372.29,27189036,371.39
2019-12-23,TSLA,235.71,238.38,233.38,234.25,87651768,233.19
2019-12-24,AAPL,131.56,132.37,130.16,132.02,137640470,131.87
2019-12-24,AMZN,112.66,114.1,109.86,111.49,26030010,110.95
2019-12-24,GOOGL,122.03,122.91,121.36,122.27,34170433,121.79
2019-12-24,MSFT,368.98,370.58,367.55,369.45,62698962,369.43
2019-12-24,TSLA,234.12,235.65,231.97,233.99,42481103,233.4
2019-12-25,AAPL,127.66,127.82,127.51,127.78,34763687,127.3
2019-12-25,AMZN,111.96,113.16,110.76,112.47,111568763,111.94
2019-12-25,GOOGL,124.09,124.53,123.39,123.57,25179828,123.34
2019-12-25,MSFT,372.79,376.29,367.18,368.2,20602779,366.82
2019-12-25,TSLA,224.37,226.04,222.65,225.67,114860278,224.98
2019-12-26,AAPL,125.18,127.15,124.31,126.56,66733009,126.54
2019-12-26,AMZN,110.02,110.65,109.5,110.06,41003757,109.9
2019-12-26,GOOGL,120.6,121.22,120.25,121.03,47376249,120.64
2019-12-26,MSFT,368.8,372.38,363.59,366.11,18753846,364.79
2019-12-26,TSLA,228.03,229.31,226.19,227.79,43716417,227.3
2019-12-27,AAPL,127.78,128.53,126.97,127.01,97430336,126.91
2019-12-27,AMZN,112.18,113.69,109.81,111.12,45701258,110.8
2019-12-27,GOOGL,122.98,123.48,122.57,122.75,22816016,122.7
2019-12-27,MSFT,358.02,361.17,353.18,358.77,50540237,358.16
2019-12-27,TSLA,232.04,232.4,231.64,231.88,54824501,231.28
2019-12-30,AAPL,127.56,128.41,126.31,126.99,100546610,126.59
2019-12-30,AMZN,113.46,114.25,112.37,113.94,90447724,113.77
2019-12-30,GOOGL,120.9,121.91,118.92,121.57,24082552,121.31
2019-12-30,MSFT,354.6,357.92,352.96,354.14,52501198,353.76
2019-12-30,TSLA,229.07,230.09,227.41,228.68,173722176,227.79
2019-12-31,AAPL,124.49,126.32,121.59,125.0,160460195,124.98
2019-12-31,AMZN,116.53,117.94,115.44,116.17,81698805,116.03
2019-12-31,GOOGL,112.49,113.41,111.09,113.03,30310121,113.0
2019-12-31,MSFT,349.38,350.8,346.67,347.3,64144334,345.92
2019-12-31,TSLA,226.55,228.39,224.54,225.71,177324172,224.66
2020-01-01,AAPL,123.62,125.08,122.64,123.54,153085507,122.94
2020-01-01,AMZN,115.29,116.07,114.66,115.88,64572789,115.49
2020-01-01,GOOGL,112.92,113.8,111.1,112.63,39855624,112.55
2020-01-01,MSFT,349.31,354.59,344.2,352.52,39662512,351.46
2020-01-01,TSLA,224.5,225.98,222.04,224.88,157569688,224.38
2020-01-02,AAPL,127.08,127.77,126.22,127.63,126946964,127.57
2020-01-02,AMZN,117.16,117.34,116.82,117.06,31911339,116.76
2020-01-02,GOOGL,111.75,113.17,110.25,111.73,20368988,111.59
2020-01-02,MSFT,355.13,355.89,354.64,355.44,43620088,354.88
2020-01-02,TSLA,232.13,235.09,225.27,226.96,175946658,226.34
2020-01-03,AAPL,131.51,133.11,130.61,130.66,138190462,130.34
2020-01-03,AMZN,115.11,115.53,114.89,114.91,80084957,114.4
2020-01-03,GOOGL,113.15,115.75,111.36,112.42,54941431,111.9
2020-01-03,MSFT,354.34,357.17,352.56,353.17,18630379,352.32
2020-01-03,TSLA,222.64,223.97,220.61,223.51,72921536,223.08
2020-01-06,AAPL,128.96,129.28,128.79,128.93,135150567,128.33
2020-01-06,AMZN,115.48,116.57,114.91,115.82,41616343,115.72
2020-01-06,GOOGL,114.3,114.57,113.87,114.12,26500023,114.1
2020-01-06,MSFT,362.44,367.37,356.37,358.83,15708973,357.29
2020-01-06,TSLA,219.93,222.43,218.52,220.31,144362771,219.57
2020-01-07,AAPL,125.88,127.31,124.03,125.84,58668161,125.32
2020-01-07,AMZN,117.42,118.05,115.97,116.85,107578729,116.56
2020-01-07,GOOGL,112.79,113.73,111.9,112.19,40556672,112.09
2020-01-07,MSFT,352.21,354.68,350.11,354.37,53304034,353.48
2020-01-07,TSLA,215.35,217.43,212.51,215.55,115857676,214.81
2020-01-08,AAPL,124.23,124.81,123.34,124.39,70166685,123.78
2020-01-08,AMZN,119.03,120.8,116.27,118.27,31182625,118.13
2020-01-08,GOOGL,117.51,118.3,115.72,116.88,12207410,116.81
2020-01-08,MSFT,361.17,364.86,356.88,364.68,53078589,363.96
2020-01-08,TSLA,222.15,223.73,220.18,222.63,155956707,221.7
2020-01-09,AAPL,125.76,127.81,124.5,126.66,49479644,126.42
2020-01-09,AMZN,120.55,120.82,120.07,120.82,30563032,120.53
2020-01-09,GOOGL,115.46,116.33,113.6,114.15,31750943,113.77
2020-01-09,MSFT,374.09,375.46,372.55,373.18,16658750,371.98
2020-01-09,TSLA,218.92,219.98,218.17,218.62,143178461,218.57
2020-01-10,AAPL,129.7,131.12,128.21,130.12,38040976,130.1
2020-01-10,AMZN,121.66,122.51,120.81,121.66,80300781,121.53
2020-01-10,GOOGL,113.49,113.98,112.51,113.03,20438580,112.53
2020-01-10,MSFT,378.73,382.04,375.35,376.74,51477584,374.89
2020-01-10,TSLA,212.16,213.31,209.83,212.73,64597694,212.05
2020-01-13,AAPL,129.38,130.09,128.56,128.65,139722537,128.53
2020-01-13,AMZN,119.76,120.33,119.19,119.68,37626299,119.49
2020-01-13,GOOGL,115.25,115.35,115.04,115.34,41273437,114.94
2020-01-13,MSFT,379.15,383.51,375.1,383.13,36838828,382.5
2020-01-13,TSLA,213.71,216.29,210.95,214.05,156894260,213.02
2020-01-14,AAPL,129.58,130.64,128.76,129.31,165644044,128.81
2020-01-14,AMZN,123.08,123.84,122.7,123.11,29591462,122.85
2020-01-14,GOOGL,115.52,116.54,114.87,115.99,31086091,115.66
2020-01-14,MSFT,378.31,383.19,375.56,379.32,33370532,378.67
2020-01-14,TSLA,218.27,220.25,217.24,218.91,166819732,218.48
2020-01-15,AAPL,127.94,129.92,123.79,126.92,66659750,126.36
2020-01-15,AMZN,122.86,123.58,122.0,123.39,56254163,122.78
2020-01-15,GOOGL,115.47,116.22,114.32,115.07,54554940,114.94
2020-01-15,MSFT,381.0,385.18,378.75,382.71,23709047,382.45
2020-01-15,TSLA,219.51,222.74,217.98,219.05,54053101,218.62
2020-01-16,AAPL,124.5,124.75,124.19,124.44,73170577,124.32
2020-01-16,AMZN,125.25,125.91,124.29,124.51,56734807,124.07
2020-01-16,GOOGL,113.27,114.09,112.37,112.99,37243016,112.82
2020-01-16,MSFT,390.67,392.48,388.39,392.15,50375498,391.45
2020-01-16,TSLA,225.45,227.18,224.11,225.25,68558910,224.15
2020-01-17,AAPL,124.23,124.52,123.73,124.1,136902657,123.96
2020-01-17,AMZN,125.5,126.42,124.87,125.62,50032658,125.62
2020-01-17,GOOGL,112.21,113.88,110.94,112.3,40668154,111.94
2020-01-17,MSFT,387.82,393.49,385.34,387.67,30917381,385.91
2020-01-17,TSLA,228.54,231.18,226.0,226.93,64059409,226.28
2020-01-20,AAPL,128.18,129.32,126.96,127.73,173792442,127.69
2020-01-20,AMZN,124.04,126.51,122.22,123.83,45144824,123.48
2020-01-20,GOOGL,112.08,112.9,110.66,111.23,48390012,110.8
2020-01-20,MSFT,384.87,388.86,377.2,383.99,57338694,382.56
2020-01-20,TSLA,224.95,227.24,222.68,225.92,94303944,225.53
2020-01-21,AAPL,128.79,129.69,127.87,128.69,153061236,128.51
2020-01-21,AMZN,122.91,123.01,122.83,122.88,56278245,122.42
2020-01-21,GOOGL,110.71,110.9,110.59,110.79,27704597,110.27
2020-01-21,MSFT,382.63,383.71,381.98,382.2,57400292,381.05
2020-01-21,TSLA,224.25,226.68,221.7,225.23,105471989,225.02
2020-01-22,AAPL,131.06,133.67,128.4,130.08,74846976,129.8
2020-01-22,AMZN,120.48,121.42,119.9,120.04,48390039,119.54
2020-01-22,GOOGL,112.13,113.05,111.42,112.19,16040728,111.67
2020-01-22,MSFT,384.94,386.78,383.38,385.51,39267179,385.3
2020-01-22,TSLA,220.78,222.65,219.66,222.09,111538314,221.54
2020-01-23,AAPL,130.81,132.49,129.84,131.89,98464276,131.23
2020-01-23,AMZN,125.2,125.67,124.59,125.44,38433999,125.2
2020-01-23,GOOGL,114.64,115.54,113.08,113.42,46302164,112.86
2020-01-23,MSFT,389.75,391.94,384.87,387.09,44819754,386.66
2020-01-23,TSLA,212.04,216.89,209.01,215.7,182355765,215.58
2020-01-24,AAPL,134.0,134.85,132.04,133.52,46281646,133.12
2020-01-24,AMZN,129.03,129.53,128.75,129.42,70826127,128.82
2020-01-24,GOOGL,115.3,116.01,114.38,114.54,53044700,114.08
2020-01-24,MSFT,375.09,384.74,366.48,377.63,49957733,377.35
2020-01-24,TSLA,209.19,211.95,206.95,210.57,152067391,210.16
2020-01-27,AAPL,131.48,133.1,129.52,132.17,59075561,131.74
2020-01-27,AMZN,132.48,132.74,132.09,132.12,70308998,131.76
2020-01-27,GOOGL,114.55,115.06,113.38,114.51,17095990,114.23
2020-01-27,MSFT,357.34,360.53,350.69,355.06,29068304,354.71
2020-01-27,TSLA,205.85,207.61,204.96,206.97,90945750,206.46
2020-01-28,AAPL,131.66,133.59,130.82,133.15,141582669,132.5
2020-01-28,AMZN,131.03,132.72,130.0,130.9,83058579,130.43
2020-01-28,GOOGL,114.55,115.79,113.45,113.88,37183244,113.35
2020-01-28,MSFT,353.6,355.78,349.07,351.93,45662021,351.75
2020-01-28,TSLA,208.63,209.38,207.25,207.91,42568390,207.77
2020-01-29,AAPL,131.64,132.33,131.12,131.31,53439879,130.85
2020-01-29,AMZN,127.81,129.93,125.93,129.11,88627082,128.73
2020-01-29,GOOGL,113.42,114.46,112.52,113.88,10727629,113.64
2020-01-29,MSFT,356.14,359.31,351.47,354.67,54037748,354.37
2020-01-29,TSLA,208.43,210.25,207.39,209.43,64268004,208.45
2020-01-30,AAPL,131.73,133.63,129.01,132.34,159612192,132.07
2020-01-30,AMZN,130.64,131.7,128.83,130.46,74652100,129.86
2020-01-30,GOOGL,111.15,112.05,110.72,111.45,24103250,110.98
2020-01-30,MSFT,359.64,365.35,355.48,360.49,51908180,359.52
2020-01-30,TSLA,208.77,213.23,206.04,209.69,197742624,209.0
2020-01-31,AAPL,129.78,131.72,126.64,129.0,45390652,128.73
2020-01-31,AMZN,131.67,133.82,129.37,130.77,86065915,130.53
2020-01-31,GOOGL,110.2,111.66,108.11,109.29,21485404,108.79
2020-01-31,MSFT,352.16,358.15,349.2,350.73,45375924,350.46
2020-01-31,TSLA,206.52,208.6,202.93,207.74,156688388,206.99
2020-02-03,AAPL,132.8,135.47,131.5,131.97,115517665,131.68
2020-02-03,AMZN,134.59,135.49,133.49,133.63,62409066,133.47
2020-02-03,GOOGL,109.34,110.07,108.47,109.05,40594279,108.86
2020-02-03,MSFT,350.18,355.46,347.18,348.43,26669171,347.1
2020-02-03,TSLA,212.39,213.41,211.09,211.41,144814798,210.53
2020-02-04,AAPL,136.72,138.89,135.22,136.9,150807115,136.56
2020-02-04,AMZN,133.39,133.76,132.99,133.41,71574053,132.92
2020-02-04,GOOGL,107.62,108.61,107.07,108.56,23023230,108.37
2020-02-04,MSFT,338.61,341.98,334.58,339.93,16383812,339.31
2020-02-04,TSLA,218.05,221.68,216.15,217.78,101873358,217.65
2020-02-05,AAPL,139.04,140.26,137.33,138.41,145560554,138.07
2020-02-05,AMZN,131.41,132.5,130.67,132.36,25360043,132.17
2020-02-05,GOOGL,111.34,112.89,108.43,109.83,36370736,109.71
2020-02-05,MSFT,336.01,337.85,334.7,334.86,51212986,334.4
2020-02-05,TSLA,217.45,221.02,212.76,217.73,143821295,216.66
2020-02-06,AAPL,134.93,135.92,134.44,135.6,63768121,135.33
2020-02-06,AMZN,133.15,134.67,132.35,132.94,86168685,132.91
2020-02-06,GOOGL,112.86,113.75,111.13,112.66,27357954,112.54
2020-02-06,MSFT,331.35,337.01,328.19,336.36,25921411,335.67
2020-02-06,TSLA,209.72,211.31,207.7,209.97,141910316,209.19
2020-02-07,AAPL,130.75,131.39,130.18,131.09,123609540,130.95
2020-02-07,AMZN,135.11,135.41,134.68,135.17,58769424,134.7
2020-02-07,GOOGL,111.97,112.44,110.93,112.32,46513337,111.82
2020-02-07,MSFT,331.39,335.87,327.73,335.86,46589905,335.0
2020-02-07,TSLA,216.47,219.66,214.38,217.87,146614908,217.44
2020-02-10,AAPL,131.11,132.1,130.01,130.59,116638787,130.06
2020-02-10,AMZN,134.73,136.58,132.66,134.65,51646055,134.5
2020-02-10,GOOGL,112.21,113.14,111.5,112.81,11570763,112.55
2020-02-10,MSFT,325.93,328.4,324.36,324.89,62509952,323.96
2020-02-10,TSLA,217.82,219.96,216.48,219.29,123455791,218.56
2020-02-11,AAPL,132.6,135.45,131.31,133.19,35483614,133.08
2020-02-11,AMZN,135.58,138.7,133.61,135.56,47986798,135.27
2020-02-11,GOOGL,110.71,111.46,110.23,111.15,21860782,110.71
2020-02-11,MSFT,322.22,324.45,320.88,323.83,38922112,322.81
2020-02-11,TSLA,217.9,218.96,215.79,218.91,52495889,218.55
2020-02-12,AAPL,134.4,136.4,133.05,133.57,93870581,133.48
2020-02-12,AMZN,138.12,139.56,136.14,136.74,110015075,136.09
2020-02-12,GOOGL,112.53,113.12,111.8,112.28,27444695,111.95
2020-02-12,MSFT,318.72,324.33,313.68,320.43,54833638,319.88
2020-02-12,TSLA,218.66,219.3,217.28,217.62,138620831,217.23
2020-02-13,AAPL,133.38,133.84,132.61,133.25,97978911,132.91
2020-02-13,AMZN,141.82,143.77,140.61,141.13,28121241,140.82
2020-02-13,GOOGL,110.56,113.57,108.47,111.16,31415162,110.87
2020-02-13,MSFT,315.78,319.06,308.6,318.61,47727020,318.46
2020-02-13,TSLA,213.54,214.0,213.12,213.36,48566665,212.63
2020-02-14,AAPL,133.9,136.06,130.57,133.23,54882776,132.97
2020-02-14,AMZN,141.63,143.02,140.58,141.31,54650570,141.18
2020-02-14,GOOGL,115.35,116.48,114.3,114.86,37164003,114.8
2020-02-14,MSFT,321.47,323.38,317.28,318.31,17242184,318.16
2020-02-14,TSLA,214.44,218.06,212.16,215.36,60902939,214.75
2020-02-17,AAPL,132.13,132.8,131.26,132.17,169752505,131.56
2020-02-17,AMZN,142.8,144.23,140.93,141.9,51653247,141.78
2020-02-17,GOOGL,113.26,114.36,112.71,113.06,16092036,112.58
2020-02-17,MSFT,323.79,324.96,321.59,321.98,25604771,320.4
2020-02-17,TSLA,214.02,214.37,213.7,213.83,175473307,213.71
2020-02-18,AAPL,131.72,132.3,130.58,131.97,67934652,131.49
2020-02-18,AMZN,142.49,144.69,141.42,143.19,26283223,142.97
2020-02-18,GOOGL,115.35,116.4,113.46,114.51,52328644,114.05
2020-02-18,MSFT,324.28,327.72,319.16,324.3,18375180,323.07
2020-02-18,TSLA,216.65,217.81,214.51,215.78,83374152,215.08
2020-02-19,AAPL,129.39,130.52,127.6,130.05,41412726,129.72
2020-02-19,AMZN,144.17,145.84,141.82,143.67,88860439,143.64
2020-02-19,GOOGL,112.46,113.39,111.41,112.34,43218635,112.05
2020-02-19,MSFT,322.21,324.4,318.16,323.48,39598870,321.95
2020-02-19,TSLA,215.24,217.48,213.23,214.8,105383436,214.17
2020-02-20,AAPL,124.06,125.73,123.31,124.41,127585714,124.39
2020-02-20,AMZN,141.04,141.33,140.47,140.66,37889412,140.45
2020-02-20,GOOGL,112.56,114.28,111.48,111.9,42485930,111.79
2020-02-20,MSFT,331.14,332.77,329.24,331.6,41192111,330.36
2020-02-20,TSLA,214.5,215.55,212.26,213.93,148498487,213.07
2020-02-21,AAPL,124.06,124.86,123.68,123.82,92306237,123.36
2020-02-21,AMZN,140.2,141.0,138.91,139.74,28913156,139.5
2020-02-21,GOOGL,114.52,115.73,112.67,114.98,54636697,114.6
2020-02-21,MSFT,327.34,327.94,326.95,327.21,60688852,326.53
2020-02-21,TSLA,218.99,220.26,217.34,220.11,62833151,219.67
2020-02-24,AAPL,126.32,127.52,125.18,125.63,171968767,125.38
2020-02-24,AMZN,140.85,142.4,138.76,142.23,113395183,142.04
2020-02-24,GOOGL,113.5,114.74,112.73,113.15,41202775,113.1
2020-02-24,MSFT,329.29,330.9,326.35,326.77,25847149,326.07
2020-02-24,TSLA,220.45,223.55,218.84,221.8,69020695,220.73
2020-02-25,AAPL,122.73,123.79,122.13,122.6,64445637,122.14
2020-02-25,AMZN,141.87,143.04,139.2,142.12,27458536,141.66
2020-02-25,GOOGL,110.68,111.28,110.26,110.75,20511058,110.61
2020-02-25,MSFT,332.44,339.28,329.49,330.39,25674058,329.2
2020-02-25,TSLA,224.11,226.18,221.29,224.38,140542724,223.88
2020-02-26,AAPL,123.64,124.77,121.58,123.08,136085259,122.5
2020-02-26,AMZN,142.79,144.16,140.07,142.69,58435749,142.63
2020-02-26,GOOGL,107.15,107.27,106.96,107.25,21980272,107.03
2020-02-26,MSFT,329.29,330.84,325.73,328.9,20274545,328.04
2020-02-26,TSLA,214.21,214.9,213.69,213.72,102133294,213.72
2020-02-27,AAPL,121.65,123.81,120.57,123.25,97995292,122.93
2020-02-27,AMZN,143.99,145.99,142.16,145.57,64013726,145.03
2020-02-27,GOOGL,109.71,111.3,106.96,109.59,44130068,109.21
2020-02-27,MSFT,340.73,341.83,339.18,339.84,17392837,338.38
2020-02-27,TSLA,211.25,212.27,210.42,211.2,74808791,210.95
2020-02-28,AAPL,123.46,125.6,120.73,124.26,110542189,123.67
2020-02-28,AMZN,146.29,147.75,145.17,146.21,83816174,145.76
2020-02-28,GOOGL,107.55,108.45,107.12,108.23,25161709,108.09
2020-02-28,MSFT,346.35,352.15,339.32,346.72,34148084,345.23
2020-02-28,TSLA,211.94,215.55,208.23,212.1,196304382,211.35
2020-03-02,AAPL,122.98,124.08,121.95,122.03,39481747,121.9
2020-03-02,AMZN,146.49,148.33,143.84,144.46,43523075,143.87
2020-03-02,GOOGL,110.36,111.24,109.09,110.21,43649948,109.88
2020-03-02,MSFT,349.97,352.99,348.15,349.79,56155762,349.2
2020-03-02,TSLA,211.61,215.42,209.22,211.56,131330377,210.83
2020-03-03,AAPL,121.07,121.81,119.95,120.65,106791563,120.17
2020-03-03,AMZN,142.32,143.54,140.83,141.58,116800358,141.52
2020-03-03,GOOGL,111.31,112.01,109.89,111.87,38782752,111.4
2020-03-03,MSFT,344.5,350.23,336.06,342.67,39551512,342.61
2020-03-03,TSLA,213.1,215.23,212.13,213.33,173785160,212.68
2020-03-04,AAPL,118.49,119.13,117.89,118.62,173838510,118.48
2020-03-04,AMZN,143.22,147.2,141.08,142.99,26639214,142.89
2020-03-04,GOOGL,110.65,112.84,108.41,110.46,46629278,110.31
2020-03-04,MSFT,336.82,337.79,335.2,337.37,41336463,336.55
2020-03-04,TSLA,216.91,218.44,215.21,215.35,153823659,214.85
2020-03-05,AAPL,120.41,120.65,120.28,120.54,126576335,120.43
2020-03-05,AMZN,142.81,144.68,141.32,143.16,71743912,142.93
2020-03-05,GOOGL,112.42,113.11,111.23,111.69,52115751,111.21
2020-03-05,MSFT,339.42,340.68,337.41,338.11,20636168,337.02
2020-03-05,TSLA,208.17,210.61,206.46,210.55,175275830,210.21
2020-03-06,AAPL,128.6,129.51,126.63,127.5,61342370,127.2
2020-03-06,AMZN,144.82,144.87,144.78,144.86,59377221,144.65
2020-03-06,GOOGL,107.65,108.41,107.23,108.3,49466227,107.86
2020-03-06,MSFT,339.26,342.76,335.29,339.71,31698325,338.96
2020-03-06,TSLA,210.53,212.47,206.77,207.45,97887112,206.74
2020-03-09,AAPL,129.19,130.69,126.74,129.65,89019748,129.6
2020-03-09,AMZN,144.69,145.05,144.12,144.74,96327144,144.25
2020-03-09,GOOGL,109.23,110.45,108.31,110.18,17120766,109.72
2020-03-09,MSFT,329.32,331.2,328.09,329.23,12775991,327.61
2020-03-09,TSLA,198.78,200.41,196.44,197.18,95432688,196.5
2020-03-10,AAPL,133.25,134.15,132.02,132.21,146229634,131.76
2020-03-10,AMZN,145.94,147.99,142.81,146.77,102886055,146.29
2020-03-10,GOOGL,112.92,114.09,111.27,111.44,12629394,111.19
2020-03-10,MSFT,337.84,338.23,336.93,337.18,21902727,336.69
2020-03-10,TSLA,194.0,194.72,192.49,193.49,165887139,193.47
2020-03-11,AAPL,130.97,132.09,129.95,131.45,120602915,130.85
2020-03-11,AMZN,152.03,153.2,151.28,152.22,92978123,151.6
2020-03-11,GOOGL,111.03,111.4,110.28,111.03,46515386,110.94
2020-03-11,MSFT,340.57,342.99,337.79,338.13,16653001,337.87
2020-03-11,TSLA,197.33,199.17,194.85,196.31,159315237,195.54
2020-03-12,AAPL,132.46,132.8,132.11,132.5,171266232,132.11
2020-03-12,AMZN,153.69,154.26,152.65,152.69,105504216,152.6
2020-03-12,GOOGL,107.59,108.35,106.66,107.53,17769544,107.13
2020-03-12,MSFT,339.49,340.7,337.07,337.44,61707420,335.88
2020-03-12,TSLA,196.24,197.68,195.41,197.43,165565525,196.79
2020-03-13,AAPL,130.06,130.67,129.71,130.0,33815482,129.72
2020-03-13,AMZN,156.19,157.42,155.47,156.33,52081461,155.73
2020-03-13,GOOGL,106.39,107.42,105.2,105.44,51542921,105.31
2020-03-13,MSFT,326.74,328.09,324.8,327.79,57213432,327.43
2020-03-13,TSLA,195.01,197.19,193.01,195.42,137421419,195.24
2020-03-16,AAPL,134.09,135.19,131.99,132.35,43434548,132.17
2020-03-16,AMZN,154.87,155.36,154.19,154.49,108662617,153.82
2020-03-16,GOOGL,108.06,109.44,105.4,107.15,21184120,106.66
2020-03-16,MSFT,330.97,335.7,326.85,333.02,38528737,331.63
2020-03-16,TSLA,196.14,199.61,193.41,196.39,140119887,195.63
2020-03-17,AAPL,133.36,133.67,132.92,133.19,77266416,132.84
2020-03-17,AMZN,154.1,157.04,152.82,154.16,50167773,153.68
2020-03-17,GOOGL,107.1,107.99,106.38,107.08,11272821,106.62
2020-03-17,MSFT,340.63,349.2,331.81,337.16,24462331,336.6
2020-03-17,TSLA,188.18,190.04,186.82,189.94,76506097,189.16
2020-03-18,AAPL,135.32,136.66,134.25,136.39,103166592,136.28
2020-03-18,AMZN,155.14,156.19,153.68,154.59,94198703,154.47
2020-03-18,GOOGL,108.51,109.62,107.82,109.02,24642569,108.55
2020-03-18,MSFT,337.63,340.6,333.88,338.06,19934651,336.95
2020-03-18,TSLA,196.92,198.17,194.96,196.58,114576254,195.67
2020-03-19,AAPL,133.36,134.79,132.63,133.98,66541872,133.41
2020-03-19,AMZN,154.9,155.22,154.26,154.29,76583810,153.86
2020-03-19,GOOGL,108.22,110.05,106.03,108.44,44275370,108.19
2020-03-19,MSFT,343.5,351.29,336.7,348.61,15887024,347.61
2020-03-19,TSLA,191.58,193.25,190.31,192.33,126168424,191.65
2020-03-20,AAPL,134.66,136.42,132.04,135.34,125765252,135.08
2020-03-20,AMZN,155.74,156.45,154.58,156.26,99833513,155.64
2020-03-20,GOOGL,109.25,109.87,108.37,109.64,37508748,109.19
2020-03-20,MSFT,346.6,348.27,343.41,345.78,14779202,344.97
2020-03-20,TSLA,193.86,194.72,192.57,194.31,110306205,193.73
2020-03-23,AAPL,137.91,138.53,137.14,137.81,50182122,137.59
2020-03-23,AMZN,153.57,155.92,152.34,155.07,71676576,155.02
2020-03-23,GOOGL,105.76,107.7,104.05,106.95,18022366,106.91
2020-03-23,MSFT,345.47,345.78,345.0,345.03,15476741,344.03
2020-03-23,TSLA,192.16,197.02,189.82,192.05,166796884,191.26
2020-03-24,AAPL,137.19,139.77,135.94,137.79,57182926,137.69
2020-03-24,AMZN,159.28,159.32,159.25,159.25,86018399,159.19
2020-03-24,GOOGL,106.93,108.81,105.9,106.76,21266787,106.52
2020-03-24,MSFT,351.55,354.47,349.34,351.0,15485581,350.38
2020-03-24,TSLA,185.92,188.45,181.98,186.68,169834677,185.94
2020-03-25,AAPL,139.13,140.08,137.83,139.29,105822284,138.81
2020-03-25,AMZN,159.99,161.91,158.89,161.22,71168768,160.85
2020-03-25,GOOGL,107.16,107.42,106.95,107.38,23172599,106.94
2020-03-25,MSFT,351.56,357.29,341.93,352.62,21831651,350.95
2020-03-25,TSLA,183.11,184.62,182.29,183.35,112187286,183.28
2020-03-26,AAPL,136.39,137.63,133.81,135.96,157453445,135.8
2020-03-26,AMZN,160.35,162.11,159.03,160.92,88742223,160.72
2020-03-26,GOOGL,108.54,108.64,108.4,108.5,29574288,108.26
2020-03-26,MSFT,357.42,361.03,351.34,355.84,25249551,355.44
2020-03-26,TSLA,179.78,182.1,177.77,181.45,90433524,181.06
2020-03-27,AAPL,138.3,139.38,136.87,137.55,112703450,136.94
2020-03-27,AMZN,161.92,163.3,160.52,161.46,57323371,160.86
2020-03-27,GOOGL,110.86,111.3,110.65,111.1,46768822,111.0
2020-03-27,MSFT,352.94,355.16,348.74,351.98,25617239,351.02
2020-03-27,TSLA,175.15,176.7,173.33,174.93,104017389,174.61
2020-03-30,AAPL,137.48,139.8,133.25,136.99,110717343,136.57
2020-03-30,AMZN,161.92,162.42,160.87,161.51,100648712,161.36
2020-03-30,GOOGL,108.31,111.1,106.33,109.63,36661888,109.24
2020-03-30,MSFT,362.5,365.04,359.85,361.25,32170329,361.01
2020-03-30,TSLA,176.84,177.38,176.26,176.95,190990566,176.63
2020-03-31,AAPL,135.46,135.86,135.17,135.72,155601201,135.24
2020-03-31,AMZN,160.81,163.3,157.93,162.68,100186788,162.56
2020-03-31,GOOGL,108.75,108.87,108.48,108.7,29213478,108.44
2020-03-31,MSFT,354.03,359.0,351.77,357.99,43637641,357.27
2020-03-31,TSLA,176.96,179.29,171.84,176.76,188376960,176.72
2020-04-01,AAPL,136.22,136.54,135.7,136.22,34592944,136.2
2020-04-01,AMZN,163.35,164.41,162.2,163.13,102902448,162.98
2020-04-01,GOOGL,109.94,110.57,108.64,109.06,18806434,108.93
2020-04-01,MSFT,355.69,357.1,354.71,356.3,35786117,355.16
2020-04-01,TSLA,177.35,178.45,175.04,176.91,128480981,176.22
2020-04-02,AAPL,134.8,135.71,133.11,133.97,48211576,133.77
2020-04-02,AMZN,161.23,162.19,160.31,161.8,115665827,161.23
2020-04-02,GOOGL,106.89,107.14,106.75,107.06,25861394,106.62
2020-04-02,MSFT,364.36,367.24,358.53,361.5,35270583,361.47
2020-04-02,TSLA,176.14,177.71,175.2,177.44,137131707,176.98
2020-04-03,AAPL,136.46,137.44,135.81,135.96,33786181,135.6
2020-04-03,AMZN,161.96,162.61,161.49,162.36,78216729,162.05
2020-04-03,GOOGL,105.91,107.1,103.51,104.79,28026791,104.37
2020-04-03,MSFT,364.82,368.29,361.14,365.22,56112632,364.26
2020-04-03,TSLA,180.92,182.43,180.1,180.8,94788108,180.13
2020-04-06,AAPL,138.85,140.63,136.21,137.96,38932568,137.89
2020-04-06,AMZN,160.11,160.66,159.81,159.94,60748509,159.48
2020-04-06,GOOGL,102.57,103.23,101.83,102.38,30475496,101.94
2020-04-06,MSFT,366.01,374.35,362.12,371.08,31933339,370.15
2020-04-06,TSLA,175.6,178.82,173.67,175.95,185011461,175.76
2020-04-07,AAPL,135.04,136.04,133.89,135.35,160491559,134.79
2020-04-07,AMZN,156.25,159.71,153.08,156.44,43442972,155.74
2020-04-07,GOOGL,99.37,99.69,99.18,99.22,28484969,99.16
2020-04-07,MSFT,377.56,379.91,375.17,377.39,43638828,375.96
2020-04-07,TSLA,178.7,179.95,177.84,178.34,104317538,177.53
2020-04-08,AAPL,135.14,135.41,135.02,135.13,151717786,134.86
2020-04-08,AMZN,153.67,154.25,153.32,153.8,63576061,153.51
2020-04-08,GOOGL,98.4,100.14,97.32,97.72,46014618,97.54
2020-04-08,MSFT,382.27,384.3,378.13,383.43,16989277,381.69
2020-04-08,TSLA,181.0,186.49,178.5,179.84,104022206,179.11
2020-04-09,AAPL,137.88,138.44,136.94,138.0,158572961,137.7
2020-04-09,AMZN,153.28,154.18,151.75,153.56,37975404,153.04
2020-04-09,GOOGL,95.06,95.32,94.8,95.12,28031467,94.9
2020-04-09,MSFT,386.72,394.51,379.8,382.95,29628341,382.26
2020-04-09,TSLA,179.7,182.07,177.91,180.43,43416888,179.69
2020-04-10,AAPL,131.57,132.39,130.29,131.33,118676974,131.25
2020-04-10,AMZN,157.23,159.72,154.49,154.95,32107505,154.5
2020-04-10,GOOGL,94.43,95.73,93.66,94.98,36322125,94.82
2020-04-10,MSFT,383.55,384.6,382.87,384.14,65792256,382.22
2020-04-10,TSLA,184.73,185.19,183.72,183.87,123246044,183.17
2020-04-13,AAPL,128.05,130.25,125.34,127.04,117204391,126.85
2020-04-13,AMZN,160.45,162.81,158.88,159.2,70331377,158.98
2020-04-13,GOOGL,96.14,96.51,95.34,96.1,29575536,95.92
2020-04-13,MSFT,383.11,385.58,379.85,381.42,31587626,381.34
2020-04-13,TSLA,186.87,188.69,182.86,186.72,65933166,186.17
2020-04-14,AAPL,128.27,129.69,126.87,127.25,125920293,127.22
2020-04-14,AMZN,159.47,160.64,158.41,158.62,38100692,158.42
2020-04-14,GOOGL,94.62,96.42,93.5,95.78,43981437,95.69
2020-04-14,MSFT,382.77,384.73,378.34,380.46,36290456,380.17
2020-04-14,TSLA,186.29,187.31,185.34,187.22,76937479,187.05
2020-04-15,AAPL,126.02,127.58,124.44,125.35,123310980,124.77
2020-04-15,AMZN,157.95,160.89,156.51,158.48,77766648,157.73
2020-04-15,GOOGL,96.52,98.04,93.27,94.73,45263023,94.56
2020-04-15,MSFT,378.43,385.38,374.41,381.07,23295968,380.42
2020-04-15,TSLA,181.63,182.49,180.72,181.9,75192166,181.44
2020-04-16,AAPL,123.83,125.68,122.81,123.72,71861260,123.7
2020-04-16,AMZN,161.3,163.5,159.63,160.63,70346591,160.57
2020-04-16,GOOGL,93.86,94.33,92.83,92.91,26876831,92.49
2020-04-16,MSFT,368.29,370.67,362.85,370.39,58092555,369.26
2020-04-16,TSLA,182.62,184.0,179.79,181.27,135977843,180.76
2020-04-17,AAPL,121.89,124.0,120.6,123.67,119952330,123.23
2020-04-17,AMZN,160.69,161.11,160.15,161.09,108358176,160.36
2020-04-17,GOOGL,94.48,94.76,94.36,94.74,48150562,94.67
2020-04-17,MSFT,361.23,362.92,359.02,361.85,64199099,360.74
2020-04-17,TSLA,185.5,188.34,179.93,184.98,110199542,184.15
2020-04-20,AAPL,125.06,126.06,123.43,123.89,114375004,123.59
2020-04-20,AMZN,159.44,160.11,158.06,158.82,64236897,158.75
2020-04-20,GOOGL,95.96,97.4,93.57,95.73,45383929,95.68
2020-04-20,MSFT,356.7,358.72,352.16,354.33,36469227,354.22
2020-04-20,TSLA,189.87,193.72,186.09,190.66,181832222,190.65
2020-04-21,AAPL,122.36,122.81,121.99,122.25,44541358,122.02
2020-04-21,AMZN,156.81,157.6,155.43,156.87,60153678,156.81
2020-04-21,GOOGL,96.63,96.67,96.6,96.6,37588253,96.15
2020-04-21,MSFT,343.81,344.98,342.81,344.17,46738333,343.34
2020-04-21,TSLA,189.78,191.94,188.03,188.08,41132825,187.29
2020-04-22,AAPL,121.38,122.75,120.02,121.59,133125262,121.58
2020-04-22,AMZN,152.46,153.84,150.43,152.37,49122329,151.63
2020-04-22,GOOGL,99.2,100.01,98.69,98.71,29187545,98.68
2020-04-22,MSFT,343.54,348.32,338.79,341.88,62264950,341.7
2020-04-22,TSLA,183.38,185.29,180.51,182.54,83717051,182.27
2020-04-23,AAPL,121.42,122.25,120.72,121.67,92743257,121.31
2020-04-23,AMZN,150.31,151.45,149.57,151.21,29318632,151.06
2020-04-23,GOOGL,95.49,96.44,94.32,95.34,46031176,95.08
2020-04-23,MSFT,340.68,344.95,334.8,343.31,30360500,341.7
2020-04-23,TSLA,180.33,182.65,178.98,180.09,61531828,179.8
2020-04-24,AAPL,121.9,123.04,119.97,122.29,169528713,122.18
2020-04-24,AMZN,155.49,157.26,152.69,153.81,62533992,153.16
2020-04-24,GOOGL,89.92,90.82,89.22,90.67,39607787,90.54
2020-04-24,MSFT,358.04,359.56,356.42,358.98,27867517,357.68
2020-04-24,TSLA,179.27,180.16,178.28,179.08,47704218,178.82
2020-04-27,AAPL,124.03,124.51,123.38,124.3,48486219,123.92
2020-04-27,AMZN,153.98,155.85,152.81,153.24,38929496,153.05
2020-04-27,GOOGL,89.31,89.71,89.04,89.61,40303936,89.17
2020-04-27,MSFT,353.14,354.35,351.66,351.69,50729095,350.69
2020-04-27,TSLA,181.51,183.86,176.08,178.72,60707313,178.42
2020-04-28,AAPL,120.02,120.55,119.22,119.52,42225103,118.97
2020-04-28,AMZN,157.11,160.27,153.98,156.75,76414221,156.15
2020-04-28,GOOGL,88.14,89.18,87.37,88.32,33755942,87.97
2020-04-28,MSFT,344.77,347.67,342.97,346.5,36899332,345.56
2020-04-28,TSLA,172.84,173.87,171.0,173.22,178376816,172.84
2020-04-29,AAPL,117.74,118.15,117.2,117.43,129728473,117.06
2020-04-29,AMZN,153.21,154.22,152.61,152.63,60957991,152.17
2020-04-29,GOOGL,89.42,90.39,88.56,90.19,41801247,90.18
2020-04-29,MSFT,346.56,348.08,344.24,346.12,31734524,344.51
2020-04-29,TSLA,175.07,177.85,172.85,177.12,80931685,176.73
2020-04-30,AAPL,116.82,117.29,116.26,117.26,157812597,117.1
2020-04-30,AMZN,145.4,146.31,144.87,145.95,105112874,145.89
2020-04-30,GOOGL,91.56,91.91,90.75,91.58,10157709,91.14
2020-04-30,MSFT,352.6,359.29,345.48,354.54,20133402,353.58
2020-04-30,TSLA,181.98,184.14,180.23,180.36,144158137,180.0
2020-05-01,AAPL,117.14,117.87,116.73,117.79,33685751,117.45
2020-05-01,AMZN,148.8,149.79,148.07,149.14,55825727,148.69
2020-05-01,GOOGL,90.33,91.38,89.05,90.82,20692954,90.59
2020-05-01,MSFT,350.92,352.51,349.63,349.89,64925351,349.09
2020-05-01,TSLA,181.45,182.35,179.81,180.88,81990688,180.06
2020-05-04,AAPL,117.97,120.2,116.78,117.55,112444505,117.16
2020-05-04,AMZN,148.05,150.27,144.92,148.07,46312433,147.34
2020-05-04,GOOGL,89.99,90.34,89.83,90.0,17578357,89.87
2020-05-04,MSFT,345.81,347.96,344.86,345.47,36032445,345.45
2020-05-04,TSLA,178.85,180.23,177.52,179.17,87781903,178.78
2020-05-05,AAPL,117.9,118.99,115.96,117.78,131718967,117.45
2020-05-05,AMZN,139.98,141.26,137.6,140.27,39155956,139.59
2020-05-05,GOOGL,90.86,91.57,89.36,90.1,10275789,89.86
2020-05-05,MSFT,338.18,343.24,335.48,338.55,37547446,337.34
2020-05-05,TSLA,177.95,179.03,175.66,176.77,101434789,175.93
2020-05-06,AAPL,115.17,116.56,113.9,115.29,146966769,115.18
2020-05-06,AMZN,140.72,140.97,140.41,140.47,57048942,139.78
2020-05-06,GOOGL,89.98,90.57,89.67,89.71,27257906,89.68
2020-05-06,MSFT,351.27,357.37,347.33,352.77,32379119,352.41
2020-05-06,TSLA,174.59,176.15,172.98,175.64,75345859,175.44
2020-05-07,AAPL,114.81,116.42,112.98,113.93,85448828,113.7
2020-05-07,AMZN,135.88,136.95,135.16,136.83,28819390,136.66
2020-05-07,GOOGL,91.12,91.4,90.5,90.97,10772784,90.94
2020-05-07,MSFT,354.4,363.5,350.28,353.23,52682812,353.18
2020-05-07,TSLA,171.41,172.14,170.44,171.42,67951970,171.14
2020-05-08,AAPL,116.02,117.65,114.56,116.08,52533556,116.02
2020-05-08,AMZN,141.83,143.28,140.85,141.34,86633344,140.71
2020-05-08,GOOGL,90.33,91.08,89.39,90.79,43273806,90.42
2020-05-08,MSFT,355.49,361.23,352.97,359.76,47283506,358.84
2020-05-08,TSLA,173.36,174.25,171.43,171.7,56592152,171.62
2020-05-11,AAPL,115.26,116.59,114.66,115.26,124998423,115.05
2020-05-11,AMZN,144.88,146.08,142.94,143.85,89097493,143.38
2020-05-11,GOOGL,91.13,91.44,90.86,91.01,53973230,90.82
2020-05-11,MSFT,361.27,363.52,356.13,360.5,39556879,359.47
2020-05-11,TSLA,171.07,172.91,169.62,171.69,82465171,171.56
2020-05-12,AAPL,113.3,114.41,111.82,114.13,119232211,113.76
2020-05-12,AMZN,145.56,146.41,144.49,146.36,71067502,145.96
2020-05-12,GOOGL,91.66,93.59,90.82,92.99,11800883,92.61
2020-05-12,MSFT,357.97,367.21,352.08,359.32,26930481,357.62
2020-05-12,TSLA,174.12,176.01,172.14,174.87,163415880,174.13
2020-05-13,AAPL,113.01,115.06,111.88,112.5,101924916,111.96
2020-05-13,AMZN,145.2,146.56,144.39,145.17,88877830,144.5
2020-05-13,GOOGL,91.83,92.86,90.93,92.03,14448985,91.59
2020-05-13,MSFT,367.45,368.78,365.57,365.74,32084190,364.27
2020-05-13,TSLA,172.98,174.51,170.63,171.94,192102066,171.13
2020-05-14,AAPL,113.24,113.65,113.05,113.64,87870093,113.17
2020-05-14,AMZN,148.74,149.53,147.82,148.09,24693629,147.81
2020-05-14,GOOGL,88.85,90.21,87.61,89.75,38549797,89.68
2020-05-14,MSFT,368.74,368.95,368.4,368.76,51823729,368.56
2020-05-14,TSLA,171.17,175.36,168.7,170.98,167698127,170.9
2020-05-15,AAPL,114.91,115.91,112.97,113.45,48724010,113.43
2020-05-15,AMZN,149.47,151.36,147.09,147.72,22123762,147.51
2020-05-15,GOOGL,91.94,93.95,90.76,92.86,35223498,92.85
2020-05-15,MSFT,381.63,383.65,380.16,381.73,62813942,380.36
2020-05-15,TSLA,166.47,167.71,164.47,167.61,47575795,167.3
2020-05-18,AAPL,114.74,115.37,113.29,114.91,73530383,114.89
2020-05-18,AMZN,141.28,143.41,139.62,142.63,105388547,142.47
2020-05-18,GOOGL,91.66,92.14,91.24,91.28,54948017,91.08
2020-05-18,MSFT,377.3,383.03,369.45,382.95,64287852,382.54
2020-05-18,TSLA,167.92,169.53,166.88,167.57,160842219,167.27
2020-05-19,AAPL,115.48,117.85,113.65,115.71,109962695,115.22
2020-05-19,AMZN,141.83,142.69,141.05,142.66,83884720,142.06
2020-05-19,GOOGL,91.58,92.04,90.84,91.47,22969791,91.1
2020-05-19,MSFT,376.54,381.76,373.86,378.47,46800427,376.92
2020-05-19,TSLA,165.12,166.61,163.62,164.16,79715981,163.85
2020-05-20,AAPL,120.4,122.55,118.44,119.35,75535987,118.91
2020-05-20,AMZN,136.1,136.79,134.76,136.54,22260532,136.28
2020-05-20,GOOGL,92.76,92.9,92.59,92.83,37449167,92.62
2020-05-20,MSFT,380.91,383.46,378.74,382.02,15997689,380.8
2020-05-20,TSLA,164.45,165.53,163.36,164.54,197409908,163.85
2020-05-21,AAPL,121.33,122.29,119.22,120.47,112310070,120.07
2020-05-21,AMZN,137.76,141.28,135.59,136.95,91597773,136.63
2020-05-21,GOOGL,92.8,93.95,92.12,93.28,34490654,93.25
2020-05-21,MSFT,370.53,373.29,368.44,369.36,32479020,368.96
2020-05-21,TSLA,166.32,168.02,164.74,165.11,63632973,164.47
2020-05-22,AAPL,116.86,118.52,115.23,118.18,89856147,118.17
2020-05-22,AMZN,137.55,138.99,136.2,138.83,90452998,138.14
2020-05-22,GOOGL,93.34,94.13,92.34,92.84,47771688,92.82
2020-05-22,MSFT,373.06,377.2,368.87,374.34,26996557,373.04
2020-05-22,TSLA,163.7,165.28,162.69,163.22,103484177,162.41
2020-05-25,AAPL,115.88,116.66,115.0,116.26,121375109,115.79
2020-05-25,AMZN,144.02,145.76,142.43,143.27,55909502,142.63
2020-05-25,GOOGL,90.54,92.16,89.49,91.58,10184565,91.28
2020-05-25,MSFT,371.84,374.39,370.31,372.1,15411614,371.89
2020-05-25,TSLA,162.3,162.9,161.77,162.33,58927989,161.61
2020-05-26,AAPL,113.15,115.46,111.66,115.32,170820153,115.26
2020-05-26,AMZN,144.55,145.03,143.76,144.11,101893608,143.69
2020-05-26,GOOGL,91.72,92.74,90.91,91.36,17642774,90.95
2020-05-26,MSFT,374.68,376.3,371.51,373.16,39343524,371.42
2020-05-26,TSLA,165.76,166.52,165.19,165.77,52342018,165.59
2020-05-27,AAPL,111.62,112.59,109.85,112.23,50813937,112.11
2020-05-27,AMZN,142.22,143.33,141.48,142.75,44287536,142.05
2020-05-27,GOOGL,91.03,92.82,89.93,90.64,44841725,90.51
2020-05-27,MSFT,374.06,377.86,372.3,375.93,28701842,374.16
2020-05-27,TSLA,166.52,167.79,163.91,167.49,157858948,166.7
2020-05-28,AAPL,112.85,113.27,111.97,112.81,53426619,112.51
2020-05-28,AMZN,139.43,141.02,138.73,139.14,32380265,138.66
2020-05-28,GOOGL,89.46,90.49,87.41,89.09,53628964,88.72
2020-05-28,MSFT,372.03,374.66,367.29,370.74,32900992,370.51
2020-05-28,TSLA,172.72,173.62,172.02,172.76,80664241,172.03
2020-05-29,AAPL,111.92,112.11,111.57,112.09,116777339,111.74
2020-05-29,AMZN,136.62,137.5,135.95,136.5,43579740,135.99
2020-05-29,GOOGL,90.15,90.98,89.2,89.34,33493310,89.04
2020-05-29,MSFT,364.25,368.37,361.11,363.62,44905244,362.47
2020-05-29,TSLA,173.63,173.97,173.11,173.59,180103736,173.42
2020-06-01,AAPL,110.34,111.16,109.51,110.3,102894869,110.07
2020-06-01,AMZN,138.03,138.4,137.36,138.06,90154029,137.98
2020-06-01,GOOGL,88.18,88.59,87.93,87.99,39467411,87.56
2020-06-01,MSFT,355.62,359.48,352.01,356.29,42118237,355.73
2020-06-01,TSLA,172.15,174.07,171.11,174.04,41416141,173.44
2020-06-02,AAPL,113.86,114.68,112.6,113.06,114588169,113.04
2020-06-02,AMZN,138.53,139.41,136.59,137.84,102720588,137.17
2020-06-02,GOOGL,88.49,88.92,87.89,88.15,19111535,88.0
2020-06-02,MSFT,365.59,367.62,362.68,364.84,24641287,364.8
2020-06-02,TSLA,165.38,167.14,164.39,167.01,58344293,166.91
2020-06-03,AAPL,112.73,112.9,112.43,112.69,160604989,112.16
2020-06-03,AMZN,135.34,137.13,133.82,135.58,62088178,135.43
2020-06-03,GOOGL,85.75,86.64,84.98,86.21,39420977,86.2
2020-06-03,MSFT,364.01,369.8,360.67,361.18,35192550,360.12
2020-06-03,TSLA,170.44,171.82,169.38,170.34,61334693,169.69
2020-06-04,AAPL,114.43,115.21,113.64,115.03,122229321,114.98
2020-06-04,AMZN,134.25,135.53,133.53,135.31,106374178,134.86
2020-06-04,GOOGL,85.08,85.26,84.69,85.03,37483682,84.91
2020-06-04,MSFT,354.71,357.03,350.77,353.38,29611145,352.4
2020-06-04,TSLA,172.98,174.43,171.64,173.41,40763622,172.77
2020-06-05,AAPL,114.68,115.56,113.47,115.02,51358658,114.62
2020-06-05,AMZN,139.08,141.93,136.94,140.06,77188050,139.63
2020-06-05,GOOGL,83.84,84.99,83.31,84.19,10084273,83.92
2020-06-05,MSFT,357.38,362.86,353.36,357.29,44117589,356.1
2020-06-05,TSLA,174.01,177.43,169.96,173.76,192554432,173.67
2020-06-08,AAPL,117.24,118.63,116.27,117.02,62341514,116.99
2020-06-08,AMZN,140.3,141.59,139.29,141.17,65086778,140.63
2020-06-08,GOOGL,82.89,84.1,81.59,83.95,14457539,83.67
2020-06-08,MSFT,343.99,349.85,340.71,347.46,28754505,346.11
2020-06-08,TSLA,171.27,171.88,170.81,171.84,118717955,171.5
2020-06-09,AAPL,119.08,119.79,118.03,119.06,52570441,118.91
2020-06-09,AMZN,137.9,139.87,137.02,138.49,27959209,138.43
2020-06-09,GOOGL,85.11,85.55,84.84,85.42,35273463,85.28
2020-06-09,MSFT,349.31,359.98,342.89,349.78,63109532,348.63
2020-06-09,TSLA,173.82,175.1,173.25,173.76,66734506,173.49
2020-06-10,AAPL,120.14,121.21,118.5,120.2,153812687,119.97
2020-06-10,AMZN,137.69,140.24,136.29,138.57,86716213,138.21
2020-06-10,GOOGL,81.42,82.8,80.54,81.61,43039825,81.51
2020-06-10,MSFT,351.11,354.61,345.36,350.16,32437475,349.72
2020-06-10,TSLA,173.7,175.27,170.21,173.77,103281031,173.26
2020-06-11,AAPL,120.64,121.45,119.95,120.18,41505417,119.79
2020-06-11,AMZN,138.63,140.68,135.03,138.54,89006793,138.45
2020-06-11,GOOGL,81.58,82.75,80.45,81.11,14194626,80.72
2020-06-11,MSFT,352.06,353.94,349.2,352.13,64888971,351.13
2020-06-11,TSLA,173.82,175.91,171.3,174.08,85638428,173.47
2020-06-12,AAPL,118.65,118.76,118.41,118.61,42413572,118.58
2020-06-12,AMZN,138.83,139.57,137.46,138.03,29420381,137.72
2020-06-12,GOOGL,80.36,81.12,79.87,81.04,52082290,81.02
2020-06-12,MSFT,357.28,359.67,356.17,359.38,27889522,358.64
2020-06-12,TSLA,172.19,172.76,171.0,171.34,65649246,170.65
2020-06-15,AAPL,114.78,114.89,114.6,114.6,133820452,114.05
2020-06-15,AMZN,135.85,137.58,133.81,135.68,107063057,135.06
2020-06-15,GOOGL,81.32,81.7,80.89,81.08,35140664,81.02
2020-06-15,MSFT,369.52,371.68,365.32,366.67,16311302,366.38
2020-06-15,TSLA,176.11,177.29,173.91,175.47,124127848,174.97
2020-06-16,AAPL,112.48,113.17,111.99,112.95,65463342,112.54
2020-06-16,AMZN,131.08,131.42,130.61,131.38,100401327,130.91
2020-06-16,GOOGL,80.44,81.29,80.07,81.11,32910116,80.93
2020-06-16,MSFT,373.48,377.3,370.72,374.99,28475128,374.63
2020-06-16,TSLA,180.21,181.21,178.38,179.93,123290361,179.84
2020-06-17,AAPL,114.55,114.94,114.3,114.67,124228550,114.66
2020-06-17,AMZN,132.44,133.26,131.46,132.12,45182112,131.81
2020-06-17,GOOGL,79.96,80.39,79.1,80.37,38263756,80.3
2020-06-17,MSFT,371.46,376.06,367.08,371.76,65934813,370.2
2020-06-17,TSLA,184.07,186.45,181.9,183.1,116763958,182.9
2020-06-18,AAPL,111.09,112.76,108.97,110.57,49700577,110.51
2020-06-18,AMZN,129.81,130.75,129.13,129.67,88723209,129.12
2020-06-18,GOOGL,79.84,80.42,79.49,80.41,51692527,80.02
2020-06-18,MSFT,371.34,377.51,367.69,373.67,54721828,372.36
2020-06-18,TSLA,183.3,185.03,180.59,182.85,56829925,182.68
2020-06-19,AAPL,103.15,104.82,102.33,104.59,130296879,104.19
2020-06-19,AMZN,130.14,130.61,129.53,129.99,71392952,129.47
2020-06-19,GOOGL,82.07,83.05,80.79,81.17,47783322,80.91
2020-06-19,MSFT,373.81,377.0,371.21,372.28,58000665,371.89
2020-06-19,TSLA,187.63,190.08,183.6,185.17,114236582,184.6
2020-06-22,AAPL,107.36,108.04,106.24,106.95,111560139,106.7
2020-06-22,AMZN,133.37,135.0,131.96,132.06,69192046,131.47
2020-06-22,GOOGL,81.55,81.7,81.41,81.65,20533429,81.41
2020-06-22,MSFT,372.7,377.17,367.71,369.63,30405460,369.13
2020-06-22,TSLA,183.19,184.78,181.21,182.99,69474226,182.8
2020-06-23,AAPL,107.99,108.4,107.71,107.74,51271284,107.54
2020-06-23,AMZN,129.05,129.29,128.67,129.21,86923351,128.64
2020-06-23,GOOGL,81.99,82.52,81.62,81.94,12098615,81.71
2020-06-23,MSFT,375.68,383.22,369.41,376.33,58930094,374.75
2020-06-23,TSLA,184.61,185.73,184.04,184.81,120840670,184.36
2020-06-24,AAPL,104.65,105.13,104.32,104.34,133804614,103.85
2020-06-24,AMZN,127.22,128.55,124.52,126.82,100213595,126.73
2020-06-24,GOOGL,82.58,82.88,81.92,82.68,53302512,82.37
2020-06-24,MSFT,381.28,384.65,379.47,383.14,44401479,381.94
2020-06-24,TSLA,186.21,188.13,182.29,184.55,79749924,184.22
2020-06-25,AAPL,105.95,107.03,105.09,105.92,70936633,105.84
2020-06-25,AMZN,130.92,131.2,130.71,130.99,43286284,130.71
2020-06-25,GOOGL,81.34,82.17,80.23,81.15,25123527,80.81
2020-06-25,MSFT,380.09,387.21,375.66,381.3,32954647,380.55
2020-06-25,TSLA,177.14,178.87,174.4,178.8,49158718,178.55
2020-06-26,AAPL,105.94,106.68,104.54,105.38,94469708,105.33
2020-06-26,AMZN,129.57,131.24,126.63,128.84,24402685,128.28
2020-06-26,GOOGL,81.26,82.93,79.98,80.39,23206535,80.08
2020-06-26,MSFT,389.2,393.1,380.29,388.84,49318870,388.71
2020-06-26,TSLA,182.14,183.87,181.18,182.75,170863979,182.45
2020-06-29,AAPL,106.04,106.28,105.81,106.15,87821427,105.95
2020-06-29,AMZN,133.92,134.94,133.02,134.17,109996333,133.73
2020-06-29,GOOGL,82.9,83.29,82.59,82.84,11645641,82.51
2020-06-29,MSFT,380.18,385.31,374.39,383.41,52242305,383.36
2020-06-29,TSLA,178.62,180.35,177.49,177.65,197405056,177.28
2020-06-30,AAPL,104.99,105.73,104.04,105.07,171110840,104.94
2020-06-30,AMZN,138.79,139.87,136.61,137.58,40158070,137.01
2020-06-30,GOOGL,81.69,82.78,80.45,81.65,53141398,81.25
2020-06-30,MSFT,401.7,407.86,398.08,401.97,41415143,401.07
2020-06-30,TSLA,174.46,175.31,172.5,174.4,134017011,173.93
2020-07-01,AAPL,105.12,105.52,104.49,105.27,124757487,104.77
2020-07-01,AMZN,136.43,136.96,135.42,135.5,31914764,135.24
2020-07-01,GOOGL,83.03,83.24,82.87,83.07,17760332,82.9
2020-07-01,MSFT,407.73,412.19,403.13,407.49,30771901,405.97
2020-07-01,TSLA,172.87,173.34,172.16,172.78,178224804,172.6
2020-07-02,AAPL,104.88,105.21,104.54,104.7,94312995,104.42
2020-07-02,AMZN,137.95,139.12,135.29,138.18,28556867,137.89
2020-07-02,GOOGL,81.15,82.74,79.74,81.61,48430698,81.51
2020-07-02,MSFT,406.58,407.7,404.68,405.86,16679499,404.43
2020-07-02,TSLA,168.07,168.8,167.25,168.14,111995424,167.78
2020-07-03,AAPL,104.37,105.21,103.06,103.69,91976638,103.6
2020-07-03,AMZN,141.39,143.82,140.03,141.7,54584889,141.26
2020-07-03,GOOGL,81.91,82.38,81.6,82.21,35088321,82.19
2020-07-03,MSFT,400.54,406.14,396.6,405.74,26860209,405.33
2020-07-03,TSLA,163.02,164.47,160.17,164.27,189848715,164.25
2020-07-06,AAPL,103.46,103.94,102.85,103.45,100008579,103.39
2020-07-06,AMZN,143.12,143.9,141.91,143.22,95111250,142.85
2020-07-06,GOOGL,81.89,82.82,80.91,81.87,15141180,81.69
2020-07-06,MSFT,416.59,417.17,416.32,416.96,13974552,416.46
2020-07-06,TSLA,166.36,168.49,165.2,166.24,146581133,166.18
2020-07-07,AAPL,103.95,106.08,102.78,104.73,125836125,104.59
2020-07-07,AMZN,147.11,148.76,144.92,146.57,116971108,146.26
2020-07-07,GOOGL,80.2,81.59,79.5,80.76,33256026,80.44
2020-07-07,MSFT,427.94,429.42,425.13,428.04,54569679,426.91
2020-07-07,TSLA,161.05,162.6,158.65,162.26,120839725,161.63
2020-07-08,AAPL,105.98,107.67,104.56,106.3,134701791,105.88
2020-07-08,AMZN,147.64,148.43,146.72,147.78,45813153,147.2
2020-07-08,GOOGL,81.93,82.73,81.07,82.6,51726953,82.57
2020-07-08,MSFT,425.42,430.65,420.18,430.28,44954879,428.53
2020-07-08,TSLA,163.06,164.61,161.84,163.01,86613877,162.9
2020-07-09,AAPL,105.52,106.47,105.01,105.7,106284113,105.32
2020-07-09,AMZN,148.68,149.87,148.09,148.31,81834660,148.14
2020-07-09,GOOGL,85.49,86.57,84.48,84.6,18395106,84.45
2020-07-09,MSFT,427.3,436.45,419.06,425.99,23350865,425.72
2020-07-09,TSLA,160.99,164.19,158.67,162.28,181345558,161.73
2020-07-10,AAPL,105.03,107.36,103.99,105.43,49909049,105.12
2020-07-10,AMZN,144.53,146.08,143.69,144.67,82474547,144.44
2020-07-10,GOOGL,83.13,83.16,83.07,83.16,35487582,83.03
2020-07-10,MSFT,433.19,438.89,430.56,430.9,48489887,429.21
2020-07-10,TSLA,162.24,164.43,160.87,161.04,77121931,160.52
2020-07-13,AAPL,98.64,100.83,97.68,100.6,98829702,100.58
2020-07-13,AMZN,142.57,143.75,140.04,143.24,109172744,143.21
2020-07-13,GOOGL,80.51,81.88,79.26,81.08,39660846,80.69
2020-07-13,MSFT,428.83,432.59,426.22,431.18,56294811,429.69
2020-07-13,TSLA,163.53,165.18,162.02,164.17,56685896,163.42
2020-07-14,AAPL,102.94,104.52,101.78,102.05,143454758,101.93
2020-07-14,AMZN,145.03,146.18,144.43,145.7,89579503,145.07
2020-07-14,GOOGL,78.23,78.4,78.12,78.34,24006036,78.15
2020-07-14,MSFT,421.28,421.43,421.02,421.35,15932035,419.98
2020-07-14,TSLA,165.21,165.67,164.42,164.62,161464344,164.4
2020-07-15,AAPL,102.35,102.91,102.05,102.88,70243927,102.38
2020-07-15,AMZN,147.43,148.87,145.5,148.86,113696538,148.56
2020-07-15,GOOGL,77.98,78.47,77.25,78.24,48536834,77.97
2020-07-15,MSFT,428.72,434.2,424.99,427.73,45121989,426.32
2020-07-15,TSLA,163.83,166.28,162.57,165.45,110687404,165.39
2020-07-16,AAPL,104.17,105.23,103.08,104.01,82125765,103.68
2020-07-16,AMZN,146.5,147.57,144.59,145.65,60852600,145.26
2020-07-16,GOOGL,76.09,77.08,74.98,75.98,29633021,75.8
2020-07-16,MSFT,419.7,424.17,415.84,419.13,22557139,419.05
2020-07-16,TSLA,170.7,172.13,168.88,169.56,111404881,169.5
2020-07-17,AAPL,104.3,104.41,104.13,104.35,97951389,104.03
2020-07-17,AMZN,151.95,152.86,149.98,150.49,54400353,150.1
2020-07-17,GOOGL,73.94,74.67,73.2,74.4,50553510,74.12
2020-07-17,MSFT,406.47,410.14,401.51,404.63,37248831,402.72
2020-07-17,TSLA,170.17,172.79,168.99,171.14,55908498,170.58
2020-07-20,AAPL,104.9,105.34,104.61,104.84,67510923,104.57
2020-07-20,AMZN,151.42,152.74,150.36,152.17,76485826,151.72
2020-07-20,GOOGL,75.01,75.71,74.55,74.9,27164848,74.65
2020-07-20,MSFT,397.03,404.83,389.82,395.49,29381501,393.67
2020-07-20,TSLA,169.75,173.63,167.35,171.76,131451005,171.38
2020-07-21,AAPL,105.96,106.62,104.51,104.54,42887125,104.21
2020-07-21,AMZN,152.08,152.6,151.17,152.17,47317034,151.88
2020-07-21,GOOGL,76.19,77.22,74.93,75.88,17391864,75.82
2020-07-21,MSFT,405.48,405.87,404.75,404.98,23747669,403.33
2020-07-21,TSLA,168.92,169.17,168.75,169.06,147361746,168.48
2020-07-22,AAPL,104.82,105.84,104.25,105.0,121627564,104.89
2020-07-22,AMZN,152.13,153.17,149.93,152.61,43385740,152.45
2020-07-22,GOOGL,75.87,77.0,75.36,75.76,37864356,75.56
2020-07-22,MSFT,401.91,406.66,399.04,403.05,32411419,401.83
2020-07-22,TSLA,174.11,175.69,171.13,171.3,197024854,170.58
2020-07-23,AAPL,102.74,103.24,102.32,102.93,129074762,102.55
2020-07-23,AMZN,153.06,154.24,152.46,153.13,39643623,152.92
2020-07-23,GOOGL,77.15,77.45,76.48,76.62,38550391,76.53
2020-07-23,MSFT,407.09,409.89,401.09,405.33,18113592,403.72
2020-07-23,TSLA,167.66,168.3,166.89,167.63,109810090,167.55
2020-07-24,AAPL,105.24,105.88,104.78,105.08,99678310,105.02
2020-07-24,AMZN,151.14,152.83,149.98,152.22,105272680,152.07
2020-07-24,GOOGL,76.02,77.46,74.29,75.98,18332427,75.84
2020-07-24,MSFT,388.05,389.47,386.8,388.07,14684787,387.4
2020-07-24,TSLA,171.28,174.15,168.78,171.49,38539387,171.22
2020-07-27,AAPL,103.89,104.69,103.46,104.5,169942513,104.26
2020-07-27,AMZN,152.64,156.21,151.0,152.82,58346420,152.26
2020-07-27,GOOGL,75.74,76.32,74.64,75.29,12472905,74.98
2020-07-27,MSFT,389.7,392.41,383.4,392.32,40726323,391.1
2020-07-27,TSLA,166.9,168.22,165.17,167.8,87525731,167.07
2020-07-28,AAPL,107.56,108.47,106.35,108.47,42978447,108.07
2020-07-28,AMZN,151.88,153.88,149.54,151.95,112396906,151.3
2020-07-28,GOOGL,74.59,76.32,73.4,73.84,25519320,73.71
2020-07-28,MSFT,387.43,391.29,383.49,385.61,35698171,384.21
2020-07-28,TSLA,168.29,170.66,167.24,169.38,128570236,168.74
2020-07-29,AAPL,106.75,109.93,105.28,108.15,55867968,107.85
2020-07-29,AMZN,148.85,149.8,148.44,149.7,99984175,149.33
2020-07-29,GOOGL,70.93,71.0,70.8,70.91,15470048,70.63
2020-07-29,MSFT,381.73,386.37,379.11,382.34,63173492,381.46
2020-07-29,TSLA,167.75,169.25,165.72,168.93,124862007,168.75
2020-07-30,AAPL,111.1,111.76,110.67,111.16,170330284,110.72
2020-07-30,AMZN,142.47,143.99,141.79,143.66,30271032,143.3
2020-07-30,GOOGL,71.21,71.54,70.54,70.83,19905823,70.77
2020-07-30,MSFT,381.59,383.35,380.74,382.55,51899208,382.07
2020-07-30,TSLA,167.81,168.02,167.68,167.71,197863451,167.21
2020-07-31,AAPL,106.44,108.6,105.38,108.0,121617430,107.99
2020-07-31,AMZN,138.4,139.32,137.76,138.63,31692064,138.1
2020-07-31,GOOGL,71.76,72.14,71.15,71.49,25592277,71.41
2020-07-31,MSFT,392.21,395.47,390.41,391.53,30333318,391.42
2020-07-31,TSLA,169.06,170.61,168.07,170.14,169282133,169.6
2020-08-03,AAPL,105.59,106.08,104.65,105.38,167893029,105.36
2020-08-03,AMZN,137.54,138.03,137.18,137.87,101238282,137.76
2020-08-03,GOOGL,70.78,71.41,70.25,70.41,53196765,70.17
2020-08-03,MSFT,389.4,391.02,388.58,388.59,37788056,386.77
2020-08-03,TSLA,168.13,168.84,166.93,167.21,171736984,166.62
2020-08-04,AAPL,105.82,106.25,105.4,106.22,135439689,105.82
2020-08-04,AMZN,135.88,136.24,135.44,135.8,101657732,135.77
2020-08-04,GOOGL,68.1,68.49,67.76,68.08,27017731,67.99
2020-08-04,MSFT,383.54,384.94,381.44,383.97,20853954,383.68
2020-08-04,TSLA,169.27,171.97,167.99,168.59,193397610,167.79
2020-08-05,AAPL,106.88,108.98,105.67,107.19,113372284,107.06
2020-08-05,AMZN,137.88,138.57,137.39,137.68,29385098,137.33
2020-08-05,GOOGL,68.27,68.56,68.02,68.32,35930323,68.26
2020-08-05,MSFT,379.22,380.19,378.71,378.98,17492795,378.51
2020-08-05,TSLA,159.73,161.58,158.67,160.54,53312928,159.86
2020-08-06,AAPL,105.7,106.62,105.01,106.61,154118060,106.47
2020-08-06,AMZN,136.67,137.46,135.5,136.66,105364708,136.23
2020-08-06,GOOGL,68.03,68.47,67.52,68.02,50200373,67.74
2020-08-06,MSFT,388.1,391.3,385.91,386.78,36382523,386.33
2020-08-06,TSLA,161.44,163.97,158.4,160.56,73415751,159.87
2020-08-07,AAPL,107.09,108.01,106.68,107.81,101248181,107.62
2020-08-07,AMZN,141.08,141.92,140.21,141.39,38333252,141.12
2020-08-07,GOOGL,69.17,69.75,68.42,69.51,36150507,69.34
2020-08-07,MSFT,375.02,377.55,369.86,377.11,26244341,375.68
2020-08-07,TSLA,152.16,153.64,151.45,153.07,191690367,152.83
2020-08-10,AAPL,107.43,107.98,106.19,107.14,38467227,107.02
2020-08-10,AMZN,136.74,137.85,135.24,135.67,33035449,135.32
2020-08-10,GOOGL,68.56,69.01,68.14,68.63,16995353,68.5
2020-08-10,MSFT,390.3,394.29,387.04,387.61,52361896,387.24
2020-08-10,TSLA,155.12,156.31,154.23,155.93,142608379,155.4
2020-08-11,AAPL,107.04,108.55,104.77,106.83,164253406,106.8
2020-08-11,AMZN,134.14,134.85,133.41,134.44,115115567,134.15
2020-08-11,GOOGL,67.75,68.64,67.3,67.68,40866814,67.48
2020-08-11,MSFT,384.56,390.22,380.8,384.13,37090884,384.06
2020-08-11,TSLA,148.94,149.29,148.42,149.03,69310450,148.5
2020-08-12,AAPL,103.52,104.52,102.42,103.27,83635298,103.09
2020-08-12,AMZN,136.14,136.25,136.09,136.11,79287724,135.76
2020-08-12,GOOGL,67.33,67.99,67.04,67.66,37752054,67.36
2020-08-12,MSFT,379.19,380.66,376.07,377.38,44869266,376.06
2020-08-12,TSLA,149.27,151.09,146.69,149.76,178432225,149.47
2020-08-13,AAPL,105.12,105.66,104.02,104.77,46659730,104.51
2020-08-13,AMZN,137.58,138.09,137.01,137.75,74219370,137.39
2020-08-13,GOOGL,70.15,70.36,69.77,70.07,17534032,69.82
2020-08-13,MSFT,367.98,373.69,361.31,367.82,20609015,367.15
2020-08-13,TSLA,157.24,158.06,155.93,156.27,56783545,156.06
2020-08-14,AAPL,104.37,104.89,103.9,104.03,115532792,103.78
2020-08-14,AMZN,133.07,133.84,132.36,132.78,74316437,132.55
2020-08-14,GOOGL,68.61,69.61,67.8,68.17,51747952,67.86
2020-08-14,MSFT,365.19,365.97,364.57,365.76,64140197,364.11
2020-08-14,TSLA,149.66,150.77,147.33,149.74,78880895,149.7
2020-08-17,AAPL,104.93,106.17,103.95,105.16,160749579,105.13
2020-08-17,AMZN,137.66,138.22,137.19,137.94,102331559,137.43
2020-08-17,GOOGL,69.86,70.69,69.38,69.95,12519112,69.64
2020-08-17,MSFT,366.14,368.45,364.55,366.01,42825405,365.27
2020-08-17,TSLA,150.61,151.94,150.0,151.29,129162724,151.1
2020-08-18,AAPL,105.33,105.99,104.67,104.83,61473935,104.62
2020-08-18,AMZN,138.83,140.01,138.31,138.8,31480549,138.32
2020-08-18,GOOGL,68.3,68.56,67.87,68.48,24969452,68.35
2020-08-18,MSFT,370.77,375.66,366.24,369.78,24164352,368.23
2020-08-18,TSLA,151.41,152.82,150.42,151.62,61065948,151.43
2020-08-19,AAPL,107.7,108.43,106.39,107.72,61818916,107.22
2020-08-19,AMZN,137.94,139.59,137.17,139.06,43453455,138.65
2020-08-19,GOOGL,68.86,69.35,68.63,69.34,34735135,69.16
2020-08-19,MSFT,371.07,378.1,367.81,371.1,18968882,369.44
2020-08-19,TSLA,154.38,155.66,152.77,154.25,163829091,153.92
2020-08-20,AAPL,102.5,102.94,102.16,102.7,131881000,102.58
2020-08-20,AMZN,137.85,138.48,136.4,136.9,50159518,136.71
2020-08-20,GOOGL,70.44,70.61,70.31,70.5,28510581,70.24
2020-08-20,MSFT,362.02,363.42,359.88,361.28,29936365,360.52
2020-08-20,TSLA,153.51,154.22,152.29,153.64,123374991,152.88
2020-08-21,AAPL,104.06,104.66,102.95,103.48,109629615,103.11
2020-08-21,AMZN,137.37,138.41,136.56,137.92,22855738,137.59
2020-08-21,GOOGL,71.78,72.08,71.47,71.92,13744796,71.89
2020-08-21,MSFT,352.77,353.95,352.18,353.8,60337453,353.43
2020-08-21,TSLA,150.17,151.83,149.02,150.03,44780113,149.67
2020-08-24,AAPL,102.3,102.67,102.14,102.57,91985479,102.32
2020-08-24,AMZN,138.0,139.11,137.28,137.39,99566063,136.73
2020-08-24,GOOGL,72.84,74.44,71.68,72.99,30729868,72.71
2020-08-24,MSFT,349.99,355.88,345.09,354.41,37309263,353.76
2020-08-24,TSLA,149.1,150.76,148.22,149.82,169984001,149.1
2020-08-25,AAPL,101.35,102.59,100.45,101.7,65179999,101.19
2020-08-25,AMZN,146.14,147.06,145.08,145.18,22306705,144.64
2020-08-25,GOOGL,74.59,75.05,74.14,74.6,49321889,74.25
2020-08-25,MSFT,370.21,371.52,367.85,370.86,58590115,369.96
2020-08-25,TSLA,149.11,150.88,148.15,149.18,67650058,148.91
2020-08-26,AAPL,103.2,104.39,102.15,102.97,75622050,102.63
2020-08-26,AMZN,145.82,146.82,145.28,145.28,38759623,145.04
2020-08-26,GOOGL,75.79,76.01,75.5,75.79,36214826,75.62
2020-08-26,MSFT,380.24,385.75,375.72,379.44,65679895,377.63
2020-08-26,TSLA,150.34,152.06,148.25,148.54,188668431,147.84
2020-08-27,AAPL,103.81,104.94,103.14,103.86,85415505,103.81
2020-08-27,AMZN,150.77,151.68,148.97,149.08,31124598,148.67
2020-08-27,GOOGL,77.52,78.44,76.02,76.53,27983731,76.22
2020-08-27,MSFT,380.01,382.68,376.61,378.83,42766404,378.28
2020-08-27,TSLA,148.71,149.14,147.76,148.99,71716730,148.49
2020-08-28,AAPL,101.92,104.53,100.63,102.78,110407562,102.63
2020-08-28,AMZN,144.49,145.71,141.66,143.18,94621380,142.74
2020-08-28,GOOGL,77.45,77.68,77.22,77.39,12874410,77.15
2020-08-28,MSFT,373.36,373.79,372.79,373.13,40690763,371.37
2020-08-28,TSLA,148.94,149.69,148.12,148.33,193950781,148.2
2020-08-31,AAPL,104.61,105.22,103.9,104.62,169119937,104.12
2020-08-31,AMZN,143.58,145.34,142.46,143.12,46481381,142.79
2020-08-31,GOOGL,79.01,81.06,77.7,79.05,30514716,79.04
2020-08-31,MSFT,373.67,377.6,368.97,376.7,17763780,375.87
2020-08-31,TSLA,146.64,148.0,145.95,147.06,133698102,146.71
2020-09-01,AAPL,106.5,107.78,104.54,105.87,46762298,105.62
2020-09-01,AMZN,145.41,146.05,143.93,144.72,111142889,144.46
2020-09-01,GOOGL,76.32,76.41,76.28,76.34,52008594,76.16
2020-09-01,MSFT,377.51,380.9,372.63,377.37,25475829,377.16
2020-09-01,TSLA,143.42,144.56,142.41,144.49,46070346,144.38
2020-09-02,AAPL,105.88,106.89,103.81,104.0,151160910,103.85
2020-09-02,AMZN,146.36,148.86,145.02,145.32,58318744,144.92
2020-09-02,GOOGL,78.49,78.61,78.24,78.42,40246690,78.09
2020-09-02,MSFT,377.89,387.19,372.49,378.48,58319774,378.35
2020-09-02,TSLA,144.65,145.17,143.48,144.48,44718839,144.22
2020-09-03,AAPL,104.64,105.66,103.15,103.44,156083490,103.06
2020-09-03,AMZN,147.86,148.3,147.04,147.96,97001578,147.45
2020-09-03,GOOGL,75.68,75.93,75.3,75.65,23291965,75.28
2020-09-03,MSFT,382.46,385.82,378.07,383.87,48942494,382.5
2020-09-03,TSLA,140.43,142.27,138.47,139.88,51108451,139.84
2020-09-04,AAPL,104.31,105.06,103.72,104.39,80327905,104.38
2020-09-04,AMZN,145.26,146.78,143.44,145.69,103715838,145.14
2020-09-04,GOOGL,74.79,76.41,73.01,75.08,20955430,74.72
2020-09-04,MSFT,384.7,389.02,382.09,383.69,33135095,383.62
2020-09-04,TSLA,140.12,141.52,138.19,139.59,110604950,139.09
2020-09-07,AAPL,105.73,106.23,104.67,105.25,103461260,104.92
2020-09-07,AMZN,144.87,146.06,143.6,144.72,64919924,144.4
2020-09-07,GOOGL,73.03,73.72,72.36,73.6,10829539,73.29
2020-09-07,MSFT,380.69,383.62,377.97,378.61,37288210,377.49
2020-09-07,TSLA,142.1,143.71,140.05,142.13,161515370,141.95
2020-09-08,AAPL,108.52,109.05,107.76,108.45,87347125,107.93
2020-09-08,AMZN,144.12,145.45,142.68,143.84,72572181,143.8
2020-09-08,GOOGL,75.92,76.53,75.25,75.62,49986662,75.37
2020-09-08,MSFT,380.0,384.33,375.46,381.69,40513476,381.23
2020-09-08,TSLA,146.17,147.3,145.39,146.81,123194663,146.12
2020-09-09,AAPL,105.21,105.98,104.4,105.52,171253079,105.02
2020-09-09,AMZN,148.44,149.19,147.84,148.86,76934947,148.19
2020-09-09,GOOGL,73.29,73.7,72.68,73.67,14943689,73.45
2020-09-09,MSFT,391.74,395.31,388.78,391.15,60665689,390.8
2020-09-09,TSLA,144.92,146.27,144.28,145.81,142952573,145.76
2020-09-10,AAPL,108.13,108.98,106.6,106.65,57812808,106.54
2020-09-10,AMZN,146.16,147.48,145.07,146.16,38945273,146.08
2020-09-10,GOOGL,71.1,71.31,70.9,71.18,28357091,71.0
2020-09-10,MSFT,390.15,398.46,385.99,391.86,63312128,390.11
2020-09-10,TSLA,145.03,146.56,142.57,143.99,72003904,143.69
2020-09-11,AAPL,102.76,103.9,101.96,102.55,157483620,102.38
2020-09-11,AMZN,143.12,143.95,142.69,142.94,49328759,142.38
2020-09-11,GOOGL,72.91,73.7,71.52,72.61,43832187,72.41
2020-09-11,MSFT,377.8,381.86,369.78,378.67,36708624,378.64
2020-09-11,TSLA,141.87,142.63,140.63,141.23,177894028,140.83
2020-09-14,AAPL,101.0,101.77,100.05,100.98,114331421,100.9
2020-09-14,AMZN,144.63,145.87,142.0,144.48,81533122,143.87
2020-09-14,GOOGL,73.93,75.5,71.96,74.66,35086354,74.53
2020-09-14,MSFT,371.34,375.38,368.91,370.3,50669995,368.54
2020-09-14,TSLA,138.85,140.43,136.34,138.0,77037732,137.51
2020-09-15,AAPL,99.18,100.52,98.2,100.34,82826024,100.15
2020-09-15,AMZN,144.8,146.26,143.69,145.74,112114490,145.46
2020-09-15,GOOGL,77.26,78.18,76.1,76.81,33388411,76.68
2020-09-15,MSFT,359.15,362.82,355.71,362.53,20826359,361.18
2020-09-15,TSLA,132.71,134.28,131.89,131.95,62884417,131.89
2020-09-16,AAPL,101.23,102.59,100.06,101.11,41842860,101.0
2020-09-16,AMZN,138.01,138.48,136.98,138.4,88350114,138.17
2020-09-16,GOOGL,74.58,74.93,74.31,74.66,27735995,74.36
2020-09-16,MSFT,360.95,362.58,359.09,359.91,44806824,358.22
2020-09-16,TSLA,136.41,137.94,134.61,136.46,117365497,136.44
2020-09-17,AAPL,99.92,102.22,98.82,100.17,85844630,100.14
2020-09-17,AMZN,141.95,143.11,141.28,142.18,67247301,141.54
2020-09-17,GOOGL,74.56,75.34,73.5,74.78,31205650,74.73
2020-09-17,MSFT,351.71,357.4,347.26,350.08,34486101,349.73
2020-09-17,TSLA,137.04,138.29,135.95,136.57,162813944,136.21
2020-09-18,AAPL,102.74,104.13,101.02,102.42,60654868,102.13
2020-09-18,AMZN,141.72,144.57,138.26,140.74,51108883,140.63
2020-09-18,GOOGL,72.66,72.85,72.23,72.46,35133226,72.23
2020-09-18,MSFT,336.6,339.58,333.6,338.02,28473868,337.56
2020-09-18,TSLA,136.51,137.29,135.31,136.74,166325781,136.53
2020-09-21,AAPL,101.22,102.01,100.52,101.69,173173098,101.22
2020-09-21,AMZN,142.62,144.48,138.41,143.48,50067282,143.14
2020-09-21,GOOGL,71.39,71.93,70.98,71.83,52354878,71.78
2020-09-21,MSFT,336.93,341.58,326.62,330.84,45984919,330.63
2020-09-21,TSLA,137.28,140.6,135.28,138.83,170045155,138.35
2020-09-22,AAPL,101.04,101.57,99.88,99.97,48315704,99.67
2020-09-22,AMZN,140.62,142.18,139.61,141.54,70835746,141.28
2020-09-22,GOOGL,72.24,72.96,71.42,71.91,54273066,71.65
2020-09-22,MSFT,334.36,334.46,334.3,334.45,17086392,333.66
2020-09-22,TSLA,144.37,145.72,142.51,142.91,193977370,142.77
2020-09-23,AAPL,100.97,102.87,99.35,101.6,70055781,101.2
2020-09-23,AMZN,140.95,142.2,138.67,140.18,60893084,139.98
2020-09-23,GOOGL,71.74,72.63,71.33,72.59,44335872,72.29
2020-09-23,MSFT,333.9,337.33,330.81,331.31,27673858,330.28
2020-09-23,TSLA,145.94,149.31,143.31,145.84,101835840,145.8
2020-09-24,AAPL,100.71,102.03,99.78,99.93,126572873,99.92
2020-09-24,AMZN,138.27,139.68,136.27,137.92,64716879,137.83
2020-09-24,GOOGL,71.71,71.88,71.6,71.68,15811138,71.66
2020-09-24,MSFT,342.01,349.12,338.24,343.76,17002363,343.17
2020-09-24,TSLA,146.99,148.98,142.98,145.76,119985078,145.21
2020-09-25,AAPL,98.48,98.88,98.02,98.67,121805424,98.49
2020-09-25,AMZN,134.39,136.74,132.91,135.0,62376388,134.62
2020-09-25,GOOGL,72.03,72.85,71.22,71.98,31362750,71.66
2020-09-25,MSFT,333.25,335.93,328.94,330.08,60039546,329.58
2020-09-25,TSLA,142.63,144.31,140.19,141.88,180057319,141.41
2020-09-28,AAPL,98.43,99.62,97.02,98.21,77058664,97.85
2020-09-28,AMZN,137.74,139.16,136.39,136.8,94936561,136.63
2020-09-28,GOOGL,69.79,70.28,69.03,69.96,15492419,69.68
2020-09-28,MSFT,322.76,324.22,321.8,323.54,29023567,322.24
2020-09-28,TSLA,143.98,145.22,142.99,144.61,122505759,144.34
2020-09-29,AAPL,99.76,100.37,99.38,100.04,116612365,99.89
2020-09-29,AMZN,136.17,137.18,135.46,135.5,47214545,135.35
2020-09-29,GOOGL,69.32,69.87,68.44,69.63,24144169,69.32
2020-09-29,MSFT,325.51,332.15,321.19,327.42,36010798,326.82
2020-09-29,TSLA,145.75,146.84,143.71,146.56,58080879,145.91
2020-09-30,AAPL,99.58,101.73,98.64,100.68,115941352,100.31
2020-09-30,AMZN,136.59,137.33,134.89,135.19,116339292,135.0
2020-09-30,GOOGL,71.66,71.92,71.12,71.72,52936917,71.71
2020-09-30,MSFT,334.42,338.55,331.49,333.74,53598150,332.8
2020-09-30,TSLA,143.05,144.58,142.34,144.37,136442430,143.98
2020-10-01,AAPL,100.92,101.83,100.38,101.75,128834311,101.74
2020-10-01,AMZN,135.81,136.76,134.1,135.39,116226760,135.02
2020-10-01,GOOGL,70.76,71.3,70.42,70.86,25310135,70.61
2020-10-01,MSFT,331.68,338.6,327.63,330.75,15564342,330.41
2020-10-01,TSLA,141.5,142.37,140.43,140.87,189104879,140.45
2020-10-02,AAPL,101.73,102.22,101.0,101.17,163695007,100.88
2020-10-02,AMZN,134.5,136.46,130.87,132.72,67164864,132.3
2020-10-02,GOOGL,69.96,70.31,69.5,69.82,39421209,69.5
2020-10-02,MSFT,342.08,343.05,339.9,341.55,50732085,340.27
2020-10-02,TSLA,141.78,142.49,141.24,142.08,55928686,142.03
2020-10-05,AAPL,100.54,102.34,98.3,100.41,66851179,100.26
2020-10-05,AMZN,133.86,135.55,132.86,134.37,61541490,133.9
2020-10-05,GOOGL,69.49,70.55,68.83,69.58,13545193,69.33
2020-10-05,MSFT,352.76,357.16,345.17,347.18,23421355,346.55
2020-10-05,TSLA,135.06,136.16,134.25,135.75,139335929,135.14
2020-10-06,AAPL,102.58,103.38,102.23,102.93,67766181,102.53
2020-10-06,AMZN,135.19,137.07,134.04,135.11,98018813,134.65
2020-10-06,GOOGL,68.7,69.21,68.32,68.58,46915525,68.3
2020-10-06,MSFT,353.4,356.72,350.65,351.8,14421383,351.3
2020-10-06,TSLA,135.44,136.29,134.4,136.24,66294276,135.58
2020-10-07,AAPL,101.83,102.28,101.18,101.27,119369368,101.1
2020-10-07,AMZN,130.05,131.7,128.56,129.78,67894086,129.47
2020-10-07,GOOGL,67.09,67.23,66.96,66.98,12512719,66.97
2020-10-07,MSFT,349.19,354.49,346.85,353.02,49512293,351.66
2020-10-07,TSLA,138.63,139.58,137.14,137.21,183294780,136.66
2020-10-08,AAPL,100.1,100.48,99.45,99.99,166310313,99.76
2020-10-08,AMZN,128.36,128.93,127.56,128.76,60617687,128.66
2020-10-08,GOOGL,67.59,68.12,66.79,66.94,18582276,66.79
2020-10-08,MSFT,353.67,356.28,350.94,355.82,52712573,355.43
2020-10-08,TSLA,141.1,143.4,139.35,139.65,155839841,139.45
2020-10-09,AAPL,101.13,102.39,99.84,100.89,41858055,100.57
2020-10-09,AMZN,128.87,129.48,128.31,129.29,80424610,128.77
2020-10-09,GOOGL,66.08,66.45,65.47,66.0,49569554,65.98
2020-10-09,MSFT,358.79,360.15,357.02,359.39,17602509,358.08
2020-10-09,TSLA,136.6,137.89,135.59,137.63,164942023,137.55
2020-10-12,AAPL,102.17,102.72,101.59,102.53,70714906,102.21
2020-10-12,AMZN,129.03,130.22,128.28,129.06,36209398,128.78
2020-10-12,GOOGL,68.65,69.29,67.16,67.71,10615494,67.49
2020-10-12,MSFT,368.12,370.1,364.26,365.12,55507756,363.42
2020-10-12,TSLA,133.31,134.72,132.6,134.62,96217199,134.24
2020-10-13,AAPL,103.49,104.02,102.84,103.12,67767239,102.97
2020-10-13,AMZN,127.03,128.77,124.79,127.62,33436877,127.28
2020-10-13,GOOGL,68.79,69.73,68.18,68.93,41910572,68.61
2020-10-13,MSFT,368.81,372.45,363.29,369.94,28160736,369.58
2020-10-13,TSLA,134.38,135.71,132.88,134.85,132954506,134.34
2020-10-14,AAPL,105.86,107.9,103.27,105.85,166824409,105.36
2020-10-14,AMZN,128.14,128.21,127.98,128.12,119366122,128.01
2020-10-14,GOOGL,70.21,70.93,69.32,70.02,44297699,69.98
2020-10-14,MSFT,368.63,372.79,365.73,366.46,39433475,365.66
2020-10-14,TSLA,136.35,136.53,136.03,136.36,102744029,136.06
2020-10-15,AAPL,105.01,105.92,104.35,104.84,104378898,104.34
2020-10-15,AMZN,127.11,127.85,126.48,127.68,101838804,127.07
2020-10-15,GOOGL,69.36,69.67,68.84,68.98,50260043,68.64
2020-10-15,MSFT,369.45,375.35,365.9,372.25,58782437,371.74
2020-10-15,TSLA,136.18,138.24,134.15,135.23,124639361,134.57
2020-10-16,AAPL,105.11,105.78,104.76,104.78,142079464,104.47
2020-10-16,AMZN,128.68,129.76,126.86,127.6,91747469,127.24
2020-10-16,GOOGL,69.01,69.39,68.68,68.96,22215729,68.72
2020-10-16,MSFT,374.38,378.62,370.48,376.29,20567379,375.41
2020-10-16,TSLA,133.91,135.43,132.65,133.46,102859943,133.09
2020-10-19,AAPL,102.54,103.44,102.1,102.44,58733125,102.27
2020-10-19,AMZN,123.96,125.78,123.09,125.67,31472892,125.29
2020-10-19,GOOGL,69.21,69.5,69.09,69.31,24062745,69.03
2020-10-19,MSFT,365.97,374.17,362.13,372.92,33713008,371.54
2020-10-19,TSLA,133.76,135.5,131.68,134.81,134331517,134.51
2020-10-20,AAPL,101.97,102.12,101.76,101.96,47902188,101.6
2020-10-20,AMZN,122.79,123.28,122.48,123.12,30214583,122.92
2020-10-20,GOOGL,67.67,67.89,67.38,67.45,15458711,67.17
2020-10-20,MSFT,367.32,368.26,365.78,367.1,35732560,365.53
2020-10-20,TSLA,131.77,132.55,131.09,131.83,139007059,131.24
2020-10-21,AAPL,98.46,100.99,96.46,100.0,82945638,99.91
2020-10-21,AMZN,121.74,123.04,119.69,120.63,98818939,120.32
2020-10-21,GOOGL,65.12,66.61,64.13,65.4,32070678,65.09
2020-10-21,MSFT,364.67,367.82,362.87,365.23,33822273,364.42
2020-10-21,TSLA,132.38,133.18,131.33,131.77,61543076,131.41
2020-10-22,AAPL,102.4,103.09,101.03,102.27,169205362,101.92
2020-10-22,AMZN,117.82,119.23,116.06,118.12,68913218,117.81
2020-10-22,GOOGL,65.27,65.79,64.57,65.37,54680657,65.18
2020-10-22,MSFT,372.55,373.5,371.75,373.13,12525197,372.52
2020-10-22,TSLA,133.84,135.73,132.81,133.56,123348943,133.51
2020-10-23,AAPL,103.74,105.18,102.17,102.46,104451076,102.04
2020-10-23,AMZN,120.66,122.75,119.62,121.73,28471983,121.31
2020-10-23,GOOGL,65.22,65.37,64.97,65.06,30859850,64.97
2020-10-23,MSFT,381.05,385.57,377.28,379.07,49833573,378.28
2020-10-23,TSLA,134.93,135.23,134.31,134.97,187794205,134.45
2020-10-26,AAPL,100.86,101.42,99.89,100.92,155662056,100.79
2020-10-26,AMZN,117.9,118.86,116.56,118.14,98541923,117.62
2020-10-26,GOOGL,65.2,65.97,64.52,65.12,15895654,65.02
2020-10-26,MSFT,364.23,365.89,361.98,364.89,32017917,364.67
2020-10-26,TSLA,135.61,136.49,134.64,135.86,89043093,135.65
2020-10-27,AAPL,104.84,106.1,104.09,104.68,131928741,104.28
2020-10-27,AMZN,119.43,119.81,119.19,119.34,112020980,119.11
2020-10-27,GOOGL,63.82,65.89,62.66,64.55,16289724,64.41
2020-10-27,MSFT,363.51,364.36,362.29,362.85,55961238,361.95
2020-10-27,TSLA,133.57,134.01,132.99,133.15,142075067,132.49
2020-10-28,AAPL,101.65,103.11,100.81,102.97,44031824,102.46
2020-10-28,AMZN,118.13,118.29,117.91,118.12,102108929,117.84
2020-10-28,GOOGL,64.37,65.68,63.41,65.37,23370272,65.14
2020-10-28,MSFT,369.6,372.17,367.94,368.77,25876384,367.59
2020-10-28,TSLA,134.48,135.46,133.22,133.31,72900746,133.21
2020-10-29,AAPL,102.33,103.22,101.42,101.68,119516386,101.3
2020-10-29,AMZN,121.64,122.64,121.06,121.69,107826530,121.16
2020-10-29,GOOGL,66.11,66.43,65.69,66.16,45943711,65.92
2020-10-29,MSFT,371.01,373.54,369.39,371.95,64333647,371.28
2020-10-29,TSLA,132.82,133.63,131.57,131.88,144321409,131.47
2020-10-30,AAPL,100.78,101.33,100.43,101.15,63615764,101.13
2020-10-30,AMZN,119.35,119.85,118.21,118.3,94968419,118.21
2020-10-30,GOOGL,66.02,67.03,64.74,65.28,49699558,65.09
2020-10-30,MSFT,369.48,372.07,364.5,367.57,48061986,367.32
2020-10-30,TSLA,134.2,135.09,132.73,133.4,49131319,133.04
2020-11-02,AAPL,103.42,105.62,101.08,103.04,132285892,102.89
2020-11-02,AMZN,120.45,121.08,120.11,120.71,67898575,120.54
2020-11-02,GOOGL,66.18,66.53,65.91,66.51,40250142,66.49
2020-11-02,MSFT,367.56,373.88,362.94,369.26,24872827,368.32
2020-11-02,TSLA,135.96,137.87,133.3,136.9,112719720,136.4
2020-11-03,AAPL,98.75,99.58,98.03,99.58,157355883,99.4
2020-11-03,AMZN,119.56,120.63,118.52,120.47,27060655,120.27
2020-11-03,GOOGL,63.01,63.92,62.4,62.97,51354069,62.86
2020-11-03,MSFT,359.24,361.42,354.55,361.05,57348337,360.94
2020-11-03,TSLA,136.2,137.23,134.95,137.0,108675003,136.45
2020-11-04,AAPL,97.23,97.9,96.71,97.8,52569242,97.65
2020-11-04,AMZN,122.49,124.8,120.89,121.74,49581694,121.62
2020-11-04,GOOGL,63.64,64.15,62.74,63.32,23147956,63.3
2020-11-04,MSFT,359.17,362.52,357.08,357.69,14145374,356.16
2020-11-04,TSLA,135.89,138.8,134.05,136.98,49056021,136.31
2020-11-05,AAPL,98.12,98.83,96.76,98.28,61421559,98.03
2020-11-05,AMZN,124.25,125.52,121.96,123.09,98220796,122.84
2020-11-05,GOOGL,65.45,65.81,64.66,65.42,15529401,65.18
2020-11-05,MSFT,359.31,360.18,357.75,360.0,37112384,359.39
2020-11-05,TSLA,138.26,138.97,137.7,138.49,40441864,138.15
2020-11-06,AAPL,96.43,97.83,94.7,97.77,131162954,97.41
2020-11-06,AMZN,123.69,123.78,123.62,123.67,23513939,123.5
2020-11-06,GOOGL,65.62,66.09,64.8,65.73,33208128,65.53
2020-11-06,MSFT,373.72,377.42,370.74,373.06,56141504,371.37
2020-11-06,TSLA,133.43,134.45,132.04,132.5,99946120,132.09
2020-11-09,AAPL,96.69,97.28,95.7,95.85,153438968,95.6
2020-11-09,AMZN,123.91,124.78,122.24,124.07,95878339,123.66
2020-11-09,GOOGL,65.1,65.69,64.53,65.27,43595500,65.21
2020-11-09,MSFT,370.34,374.04,364.35,368.85,33717203,368.24
2020-11-09,TSLA,131.41,132.22,130.47,131.48,49898538,131.07
2020-11-10,AAPL,97.68,98.5,96.22,97.77,159088622,97.51
2020-11-10,AMZN,123.41,124.42,121.64,122.97,92869195,122.75
2020-11-10,GOOGL,65.57,65.75,65.4,65.52,17790644,65.21
2020-11-10,MSFT,359.99,364.14,357.47,360.03,34922804,359.73
2020-11-10,TSLA,130.7,132.69,129.48,131.26,120856150,131.05
2020-11-11,AAPL,97.26,97.66,96.62,97.44,161855460,97.05
2020-11-11,AMZN,124.42,124.81,124.02,124.2,78348129,124.09
2020-11-11,GOOGL,64.25,65.17,63.82,64.84,11619542,64.79
2020-11-11,MSFT,366.36,371.15,357.49,360.09,28676221,359.55
2020-11-11,TSLA,127.68,128.73,126.8,128.05,160383628,127.99
2020-11-12,AAPL,99.76,101.63,98.24,98.96,147749294,98.68
2020-11-12,AMZN,128.1,128.92,127.28,127.94,83840256,127.85
2020-11-12,GOOGL,65.74,66.51,64.26,65.14,13158847,65.14
2020-11-12,MSFT,358.57,359.79,357.53,358.09,35814302,357.41
2020-11-12,TSLA,127.36,127.69,127.09,127.68,165499025,127.29
2020-11-13,AAPL,99.47,100.65,98.54,99.36,85644791,98.9
2020-11-13,AMZN,127.18,129.57,126.13,127.25,43044742,126.76
2020-11-13,GOOGL,63.49,64.11,62.93,63.78,48773467,63.51
2020-11-13,MSFT,356.34,357.86,353.64,356.61,17047861,354.9
2020-11-13,TSLA,125.83,126.23,125.31,126.01,167903789,125.63
2020-11-16,AAPL,99.39,100.91,97.25,98.31,33204370,97.93
2020-11-16,AMZN,128.08,129.61,126.32,127.77,109676406,127.54
2020-11-16,GOOGL,64.68,65.05,64.46,64.67,20742796,64.64
2020-11-16,MSFT,349.97,352.17,348.53,352.14,50122691,350.91
2020-11-16,TSLA,126.59,127.57,125.57,126.3,143381570,125.92
2020-11-17,AAPL,98.9,100.85,98.05,100.6,147847228,100.48
2020-11-17,AMZN,128.27,129.68,127.14,129.08,100206515,128.91
2020-11-17,GOOGL,64.73,65.13,63.8,64.53,43902465,64.52
2020-11-17,MSFT,350.07,351.08,348.32,350.78,34111296,350.11
2020-11-17,TSLA,127.89,129.98,126.88,129.46,54767784,129.33
2020-11-18,AAPL,99.15,99.4,98.75,99.3,140251566,99.2
2020-11-18,AMZN,131.41,132.21,130.11,130.48,52446710,130.33
2020-11-18,GOOGL,64.71,64.99,64.46,64.64,39096877,64.43
2020-11-18,MSFT,350.77,352.46,349.08,351.7,52282207,350.81
2020-11-18,TSLA,129.56,130.16,128.62,128.98,111963498,128.87
2020-11-19,AAPL,102.69,103.33,101.86,101.93,121348225,101.8
2020-11-19,AMZN,127.59,128.71,126.85,127.47,37625073,127.23
2020-11-19,GOOGL,65.99,66.58,64.71,65.3,51882005,65.23
2020-11-19,MSFT,344.89,347.47,342.35,346.66,39967773,346.45
2020-11-19,TSLA,127.92,129.73,126.95,128.63,50539610,128.08
2020-11-20,AAPL,101.41,101.73,100.79,101.15,141255006,100.94
2020-11-20,AMZN,126.9,129.1,124.13,126.78,102663668,126.73
2020-11-20,GOOGL,66.96,67.56,66.33,66.41,44440839,66.37
2020-11-20,MSFT,346.03,350.01,341.92,346.06,63320905,345.46
2020-11-20,TSLA,130.73,131.63,129.34,129.94,82279251,129.89
2020-11-23,AAPL,102.35,102.98,101.64,102.02,123064350,101.59
2020-11-23,AMZN,129.1,130.08,127.6,127.88,64142070,127.33
2020-11-23,GOOGL,64.93,66.16,64.39,65.71,19009942,65.41
2020-11-23,MSFT,325.45,329.02,321.06,328.03,46547672,327.35
2020-11-23,TSLA,126.89,127.54,126.09,127.37,141821373,126.9
2020-11-24,AAPL,104.88,105.65,104.3,105.37,66776090,104.96
2020-11-24,AMZN,133.15,133.85,131.55,132.89,63269122,132.56
2020-11-24,GOOGL,66.73,67.29,66.35,66.9,53197145,66.69
2020-11-24,MSFT,324.21,330.43,320.68,323.23,15074487,322.39
2020-11-24,TSLA,125.22,125.77,124.96,125.25,125000766,124.83
2020-11-25,AAPL,104.61,105.23,103.97,104.17,59060534,103.69
2020-11-25,AMZN,135.84,136.5,134.38,134.46,100884423,134.06
2020-11-25,GOOGL,67.36,67.71,66.71,67.11,29095216,67.09
2020-11-25,MSFT,321.77,321.98,321.34,321.88,32758583,320.42
2020-11-25,TSLA,125.82,126.88,124.48,126.08,62849934,125.81
2020-11-26,AAPL,103.41,104.37,101.87,102.5,71160229,102.34
2020-11-26,AMZN,137.98,138.56,137.19,137.48,83521929,137.32
2020-11-26,GOOGL,66.95,67.76,65.73,65.77,13292879,65.47
2020-11-26,MSFT,326.39,329.32,321.32,321.87,59121370,320.34
2020-11-26,TSLA,124.06,124.99,121.96,124.23,144395181,123.93
2020-11-27,AAPL,104.47,104.55,104.36,104.43,78729699,104.05
2020-11-27,AMZN,134.01,134.92,133.6,134.57,65297719,134.41
2020-11-27,GOOGL,65.85,67.27,64.43,65.56,54172479,65.51
2020-11-27,MSFT,313.87,316.07,311.32,314.18,31493716,313.93
2020-11-27,TSLA,126.44,128.24,122.68,127.19,135974581,127.01
2020-11-30,AAPL,105.72,106.79,105.0,105.58,127323528,105.49
2020-11-30,AMZN,129.21,130.67,128.35,130.07,101824193,129.85
2020-11-30,GOOGL,63.6,63.77,63.34,63.61,21946295,63.36
2020-11-30,MSFT,309.71,312.3,307.96,311.2,21605014,309.91
2020-11-30,TSLA,127.93,128.49,126.94,127.78,147972956,127.41
2020-12-01,AAPL,102.76,103.9,102.08,103.02,44727432,102.86
2020-12-01,AMZN,128.43,129.78,127.05,127.48,77144888,127.41
2020-12-01,GOOGL,62.89,63.59,62.08,62.97,25664299,62.87
2020-12-01,MSFT,309.61,317.0,305.26,312.85,65469331,311.95
2020-12-01,TSLA,127.35,129.1,126.59,127.05,92596180,126.51
2020-12-02,AAPL,101.64,103.56,100.75,101.18,128026024,100.84
2020-12-02,AMZN,126.23,128.71,124.68,126.86,36791238,126.32
2020-12-02,GOOGL,62.12,62.42,61.63,62.29,49968005,62.05
2020-12-02,MSFT,313.7,315.01,312.5,314.79,35535419,314.01
2020-12-02,TSLA,129.69,130.26,129.43,129.82,48890418,129.62
2020-12-03,AAPL,98.81,99.15,98.01,98.36,150859855,98.28
2020-12-03,AMZN,125.88,127.45,124.46,127.12,30851182,127.11
2020-12-03,GOOGL,63.86,64.27,63.42,63.96,16069368,63.65
2020-12-03,MSFT,315.86,319.08,310.02,315.44,13581194,314.56
2020-12-03,TSLA,131.17,133.04,129.56,130.84,192781443,130.64
2020-12-04,AAPL,100.07,101.05,98.32,99.22,175658474,98.84
2020-12-04,AMZN,128.63,130.08,126.96,129.07,71927122,128.59
2020-12-04,GOOGL,61.69,62.4,61.35,62.12,18536336,61.91
2020-12-04,MSFT,328.96,330.54,327.42,329.54,49093138,329.16
2020-12-04,TSLA,129.52,131.11,128.84,130.58,48847917,130.27
2020-12-07,AAPL,99.99,100.46,99.74,100.34,35229328,100.02
2020-12-07,AMZN,130.89,132.09,128.49,129.74,23072001,129.16
2020-12-07,GOOGL,60.87,61.96,60.17,60.82,48124426,60.66
2020-12-07,MSFT,320.63,323.02,315.06,319.84,57827926,318.65
2020-12-07,TSLA,131.58,132.26,130.7,131.08,135974113,131.04
2020-12-08,AAPL,100.86,102.71,99.66,100.98,34070928,100.86
2020-12-08,AMZN,131.11,131.81,129.63,130.05,107197640,129.84
2020-12-08,GOOGL,62.64,63.0,61.82,62.73,44672021,62.72
2020-12-08,MSFT,317.04,320.22,312.03,316.46,57967290,315.3
2020-12-08,TSLA,129.95,131.75,128.12,130.97,60415781,130.76
2020-12-09,AAPL,98.61,100.2,97.88,98.62,152545226,98.43
2020-12-09,AMZN,130.69,131.19,129.71,130.39,73670999,130.33
2020-12-09,GOOGL,60.1,60.57,59.07,59.42,24604835,59.36
2020-12-09,MSFT,316.01,321.68,313.05,315.65,48946678,314.3
2020-12-09,TSLA,130.24,131.31,129.44,130.78,87192383,130.78
2020-12-10,AAPL,102.75,103.48,101.92,102.22,174657798,102.1
2020-12-10,AMZN,131.68,132.48,130.45,130.95,71908366,130.9
2020-12-10,GOOGL,59.2,59.96,58.76,59.79,25632881,59.77
2020-12-10,MSFT,325.17,327.69,321.18,322.49,65960932,322.25
2020-12-10,TSLA,129.16,130.19,126.85,129.22,149629031,128.94
2020-12-11,AAPL,104.85,106.39,103.56,104.18,64958066,103.97
2020-12-11,AMZN,132.99,134.14,132.3,132.53,25019774,132.09
2020-12-11,GOOGL,60.12,60.93,59.51,60.21,35334167,59.96
2020-12-11,MSFT,323.2,327.3,319.6,324.28,51447009,323.83
2020-12-11,TSLA,130.85,133.2,128.08,130.58,71269262,130.37
2020-12-14,AAPL,105.95,107.54,104.11,104.9,39682111,104.61
2020-12-14,AMZN,130.9,132.23,129.82,130.9,94562919,130.26
2020-12-14,GOOGL,60.49,60.92,60.09,60.48,43649437,60.27
2020-12-14,MSFT,330.57,333.53,327.32,331.4,26312350,330.38
2020-12-14,TSLA,131.13,132.77,129.15,130.5,46446588,129.86
2020-12-15,AAPL,106.46,108.12,105.1,106.6,167603646,106.16
2020-12-15,AMZN,130.35,131.57,129.39,129.59,27510231,129.07
2020-12-15,GOOGL,60.62,60.82,60.45,60.54,53600577,60.45
2020-12-15,MSFT,330.53,330.83,330.04,330.67,41307007,329.03
2020-12-15,TSLA,127.88,128.11,127.73,127.93,161376833,127.58
2020-12-16,AAPL,109.61,110.4,109.06,110.4,54493745,110.2
2020-12-16,AMZN,129.63,130.18,128.75,129.7,34292652,129.14
2020-12-16,GOOGL,60.95,61.45,59.84,61.09,40998991,61.06
2020-12-16,MSFT,317.38,320.84,310.28,319.82,14223574,319.31
2020-12-16,TSLA,132.8,133.67,132.42,132.95,43942776,132.48
2020-12-17,AAPL,113.84,114.73,112.59,113.1,97544766,112.91
2020-12-17,AMZN,128.98,132.97,126.56,131.1,84889363,130.48
2020-12-17,GOOGL,62.39,62.95,61.51,62.27,23351783,62.14
2020-12-17,MSFT,313.3,317.03,311.56,316.54,38955910,315.16
2020-12-17,TSLA,130.51,131.65,129.46,130.98,107052952,130.63
2020-12-18,AAPL,111.98,112.91,110.35,112.45,147604774,112.43
2020-12-18,AMZN,133.56,133.84,133.07,133.62,47461731,133.27
2020-12-18,GOOGL,60.98,61.61,60.66,61.08,47325098,60.95
2020-12-18,MSFT,336.28,340.72,333.13,333.34,25003162,331.88
2020-12-18,TSLA,132.51,133.34,131.72,132.75,187603887,132.57
2020-12-21,AAPL,112.57,115.55,110.01,114.21,54131510,113.97
2020-12-21,AMZN,130.55,131.37,129.1,130.68,35246134,130.32
2020-12-21,GOOGL,61.33,62.28,60.59,61.29,12849366,61.29
2020-12-21,MSFT,334.17,337.6,330.09,334.4,14205383,334.0
2020-12-21,TSLA,138.36,139.65,137.44,139.32,195872722,138.91
2020-12-22,AAPL,113.81,115.32,112.62,115.04,39486466,114.48
2020-12-22,AMZN,131.79,132.34,130.69,132.33,65563841,132.22
2020-12-22,GOOGL,59.96,60.05,59.88,60.01,39070463,59.81
2020-12-22,MSFT,332.97,336.91,329.71,336.5,21495398,336.03
2020-12-22,TSLA,138.52,140.16,137.47,139.0,41827731,138.38
2020-12-23,AAPL,118.86,119.48,118.12,118.33,158860112,118.26
2020-12-23,AMZN,129.97,130.05,129.87,130.03,95146836,129.79
2020-12-23,GOOGL,61.45,61.97,60.79,61.3,22599439,61.01
2020-12-23,MSFT,340.83,344.91,338.5,341.13,16158266,340.98
2020-12-23,TSLA,135.08,136.39,132.8,134.91,79751288,134.26
2020-12-24,AAPL,115.8,116.82,115.08,115.96,147580204,115.96
2020-12-24,AMZN,130.97,131.91,129.07,129.88,72968148,129.54
2020-12-24,GOOGL,61.51,62.83,60.26,61.7,41717087,61.49
2020-12-24,MSFT,338.71,341.78,334.37,336.94,59012164,335.56
2020-12-24,TSLA,135.18,136.56,133.02,136.02,37441541,135.97
2020-12-25,AAPL,114.45,114.71,114.21,114.31,154023862,113.78
2020-12-25,AMZN,129.27,129.54,129.15,129.25,71402765,129.0
2020-12-25,GOOGL,61.06,61.4,60.79,61.27,41733504,61.13
2020-12-25,MSFT,328.53,331.46,321.94,327.25,28141634,325.63
2020-12-25,TSLA,134.93,136.12,134.11,135.9,41320871,135.9
2020-12-28,AAPL,113.19,113.55,113.01,113.29,62354206,112.85
2020-12-28,AMZN,130.47,131.19,129.3,130.18,63295839,130.13
2020-12-28,GOOGL,62.71,64.15,60.93,63.28,39700117,63.06
2020-12-28,MSFT,320.33,320.52,320.07,320.31,36877746,319.8
2020-12-28,TSLA,134.62,136.06,133.86,134.15,183770009,133.7
2020-12-29,AAPL,112.38,114.12,111.49,111.8,56118716,111.32
2020-12-29,AMZN,127.98,130.09,125.92,129.7,115062625,129.48
2020-12-29,GOOGL,62.85,63.26,62.5,63.18,17628407,63.1
2020-12-29,MSFT,322.95,327.97,317.08,319.56,47954429,318.28
2020-12-29,TSLA,132.32,132.94,131.99,132.33,146077001,132.23
2020-12-30,AAPL,111.32,112.35,110.53,111.71,75111205,111.28
2020-12-30,AMZN,128.68,129.82,127.68,128.51,66712461,128.26
2020-12-30,GOOGL,63.66,64.36,63.35,63.58,14825611,63.29
2020-12-30,MSFT,316.85,323.5,311.48,317.17,20775278,315.98
2020-12-30,TSLA,131.78,133.61,129.54,131.5,51458999,131.2
2020-12-31,AAPL,110.23,110.94,109.66,110.43,129055165,109.92
2020-12-31,AMZN,131.15,131.79,130.37,130.58,42476326,130.47
2020-12-31,GOOGL,61.77,63.32,60.62,63.18,49168232,62.92
2020-12-31,MSFT,315.21,318.24,312.33,315.59,50266057,314.67
2020-12-31,TSLA,132.18,132.81,131.19,132.73,58848175,132.71
2021-01-01,AAPL,111.94,112.4,111.1,111.65,54309244,111.14
2021-01-01,AMZN,128.75,130.91,126.6,128.5,112049827,128.31
2021-01-01,GOOGL,62.64,63.6,62.2,62.69,40282768,62.63
2021-01-01,MSFT,320.41,322.03,317.63,320.51,65556042,319.9
2021-01-01,TSLA,130.14,131.6,128.5,129.57,105555394,129.05
2021-01-04,AAPL,111.05,112.35,109.62,109.82,147747904,109.35
2021-01-04,AMZN,125.19,126.32,124.62,125.4,80804444,125.35
2021-01-04,GOOGL,64.0,64.96,63.52,63.64,24183428,63.6
2021-01-04,MSFT,317.61,321.56,314.93,320.68,31156779,320.51
2021-01-04,TSLA,127.23,128.22,126.25,127.43,97732455,127.16
2021-01-05,AAPL,111.4,113.78,109.75,110.22,102248141,109.71
2021-01-05,AMZN,124.62,125.84,123.85,125.25,94337175,125.23
2021-01-05,GOOGL,62.84,63.94,61.85,63.34,30651243,63.33
2021-01-05,MSFT,321.21,323.87,316.19,321.51,58106408,320.86
2021-01-05,TSLA,129.7,131.47,128.0,128.64,75844968,128.48
2021-01-06,AAPL,109.61,110.71,107.75,108.26,40204936,107.94
2021-01-06,AMZN,119.97,121.72,118.88,121.45,93199745,121.2
2021-01-06,GOOGL,64.69,65.51,63.88,64.39,46600449,64.1
2021-01-06,MSFT,309.42,313.34,306.03,312.63,31095373,311.23
2021-01-06,TSLA,132.37,134.51,130.41,131.55,134678818,131.12
2021-01-07,AAPL,110.99,112.11,109.22,111.68,156157228,111.3
2021-01-07,AMZN,122.96,125.26,121.65,122.98,83721539,122.72
2021-01-07,GOOGL,64.25,64.87,63.56,64.27,31070188,64.23
2021-01-07,MSFT,300.53,303.74,297.66,302.28,14827460,302.27
2021-01-07,TSLA,131.78,133.02,130.78,132.04,53514412,132.0
2021-01-08,AAPL,114.45,115.01,113.16,113.35,160090780,112.99
2021-01-08,AMZN,121.15,121.66,120.01,120.21,97592897,120.12
2021-01-08,GOOGL,65.08,65.52,64.68,65.07,48910498,65.05
2021-01-08,MSFT,309.37,310.18,308.5,308.53,58999115,308.18
2021-01-08,TSLA,132.78,133.55,132.29,133.4,180561410,133.21
2021-01-11,AAPL,114.19,115.19,113.21,113.28,152705180,112.92
2021-01-11,AMZN,116.7,120.19,114.55,115.55,93383537,115.22
2021-01-11,GOOGL,65.97,66.62,65.63,66.39,13619944,66.11
2021-01-11,MSFT,303.15,305.93,300.02,304.37,60208446,303.27
2021-01-11,TSLA,135.12,137.21,133.47,134.38,79667791,134.25
2021-01-12,AAPL,116.12,117.17,115.31,116.79,97374547,116.65
2021-01-12,AMZN,114.76,116.49,113.58,114.4,114007440,114.21
2021-01-12,GOOGL,66.66,67.64,65.64,66.32,34274545,66.16
2021-01-12,MSFT,308.79,310.29,306.97,308.33,12078149,307.34
2021-01-12,TSLA,134.04,135.7,132.82,132.82,42458123,132.19
2021-01-13,AAPL,115.18,116.73,113.66,116.32,124843315,115.87
2021-01-13,AMZN,115.7,116.92,113.86,116.02,49175147,115.95
2021-01-13,GOOGL,63.34,63.75,62.54,63.04,51787284,63.03
2021-01-13,MSFT,324.57,327.7,319.34,323.89,17739922,323.06
2021-01-13,TSLA,130.6,131.96,129.5,131.43,92011860,131.34
2021-01-14,AAPL,120.92,122.77,118.51,119.75,52336190,119.5
2021-01-14,AMZN,115.47,116.01,115.2,115.67,69886976,115.39
2021-01-14,GOOGL,62.66,63.09,61.96,62.95,49979426,62.9
2021-01-14,MSFT,320.56,322.57,318.47,319.51,43186149,319.1
2021-01-14,TSLA,131.78,132.18,131.11,131.26,103332777,131.02
2021-01-15,AAPL,118.95,119.71,117.66,118.52,73141889,118.48
2021-01-15,AMZN,116.61,117.22,116.05,117.04,33135891,116.83
2021-01-15,GOOGL,63.21,64.17,62.71,63.01,11811014,62.94
2021-01-15,MSFT,315.89,318.91,313.99,315.15,65238806,314.7
2021-01-15,TSLA,131.28,133.26,130.21,131.63,94028274,131.29
2021-01-18,AAPL,117.04,117.5,116.78,117.41,85934947,117.29
2021-01-18,AMZN,118.48,119.08,117.8,117.98,87617858,117.69
2021-01-18,GOOGL,64.42,64.57,64.34,64.5,13688594,64.32
2021-01-18,MSFT,315.74,316.69,314.96,315.5,64989641,314.09
2021-01-18,TSLA,130.39,131.85,128.05,129.34,120395513,129.11
2021-01-19,AAPL,115.5,116.25,114.28,115.92,57217732,115.73
2021-01-19,AMZN,116.78,117.49,115.36,117.22,70079204,117.09
2021-01-19,GOOGL,64.1,64.49,63.42,64.41,42835906,64.16
2021-01-19,MSFT,312.67,314.91,311.46,314.85,30198961,314.49
2021-01-19,TSLA,130.69,132.26,129.79,131.33,97667449,130.75
2021-01-20,AAPL,116.65,117.32,115.42,116.36,67952329,115.94
2021-01-20,AMZN,115.03,117.04,112.01,114.3,80557859,113.99
2021-01-20,GOOGL,62.93,64.55,61.98,64.08,26116608,63.82
2021-01-20,MSFT,317.86,319.46,317.16,318.52,64294402,317.87
2021-01-20,TSLA,131.95,132.94,130.06,132.16,126240588,131.72
2021-01-21,AAPL,117.89,119.25,116.62,117.52,82575591,116.99
2021-01-21,AMZN,115.39,115.87,115.0,115.32,101100216,114.76
2021-01-21,GOOGL,64.11,64.53,63.69,64.1,45906911,63.96
2021-01-21,MSFT,324.84,328.84,322.66,323.77,33666768,323.07
2021-01-21,TSLA,134.51,137.98,132.34,135.27,90606822,135.23
2021-01-22,AAPL,118.87,119.7,118.49,118.52,73970371,118.05
2021-01-22,AMZN,113.31,115.56,112.26,113.92,39212884,113.5
2021-01-22,GOOGL,64.31,65.07,63.6,64.45,41020246,64.15
2021-01-22,MSFT,318.43,321.47,317.04,317.63,55104652,317.2
2021-01-22,TSLA,139.01,140.82,137.54,138.72,164358220,138.37
2021-01-25,AAPL,118.08,119.45,115.98,119.18,54246877,118.88
2021-01-25,AMZN,116.43,116.99,115.57,116.31,62791330,115.96
2021-01-25,GOOGL,65.79,66.2,65.51,65.9,44561460,65.57
2021-01-25,MSFT,317.17,320.56,313.04,319.16,18232368,317.77
2021-01-25,TSLA,140.48,141.4,139.1,139.69,194414377,139.33
2021-01-26,AAPL,115.96,117.34,112.74,114.67,142800640,114.32
2021-01-26,AMZN,116.39,116.92,115.94,116.23,61232052,115.96
2021-01-26,GOOGL,66.02,67.38,65.25,66.76,39240582,66.45
2021-01-26,MSFT,318.35,319.62,317.09,318.83,45357485,318.64
2021-01-26,TSLA,138.55,141.16,137.25,139.98,53955572,139.43
2021-01-27,AAPL,114.11,114.43,113.72,113.91,163127223,113.63
2021-01-27,AMZN,118.2,119.28,116.45,117.16,71156069,116.58
2021-01-27,GOOGL,66.37,66.87,65.72,66.79,16564110,66.52
2021-01-27,MSFT,319.52,323.78,317.28,317.4,65603356,315.85
2021-01-27,TSLA,145.63,148.41,142.86,145.33,165939982,145.28
2021-01-28,AAPL,109.84,110.43,109.57,109.57,111367034,109.27
2021-01-28,AMZN,119.96,120.55,119.21,119.97,110134186,119.84
2021-01-28,GOOGL,66.18,66.62,65.62,66.04,29711430,65.96
2021-01-28,MSFT,322.04,326.54,317.52,319.39,42170499,318.17
2021-01-28,TSLA,150.23,151.21,149.37,150.07,40280424,149.98
2021-01-29,AAPL,109.15,109.42,108.98,109.04,39144469,108.89
2021-01-29,AMZN,120.34,121.2,119.53,119.64,116508399,119.22
2021-01-29,GOOGL,64.39,64.94,64.14,64.43,49507370,64.14
2021-01-29,MSFT,327.37,329.87,325.66,328.5,56310225,328.05
2021-01-29,TSLA,151.64,153.75,150.67,150.92,160546684,150.88
2021-02-01,AAPL,107.69,108.56,107.08,108.24,56983431,107.91
2021-02-01,AMZN,113.66,114.82,112.88,114.5,107018017,114.39
2021-02-01,GOOGL,65.61,67.27,64.42,65.82,16858311,65.54
2021-02-01,MSFT,319.89,320.48,319.59,320.06,18446709,318.72
2021-02-01,TSLA,148.38,150.19,146.72,148.26,136435732,147.66
2021-02-02,AAPL,108.11,109.02,106.71,107.4,66118398,107.22
2021-02-02,AMZN,115.5,116.48,114.59,115.56,94160186,115.21
2021-02-02,GOOGL,64.54,64.99,63.56,64.38,36031296,64.38
2021-02-02,MSFT,321.94,323.05,321.43,322.92,62051098,321.59
2021-02-02,TSLA,147.15,147.81,146.8,146.82,149114673,146.21
2021-02-03,AAPL,108.48,109.09,107.97,108.12,41527787,107.59
2021-02-03,AMZN,115.33,116.29,114.64,115.13,81316906,114.76
2021-02-03,GOOGL,63.67,65.22,62.81,63.56,52528563,63.56
2021-02-03,MSFT,318.39,322.66,314.87,322.32,48046510,322.28
2021-02-03,TSLA,145.34,146.56,143.99,146.34,66226796,145.71
2021-02-04,AAPL,108.56,110.03,107.41,108.35,36334957,108.32
2021-02-04,AMZN,112.14,113.03,110.34,112.88,31011518,112.71
2021-02-04,GOOGL,63.26,63.92,62.72,62.95,15809335,62.78
2021-02-04,MSFT,332.16,334.13,330.33,331.23,59832247,330.22
2021-02-04,TSLA,142.86,144.07,142.09,142.82,164858657,142.78
2021-02-05,AAPL,109.95,110.5,109.57,109.83,120050760,109.65
2021-02-05,AMZN,112.45,113.82,111.65,113.63,48263563,113.35
2021-02-05,GOOGL,62.65,62.98,61.9,62.01,24797487,61.97
2021-02-05,MSFT,327.0,331.24,324.12,326.95,32310611,325.82
2021-02-05,TSLA,137.54,138.07,136.53,136.75,62899651,136.18
2021-02-08,AAPL,111.13,112.19,110.39,111.58,170723886,111.03
2021-02-08,AMZN,111.27,112.38,110.64,111.7,48940718,111.2
2021-02-08,GOOGL,61.06,61.52,60.24,61.06,13404010,60.9
2021-02-08,MSFT,322.01,330.46,312.5,327.66,27501056,327.11
2021-02-08,TSLA,143.44,146.55,140.65,142.85,147857643,142.2
2021-02-09,AAPL,113.64,114.88,112.12,113.53,174575673,113.14
2021-02-09,AMZN,109.61,110.64,108.56,109.57,22293729,109.14
2021-02-09,GOOGL,61.81,62.01,61.39,61.5,47126750,61.45
2021-02-09,MSFT,339.37,342.53,333.97,334.09,51296939,333.08
2021-02-09,TSLA,140.37,140.77,139.76,140.09,67051650,139.45
2021-02-10,AAPL,111.23,112.64,110.12,112.33,152178337,112.3
2021-02-10,AMZN,110.84,111.69,109.34,109.97,69283185,109.55
2021-02-10,GOOGL,63.02,64.21,62.48,63.29,52104480,63.16
2021-02-10,MSFT,325.55,326.06,324.81,325.32,61856800,324.73
2021-02-10,TSLA,141.38,141.67,141.22,141.65,151641558,141.52
2021-02-11,AAPL,111.49,112.2,110.03,111.57,40900418,111.07
2021-02-11,AMZN,106.69,107.84,106.04,107.02,22546626,106.67
2021-02-11,GOOGL,62.52,62.75,62.14,62.4,39028721,62.21
2021-02-11,MSFT,323.04,323.98,320.99,323.41,39146950,321.87
2021-02-11,TSLA,144.58,145.26,143.88,144.98,136307491,144.94
2021-02-12,AAPL,112.81,113.8,112.14,112.26,99818276,112.07
2021-02-12,AMZN,107.3,108.27,105.77,105.88,87688401,105.68
2021-02-12,GOOGL,61.98,62.86,61.06,62.81,51702078,62.5
2021-02-12,MSFT,320.89,322.34,318.06,319.34,39840453,318.82
2021-02-12,TSLA,141.39,142.67,139.96,141.44,117437210,141.26
2021-02-15,AAPL,106.32,107.3,105.21,106.25,162227807,106.15
2021-02-15,AMZN,102.7,104.68,101.74,103.58,51237209,103.27
2021-02-15,GOOGL,62.61,63.13,62.38,62.74,37570083,62.68
2021-02-15,MSFT,320.2,322.34,317.95,318.75,59402235,318.45
2021-02-15,TSLA,142.62,143.06,142.0,142.28,102023007,142.24
2021-02-16,AAPL,105.51,106.66,103.3,104.46,162921238,104.11
2021-02-16,AMZN,100.18,102.29,97.18,100.82,68869240,100.77
2021-02-16,GOOGL,63.04,64.12,61.27,62.79,37472777,62.55
2021-02-16,MSFT,317.08,322.24,312.35,314.8,61169821,313.39
2021-02-16,TSLA,141.92,142.99,141.32,142.2,176053196,142.12
2021-02-17,AAPL,103.85,105.43,102.9,104.05,58587073,103.71
2021-02-17,AMZN,102.6,104.58,101.27,101.74,75810159,101.28
2021-02-17,GOOGL,65.12,65.63,64.0,64.57,18877973,64.55
2021-02-17,MSFT,303.36,306.55,298.96,305.45,46054413,305.36
2021-02-17,TSLA,144.13,146.35,142.08,142.8,176879167,142.24
2021-02-18,AAPL,106.32,106.7,105.92,106.37,73464129,106.1
2021-02-18,AMZN,104.19,105.68,102.95,103.33,100345135,103.15
2021-02-18,GOOGL,66.54,67.82,65.88,66.24,27125917,66.16
2021-02-18,MSFT,309.61,312.18,306.1,307.02,57249957,306.96
2021-02-18,TSLA,145.22,146.53,144.38,145.32,158442385,145.13
2021-02-19,AAPL,104.7,106.3,103.26,105.31,55674396,104.85
2021-02-19,AMZN,107.39,109.2,106.31,107.3,51791002,106.95
2021-02-19,GOOGL,65.2,65.31,65.05,65.23,29894668,65.12
2021-02-19,MSFT,293.79,301.26,290.48,299.06,15893349,297.8
2021-02-19,TSLA,147.53,148.35,146.28,148.34,67030148,147.94
2021-02-22,AAPL,106.44,107.21,105.45,107.07,166143907,106.98
2021-02-22,AMZN,108.95,109.53,108.32,108.94,55824144,108.73
2021-02-22,GOOGL,66.01,67.03,65.1,66.01,16550549,65.96
2021-02-22,MSFT,297.47,300.56,294.19,298.44,44182421,297.66
2021-02-22,TSLA,147.83,148.67,147.36,147.41,98070422,146.87
2021-02-23,AAPL,106.72,107.89,104.45,105.47,89530704,105.12
2021-02-23,AMZN,107.9,109.1,106.49,107.43,57284302,107.12
2021-02-23,GOOGL,65.39,66.02,64.71,64.71,53042415,64.68
2021-02-23,MSFT,286.6,291.41,284.08,290.95,15830277,290.12
2021-02-23,TSLA,142.74,144.9,141.63,143.44,190464389,143.26
2021-02-24,AAPL,104.38,105.39,103.84,105.27,173201824,104.86
2021-02-24,AMZN,107.96,109.77,105.94,107.35,63788498,106.82
2021-02-24,GOOGL,65.61,65.95,64.86,65.87,26756483,65.66
2021-02-24,MSFT,284.71,289.6,280.61,286.44,60948101,286.24
2021-02-24,TSLA,143.26,146.34,140.72,142.31,120020395,142.13
2021-02-25,AAPL,109.63,110.07,108.98,109.87,36671856,109.69
2021-02-25,AMZN,109.1,109.52,108.65,109.14,45352288,108.61
2021-02-25,GOOGL,65.53,65.78,64.98,65.65,44803819,65.4
2021-02-25,MSFT,290.88,294.55,288.65,288.99,63520717,287.84
2021-02-25,TSLA,142.18,143.2,141.74,142.4,136924351,142.25
2021-02-26,AAPL,107.87,108.12,107.69,108.02,167117464,107.93
2021-02-26,AMZN,108.49,110.27,107.27,108.22,116364108,107.81
2021-02-26,GOOGL,66.95,67.59,65.69,66.56,36329495,66.3
2021-02-26,MSFT,287.84,290.51,282.06,286.5,64715318,286.08
2021-02-26,TSLA,142.44,143.22,141.08,142.25,137224600,141.74
2021-03-01,AAPL,105.36,105.73,105.07,105.64,39250331,105.14
2021-03-01,AMZN,109.98,110.61,109.02,109.45,49187023,109.44
2021-03-01,GOOGL,67.4,69.14,66.54,67.21,35280903,66.88
2021-03-01,MSFT,278.1,280.69,274.16,279.39,58428101,278.67
2021-03-01,TSLA,142.45,143.88,140.56,141.23,160208076,141.12
2021-03-02,AAPL,105.42,107.26,104.19,104.89,115178972,104.55
2021-03-02,AMZN,109.7,110.42,108.4,108.63,53628079,108.25
2021-03-02,GOOGL,66.6,66.98,66.28,66.4,11796948,66.34
2021-03-02,MSFT,284.54,290.61,279.73,282.99,23241937,282.22
2021-03-02,TSLA,143.87,144.29,143.59,144.23,38164749,144.16
2021-03-03,AAPL,102.39,102.92,101.86,102.4,82517951,102.07
2021-03-03,AMZN,110.8,111.84,110.33,110.87,103836035,110.51
2021-03-03,GOOGL,65.8,66.5,65.35,65.65,13235473,65.56
2021-03-03,MSFT,282.18,283.88,278.86,283.85,45341410,283.65
2021-03-03,TSLA,140.51,141.35,139.86,140.72,80984469,140.68
2021-03-04,AAPL,101.48,102.61,99.5,101.35,63858372,101.04
2021-03-04,AMZN,108.18,109.27,106.66,108.64,102476707,108.29
2021-03-04,GOOGL,66.64,67.44,65.9,66.35,25570108,66.17
2021-03-04,MSFT,280.91,282.18,280.28,281.88,43452631,281.76
2021-03-04,TSLA,144.43,145.93,142.77,144.05,79776181,143.93
2021-03-05,AAPL,96.18,96.78,95.68,96.22,98113859,95.88
2021-03-05,AMZN,108.63,110.14,105.5,108.38,77355997,107.84
2021-03-05,GOOGL,66.89,67.05,66.82,66.85,31078429,66.81
2021-03-05,MSFT,286.13,289.92,281.48,282.67,14845913,282.32
2021-03-05,TSLA,148.55,149.75,146.22,147.2,130096080,146.83
2021-03-08,AAPL,96.53,97.09,95.98,96.57,90715727,96.17
2021-03-08,AMZN,110.23,110.94,109.52,110.42,42283773,110.03
2021-03-08,GOOGL,66.29,66.56,65.94,66.1,52036990,66.01
2021-03-08,MSFT,269.93,270.96,267.81,270.71,59180484,270.07
2021-03-08,TSLA,145.78,148.52,143.89,147.47,129073752,146.82
2021-03-09,AAPL,96.73,96.85,96.6,96.66,134924471,96.21
2021-03-09,AMZN,109.3,111.45,107.63,109.1,78265663,108.98
2021-03-09,GOOGL,65.52,66.11,64.93,65.84,31211567,65.82
2021-03-09,MSFT,268.58,273.42,266.1,268.26,37870963,268.19
2021-03-09,TSLA,144.75,146.79,143.43,145.31,126374807,145.14
2021-03-10,AAPL,94.85,95.25,94.32,95.02,43059638,94.71
2021-03-10,AMZN,108.91,110.44,107.64,110.0,62342696,109.69
2021-03-10,GOOGL,66.09,66.54,65.16,65.42,49464497,65.16
2021-03-10,MSFT,277.42,279.87,275.46,277.56,59384138,276.34
2021-03-10,TSLA,143.18,144.31,141.55,142.98,151456412,142.45
2021-03-11,AAPL,96.42,97.81,94.01,95.31,149312624,95.13
2021-03-11,AMZN,112.43,114.02,111.69,112.66,92419014,112.51
2021-03-11,GOOGL,62.43,62.92,61.61,62.87,30346257,62.72
2021-03-11,MSFT,278.48,282.1,271.92,277.39,12179102,276.27
2021-03-11,TSLA,141.4,143.02,140.02,142.04,82584896,141.41
2021-03-12,AAPL,93.19,93.78,92.67,92.99,129318501,92.83
2021-03-12,AMZN,114.2,115.91,113.38,114.7,97297895,114.2
2021-03-12,GOOGL,61.9,62.67,61.47,61.52,37518921,61.29
2021-03-12,MSFT,291.16,295.63,284.74,287.38,26286192,287.27
2021-03-12,TSLA,140.48,141.43,138.41,141.35,48735329,140.84
2021-03-15,AAPL,91.3,91.89,90.96,91.71,54581029,91.63
2021-03-15,AMZN,116.91,118.01,114.86,115.38,80796214,115.12
2021-03-15,GOOGL,60.9,61.72,60.41,61.11,22819988,60.93
2021-03-15,MSFT,287.0,290.93,281.74,287.82,33670892,286.54
2021-03-15,TSLA,141.26,142.7,140.49,140.53,109275533,140.23
2021-03-16,AAPL,91.04,92.16,89.91,91.58,137334035,91.56
2021-03-16,AMZN,114.23,115.08,113.51,115.04,53259434,114.91
2021-03-16,GOOGL,58.72,59.55,57.74,59.29,35500035,59.19
2021-03-16,MSFT,292.49,294.1,289.02,292.16,13363746,291.18
2021-03-16,TSLA,139.12,139.94,138.37,138.78,187588016,138.57
2021-03-17,AAPL,92.31,92.53,91.85,92.14,163964558,91.97
2021-03-17,AMZN,115.29,116.17,114.25,115.44,35998957,114.93
2021-03-17,GOOGL,58.38,58.78,58.1,58.52,28319138,58.37
2021-03-17,MSFT,298.59,302.33,291.55,296.22,65443244,295.94
2021-03-17,TSLA,142.76,143.48,142.24,142.93,83322372,142.25
2021-03-18,AAPL,91.02,91.9,89.84,90.06,93697938,89.94
2021-03-18,AMZN,117.58,118.88,116.94,117.49,32494369,117.24
2021-03-18,GOOGL,59.25,60.46,58.69,59.0,42466468,58.72
2021-03-18,MSFT,306.11,306.63,305.28,305.73,38063230,304.79
2021-03-18,TSLA,143.22,143.99,142.59,143.34,89018802,142.69
2021-03-19,AAPL,92.83,93.06,92.43,92.73,109802700,92.66
2021-03-19,AMZN,119.37,120.5,118.15,118.63,107357318,118.44
2021-03-19,GOOGL,60.18,60.47,59.54,60.38,50017845,60.31
2021-03-19,MSFT,316.48,320.02,311.36,312.48,31263758,311.81
2021-03-19,TSLA,145.71,146.01,145.07,145.92,184594389,145.78
2021-03-22,AAPL,90.17,90.68,89.28,89.48,101698962,89.26
2021-03-22,AMZN,118.27,118.94,117.02,118.12,59326878,118.04
2021-03-22,GOOGL,60.75,61.12,59.97,60.22,33955800,60.18
2021-03-22,MSFT,307.37,311.03,305.73,308.84,30730541,308.54
2021-03-22,TSLA,147.92,149.21,146.19,148.57,185144657,147.84
2021-03-23,AAPL,89.23,90.73,88.1,90.0,37654795,89.67
2021-03-23,AMZN,114.16,114.78,113.86,114.48,114075563,114.07
2021-03-23,GOOGL,59.16,59.72,58.84,58.85,19885360,58.7
2021-03-23,MSFT,315.85,318.72,313.11,318.62,43293401,317.38
2021-03-23,TSLA,148.24,150.29,147.18,148.78,72530063,148.32
2021-03-24,AAPL,89.73,90.33,88.94,89.88,147981926,89.85
2021-03-24,AMZN,111.0,112.76,110.25,111.21,90562473,110.98
2021-03-24,GOOGL,59.02,59.26,58.81,59.23,45070131,59.04
2021-03-24,MSFT,313.69,317.12,309.15,317.06,46471093,316.08
2021-03-24,TSLA,144.25,145.59,143.39,144.91,97115553,144.66
2021-03-25,AAPL,92.27,93.46,91.45,91.97,174607851,91.52
2021-03-25,AMZN,110.76,111.53,110.15,110.82,29835097,110.6
2021-03-25,GOOGL,58.36,58.5,58.22,58.38,47576348,58.36
2021-03-25,MSFT,315.72,317.78,314.64,315.39,46939891,315.0
2021-03-25,TSLA,146.98,147.64,146.37,146.45,68259209,146.12
2021-03-26,AAPL,95.28,95.95,93.9,94.73,58090392,94.55
2021-03-26,AMZN,113.66,113.95,113.31,113.95,94519850,113.95
2021-03-26,GOOGL,59.77,60.01,59.61,59.76,44557189,59.72
2021-03-26,MSFT,317.26,322.46,311.21,314.81,64676162,313.99
2021-03-26,TSLA,149.83,150.77,147.95,150.32,98522223,150.15
2021-03-29,AAPL,95.23,96.19,94.2,95.38,92075852,94.98
2021-03-29,AMZN,112.73,113.79,110.55,112.23,118458051,112.2
2021-03-29,GOOGL,60.1,61.33,59.06,60.41,47858875,60.32
2021-03-29,MSFT,311.51,314.24,308.8,311.55,54964026,310.4
2021-03-29,TSLA,148.83,149.03,148.65,148.98,149379066,148.38
2021-03-30,AAPL,95.05,96.26,94.44,94.89,88606962,94.46
2021-03-30,AMZN,110.87,111.22,110.34,110.53,38677526,110.0
2021-03-30,GOOGL,60.26,60.82,59.2,60.57,21340663,60.38
2021-03-30,MSFT,312.6,314.27,310.53,310.53,45704772,309.19
2021-03-30,TSLA,143.54,143.94,143.1,143.73,159314983,143.64
2021-03-31,AAPL,95.62,96.64,94.95,95.35,35413916,95.27
2021-03-31,AMZN,111.74,112.8,110.18,111.88,35990901,111.78
2021-03-31,GOOGL,60.92,61.66,60.32,60.54,49993110,60.38
2021-03-31,MSFT,317.53,320.3,311.41,314.49,21072957,313.57
2021-03-31,TSLA,140.75,142.03,139.72,140.88,137866507,140.77
2021-04-01,AAPL,96.24,96.63,96.06,96.22,37672424,96.01
2021-04-01,AMZN,112.52,114.42,110.71,113.14,84063501,113.13
2021-04-01,GOOGL,61.96,62.95,61.27,61.42,39517691,61.15
2021-04-01,MSFT,312.2,314.64,310.62,313.36,24288383,313.01
2021-04-01,TSLA,142.87,144.99,139.96,142.47,160680357,141.96
2021-04-02,AAPL,97.71,97.95,97.43,97.53,33627565,97.42
2021-04-02,AMZN,114.31,114.84,113.77,114.61,53967296,114.6
2021-04-02,GOOGL,61.71,62.05,61.31,61.75,18304077,61.53
2021-04-02,MSFT,300.87,301.26,300.34,301.01,25936344,300.9
2021-04-02,TSLA,141.54,143.64,139.59,142.26,97291677,141.78
2021-04-05,AAPL,96.8,97.44,95.38,97.4,110364607,97.05
2021-04-05,AMZN,110.8,111.83,109.24,111.61,68276807,111.06
2021-04-05,GOOGL,61.14,61.92,60.17,60.72,33950568,60.65
2021-04-05,MSFT,307.65,308.94,306.3,306.75,27821832,305.62
2021-04-05,TSLA,141.98,142.49,141.49,142.41,183070691,142.24
2021-04-06,AAPL,100.48,101.27,98.93,100.05,85959963,99.82
2021-04-06,AMZN,115.57,117.07,114.72,116.02,82435870,115.58
2021-04-06,GOOGL,61.91,62.43,60.95,61.42,37670953,61.36
2021-04-06,MSFT,304.07,309.91,301.4,303.78,42639685,302.52
2021-04-06,TSLA,143.99,144.04,143.97,144.03,81467089,143.63
2021-04-07,AAPL,99.87,100.62,99.38,99.9,64555386,99.81
2021-04-07,AMZN,114.74,116.25,113.8,116.11,70885376,115.53
2021-04-07,GOOGL,63.15,63.78,62.48,62.67,26700024,62.57
2021-04-07,MSFT,306.17,309.36,303.62,305.72,47010161,304.91
2021-04-07,TSLA,145.59,146.19,144.59,144.86,84544207,144.58
2021-04-08,AAPL,102.07,103.18,100.04,100.78,44027587,100.38
2021-04-08,AMZN,114.07,115.41,113.0,114.55,64803104,114.04
2021-04-08,GOOGL,63.57,64.17,63.19,64.1,54291239,64.05
2021-04-08,MSFT,295.47,296.07,294.59,295.71,25893798,294.98
2021-04-08,TSLA,137.09,139.23,136.13,138.99,174068601,138.33
2021-04-09,AAPL,95.17,95.96,94.34,95.53,55236899,95.33
2021-04-09,AMZN,114.55,115.81,113.9,115.5,42002566,115.05
2021-04-09,GOOGL,65.27,65.93,64.57,65.43,16169643,65.28
2021-04-09,MSFT,281.83,287.52,279.37,285.48,23645008,285.05
2021-04-09,TSLA,136.36,139.19,134.96,137.32,43041408,137.18
2021-04-12,AAPL,92.49,93.43,91.96,92.76,53491923,92.42
2021-04-12,AMZN,113.59,114.4,113.23,114.3,84467501,114.21
2021-04-12,GOOGL,65.63,66.55,64.71,65.65,49404402,65.36
2021-04-12,MSFT,283.88,286.97,281.21,284.39,14017745,283.31
2021-04-12,TSLA,139.78,140.75,138.49,139.38,157663987,138.94
2021-04-13,AAPL,91.17,92.77,90.43,90.86,88435121,90.72
2021-04-13,AMZN,114.31,115.4,113.8,114.34,85746402,114.08
2021-04-13,GOOGL,67.44,68.0,67.18,67.56,18350857,67.48
2021-04-13,MSFT,289.13,291.71,284.81,287.09,23290546,286.13
2021-04-13,TSLA,142.84,143.3,142.16,142.65,122287124,142.42
2021-04-14,AAPL,90.63,91.72,89.9,91.14,159596399,91.1
2021-04-14,AMZN,115.54,116.32,114.37,115.63,46254427,115.44
2021-04-14,GOOGL,68.77,69.0,68.45,68.79,14960480,68.72
2021-04-14,MSFT,280.83,285.44,276.5,283.02,60586018,281.92
2021-04-14,TSLA,138.86,140.74,137.62,139.55,165176230,139.38
2021-04-15,AAPL,89.31,90.33,87.95,89.53,150953314,89.38
2021-04-15,AMZN,117.24,118.15,116.65,117.65,78674466,117.16
2021-04-15,GOOGL,68.74,69.23,68.0,68.84,52940411,68.62
2021-04-15,MSFT,278.71,281.23,276.36,279.58,51111903,279.33
2021-04-15,TSLA,139.94,141.03,138.33,140.19,49939381,139.61
2021-04-16,AAPL,88.09,89.15,87.49,88.75,138264936,88.46
2021-04-16,AMZN,116.93,117.41,116.71,117.26,95756239,117.25
2021-04-16,GOOGL,68.18,68.7,67.87,68.32,23612678,68.02
2021-04-16,MSFT,281.29,282.58,278.69,281.17,43124012,280.03
2021-04-16,TSLA,140.13,141.64,137.58,140.38,70985424,140.34
2021-04-19,AAPL,87.13,87.79,85.93,86.86,73679291,86.63
2021-04-19,AMZN,116.25,117.09,115.89,116.41,33669126,116.16
2021-04-19,GOOGL,70.07,70.72,69.26,69.67,54752729,69.33
2021-04-19,MSFT,279.93,281.31,279.26,279.36,24063849,278.58
2021-04-19,TSLA,143.48,144.87,140.83,141.8,170322730,141.24
2021-04-20,AAPL,89.41,91.16,87.84,89.75,79560992,89.55
2021-04-20,AMZN,114.4,114.83,113.79,114.34,25150109,114.25
2021-04-20,GOOGL,73.2,73.75,72.61,72.62,31224376,72.35
2021-04-20,MSFT,278.18,283.18,271.19,274.61,14550346,273.35
2021-04-20,TSLA,143.78,145.95,142.8,144.82,87023932,144.65
2021-04-21,AAPL,89.39,89.64,88.97,89.17,112091459,89.07
2021-04-21,AMZN,112.26,112.37,112.07,112.3,40494078,111.99
2021-04-21,GOOGL,73.44,73.89,73.23,73.78,34772161,73.52
2021-04-21,MSFT,271.79,276.31,264.66,274.12,50510315,273.58
2021-04-21,TSLA,145.06,146.5,144.26,144.63,129025819,144.16
2021-04-22,AAPL,89.7,90.6,89.1,89.88,156640983,89.48
2021-04-22,AMZN,118.14,119.92,115.43,116.52,70015829,116.31
2021-04-22,GOOGL,72.16,72.42,71.86,72.33,14305879,72.1
2021-04-22,MSFT,270.01,271.01,268.36,270.61,32525019,270.39
2021-04-22,TSLA,145.26,146.16,144.21,144.65,158921775,144.41
2021-04-23,AAPL,91.03,91.86,90.07,91.37,118853617,91.22
2021-04-23,AMZN,118.75,119.18,118.37,119.13,111669168,119.07
2021-04-23,GOOGL,71.06,71.21,70.79,70.95,36092473,70.78
2021-04-23,MSFT,265.58,269.61,262.99,266.4,28484171,265.97
2021-04-23,TSLA,148.5,148.73,148.36,148.48,43204222,147.91
2021-04-26,AAPL,89.06,91.3,87.49,89.46,142675711,89.11
2021-04-26,AMZN,118.11,119.49,117.47,119.21,93946133,118.75
2021-04-26,GOOGL,71.62,72.37,71.26,71.58,49963617,71.53
2021-04-26,MSFT,269.43,270.69,267.29,269.64,41352271,268.38
2021-04-26,TSLA,152.66,154.02,151.79,152.47,49534365,152.1
2021-04-27,AAPL,87.22,88.59,86.35,87.79,40631835,87.41
2021-04-27,AMZN,118.32,118.74,117.41,117.68,22436603,117.28
2021-04-27,GOOGL,71.9,72.33,71.39,71.64,46265754,71.44
2021-04-27,MSFT,269.93,273.31,266.74,270.32,47990824,269.49
2021-04-27,TSLA,153.43,154.57,151.26,153.53,49934679,153.52
2021-04-28,AAPL,89.04,90.06,88.57,88.92,137717781,88.62
2021-04-28,AMZN,118.55,119.75,117.45,118.0,57539310,117.68
2021-04-28,GOOGL,70.5,72.28,69.58,71.45,54613083,71.18
2021-04-28,MSFT,267.25,269.12,264.52,267.09,65200243,266.15
2021-04-28,TSLA,150.48,151.13,149.99,150.27,179571714,149.97
2021-04-29,AAPL,89.89,90.23,89.74,90.19,43750215,89.86
2021-04-29,AMZN,119.03,120.53,116.7,118.75,111495286,118.32
2021-04-29,GOOGL,68.61,69.23,67.95,69.12,29791933,69.04
2021-04-29,MSFT,269.94,273.02,267.26,271.75,43886532,270.47
2021-04-29,TSLA,150.76,151.27,149.78,151.04,160704351,150.5
2021-04-30,AAPL,86.82,87.01,86.64,86.93,110932909,86.57
2021-04-30,AMZN,118.55,119.54,117.83,119.0,39014254,118.92
2021-04-30,GOOGL,71.67,72.48,71.32,72.16,28233194,72.13
2021-04-30,MSFT,272.62,274.99,271.21,273.68,13675535,273.5
2021-04-30,TSLA,153.83,155.49,152.85,153.37,62409771,152.73
2021-05-03,AAPL,89.14,89.86,88.34,88.53,104040109,88.12
2021-05-03,AMZN,116.91,117.28,116.48,116.6,35701068,116.34
2021-05-03,GOOGL,72.21,72.93,70.59,72.42,18969573,72.08
2021-05-03,MSFT,264.79,268.52,260.03,266.43,38124834,266.02
2021-05-03,TSLA,154.47,155.19,153.59,154.45,80743471,153.86
2021-05-04,AAPL,89.66,90.26,89.19,90.05,164086601,89.79
2021-05-04,AMZN,116.24,116.85,115.61,116.67,54217941,116.25
2021-05-04,GOOGL,75.21,77.05,73.95,74.41,10760200,74.21
2021-05-04,MSFT,273.72,275.11,272.67,273.98,35588041,273.93
2021-05-04,TSLA,152.0,153.84,150.63,152.3,81029402,151.55
2021-05-05,AAPL,91.15,91.59,90.55,90.79,161638032,90.7
2021-05-05,AMZN,115.18,116.8,114.34,114.46,37501061,114.19
2021-05-05,GOOGL,75.45,76.71,73.49,75.39,43291973,75.22
2021-05-05,MSFT,269.79,272.33,264.38,267.46,60301313,266.81
2021-05-05,TSLA,152.45,153.55,151.66,152.92,145302216,152.39
2021-05-06,AAPL,88.24,89.03,86.56,87.79,74598670,87.35
2021-05-06,AMZN,113.47,114.27,111.94,114.18,79943120,114.03
2021-05-06,GOOGL,71.97,73.13,71.25,72.53,47662248,72.27
2021-05-06,MSFT,277.05,278.0,275.75,276.31,50188847,275.42
2021-05-06,TSLA,153.51,154.45,151.99,152.85,83645403,152.15
2021-05-07,AAPL,86.25,87.16,85.19,86.42,34339055,86.3
2021-05-07,AMZN,112.39,113.69,110.5,113.61,94038164,113.28
2021-05-07,GOOGL,73.72,74.31,72.87,73.98,53445618,73.91
2021-05-07,MSFT,287.52,288.77,285.42,285.71,32929104,285.14
2021-05-07,TSLA,157.05,157.69,155.83,156.39,65034799,156.28
2021-05-10,AAPL,88.7,89.92,87.35,88.68,81353253,88.3
2021-05-10,AMZN,114.57,115.38,113.29,115.27,33407066,114.99
2021-05-10,GOOGL,74.19,74.81,73.39,74.13,53682767,73.86
2021-05-10,MSFT,282.85,284.81,278.83,283.48,42588394,283.34
2021-05-10,TSLA,154.39,154.78,153.78,154.51,108052111,153.89
2021-05-11,AAPL,89.39,89.77,88.85,89.08,144294207,88.68
2021-05-11,AMZN,117.79,118.21,117.49,118.04,81519588,117.58
2021-05-11,GOOGL,71.55,73.73,70.13,73.44,36554202,73.23
2021-05-11,MSFT,291.75,295.07,288.56,289.77,35875060,289.42
2021-05-11,TSLA,147.82,150.38,145.11,148.77,68987033,148.53
2021-05-12,AAPL,87.57,89.07,86.91,87.7,109803114,87.64
2021-05-12,AMZN,114.33,115.83,113.02,115.56,59891896,115.13
2021-05-12,GOOGL,71.02,71.41,70.72,70.74,10059394,70.49
2021-05-12,MSFT,289.28,292.65,287.02,289.49,28401950,288.91
2021-05-12,TSLA,143.48,147.67,140.57,142.98,125371436,142.63
2021-05-13,AAPL,87.72,88.44,86.95,87.86,86716987,87.68
2021-05-13,AMZN,116.8,118.59,115.6,118.57,99500611,118.39
2021-05-13,GOOGL,69.68,70.91,69.01,70.29,32845772,70.18
2021-05-13,MSFT,278.11,279.99,273.94,278.78,24581837,278.53
2021-05-13,TSLA,147.78,148.66,146.36,146.38,76110643,146.21
2021-05-14,AAPL,88.01,89.39,87.3,87.93,77348256,87.53
2021-05-14,AMZN,117.6,117.97,117.09,117.59,106918606,117.09
2021-05-14,GOOGL,71.72,72.25,70.85,71.81,29246552,71.7
2021-05-14,MSFT,270.66,274.62,266.33,271.79,25676628,270.48
2021-05-14,TSLA,148.66,150.29,145.54,147.99,73802741,147.52
2021-05-17,AAPL,90.57,92.89,88.82,90.2,76027129,89.93
2021-05-17,AMZN,117.34,117.47,117.21,117.39,61057838,117.24
2021-05-17,GOOGL,68.67,69.81,66.94,68.21,17867661,67.99
2021-05-17,MSFT,273.59,275.82,271.62,274.08,34828927,273.75
2021-05-17,TSLA,148.63,149.33,148.07,148.61,142701600,147.93
2021-05-18,AAPL,90.62,92.09,89.53,90.78,51182229,90.61
2021-05-18,AMZN,119.59,120.9,118.17,118.19,71750278,118.07
2021-05-18,GOOGL,67.94,68.46,67.11,67.46,45397587,67.24
2021-05-18,MSFT,279.57,282.01,275.7,276.92,19991650,276.27
2021-05-18,TSLA,151.24,153.33,149.09,151.66,113204213,151.06
2021-05-19,AAPL,91.35,92.28,89.95,91.16,157691756,90.93
2021-05-19,AMZN,118.78,119.51,117.67,118.43,63146200,118.38
2021-05-19,GOOGL,65.66,65.73,65.61,65.71,47599267,65.62
2021-05-19,MSFT,272.91,277.65,270.51,274.89,58412637,273.94
2021-05-19,TSLA,153.38,153.99,152.61,153.85,137224519,153.67
2021-05-20,AAPL,92.23,93.76,91.32,92.93,35699308,92.59
2021-05-20,AMZN,121.87,123.17,120.12,120.34,85367120,119.89
2021-05-20,GOOGL,64.64,65.32,63.96,64.83,40755373,64.7
2021-05-20,MSFT,274.86,276.67,271.12,273.35,39888005,272.61
2021-05-20,TSLA,153.64,155.62,151.6,154.44,107032546,153.73
2021-05-21,AAPL,96.58,97.62,96.03,96.44,170741112,96.01
2021-05-21,AMZN,119.5,119.97,119.24,119.76,119732914,119.61
2021-05-21,GOOGL,64.66,65.12,64.13,64.74,15545560,64.64
2021-05-21,MSFT,282.36,284.34,278.65,282.26,35133348,280.96
2021-05-21,TSLA,151.89,153.39,150.92,151.62,48089078,151.62
2021-05-24,AAPL,98.37,100.18,96.45,97.2,44388630,96.74
2021-05-24,AMZN,120.92,121.45,119.87,121.25,105195558,120.83
2021-05-24,GOOGL,64.17,65.11,63.61,63.77,28700178,63.57
2021-05-24,MSFT,283.78,288.92,280.2,281.65,55218382,281.19
2021-05-24,TSLA,152.28,153.49,151.6,152.23,165724422,152.09
2021-05-25,AAPL,97.35,98.63,95.75,97.57,150089720,97.1
2021-05-25,AMZN,123.11,123.53,122.35,122.47,57251259,121.97
2021-05-25,GOOGL,62.73,63.28,62.08,62.64,11020907,62.62
2021-05-25,MSFT,278.15,282.94,271.04,276.83,14580740,275.51
2021-05-25,TSLA,151.38,152.07,149.86,151.63,94796901,151.45
2021-05-26,AAPL,98.97,100.37,98.03,98.05,76319010,97.86
2021-05-26,AMZN,123.35,124.84,122.05,122.67,104208324,122.33
2021-05-26,GOOGL,61.87,62.49,61.33,62.09,50037117,61.92
2021-05-26,MSFT,278.36,281.39,276.01,280.45,44806450,280.03
2021-05-26,TSLA,149.29,150.58,147.55,149.76,53463622,149.31
2021-05-27,AAPL,100.35,101.58,99.19,100.89,59350803,100.74
2021-05-27,AMZN,122.77,124.12,121.94,122.9,63894100,122.59
2021-05-27,GOOGL,64.72,65.03,64.43,64.85,14178676,64.78
2021-05-27,MSFT,278.38,279.5,277.44,277.77,55277851,277.12
2021-05-27,TSLA,153.08,154.17,151.12,153.25,40713202,153.07
2021-05-28,AAPL,99.75,100.87,97.52,98.48,35014512,98.14
2021-05-28,AMZN,131.14,131.33,130.96,131.1,42663230,131.1
2021-05-28,GOOGL,63.46,63.54,63.42,63.43,17223193,63.14
2021-05-28,MSFT,280.38,282.94,278.22,280.43,58434376,279.11
2021-05-28,TSLA,157.51,161.03,155.85,157.3,103675195,157.02
2021-05-31,AAPL,97.1,98.12,95.57,96.69,97402447,96.4
2021-05-31,AMZN,127.87,128.86,126.77,127.51,103322523,126.89
2021-05-31,GOOGL,63.37,63.82,62.63,63.32,30364013,63.16
2021-05-31,MSFT,281.66,282.74,280.98,282.02,44716809,281.15
2021-05-31,TSLA,158.42,159.27,157.39,157.93,94746506,157.51
2021-06-01,AAPL,99.37,99.81,98.38,99.55,86408846,99.08
2021-06-01,AMZN,121.66,121.94,121.02,121.8,93601089,121.37
2021-06-01,GOOGL,63.99,64.95,63.19,63.68,15324583,63.61
2021-06-01,MSFT,276.65,278.17,274.6,277.56,48734721,277.06
2021-06-01,TSLA,158.73,159.96,157.93,159.16,87190878,158.59
2021-06-02,AAPL,101.34,102.27,99.17,99.72,97050484,99.4
2021-06-02,AMZN,119.79,121.11,118.22,119.07,110720502,118.8
2021-06-02,GOOGL,65.62,66.45,64.78,65.39,43239792,65.36
2021-06-02,MSFT,293.52,295.79,290.6,295.64,43695060,294.4
2021-06-02,TSLA,159.9,161.95,157.83,159.05,77101040,158.54
2021-06-03,AAPL,98.61,99.08,97.71,97.99,91734894,97.69
2021-06-03,AMZN,118.86,120.78,115.65,118.38,87285687,118.36
2021-06-03,GOOGL,65.48,66.13,64.12,65.49,30606362,65.2
2021-06-03,MSFT,301.78,303.58,298.15,301.12,53007334,300.45
2021-06-03,TSLA,156.89,157.28,156.35,157.25,113287817,156.75
2021-06-04,AAPL,97.96,99.04,96.16,96.77,167432569,96.6
2021-06-04,AMZN,119.09,119.68,118.04,118.92,49839882,118.58
2021-06-04,GOOGL,65.95,66.43,65.46,65.61,35257398,65.39
2021-06-04,MSFT,298.82,299.71,297.99,298.62,29494214,298.23
2021-06-04,TSLA,158.78,159.32,158.24,158.58,87272635,158.41
2021-06-07,AAPL,98.33,99.96,96.48,97.11,89810496,96.79
2021-06-07,AMZN,116.75,119.29,115.53,115.98,44471842,115.6
2021-06-07,GOOGL,65.97,66.69,65.28,66.31,19048756,66.02
2021-06-07,MSFT,297.74,302.17,295.57,297.48,29203699,296.47
2021-06-07,TSLA,157.64,158.03,157.16,157.65,82877570,157.13
2021-06-08,AAPL,96.72,97.77,96.06,96.65,40433403,96.43
2021-06-08,AMZN,115.16,116.03,113.31,115.5,44559626,115.43
2021-06-08,GOOGL,65.94,66.24,65.24,65.54,12213504,65.36
2021-06-08,MSFT,300.17,305.15,296.14,297.73,51705986,297.14
2021-06-08,TSLA,156.21,157.45,154.52,156.07,119285421,155.4
2021-06-09,AAPL,95.88,96.55,95.12,95.41,81749242,95.32
2021-06-09,AMZN,113.45,114.65,112.46,113.53,57211920,113.05
2021-06-09,GOOGL,63.27,63.73,62.53,63.39,24960147,63.26
2021-06-09,MSFT,289.03,292.49,286.41,288.52,13142934,287.23
2021-06-09,TSLA,161.49,163.32,160.16,160.18,140989229,159.53
2021-06-10,AAPL,93.55,94.13,93.07,94.04,74670915,93.64
2021-06-10,AMZN,113.44,113.99,112.19,113.56,111071086,113.1
2021-06-10,GOOGL,63.87,64.13,63.42,63.68,37373906,63.48
2021-06-10,MSFT,287.27,287.96,286.4,287.6,60746714,286.33
2021-06-10,TSLA,158.69,160.97,156.55,159.2,49160053,158.9
2021-06-11,AAPL,93.84,94.55,93.0,94.3,43608618,94.28
2021-06-11,AMZN,118.55,118.92,118.2,118.74,109595550,118.57
2021-06-11,GOOGL,64.96,65.52,64.46,65.5,24950249,65.31
2021-06-11,MSFT,284.12,285.7,282.75,283.67,61226031,283.36
2021-06-11,TSLA,159.68,161.41,156.85,157.56,61010336,157.49
2021-06-14,AAPL,95.31,96.89,92.6,95.19,144819616,94.85
2021-06-14,AMZN,118.37,119.54,117.83,118.99,117832658,118.94
2021-06-14,GOOGL,65.27,66.01,64.84,64.87,11905738,64.73
2021-06-14,MSFT,286.97,291.13,284.63,285.09,57229602,284.06
2021-06-14,TSLA,157.71,160.04,156.0,156.26,118375096,156.06
2021-06-15,AAPL,94.1,95.16,93.6,94.53,90380886,94.3
2021-06-15,AMZN,121.91,122.81,121.0,122.45,55419047,122.05
2021-06-15,GOOGL,62.81,63.39,62.42,63.23,25484489,63.23
2021-06-15,MSFT,289.25,295.64,284.92,290.33,51267727,290.0
2021-06-15,TSLA,154.94,155.65,154.19,154.2,39909005,153.7
2021-06-16,AAPL,95.71,95.86,95.46,95.71,168876726,95.25
2021-06-16,AMZN,122.2,122.99,121.33,121.78,90072648,121.58
2021-06-16,GOOGL,64.48,65.26,63.74,64.24,45700517,64.16
2021-06-16,MSFT,290.82,293.91,288.73,291.22,28752200,290.47
2021-06-16,TSLA,160.01,160.97,158.02,160.33,141348546,159.78
2021-06-17,AAPL,98.87,99.97,98.26,99.27,95339212,99.09
2021-06-17,AMZN,117.49,118.44,115.6,117.73,103835248,117.48
2021-06-17,GOOGL,65.36,65.62,65.19,65.29,27938303,65.21
2021-06-17,MSFT,296.51,298.92,295.21,295.44,37014783,295.04
2021-06-17,TSLA,160.0,161.21,158.67,160.44,67235045,159.83
2021-06-18,AAPL,97.85,98.49,97.32,98.32,63151919,98.04
2021-06-18,AMZN,115.42,116.7,113.54,115.65,48074557,115.47
2021-06-18,GOOGL,66.09,66.92,65.69,66.08,40733271,65.84
2021-06-18,MSFT,292.92,300.88,288.11,296.45,19914348,296.14
2021-06-18,TSLA,155.17,156.37,153.48,155.14,107080704,154.85
2021-06-21,AAPL,98.08,99.1,97.28,98.71,147168804,98.49
2021-06-21,AMZN,117.74,118.57,117.25,118.12,93055440,117.85
2021-06-21,GOOGL,67.69,68.11,67.44,68.1,19869768,67.85
2021-06-21,MSFT,296.53,298.93,293.19,293.81,22470379,293.09
2021-06-21,TSLA,157.56,159.36,156.73,157.67,148016478,157.54
2021-06-22,AAPL,99.85,100.85,98.98,99.53,169944203,99.3
2021-06-22,AMZN,120.76,121.75,118.97,119.48,45657426,119.22
2021-06-22,GOOGL,66.89,68.42,65.94,68.27,13039967,67.99
2021-06-22,MSFT,285.68,288.09,281.67,282.9,60800471,281.52
2021-06-22,TSLA,154.84,155.53,154.31,154.55,36796460,153.81
2021-06-23,AAPL,102.6,103.62,101.36,101.97,114311501,101.56
2021-06-23,AMZN,119.32,119.9,118.93,119.76,115604451,119.44
2021-06-23,GOOGL,67.42,68.55,66.73,68.27,40977851,68.02
2021-06-23,MSFT,281.43,284.52,277.55,283.14,39044888,283.01
2021-06-23,TSLA,149.64,149.81,149.31,149.5,107723304,149.32
2021-06-24,AAPL,102.46,103.03,102.1,102.27,127979164,101.8
2021-06-24,AMZN,119.2,119.45,119.08,119.13,88200897,118.89
2021-06-24,GOOGL,68.52,68.66,68.25,68.42,23689203,68.3
2021-06-24,MSFT,280.97,286.91,277.95,282.92,59654628,282.45
2021-06-24,TSLA,152.9,153.66,151.72,153.53,183140927,152.88
2021-06-25,AAPL,105.64,106.76,104.96,105.23,61130328,104.9
2021-06-25,AMZN,116.27,117.4,115.6,117.14,109386037,116.63
2021-06-25,GOOGL,65.43,65.79,65.26,65.63,51348378,65.5
2021-06-25,MSFT,282.82,284.84,281.65,281.78,29475385,280.52
2021-06-25,TSLA,149.26,151.51,147.13,151.2,77641894,150.92
2021-06-28,AAPL,103.32,105.72,101.33,105.02,152837111,104.57
2021-06-28,AMZN,115.59,116.2,114.3,116.08,54625220,115.88
2021-06-28,GOOGL,65.51,66.19,64.87,65.83,49098283,65.63
2021-06-28,MSFT,280.23,281.94,278.6,278.92,38595629,278.27
2021-06-28,TSLA,149.29,150.56,147.65,148.02,158787935,147.95
2021-06-29,AAPL,109.23,109.88,108.92,108.93,114636682,108.69
2021-06-29,AMZN,113.87,114.19,113.68,113.81,90805979,113.79
2021-06-29,GOOGL,65.26,65.4,65.05,65.38,36217042,65.1
2021-06-29,MSFT,275.42,277.29,272.28,272.49,24448896,271.19
2021-06-29,TSLA,145.4,147.0,144.35,145.68,184244125,145.53
2021-06-30,AAPL,109.92,110.61,109.04,109.27,38564262,109.24
2021-06-30,AMZN,113.07,114.07,112.44,113.73,43934590,113.23
2021-06-30,GOOGL,64.69,65.77,63.62,64.21,49164806,64.13
2021-06-30,MSFT,264.13,265.67,262.97,264.51,34889236,264.06
2021-06-30,TSLA,147.37,149.21,146.34,147.59,92702852,147.11
2021-07-01,AAPL,106.18,107.3,105.62,106.67,56463738,106.21
2021-07-01,AMZN,116.27,117.44,115.62,116.36,53664691,115.98
2021-07-01,GOOGL,66.03,66.32,65.84,66.16,29727140,65.84
2021-07-01,MSFT,261.85,263.97,259.73,260.85,64098322,260.2
2021-07-01,TSLA,145.45,148.94,142.18,146.38,125678733,145.95
2021-07-02,AAPL,107.47,108.16,105.89,106.81,130541251,106.78
2021-07-02,AMZN,116.95,117.61,116.3,116.86,104609523,116.83
2021-07-02,GOOGL,65.24,65.44,64.97,65.16,11306795,65.03
2021-07-02,MSFT,257.48,258.86,255.86,256.95,52776846,256.6
2021-07-02,TSLA,149.61,150.64,148.31,148.5,122728851,147.8
2021-07-05,AAPL,103.98,104.79,103.1,104.37,43053160,103.85
2021-07-05,AMZN,116.98,117.52,116.69,117.25,120010792,117.05
2021-07-05,GOOGL,64.78,64.85,64.75,64.79,25412499,64.49
2021-07-05,MSFT,268.53,273.23,263.53,265.78,45072378,264.65
2021-07-05,TSLA,152.62,152.78,152.41,152.46,118322158,151.8
2021-07-06,AAPL,107.19,108.34,106.18,106.57,35456726,106.21
2021-07-06,AMZN,119.45,119.76,119.2,119.74,46471362,119.73
2021-07-06,GOOGL,65.9,66.97,64.89,65.69,27267497,65.4
2021-07-06,MSFT,256.95,260.08,255.15,257.31,20738931,256.51
2021-07-06,TSLA,154.8,155.26,154.41,155.08,190612372,154.59
2021-07-07,AAPL,101.43,101.74,100.99,101.61,77412379,101.3
2021-07-07,AMZN,114.27,115.03,113.65,114.7,61822837,114.14
2021-07-07,GOOGL,65.24,65.45,65.0,65.25,25423318,65.0
2021-07-07,MSFT,256.09,256.67,255.58,256.2,28826908,255.93
2021-07-07,TSLA,157.47,160.21,155.79,158.63,167833352,158.23
2021-07-08,AAPL,100.93,101.3,100.44,101.04,110757758,100.77
2021-07-08,AMZN,112.26,113.26,111.64,111.95,92994664,111.56
2021-07-08,GOOGL,64.94,66.12,63.93,65.6,36678340,65.44
2021-07-08,MSFT,249.99,251.91,248.96,251.27,55047829,250.63
2021-07-08,TSLA,155.32,155.79,154.85,155.37,161656435,155.16
2021-07-09,AAPL,100.14,101.17,98.52,100.09,174922105,99.71
2021-07-09,AMZN,112.98,114.13,111.58,112.53,95246316,112.38
2021-07-09,GOOGL,66.46,67.7,65.71,66.26,35222893,66.22
2021-07-09,MSFT,249.61,253.31,245.58,248.96,25908727,248.1
2021-07-09,TSLA,154.65,156.01,153.93,154.78,54476095,154.66
2021-07-12,AAPL,99.91,100.27,99.6,100.21,172863776,99.8
2021-07-12,AMZN,112.56,114.58,109.33,110.8,41110437,110.33
2021-07-12,GOOGL,65.85,67.6,64.88,66.22,44444449,66.13
2021-07-12,MSFT,243.2,245.98,241.72,244.76,60462909,243.64
2021-07-12,TSLA,156.13,158.98,154.84,157.09,111645374,156.57
2021-07-13,AAPL,97.66,98.46,96.5,97.76,92481584,97.55
2021-07-13,AMZN,109.16,111.2,107.62,108.93,110771087,108.62
2021-07-13,GOOGL,66.66,67.32,66.35,66.92,36863378,66.78
2021-07-13,MSFT,245.91,249.81,241.62,246.35,17205117,246.11
2021-07-13,TSLA,158.42,159.29,157.36,158.3,83471466,157.87
2021-07-14,AAPL,98.31,99.12,97.61,98.55,110996731,98.26
2021-07-14,AMZN,110.94,111.86,110.39,110.67,25552885,110.35
2021-07-14,GOOGL,67.12,67.33,66.88,67.32,18608192,67.07
2021-07-14,MSFT,247.71,249.81,246.01,247.03,22285208,246.8
2021-07-14,TSLA,156.35,157.56,155.31,157.2,137196217,156.49
2021-07-15,AAPL,99.4,99.52,99.33,99.34,129265670,99.04
2021-07-15,AMZN,111.32,113.09,110.28,112.61,86651825,112.16
2021-07-15,GOOGL,67.26,68.48,66.42,66.74,54318967,66.71
2021-07-15,MSFT,250.91,255.43,246.78,250.46,56633303,249.63
2021-07-15,TSLA,155.98,156.29,155.42,155.77,53269369,155.69
2021-07-16,AAPL,98.85,99.71,98.09,98.33,83524819,98.13
2021-07-16,AMZN,115.48,116.85,114.73,115.16,34773120,114.71
2021-07-16,GOOGL,68.05,68.62,67.1,67.85,41980026,67.84
2021-07-16,MSFT,244.45,246.83,242.94,243.39,46380334,243.25
2021-07-16,TSLA,160.44,162.42,158.78,159.6,150432899,158.91
2021-07-19,AAPL,102.56,103.46,101.69,102.02,111699935,101.8
2021-07-19,AMZN,110.79,112.3,109.27,111.85,49485513,111.84
2021-07-19,GOOGL,67.73,68.42,66.3,67.09,15114306,66.99
2021-07-19,MSFT,243.66,248.07,240.07,242.96,49557877,242.05
2021-07-19,TSLA,159.35,159.92,158.53,158.94,88456402,158.52
2021-07-20,AAPL,103.89,104.3,103.23,103.29,113200580,102.91
2021-07-20,AMZN,113.24,114.22,111.88,111.95,70565378,111.52
2021-07-20,GOOGL,67.55,68.08,66.85,68.06,21136047,67.93
2021-07-20,MSFT,243.04,244.72,239.96,241.4,38878982,240.64
2021-07-20,TSLA,160.4,162.26,158.03,160.18,64975589,160.06
2021-07-21,AAPL,102.66,103.79,100.83,103.03,137843626,102.83
2021-07-21,AMZN,115.28,116.2,114.88,116.03,54459804,115.54
2021-07-21,GOOGL,67.0,68.04,66.05,67.07,32193798,66.84
2021-07-21,MSFT,243.35,247.47,240.12,243.84,51610425,243.0
2021-07-21,TSLA,154.17,156.7,152.79,155.74,147311770,154.98
2021-07-22,AAPL,100.72,101.04,100.35,101.0,105973931,100.64
2021-07-22,AMZN,116.85,118.05,114.83,115.9,69293602,115.43
2021-07-22,GOOGL,63.79,64.28,63.0,64.01,17616141,63.73
2021-07-22,MSFT,247.18,247.99,246.34,246.37,49588137,245.77
2021-07-22,TSLA,154.71,155.83,153.27,154.06,169079237,153.59
2021-07-23,AAPL,98.02,98.18,97.91,98.18,137783595,97.7
2021-07-23,AMZN,114.27,116.96,112.81,114.75,112417714,114.2
2021-07-23,GOOGL,63.41,63.88,63.06,63.07,23029423,62.92
2021-07-23,MSFT,252.1,253.54,249.38,252.68,49109612,252.53
2021-07-23,TSLA,152.39,155.36,149.86,152.29,42698844,152.08
2021-07-26,AAPL,99.3,99.48,99.2,99.34,122098195,99.11
2021-07-26,AMZN,112.42,112.65,112.11,112.17,57185655,111.69
2021-07-26,GOOGL,63.1,63.53,62.67,63.13,10475520,63.03
2021-07-26,MSFT,248.27,249.76,246.18,247.14,19978423,246.83
2021-07-26,TSLA,150.78,152.92,147.63,149.55,154124062,149.41
2021-07-27,AAPL,96.49,97.72,94.12,97.04,60266379,96.57
2021-07-27,AMZN,113.32,114.2,112.35,113.72,96194643,113.48
2021-07-27,GOOGL,64.96,65.65,63.39,63.59,13305011,63.36
2021-07-27,MSFT,253.95,257.07,250.87,251.95,49634955,250.71
2021-07-27,TSLA,146.15,147.8,145.05,146.43,52461233,146.26
2021-07-28,AAPL,98.16,98.73,97.21,97.47,93872964,97.35
2021-07-28,AMZN,113.08,113.34,112.92,113.28,106713955,113.14
2021-07-28,GOOGL,61.88,62.54,61.34,61.95,46814940,61.92
2021-07-28,MSFT,256.45,261.5,252.78,254.96,26950490,254.29
2021-07-28,TSLA,147.56,148.6,146.04,146.73,158525456,146.05
2021-07-29,AAPL,98.54,99.26,98.11,99.09,70706856,98.69
2021-07-29,AMZN,114.43,116.17,112.25,112.48,99440657,111.96
2021-07-29,GOOGL,62.55,63.25,61.93,62.19,18638897,62.03
2021-07-29,MSFT,251.56,252.96,250.79,251.42,33409278,250.25
2021-07-29,TSLA,140.03,141.97,139.14,141.07,86732115,140.73
2021-07-30,AAPL,96.93,98.91,95.17,97.66,120620592,97.22
2021-07-30,AMZN,109.27,110.44,107.98,109.12,43217600,108.87
2021-07-30,GOOGL,65.2,65.73,64.38,64.72,16029940,64.42
2021-07-30,MSFT,251.96,254.77,247.02,250.06,40880716,249.99
2021-07-30,TSLA,140.16,140.71,139.83,140.1,156047362,139.89
2021-08-02,AAPL,100.71,101.82,99.92,100.03,89645048,99.94
2021-08-02,AMZN,101.78,102.84,101.16,102.37,31635876,101.98
2021-08-02,GOOGL,64.57,65.52,62.84,64.83,14392449,64.58
2021-08-02,MSFT,254.51,255.54,252.92,255.45,44408242,254.2
2021-08-02,TSLA,138.29,139.58,136.79,138.81,101951935,138.56
2021-08-03,AAPL,101.18,102.73,99.17,101.99,129785591,101.95
2021-08-03,AMZN,102.01,103.3,101.21,102.21,94806782,102.12
2021-08-03,GOOGL,67.33,67.67,66.63,66.84,54672607,66.83
2021-08-03,MSFT,254.83,260.16,250.34,255.09,35757860,254.5
2021-08-03,TSLA,137.79,140.92,134.21,139.71,161720504,139.35
2021-08-04,AAPL,99.25,100.08,98.87,99.3,65275642,99.25
2021-08-04,AMZN,100.29,101.31,99.57,100.02,92647616,99.69
2021-08-04,GOOGL,66.76,67.13,66.01,66.37,30867928,66.08
2021-08-04,MSFT,257.59,258.65,255.7,256.3,36568579,255.02
2021-08-04,TSLA,141.67,144.18,140.31,141.3,66835491,140.59
2021-08-05,AAPL,96.74,98.7,95.45,97.86,141157820,97.74
2021-08-05,AMZN,102.03,102.46,101.71,101.95,75488383,101.67
2021-08-05,GOOGL,65.62,66.69,64.4,64.98,29739640,64.66
2021-08-05,MSFT,253.56,254.9,252.03,253.52,63629138,252.54
2021-08-05,TSLA,141.03,143.11,137.77,142.26,101269072,142.16
2021-08-06,AAPL,97.03,98.84,95.9,97.89,172624787,97.72
2021-08-06,AMZN,104.01,105.22,103.2,104.41,89287564,104.36
2021-08-06,GOOGL,64.77,65.16,64.54,65.02,18515692,64.96
2021-08-06,MSFT,252.04,252.53,251.2,251.24,51345246,250.22
2021-08-06,TSLA,141.56,142.12,140.4,141.69,37900198,141.26
2021-08-09,AAPL,97.53,98.07,96.79,97.6,171052012,97.31
2021-08-09,AMZN,103.54,106.26,101.79,104.32,62809118,103.97
2021-08-09,GOOGL,64.96,65.63,64.5,65.0,11493443,64.84
2021-08-09,MSFT,246.99,251.82,241.24,248.23,51232267,247.81
2021-08-09,TSLA,143.88,145.19,141.18,142.3,173559756,141.88
2021-08-10,AAPL,98.79,99.38,97.95,98.92,114808722,98.53
2021-08-10,AMZN,103.13,104.04,102.53,103.4,39049549,103.06
2021-08-10,GOOGL,65.9,66.32,65.24,65.74,18134917,65.68
2021-08-10,MSFT,250.38,251.46,248.98,251.24,27983621,250.38
2021-08-10,TSLA,141.84,142.56,140.9,141.33,154027925,140.71
2021-08-11,AAPL,94.59,95.48,93.26,95.43,65440355,95.15
2021-08-11,AMZN,102.84,103.67,101.14,103.66,43062135,103.33
2021-08-11,GOOGL,66.37,67.11,65.09,66.01,35822083,65.84
2021-08-11,MSFT,247.76,253.34,245.3,250.33,60623736,249.56
2021-08-11,TSLA,141.45,142.16,140.06,142.11,55021399,142.06
2021-08-12,AAPL,94.13,94.77,93.11,93.83,162932387,93.54
2021-08-12,AMZN,101.79,102.46,101.37,101.56,33801426,101.48
2021-08-12,GOOGL,64.45,65.1,64.03,64.37,13596179,64.04
2021-08-12,MSFT,250.49,252.68,248.78,251.38,57780888,250.14
2021-08-12,TSLA,138.26,140.32,137.22,139.45,39106275,139.02
2021-08-13,AAPL,94.66,94.87,94.19,94.57,86241407,94.26
2021-08-13,AMZN,103.44,104.55,102.09,102.69,35158386,102.21
2021-08-13,GOOGL,63.37,64.24,62.07,63.02,26882937,62.86
2021-08-13,MSFT,247.09,248.38,245.8,247.35,23485110,246.89
2021-08-13,TSLA,140.2,142.35,137.79,139.21,192734851,139.02
2021-08-16,AAPL,94.69,95.26,94.4,95.23,67789734,94.9
2021-08-16,AMZN,101.6,103.7,100.58,102.2,58409837,101.95
2021-08-16,GOOGL,65.49,65.85,64.76,65.01,48161255,64.99
2021-08-16,MSFT,250.17,251.22,248.87,250.11,65526336,249.97
2021-08-16,TSLA,142.2,142.5,141.78,142.23,132844063,142.17
2021-08-17,AAPL,95.54,95.95,94.8,95.7,142109736,95.29
2021-08-17,AMZN,101.61,102.37,100.41,102.37,33427845,101.89
2021-08-17,GOOGL,64.96,66.22,63.09,64.91,41326566,64.88
2021-08-17,MSFT,255.81,261.68,251.99,254.54,17266403,254.07
2021-08-17,TSLA,136.38,137.78,135.49,137.64,112208296,137.57
2021-08-18,AAPL,95.13,95.37,94.83,94.99,79752826,94.75
2021-08-18,AMZN,102.99,103.96,102.54,103.25,89842911,103.17
2021-08-18,GOOGL,65.79,66.49,65.27,66.12,45352080,66.09
2021-08-18,MSFT,252.96,254.61,251.5,253.87,41567055,253.86
2021-08-18,TSLA,136.48,137.36,134.91,136.36,90959516,136.33
2021-08-19,AAPL,96.71,97.82,94.88,95.29,156044198,94.88
2021-08-19,AMZN,104.16,104.98,103.23,104.04,96979206,103.65
2021-08-19,GOOGL,67.11,67.92,66.43,67.46,54529665,67.29
2021-08-19,MSFT,253.27,255.2,250.46,251.34,38032148,250.39
2021-08-19,TSLA,136.85,138.09,135.19,135.37,196778265,134.97
2021-08-20,AAPL,93.98,94.22,93.69,94.07,140262821,93.98
2021-08-20,AMZN,100.44,100.75,100.27,100.4,94062823,100.03
2021-08-20,GOOGL,67.14,67.85,66.3,66.78,51905114,66.73
2021-08-20,MSFT,243.55,249.07,240.33,246.93,33906822,246.23
2021-08-20,TSLA,137.49,137.75,137.2,137.23,40775371,136.88
2021-08-23,AAPL,93.58,94.24,92.7,93.86,68333322,93.8
2021-08-23,AMZN,101.55,102.45,100.6,101.97,31646592,101.75
2021-08-23,GOOGL,66.99,67.75,66.66,67.07,17707718,67.01
2021-08-23,MSFT,248.77,250.33,248.02,249.37,36627575,249.06
2021-08-23,TSLA,134.43,134.93,133.83,134.47,148570188,134.06
2021-08-24,AAPL,94.76,95.59,93.29,95.36,87209188,94.96
2021-08-24,AMZN,101.78,102.77,100.31,102.35,114247922,101.92
2021-08-24,GOOGL,67.68,68.89,67.11,67.68,50163013,67.42
2021-08-24,MSFT,251.7,254.31,249.68,250.63,29159816,249.7
2021-08-24,TSLA,134.89,137.33,131.17,134.81,174819686,134.58
2021-08-25,AAPL,96.06,97.11,95.0,95.69,119021069,95.44
2021-08-25,AMZN,102.77,104.34,101.52,101.96,62170020,101.93
2021-08-25,GOOGL,68.91,70.37,68.07,68.69,53930406,68.52
2021-08-25,MSFT,255.23,258.08,250.29,251.62,59714602,250.88
2021-08-25,TSLA,134.45,136.63,132.55,134.9,56032874,134.82
2021-08-26,AAPL,94.33,94.69,93.83,94.26,47177798,94.18
2021-08-26,AMZN,103.23,103.98,101.85,101.9,27817712,101.87
2021-08-26,GOOGL,70.24,71.4,69.72,70.78,22077026,70.6
2021-08-26,MSFT,255.43,256.08,254.1,254.61,15554442,254.28
2021-08-26,TSLA,132.23,133.09,131.85,133.07,168197872,132.72
2021-08-27,AAPL,96.66,97.58,95.35,96.35,48213027,96.07
2021-08-27,AMZN,102.29,103.36,101.51,103.09,64889910,102.7
2021-08-27,GOOGL,70.81,71.11,70.55,70.93,22270059,70.57
2021-08-27,MSFT,254.96,257.5,253.16,257.07,28150790,256.55
2021-08-27,TSLA,134.75,135.59,133.05,134.21,190958031,133.63
2021-08-30,AAPL,95.79,95.92,95.62,95.84,70960532,95.48
2021-08-30,AMZN,101.7,101.91,101.24,101.45,63916819,101.04
2021-08-30,GOOGL,71.48,72.41,70.89,71.96,37998894,71.6
2021-08-30,MSFT,255.55,255.67,255.3,255.66,54457490,255.4
2021-08-30,TSLA,132.14,134.09,131.05,133.32,61691854,132.87
2021-08-31,AAPL,95.36,95.98,95.02,95.62,33543002,95.4
2021-08-31,AMZN,104.28,105.41,102.81,103.84,99056393,103.35
2021-08-31,GOOGL,70.55,71.21,69.22,69.36,27160111,69.28
2021-08-31,MSFT,247.86,249.81,243.42,246.44,15593312,246.25
2021-08-31,TSLA,135.03,135.89,134.12,134.52,138781330,134.34
2021-09-01,AAPL,97.87,98.05,97.72,97.98,81549192,97.74
2021-09-01,AMZN,104.74,105.35,103.96,105.19,75993066,105.18
2021-09-01,GOOGL,69.88,70.4,68.89,70.27,12215998,69.96
2021-09-01,MSFT,242.83,245.89,237.55,242.89,16892562,242.11
2021-09-01,TSLA,138.94,139.17,138.45,138.87,90293047,138.37
2021-09-02,AAPL,97.36,99.98,95.91,99.79,173514493,99.42
2021-09-02,AMZN,107.0,107.8,106.45,107.38,47928908,107.32
2021-09-02,GOOGL,69.17,69.22,69.12,69.13,18406037,69.0
2021-09-02,MSFT,241.96,243.95,241.0,243.36,22973210,242.74
2021-09-02,TSLA,134.4,135.73,132.72,134.71,52213104,134.06
2021-09-03,AAPL,103.79,104.24,103.27,103.97,91780974,103.67
2021-09-03,AMZN,109.58,110.58,108.81,110.05,37953770,109.93
2021-09-03,GOOGL,70.0,70.64,68.88,68.97,42414592,68.91
2021-09-03,MSFT,247.07,250.48,241.67,246.93,12792678,246.51
2021-09-03,TSLA,136.24,136.91,135.36,136.26,41005675,135.74
2021-09-06,AAPL,102.85,103.56,102.22,102.84,97956120,102.45
2021-09-06,AMZN,110.08,110.55,109.5,109.85,108539415,109.68
2021-09-06,GOOGL,68.59,68.76,68.45,68.59,10603216,68.53
2021-09-06,MSFT,252.37,252.99,251.53,252.06,24394775,251.45
2021-09-06,TSLA,135.51,135.94,134.88,135.44,140410146,135.04
2021-09-07,AAPL,103.71,104.95,102.77,104.85,117831216,104.85
2021-09-07,AMZN,105.99,106.13,105.74,105.98,99516983,105.88
2021-09-07,GOOGL,68.69,69.22,68.19,68.82,50402398,68.53
2021-09-07,MSFT,245.34,247.06,244.37,246.98,45901972,246.48
2021-09-07,TSLA,138.86,140.24,136.57,138.58,43246687,138.15
2021-09-08,AAPL,106.07,106.53,105.79,106.38,92292100,105.96
2021-09-08,AMZN,107.19,107.83,106.89,107.83,68785330,107.78
2021-09-08,GOOGL,67.84,68.27,67.13,67.82,51412203,67.63
2021-09-08,MSFT,247.19,250.54,243.17,245.65,59311794,245.07
2021-09-08,TSLA,142.18,143.93,139.25,140.59,67045495,139.98
2021-09-09,AAPL,105.78,106.71,105.24,106.1,49332354,105.61
2021-09-09,AMZN,109.2,110.2,108.11,108.2,25582426,107.79
2021-09-09,GOOGL,68.78,69.71,67.64,69.27,16879998,69.22
2021-09-09,MSFT,243.69,244.73,241.93,244.5,22481603,243.39
2021-09-09,TSLA,139.6,141.05,138.96,140.86,187344733,140.49
2021-09-10,AAPL,106.23,106.96,105.47,106.75,82231794,106.42
2021-09-10,AMZN,104.53,105.55,103.39,104.32,48812073,104.01
2021-09-10,GOOGL,69.54,70.39,68.93,69.68,24300343,69.44
2021-09-10,MSFT,240.52,244.6,237.8,240.02,48843249,239.28
2021-09-10,TSLA,142.5,144.54,138.94,141.31,162111698,140.88
2021-09-13,AAPL,106.4,108.29,105.4,106.43,37124993,106.43
2021-09-13,AMZN,104.63,106.39,103.86,104.89,101145291,104.59
2021-09-13,GOOGL,70.82,71.52,69.87,70.17,43882686,69.87
2021-09-13,MSFT,236.2,240.04,232.05,238.32,25421676,237.75
2021-09-13,TSLA,138.23,140.33,135.88,138.59,196576877,138.27
2021-09-14,AAPL,108.81,109.45,107.96,108.86,105280746,108.79
2021-09-14,AMZN,106.54,108.41,105.5,106.67,88855847,106.37
2021-09-14,GOOGL,70.05,71.44,68.95,71.07,24495066,70.96
2021-09-14,MSFT,236.42,239.26,234.51,238.15,23854675,237.05
2021-09-14,TSLA,139.43,139.75,139.04,139.23,180541333,138.68
2021-09-15,AAPL,104.65,105.31,103.14,105.04,101585418,105.03
2021-09-15,AMZN,104.68,106.17,103.63,105.68,94779110,105.25
2021-09-15,GOOGL,72.4,72.81,71.9,71.99,13101971,71.94
2021-09-15,MSFT,237.73,241.11,233.41,239.47,47018878,239.41
2021-09-15,TSLA,136.44,136.7,135.88,136.18,99536964,135.92
2021-09-16,AAPL,104.09,104.56,103.25,103.53,46020832,103.38
2021-09-16,AMZN,107.24,108.37,105.78,106.81,48781839,106.34
2021-09-16,GOOGL,73.01,73.63,71.62,72.93,36797617,72.83
2021-09-16,MSFT,240.6,242.31,238.52,241.07,64780705,239.98
2021-09-16,TSLA,132.52,133.11,132.15,132.68,189035527,132.65
2021-09-17,AAPL,104.47,105.36,102.95,103.6,80575607,103.51
2021-09-17,AMZN,106.83,108.2,105.36,106.22,30946879,105.94
2021-09-17,GOOGL,72.05,72.12,71.98,72.04,36871781,71.85
2021-09-17,MSFT,242.73,243.42,242.15,242.29,51936044,241.12
2021-09-17,TSLA,133.92,135.06,132.91,133.02,178085474,132.4
2021-09-20,AAPL,101.45,103.1,100.0,102.17,86268830,102.11
2021-09-20,AMZN,107.62,108.39,107.0,107.73,97373422,107.6
2021-09-20,GOOGL,71.29,72.53,70.37,72.17,29715505,71.94
2021-09-20,MSFT,243.81,244.65,243.44,244.12,60169258,243.78
2021-09-20,TSLA,130.66,131.42,129.19,131.17,172935180,130.53
2021-09-21,AAPL,102.43,103.09,101.93,103.07,47379301,103.04
2021-09-21,AMZN,106.04,106.16,105.83,105.89,117857206,105.69
2021-09-21,GOOGL,70.34,70.54,70.22,70.22,31468003,70.17
2021-09-21,MSFT,243.49,245.5,242.41,243.94,28282101,243.67
2021-09-21,TSLA,131.97,133.49,130.37,131.12,81241469,130.67
2021-09-22,AAPL,102.15,103.22,101.53,102.82,144775246,102.37
2021-09-22,AMZN,102.46,104.11,101.19,102.46,83921871,102.07
2021-09-22,GOOGL,71.23,71.69,70.47,70.62,26599808,70.37
2021-09-22,MSFT,243.72,246.73,240.65,246.64,62920136,245.89
2021-09-22,TSLA,135.33,136.92,131.83,133.23,64286099,132.99
2021-09-23,AAPL,100.78,101.76,100.3,100.68,162957848,100.27
2021-09-23,AMZN,101.17,102.12,99.65,101.92,102224505,101.91
2021-09-23,GOOGL,71.67,72.13,70.99,71.22,47640065,70.88
2021-09-23,MSFT,245.92,247.87,242.45,245.75,38888682,244.96
2021-09-23,TSLA,132.27,133.1,131.85,132.71,73180351,132.48
2021-09-24,AAPL,101.17,102.62,100.33,101.04,154967775,100.54
2021-09-24,AMZN,99.14,99.66,98.6,99.65,101648809,99.28
2021-09-24,GOOGL,71.65,72.74,71.11,72.26,32886006,71.93
2021-09-24,MSFT,239.58,241.37,236.51,240.99,62039832,240.28
2021-09-24,TSLA,134.94,136.27,132.99,133.4,41692495,132.81
2021-09-27,AAPL,101.57,102.21,100.24,100.32,162925107,100.23
2021-09-27,AMZN,98.71,99.87,98.18,99.32,53106203,99.18
2021-09-27,GOOGL,73.0,74.18,71.57,72.72,42519236,72.62
2021-09-27,MSFT,244.36,245.18,243.96,244.4,18739091,243.73
2021-09-27,TSLA,132.27,133.1,131.85,132.66,176311347,132.04
2021-09-28,AAPL,99.51,100.31,98.86,100.05,88638176,99.83
2021-09-28,AMZN,99.11,99.64,98.15,98.87,82979442,98.86
2021-09-28,GOOGL,73.29,73.67,73.1,73.37,25447022,73.25
2021-09-28,MSFT,241.06,244.15,237.68,241.47,34269802,240.46
2021-09-28,TSLA,133.43,133.7,133.09,133.27,136545849,132.96
2021-09-29,AAPL,97.82,98.83,97.23,98.25,76684421,98.01
2021-09-29,AMZN,98.18,99.34,97.4,98.26,56992638,97.84
2021-09-29,GOOGL,70.55,71.57,69.7,71.56,46438917,71.35
2021-09-29,MSFT,247.11,247.93,245.77,247.47,30346001,246.72
2021-09-29,TSLA,131.87,132.49,131.4,131.93,195760867,131.53
2021-09-30,AAPL,99.37,100.41,98.26,99.44,44592296,99.13
2021-09-30,AMZN,97.33,98.5,96.76,97.65,65075764,97.35
2021-09-30,GOOGL,73.37,74.07,71.92,73.17,39826138,73.11
2021-09-30,MSFT,246.13,246.94,245.1,245.11,44381338,244.76
2021-09-30,TSLA,131.93,133.62,130.47,133.15,179680311,133.09
2021-10-01,AAPL,100.4,100.83,100.11,100.22,169613523,100.2
2021-10-01,AMZN,97.34,97.51,96.99,97.27,30453040,97.18
2021-10-01,GOOGL,72.18,73.55,71.21,72.39,45015654,72.35
2021-10-01,MSFT,239.57,240.88,238.71,240.58,52992548,240.42
2021-10-01,TSLA,135.53,136.89,133.81,134.41,190642662,134.16
2021-10-04,AAPL,99.51,99.71,99.09,99.56,52332665,99.45
2021-10-04,AMZN,96.18,96.93,95.65,96.63,89060395,96.48
2021-10-04,GOOGL,71.36,72.53,70.77,72.29,12562657,72.06
2021-10-04,MSFT,238.06,239.23,237.17,238.45,41062723,238.42
2021-10-04,TSLA,134.42,134.75,133.99,134.14,83650557,134.09
2021-10-05,AAPL,97.77,99.01,96.81,97.47,122384318,97.08
2021-10-05,AMZN,97.18,98.24,96.6,97.66,72562401,97.47
2021-10-05,GOOGL,75.22,76.0,74.4,75.31,15869775,75.23
2021-10-05,MSFT,237.86,241.19,235.94,237.33,21344147,236.37
2021-10-05,TSLA,129.6,131.21,128.73,128.75,139912869,128.45
2021-10-06,AAPL,99.68,100.15,99.33,99.57,123532926,99.25
2021-10-06,AMZN,95.46,96.11,94.21,95.72,74659528,95.6
2021-10-06,GOOGL,74.09,75.01,73.15,74.8,13936582,74.67
2021-10-06,MSFT,235.1,237.79,231.44,237.42,37458642,236.63
2021-10-06,TSLA,127.86,130.24,126.36,127.68,182340118,127.25
2021-10-07,AAPL,98.4,99.01,97.37,98.66,87025783,98.23
2021-10-07,AMZN,94.38,95.64,93.26,94.41,73361020,93.94
2021-10-07,GOOGL,75.15,75.67,74.59,75.43,36834742,75.21
2021-10-07,MSFT,240.36,241.13,239.82,240.28,35565236,239.5
2021-10-07,TSLA,131.03,132.01,128.77,128.84,196385630,128.35
2021-10-08,AAPL,97.52,98.43,96.45,97.6,132235500,97.28
2021-10-08,AMZN,93.36,94.81,92.49,94.66,80667344,94.44
2021-10-08,GOOGL,73.77,73.87,73.61,73.69,43574205,73.57
2021-10-08,MSFT,242.86,245.68,238.92,242.91,22370687,242.38
2021-10-08,TSLA,131.66,132.3,130.48,130.98,46253377,130.74
2021-10-11,AAPL,95.17,95.77,94.61,95.21,147335175,94.82
2021-10-11,AMZN,95.19,95.91,94.22,95.1,41772232,94.98
2021-10-11,GOOGL,71.13,72.64,70.34,72.03,12822471,71.79
2021-10-11,MSFT,240.36,243.14,237.1,241.0,51938987,239.86
2021-10-11,TSLA,133.33,134.28,131.85,132.8,188970957,132.73
2021-10-12,AAPL,97.97,98.76,97.04,97.46,66675749,97.17
2021-10-12,AMZN,96.24,96.92,95.79,96.78,61518493,96.41
2021-10-12,GOOGL,71.48,71.98,71.16,71.93,45912096,71.65
2021-10-12,MSFT,237.19,239.74,232.74,237.07,37950205,236.65
2021-10-12,TSLA,131.56,132.75,129.02,130.96,62178654,130.81
2021-10-13,AAPL,97.54,97.85,96.92,97.23,32870774,96.98
2021-10-13,AMZN,99.3,99.86,98.15,98.4,29375744,98.12
2021-10-13,GOOGL,69.95,71.46,69.09,70.81,30392803,70.76
2021-10-13,MSFT,239.12,239.52,238.54,238.96,20033503,238.79
2021-10-13,TSLA,129.44,132.36,128.08,131.0,69211920,130.63
2021-10-14,AAPL,97.03,97.45,96.24,96.61,111775028,96.38
2021-10-14,AMZN,96.96,98.46,96.0,97.42,38143660,97.32
2021-10-14,GOOGL,71.27,71.9,70.88,71.04,17513824,70.89
2021-10-14,MSFT,246.8,249.84,244.82,245.24,39712451,244.93
2021-10-14,TSLA,133.26,134.72,132.31,133.61,73203793,133.0
2021-10-15,AAPL,99.71,100.07,99.0,99.51,79208700,99.2
2021-10-15,AMZN,97.89,98.15,97.39,97.63,37997307,97.54
2021-10-15,GOOGL,73.79,74.11,73.12,73.7,27921538,73.4
2021-10-15,MSFT,248.06,252.5,243.94,246.36,44960907,246.14
2021-10-15,TSLA,135.38,136.45,134.77,135.08,157733873,134.79
2021-10-18,AAPL,97.9,99.62,97.1,98.22,69017027,97.95
2021-10-18,AMZN,99.06,100.82,98.24,98.46,119050133,98.3
2021-10-18,GOOGL,75.03,75.61,74.62,74.74,19354962,74.51
2021-10-18,MSFT,249.64,251.66,248.13,248.92,12731393,248.67
2021-10-18,TSLA,136.14,137.65,135.2,136.06,183828235,135.88
2021-10-19,AAPL,98.94,99.56,97.69,98.68,93022897,98.35
2021-10-19,AMZN,96.29,96.66,95.86,95.93,68769850,95.64
2021-10-19,GOOGL,76.2,77.74,75.38,76.28,23098549,75.94
2021-10-19,MSFT,254.58,258.96,251.22,255.45,38931923,255.07
2021-10-19,TSLA,139.25,140.99,137.13,138.79,128112979,138.47
2021-10-20,AAPL,98.14,99.23,95.99,98.59,113929589,98.47
2021-10-20,AMZN,92.78,93.87,92.24,93.63,107639728,93.18
2021-10-20,GOOGL,77.83,78.49,77.42,78.04,25358915,78.03
2021-10-20,MSFT,252.59,257.19,249.27,253.05,17217559,252.92
2021-10-20,TSLA,137.2,138.15,135.89,137.94,116930978,137.5
2021-10-21,AAPL,97.97,98.97,97.07,98.33,154179935,98.02
2021-10-21,AMZN,91.85,92.55,91.49,92.28,74617638,92.24
2021-10-21,GOOGL,79.81,80.27,79.08,79.89,40864260,79.76
2021-10-21,MSFT,255.63,260.81,253.16,257.32,56165145,256.76
2021-10-21,TSLA,138.24,139.65,136.69,138.15,63023029,137.58
2021-10-22,AAPL,100.94,101.69,100.31,100.83,39381938,100.53
2021-10-22,AMZN,94.04,94.31,93.67,94.06,24998135,93.65
2021-10-22,GOOGL,79.44,80.89,77.31,78.93,22150111,78.68
2021-10-22,MSFT,263.6,265.61,260.23,260.89,49548845,259.6
2021-10-22,TSLA,139.53,141.75,137.74,140.58,49190377,140.32
2021-10-25,AAPL,101.01,102.22,99.18,101.55,83405469,101.36
2021-10-25,AMZN,90.75,91.45,89.35,91.44,110296465,91.28
2021-10-25,GOOGL,78.38,79.11,76.69,78.4,29588109,78.18
2021-10-25,MSFT,257.35,258.15,256.28,256.61,64323218,256.17
2021-10-25,TSLA,138.52,139.75,137.77,138.87,72956092,138.84
2021-10-26,AAPL,102.01,103.56,100.91,102.65,139799654,102.38
2021-10-26,AMZN,88.33,89.33,87.71,88.46,117552060,88.02
2021-10-26,GOOGL,79.07,79.39,78.6,79.02,30845333,78.75
2021-10-26,MSFT,253.53,257.44,247.49,253.73,58839020,252.9
2021-10-26,TSLA,138.07,140.52,136.59,138.9,177342815,138.7
2021-10-27,AAPL,102.71,104.18,99.88,103.08,107607104,102.93
2021-10-27,AMZN,86.47,87.3,85.33,87.15,99771377,86.98
2021-10-27,GOOGL,80.22,80.66,79.24,80.39,40509910,80.15
2021-10-27,MSFT,256.71,261.5,253.37,259.59,26684803,259.0
2021-10-27,TSLA,143.0,144.27,141.08,142.49,154847075,141.88
2021-10-28,AAPL,102.84,104.45,102.15,102.47,37654167,102.46
2021-10-28,AMZN,85.49,85.79,85.0,85.31,37845179,85.23
2021-10-28,GOOGL,76.66,76.95,76.52,76.9,47550248,76.8
2021-10-28,MSFT,260.68,262.61,258.82,261.35,33582498,260.99
2021-10-28,TSLA,139.7,140.56,137.77,139.52,157534242,139.36
2021-10-29,AAPL,101.94,102.8,100.43,101.88,111295106,101.45
2021-10-29,AMZN,85.12,85.69,84.67,85.44,88918700,85.25
2021-10-29,GOOGL,73.96,74.82,73.39,73.66,52263884,73.59
2021-10-29,MSFT,256.74,261.64,252.42,259.86,27149539,259.73
2021-10-29,TSLA,136.43,137.16,135.91,137.03,67258645,136.38
2021-11-01,AAPL,104.11,105.04,102.05,103.15,114593112,102.81
2021-11-01,AMZN,82.78,83.3,82.46,83.12,93785877,82.83
2021-11-01,GOOGL,74.3,74.87,73.99,74.44,11171329,74.16
2021-11-01,MSFT,266.48,269.61,261.58,263.9,28000855,263.47
2021-11-01,TSLA,138.5,139.3,137.28,137.7,82883389,137.14
2021-11-02,AAPL,104.98,105.31,104.34,104.59,49190865,104.24
2021-11-02,AMZN,81.77,83.55,80.57,82.08,95915195,81.9
2021-11-02,GOOGL,73.36,74.17,72.68,73.49,54242303,73.21
2021-11-02,MSFT,259.31,262.63,255.41,260.94,43020550,259.74
2021-11-02,TSLA,136.78,137.71,135.13,136.81,43071561,136.46
2021-11-03,AAPL,106.06,106.89,104.58,105.33,80960631,105.27
2021-11-03,AMZN,82.55,82.8,82.3,82.37,87088399,81.97
2021-11-03,GOOGL,74.55,75.96,73.81,74.63,32045236,74.4
2021-11-03,MSFT,258.9,265.64,255.89,259.32,25571005,258.19
2021-11-03,TSLA,139.07,139.81,137.67,138.16,160053285,137.63
2021-11-04,AAPL,100.85,100.95,100.66,100.83,58181742,100.55
2021-11-04,AMZN,83.51,83.7,83.14,83.37,70135830,83.19
2021-11-04,GOOGL,75.98,76.42,75.45,75.9,12492582,75.75
2021-11-04,MSFT,259.37,260.98,257.47,258.52,65162000,257.61
2021-11-04,TSLA,136.15,136.79,135.78,136.58,128716187,136.2
2021-11-05,AAPL,100.53,102.82,99.13,101.8,62491404,101.31
2021-11-05,AMZN,85.58,87.32,84.28,85.79,60163725,85.77
2021-11-05,GOOGL,76.35,76.9,75.43,75.99,50998830,75.91
2021-11-05,MSFT,249.88,253.1,248.01,250.74,36435851,249.89
2021-11-05,TSLA,136.19,137.06,135.03,135.36,77894370,135.34
2021-11-08,AAPL,102.55,103.65,100.56,102.87,128037552,102.58
2021-11-08,AMZN,85.39,85.92,84.81,85.66,79746851,85.55
2021-11-08,GOOGL,77.93,78.59,76.8,77.03,10426380,76.65
2021-11-08,MSFT,253.2,255.04,251.58,252.88,30310122,252.38
2021-11-08,TSLA,136.44,137.43,135.82,135.99,195307284,135.86
2021-11-09,AAPL,102.96,103.95,102.25,103.0,108675810,102.77
2021-11-09,AMZN,85.21,85.43,85.09,85.37,30763900,85.27
2021-11-09,GOOGL,78.04,78.6,77.14,77.87,51851207,77.52
2021-11-09,MSFT,246.29,251.96,242.21,249.8,14913361,249.2
2021-11-09,TSLA,133.81,134.1,133.18,133.86,144085052,133.4
2021-11-10,AAPL,104.11,105.13,103.27,103.7,120875968,103.69
2021-11-10,AMZN,83.68,84.3,83.0,83.85,79915006,83.52
2021-11-10,GOOGL,78.15,78.49,77.8,78.3,13743715,78.02
2021-11-10,MSFT,252.26,253.48,251.46,252.42,44380625,252.24
2021-11-10,TSLA,132.73,133.5,130.92,132.2,88664716,131.98
2021-11-11,AAPL,104.09,104.64,103.76,104.4,128002733,104.2
2021-11-11,AMZN,83.24,83.9,82.01,82.62,94935015,82.44
2021-11-11,GOOGL,77.59,78.07,76.92,76.98,37984742,76.79
2021-11-11,MSFT,255.66,256.07,255.38,255.63,21743867,254.6
2021-11-11,TSLA,130.19,132.01,128.98,131.48,37907033,131.4
2021-11-12,AAPL,105.74,107.47,103.93,107.15,80159723,106.89
2021-11-12,AMZN,83.22,84.4,81.98,82.38,80837512,82.38
2021-11-12,GOOGL,75.97,76.39,75.7,76.06,29461751,75.84
2021-11-12,MSFT,255.57,256.6,254.44,256.22,33089572,255.75
2021-11-12,TSLA,135.66,137.46,132.57,134.79,118529465,134.36
2021-11-15,AAPL,107.27,108.96,105.75,108.25,71852595,108.01
2021-11-15,AMZN,81.83,82.02,81.74,81.97,61218606,81.95
2021-11-15,GOOGL,75.79,76.07,75.49,75.98,13514693,75.96
2021-11-15,MSFT,251.75,253.32,249.35,249.75,33174123,248.92
2021-11-15,TSLA,134.96,137.11,132.44,135.35,107177435,135.21
2021-11-16,AAPL,107.16,107.48,106.52,106.77,104341542,106.41
2021-11-16,AMZN,82.21,83.0,80.53,82.2,83297949,81.88
2021-11-16,GOOGL,78.01,78.55,77.18,77.83,13206370,77.8
2021-11-16,MSFT,237.05,238.07,236.39,237.2,28992278,236.99
2021-11-16,TSLA,137.03,137.69,136.35,136.51,179774239,136.18
2021-11-17,AAPL,101.98,103.2,100.78,102.81,44298036,102.79
2021-11-17,AMZN,82.55,83.84,81.61,82.38,109081014,82.04
2021-11-17,GOOGL,77.4,77.66,77.02,77.63,27696090,77.32
2021-11-17,MSFT,234.5,237.88,232.5,236.27,34942551,235.98
2021-11-17,TSLA,131.44,132.95,130.49,131.54,55676150,131.43
2021-11-18,AAPL,104.39,106.48,103.04,103.51,101623724,103.21
2021-11-18,AMZN,81.63,81.85,81.11,81.42,31338611,81.09
2021-11-18,GOOGL,78.94,79.36,78.52,78.71,26340779,78.42
2021-11-18,MSFT,233.15,236.12,230.89,235.41,23101841,234.56
2021-11-18,TSLA,131.96,133.84,130.28,131.22,121034646,130.95
2021-11-19,AAPL,103.09,103.41,102.6,102.63,40920298,102.41
2021-11-19,AMZN,80.41,81.26,79.14,80.53,96441433,80.13
2021-11-19,GOOGL,79.44,80.44,78.54,79.7,28165314,79.59
2021-11-19,MSFT,228.7,230.91,225.8,230.15,23517493,229.39
2021-11-19,TSLA,130.99,132.19,128.87,130.33,77187723,129.91
2021-11-22,AAPL,100.48,101.48,99.81,100.06,92726616,99.58
2021-11-22,AMZN,82.37,83.8,80.04,82.36,56044198,82.05
2021-11-22,GOOGL,79.75,80.65,78.62,80.07,12727466,79.71
2021-11-22,MSFT,231.04,234.3,227.54,228.13,37541322,227.49
2021-11-22,TSLA,132.29,133.0,131.17,131.53,130601990,131.52
2021-11-23,AAPL,103.43,105.78,101.69,104.0,47353801,103.67
2021-11-23,AMZN,82.0,83.48,81.08,82.9,82149553,82.85
2021-11-23,GOOGL,79.71,79.92,79.35,79.87,24088742,79.63
2021-11-23,MSFT,215.46,216.69,213.93,216.5,51021527,216.06
2021-11-23,TSLA,134.5,134.72,134.37,134.37,110665047,134.28
2021-11-24,AAPL,105.56,105.77,105.08,105.5,171690721,105.43
2021-11-24,AMZN,81.72,83.22,80.5,81.13,81811193,81.02
2021-11-24,GOOGL,78.42,78.95,77.84,78.14,12880003,77.8
2021-11-24,MSFT,214.47,219.62,212.14,216.97,65978312,215.93
2021-11-24,TSLA,134.35,135.95,133.61,135.18,118594419,134.82
2021-11-25,AAPL,108.49,109.61,107.44,108.57,101410496,108.43
2021-11-25,AMZN,81.67,82.97,80.99,82.29,119780347,81.91
2021-11-25,GOOGL,77.07,77.74,76.27,77.31,34784457,77.02
2021-11-25,MSFT,213.84,214.24,213.49,213.65,55261490,212.87
2021-11-25,TSLA,138.13,139.62,136.3,137.41,66367530,137.4
2021-11-26,AAPL,106.17,107.05,104.36,105.83,40096298,105.56
2021-11-26,AMZN,82.82,83.46,81.84,82.2,88927373,82.05
2021-11-26,GOOGL,76.32,76.48,75.97,76.25,39144681,76.22
2021-11-26,MSFT,213.61,215.59,211.23,213.38,56009967,212.8
2021-11-26,TSLA,140.73,142.06,139.98,141.04,38872831,140.74
2021-11-29,AAPL,105.52,107.23,104.19,106.25,154694971,106.02
2021-11-29,AMZN,83.5,83.82,83.27,83.58,53206880,83.2
2021-11-29,GOOGL,76.15,76.25,75.9,75.98,14452853,75.86
2021-11-29,MSFT,214.61,214.76,214.48,214.57,17298836,213.79
2021-11-29,TSLA,140.3,142.9,139.02,142.06,197362542,142.03
2021-11-30,AAPL,107.2,108.06,106.81,106.86,170770667,106.52
2021-11-30,AMZN,82.8,83.02,82.41,82.61,80966546,82.57
2021-11-30,GOOGL,75.2,76.44,74.38,75.15,25050078,74.9
2021-11-30,MSFT,211.7,213.71,209.62,210.66,44373530,210.35
2021-11-30,TSLA,139.26,140.37,138.33,139.73,84081774,139.69
2021-12-01,AAPL,105.32,105.7,104.89,105.47,50160606,105.25
2021-12-01,AMZN,83.2,83.41,83.1,83.1,102108889,82.95
2021-12-01,GOOGL,78.57,79.13,77.64,77.82,17073211,77.52
2021-12-01,MSFT,214.32,217.93,212.4,215.37,63086356,214.76
2021-12-01,TSLA,140.63,141.55,139.39,140.67,66572607,140.42
2021-12-02,AAPL,105.66,106.51,104.06,105.87,125410345,105.82
2021-12-02,AMZN,85.69,86.13,85.43,85.54,41506557,85.12
2021-12-02,GOOGL,78.42,79.36,77.37,79.07,30323650,78.85
2021-12-02,MSFT,217.26,218.22,216.09,217.44,16737671,216.72
2021-12-02,TSLA,142.06,142.39,141.72,141.74,42229707,141.22
2021-12-03,AAPL,103.94,104.49,102.85,104.09,141497609,103.92
2021-12-03,AMZN,85.69,86.12,85.08,85.71,69100983,85.61
2021-12-03,GOOGL,78.97,79.42,78.75,79.03,37373392,78.91
2021-12-03,MSFT,220.57,221.58,218.31,218.76,30877571,217.95
2021-12-03,TSLA,141.59,141.62,141.51,141.54,176826071,141.49
2021-12-06,AAPL,103.33,104.07,102.23,102.94,100278744,102.54
2021-12-06,AMZN,90.5,90.91,89.89,90.16,52448597,89.85
2021-12-06,GOOGL,81.28,82.17,80.84,81.15,18653127,80.77
2021-12-06,MSFT,219.46,220.25,217.61,218.79,27935911,218.14
2021-12-06,TSLA,140.86,142.15,139.9,140.47,40432968,140.42
2021-12-07,AAPL,101.91,102.28,101.7,102.14,173790244,101.74
2021-12-07,AMZN,89.77,90.28,89.02,89.61,82305626,89.27
2021-12-07,GOOGL,81.39,81.71,81.02,81.4,13764853,81.11
2021-12-07,MSFT,220.78,222.57,218.1,220.21,24306627,219.81
2021-12-07,TSLA,141.87,143.83,140.68,142.32,89309741,142.15
2021-12-08,AAPL,98.52,98.82,98.05,98.48,93272814,98.27
2021-12-08,AMZN,89.99,90.84,89.0,89.85,87251072,89.69
2021-12-08,GOOGL,83.15,83.96,81.98,82.21,23458609,81.99
2021-12-08,MSFT,218.36,219.25,217.07,219.23,64439602,218.89
2021-12-08,TSLA,143.25,143.68,142.67,143.51,63778293,142.88
2021-12-09,AAPL,100.39,101.11,99.79,100.83,151457479,100.4
2021-12-09,AMZN,86.92,87.4,85.96,86.59,53277896,86.16
2021-12-09,GOOGL,82.02,82.29,81.73,82.04,50571353,81.83
2021-12-09,MSFT,217.7,219.33,214.2,218.28,33889009,217.69
2021-12-09,TSLA,139.75,140.93,139.23,139.62,182185545,139.23
2021-12-10,AAPL,100.82,101.21,100.5,101.01,167098088,100.64
2021-12-10,AMZN,86.14,86.66,85.21,85.72,33662278,85.33
2021-12-10,GOOGL,82.39,83.22,82.01,83.1,36514040,82.98
2021-12-10,MSFT,218.49,221.55,215.95,220.95,16138445,220.5
2021-12-10,TSLA,140.32,141.38,139.13,139.85,51764516,139.25
2021-12-13,AAPL,103.75,104.56,102.55,103.29,41186416,102.97
2021-12-13,AMZN,85.23,86.3,83.72,85.18,109242639,84.99
2021-12-13,GOOGL,81.01,81.5,80.56,80.98,17958844,80.84
2021-12-13,MSFT,222.97,224.69,220.07,222.59,62854411,221.91
2021-12-13,TSLA,136.96,139.4,135.19,138.23,163488745,138.04
2021-12-14,AAPL,102.64,103.42,100.88,102.22,124559947,102.08
2021-12-14,AMZN,83.36,83.93,82.24,82.71,117439510,82.42
2021-12-14,GOOGL,80.09,80.83,79.76,79.89,32256381,79.53
2021-12-14,MSFT,220.19,223.08,217.28,221.45,57169724,220.44
2021-12-14,TSLA,141.97,144.84,140.14,142.65,119574982,142.52
2021-12-15,AAPL,102.2,102.43,101.77,102.13,58014685,102.11
2021-12-15,AMZN,84.33,86.08,83.33,83.83,27281356,83.78
2021-12-15,GOOGL,81.48,81.64,81.38,81.6,35367295,81.22
2021-12-15,MSFT,213.55,216.02,212.44,215.61,44066555,214.84
2021-12-15,TSLA,142.99,143.93,142.27,143.81,118351295,143.66
2021-12-16,AAPL,104.62,105.51,103.29,104.66,88700740,104.45
2021-12-16,AMZN,86.91,88.8,85.86,87.52,82790795,87.29
2021-12-16,GOOGL,81.49,81.92,80.95,81.1,34070715,80.89
2021-12-16,MSFT,211.28,212.59,209.35,210.39,46864544,210.36
2021-12-16,TSLA,144.58,146.48,143.14,145.18,143375414,145.13
2021-12-17,AAPL,107.74,108.24,107.45,107.76,83090809,107.44
2021-12-17,AMZN,87.79,88.13,87.07,88.08,56972046,88.07
2021-12-17,GOOGL,81.74,82.98,81.01,81.04,43753783,80.72
2021-12-17,MSFT,210.1,210.7,209.39,209.5,13481153,208.58
2021-12-17,TSLA,140.41,141.45,139.54,140.06,45278749,139.87
2021-12-20,AAPL,103.95,104.28,103.33,104.13,53850979,103.92
2021-12-20,AMZN,88.58,89.52,87.12,88.46,79482503,88.2
2021-12-20,GOOGL,79.41,80.78,78.79,79.5,32511902,79.45
2021-12-20,MSFT,210.28,211.11,208.64,209.06,20180192,208.42
2021-12-20,TSLA,142.2,142.81,141.47,141.81,88327113,141.34
2021-12-21,AAPL,103.17,104.72,101.6,102.51,33058838,102.35
2021-12-21,AMZN,85.98,87.51,85.3,86.11,30896417,85.72
2021-12-21,GOOGL,79.93,81.08,78.96,79.56,40611953,79.51
2021-12-21,MSFT,208.75,210.46,207.04,208.98,17176962,208.33
2021-12-21,TSLA,146.25,146.78,145.78,146.48,44897918,146.26
2021-12-22,AAPL,105.69,105.95,105.47,105.59,172980585,105.29
2021-12-22,AMZN,85.59,87.03,84.95,85.51,69852823,85.51
2021-12-22,GOOGL,77.74,78.66,77.17,77.98,15878078,77.95
2021-12-22,MSFT,212.42,214.45,209.47,211.57,61258923,210.92
2021-12-22,TSLA,145.71,146.15,145.4,145.96,65435786,145.4
2021-12-23,AAPL,107.02,107.33,106.52,107.32,156468742,107.03
2021-12-23,AMZN,87.31,87.61,87.16,87.27,39136866,87.15
2021-12-23,GOOGL,76.88,77.31,76.59,76.98,51985669,76.89
2021-12-23,MSFT,202.16,203.53,199.96,200.34,35380853,199.36
2021-12-23,TSLA,144.43,145.98,143.69,144.16,166248119,143.48
2021-12-24,AAPL,112.45,113.64,109.83,110.52,132391940,110.01
2021-12-24,AMZN,89.62,89.8,89.36,89.8,82152522,89.73
2021-12-24,GOOGL,76.58,76.84,76.4,76.69,35908753,76.62
2021-12-24,MSFT,200.53,201.33,199.89,200.91,58878240,200.65
2021-12-24,TSLA,146.13,147.07,145.28,146.52,93330010,145.91
2021-12-27,AAPL,111.07,111.92,110.32,110.43,158395914,109.99
2021-12-27,AMZN,91.08,91.44,90.67,90.77,116928953,90.32
2021-12-27,GOOGL,78.45,78.63,78.09,78.31,20715493,78.09
2021-12-27,MSFT,200.14,202.92,197.55,199.78,55658484,199.57
2021-12-27,TSLA,143.44,144.35,142.37,143.32,76255313,143.03
2021-12-28,AAPL,107.95,109.27,107.33,108.98,171945723,108.71
2021-12-28,AMZN,89.51,90.71,88.73,89.53,86207243,89.1
2021-12-28,GOOGL,77.63,78.35,77.29,78.35,24709545,78.3
2021-12-28,MSFT,198.31,201.04,194.55,200.96,13682015,200.85
2021-12-28,TSLA,143.67,145.4,142.55,143.32,111081271,143.29
2021-12-29,AAPL,109.03,110.88,107.92,108.48,50586259,108.1
2021-12-29,AMZN,90.79,91.72,90.05,91.35,56369416,90.95
2021-12-29,GOOGL,76.12,76.39,76.0,76.32,26691554,76.01
2021-12-29,MSFT,199.23,200.23,197.69,198.3,36644336,198.04
2021-12-29,TSLA,143.86,145.0,142.3,143.82,131400199,143.6
2021-12-30,AAPL,108.93,110.27,108.07,110.07,55930639,109.7
2021-12-30,AMZN,92.34,93.92,91.43,93.31,28901424,93.25
2021-12-30,GOOGL,76.54,77.4,75.53,77.08,16394813,76.79
2021-12-30,MSFT,199.75,201.66,198.76,200.5,58717774,199.79
2021-12-30,TSLA,139.92,142.46,137.7,141.76,43242756,141.67
2021-12-31,AAPL,109.99,110.4,109.74,109.75,160324173,109.46
2021-12-31,AMZN,90.85,91.8,89.07,90.52,92069363,90.41
2021-12-31,GOOGL,77.16,77.88,76.19,76.45,32117108,76.36
2021-12-31,MSFT,204.58,205.24,203.61,203.87,51357847,202.86
2021-12-31,TSLA,142.05,144.24,140.55,142.48,149344981,142.45
2022-01-03,AAPL,110.06,111.68,109.09,110.39,37668110,109.85
2022-01-03,AMZN,89.18,89.77,88.68,89.43,89692929,89.06
2022-01-03,GOOGL,75.25,75.78,74.44,74.76,31799146,74.58
2022-01-03,MSFT,202.51,204.56,200.71,204.45,61602967,203.79
2022-01-03,TSLA,140.68,141.51,138.78,141.22,186931252,140.77
2022-01-04,AAPL,108.06,109.95,106.39,109.47,35903357,109.36
2022-01-04,AMZN,89.0,89.61,88.36,88.48,46115801,88.23
2022-01-04,GOOGL,74.06,74.33,73.64,74.25,35822240,73.98
2022-01-04,MSFT,203.47,206.03,201.62,204.26,45672531,203.98
2022-01-04,TSLA,138.87,139.73,138.2,138.43,156663690,137.9
2022-01-05,AAPL,107.61,108.3,106.88,108.1,100685608,107.77
2022-01-05,AMZN,89.39,90.16,88.61,89.78,107358648,89.63
2022-01-05,GOOGL,72.88,73.95,72.0,72.72,42349509,72.68
2022-01-05,MSFT,204.67,205.37,203.9,205.28,16256711,204.77
2022-01-05,TSLA,135.51,136.94,133.85,135.48,139425675,135.26
2022-01-06,AAPL,108.77,112.33,106.28,110.26,170077549,109.79
2022-01-06,AMZN,90.67,91.36,89.14,89.24,101288868,88.97
2022-01-06,GOOGL,77.72,78.38,76.53,76.63,31019666,76.56
2022-01-06,MSFT,204.43,204.9,203.61,204.7,23775378,204.52
2022-01-06,TSLA,134.12,135.5,133.43,134.17,119957544,133.56
2022-01-07,AAPL,111.86,113.63,110.62,111.43,90315476,111.43
2022-01-07,AMZN,89.75,90.66,88.62,90.04,80757206,90.0
2022-01-07,GOOGL,76.08,76.46,75.36,76.14,38968320,75.96
2022-01-07,MSFT,209.17,210.78,208.19,210.29,59305124,209.98
2022-01-07,TSLA,130.52,132.5,128.8,130.53,81415377,130.28
2022-01-10,AAPL,111.63,112.52,111.02,111.68,77569826,111.18
2022-01-10,AMZN,88.02,88.64,86.74,88.39,80680332,88.33
2022-01-10,GOOGL,76.83,77.71,75.9,76.67,37383055,76.44
2022-01-10,MSFT,207.07,208.6,203.86,207.5,63410155,207.14
2022-01-10,TSLA,128.95,129.83,127.01,128.51,70647188,128.29
2022-01-11,AAPL,105.83,106.18,105.43,105.98,162981736,105.45
2022-01-11,AMZN,88.48,89.38,87.63,88.63,104909202,88.33
2022-01-11,GOOGL,76.44,77.25,75.25,76.8,50723959,76.41
2022-01-11,MSFT,207.79,212.5,202.22,211.9,63869780,211.78
2022-01-11,TSLA,124.62,125.47,124.0,125.34,144033112,124.74
2022-01-12,AAPL,105.56,106.81,103.73,106.1,175340697,105.72
2022-01-12,AMZN,84.08,85.04,83.44,83.62,87381588,83.25
2022-01-12,GOOGL,76.68,77.73,76.18,77.59,33492178,77.35
2022-01-12,MSFT,210.75,212.09,209.82,210.77,51451753,210.43
2022-01-12,TSLA,122.7,123.52,121.49,122.4,190726166,122.02
2022-01-13,AAPL,104.82,107.72,102.33,105.21,56359312,105.2
2022-01-13,AMZN,84.33,85.2,82.52,83.83,24558272,83.65
2022-01-13,GOOGL,77.6,77.76,77.24,77.45,45640864,77.44
2022-01-13,MSFT,214.57,215.93,211.98,212.3,48603963,211.42
2022-01-13,TSLA,122.49,123.81,120.82,121.26,182680628,120.74
2022-01-14,AAPL,105.16,106.72,103.5,105.23,132075699,104.98
2022-01-14,AMZN,82.65,83.21,81.45,81.89,57226931,81.66
2022-01-14,GOOGL,75.28,75.48,75.01,75.47,14969940,75.26
2022-01-14,MSFT,217.68,218.57,215.63,216.3,20283244,215.87
2022-01-14,TSLA,120.81,121.69,119.09,120.24,177243283,119.78
2022-01-17,AAPL,106.36,107.89,105.47,106.25,87370277,105.9
2022-01-17,AMZN,82.03,82.15,81.79,82.11,30435238,81.85
2022-01-17,GOOGL,75.47,76.78,74.59,75.53,49406471,75.32
2022-01-17,MSFT,216.56,220.22,213.04,217.78,60109145,217.39
2022-01-17,TSLA,120.27,121.31,118.15,120.25,70754805,119.73
2022-01-18,AAPL,108.37,109.48,107.12,109.02,81257998,108.92
2022-01-18,AMZN,83.57,84.09,82.94,83.23,87749672,82.85
2022-01-18,GOOGL,76.73,77.09,76.41,76.71,43764059,76.54
2022-01-18,MSFT,213.32,213.59,212.9,213.57,32571309,212.61
2022-01-18,TSLA,121.9,122.47,120.81,121.34,145774497,121.13
2022-01-19,AAPL,108.93,109.9,107.96,108.9,69562291,108.36
2022-01-19,AMZN,82.86,84.4,81.11,82.42,63982860,82.24
2022-01-19,GOOGL,77.43,78.82,76.7,78.39,50295039,78.01
2022-01-19,MSFT,215.89,218.36,212.7,214.04,47541437,213.72
2022-01-19,TSLA,122.78,124.28,121.46,122.13,57517041,121.85
2022-01-20,AAPL,110.47,112.14,108.61,109.26,156334147,108.79
2022-01-20,AMZN,83.72,84.48,83.09,84.16,94903057,84.04
2022-01-20,GOOGL,80.16,80.71,79.47,80.37,51498987,80.03
2022-01-20,MSFT,219.25,219.87,218.15,219.46,14780928,218.55
2022-01-20,TSLA,120.39,121.41,119.69,120.74,63530419,120.67
2022-01-21,AAPL,109.79,110.56,108.92,109.18,135394041,108.83
2022-01-21,AMZN,84.4,85.3,83.49,84.55,41155827,84.44
2022-01-21,GOOGL,82.71,82.95,82.41,82.57,44088714,82.51
2022-01-21,MSFT,220.7,224.09,218.87,219.85,47570099,219.0
2022-01-21,TSLA,118.13,119.21,117.17,118.57,113134677,118.19
2022-01-24,AAPL,108.71,110.19,107.72,109.03,171209728,109.01
2022-01-24,AMZN,83.57,83.74,83.31,83.54,98244324,83.45
2022-01-24,GOOGL,85.11,85.71,83.72,85.0,29552621,84.58
2022-01-24,MSFT,218.57,220.53,216.78,219.71,48121352,219.29
2022-01-24,TSLA,118.64,120.08,117.19,119.14,41453439,119.1
2022-01-25,AAPL,108.59,109.48,106.88,108.5,171193599,108.2
2022-01-25,AMZN,84.56,85.06,83.86,84.65,79380049,84.27
2022-01-25,GOOGL,83.5,83.98,83.28,83.64,40983048,83.26
2022-01-25,MSFT,214.26,215.27,213.31,215.19,23524379,214.93
2022-01-25,TSLA,116.36,117.3,114.88,116.29,170036048,115.8
2022-01-26,AAPL,110.06,111.71,107.63,109.1,39438659,108.58
2022-01-26,AMZN,85.25,86.5,84.32,85.47,94846157,85.27
2022-01-26,GOOGL,82.68,82.81,82.53,82.71,53410850,82.66
2022-01-26,MSFT,215.55,218.11,210.43,215.14,63116161,214.25
2022-01-26,TSLA,114.54,114.66,114.47,114.56,152425989,114.18
2022-01-27,AAPL,110.92,113.05,109.33,110.96,102706845,110.58
2022-01-27,AMZN,82.82,83.27,82.11,82.37,48872713,81.96
2022-01-27,GOOGL,82.53,82.7,82.26,82.57,13141733,82.38
2022-01-27,MSFT,211.95,213.68,210.17,211.69,36463866,211.39
2022-01-27,TSLA,116.69,117.63,116.07,117.49,189935937,117.11
2022-01-28,AAPL,110.36,111.07,109.71,109.8,115022478,109.79
2022-01-28,AMZN,82.08,82.44,81.66,81.87,101104030,81.86
2022-01-28,GOOGL,82.66,83.15,81.54,82.34,44055091,82.27
2022-01-28,MSFT,212.09,213.41,210.69,213.2,55661150,212.79
2022-01-28,TSLA,117.39,118.96,116.49,118.82,188005177,118.7
2022-01-31,AAPL,110.55,111.58,109.08,110.55,119454716,110.04
2022-01-31,AMZN,82.75,83.25,81.87,82.16,106482106,82.09
2022-01-31,GOOGL,83.7,84.1,83.42,83.9,36789379,83.77
2022-01-31,MSFT,222.79,223.13,222.38,222.56,32535403,222.22
2022-01-31,TSLA,116.35,117.18,114.67,116.24,123039294,115.99
2022-02-01,AAPL,108.54,109.92,107.69,109.67,153193569,109.14
2022-02-01,AMZN,77.74,79.4,76.51,78.85,22332724,78.76
2022-02-01,GOOGL,84.73,85.11,83.89,84.16,32219627,83.91
2022-02-01,MSFT,227.45,229.95,225.13,229.33,65099366,228.52
2022-02-01,TSLA,118.99,119.87,118.22,118.87,93486469,118.39
2022-02-02,AAPL,109.99,111.08,109.3,110.9,51264052,110.87
2022-02-02,AMZN,77.9,78.69,77.49,77.56,88741975,77.52
2022-02-02,GOOGL,85.81,86.06,85.54,85.96,10778505,85.87
2022-02-02,MSFT,228.45,229.78,227.02,229.38,30851061,228.51
2022-02-02,TSLA,119.54,121.1,118.79,119.73,122877146,119.34
2022-02-03,AAPL,113.37,115.42,111.91,113.34,66380255,112.9
2022-02-03,AMZN,79.58,80.28,78.01,78.57,45829381,78.49
2022-02-03,GOOGL,85.6,86.53,84.09,86.19,12090196,85.83
2022-02-03,MSFT,226.11,229.07,221.6,224.99,32266702,224.51
2022-02-03,TSLA,119.61,120.17,118.57,119.9,66906226,119.35
2022-02-04,AAPL,113.9,115.88,112.65,113.63,84801758,113.29
2022-02-04,AMZN,77.92,79.32,77.31,77.72,52040445,77.5
2022-02-04,GOOGL,84.18,84.59,83.88,84.06,20532812,83.99
2022-02-04,MSFT,229.22,230.37,227.06,227.46,30562045,226.43
2022-02-04,TSLA,117.37,117.96,116.82,117.68,113747656,117.18
2022-02-07,AAPL,112.62,113.37,112.11,112.38,104853315,112.25
2022-02-07,AMZN,75.42,76.59,74.08,75.31,51010151,75.29
2022-02-07,GOOGL,84.94,85.98,84.09,84.85,32802029,84.65
2022-02-07,MSFT,224.07,228.68,220.55,225.77,48044952,225.7
2022-02-07,TSLA,116.59,117.22,116.26,117.19,167868744,116.72
2022-02-08,AAPL,111.45,111.61,111.33,111.47,130961745,111.09
2022-02-08,AMZN,72.69,73.99,72.13,73.54,49358056,73.48
2022-02-08,GOOGL,84.95,85.35,84.35,84.47,51861444,84.43
2022-02-08,MSFT,229.92,231.75,227.84,229.04,41262357,228.9
2022-02-08,TSLA,113.43,114.69,112.22,114.46,140521482,113.91
2022-02-09,AAPL,112.0,112.27,111.79,111.82,131846365,111.69
2022-02-09,AMZN,75.52,76.33,73.85,74.03,30863974,73.89
2022-02-09,GOOGL,86.92,88.53,84.9,85.82,52511907,85.43
2022-02-09,MSFT,227.44,230.19,223.54,225.17,14181005,224.68
2022-02-09,TSLA,113.52,114.79,111.84,114.01,36114211,113.99
2022-02-10,AAPL,111.7,112.89,110.84,111.63,96270995,111.48
2022-02-10,AMZN,73.02,73.48,72.81,73.3,80632632,73.29
2022-02-10,GOOGL,83.5,83.95,82.77,83.74,41371360,83.47
2022-02-10,MSFT,234.84,236.2,233.07,235.17,20500366,234.36
2022-02-10,TSLA,110.33,110.88,109.24,110.17,36889606,110.16
2022-02-11,AAPL,112.95,114.6,112.01,113.04,140258935,112.79
2022-02-11,AMZN,71.23,72.19,70.71,71.68,68041378,71.46
2022-02-11,GOOGL,83.5,85.68,81.94,83.69,36302771,83.45
2022-02-11,MSFT,240.49,243.22,238.96,239.41,25622654,238.77
2022-02-11,TSLA,109.3,111.51,108.21,109.48,41161163,109.07
2022-02-14,AAPL,112.23,113.75,111.07,113.48,115421130,113.41
2022-02-14,AMZN,69.39,70.52,68.36,70.28,111286236,69.99
2022-02-14,GOOGL,82.83,83.29,82.34,83.1,37075150,82.94
2022-02-14,MSFT,236.12,237.19,234.27,235.86,65701054,235.18
2022-02-14,TSLA,109.38,109.85,108.66,109.6,66810487,109.09
2022-02-15,AAPL,117.5,118.93,116.57,117.49,102848249,117.08
2022-02-15,AMZN,70.12,70.54,69.84,70.54,22282793,70.39
2022-02-15,GOOGL,82.33,83.48,80.35,82.19,31430476,82.18
2022-02-15,MSFT,237.32,239.25,235.13,235.58,23022819,235.34
2022-02-15,TSLA,112.21,112.47,112.03,112.18,53740902,111.99
2022-02-16,AAPL,116.51,117.61,115.69,117.58,69167500,117.27
2022-02-16,AMZN,71.8,72.56,71.03,71.43,77884087,71.23
2022-02-16,GOOGL,85.6,85.94,84.98,85.13,52410602,85.13
2022-02-16,MSFT,233.02,233.27,232.9,233.18,25566178,232.85
2022-02-16,TSLA,114.35,115.13,113.43,114.09,175138327,113.84
2022-02-17,AAPL,118.99,119.49,118.15,118.47,142558104,117.95
2022-02-17,AMZN,71.69,73.1,70.21,71.13,35124186,70.85
2022-02-17,GOOGL,83.9,85.08,82.81,84.5,35371786,84.14
2022-02-17,MSFT,235.07,238.71,229.34,233.63,33202834,232.66
2022-02-17,TSLA,113.07,113.93,112.05,112.59,122465774,112.45
2022-02-18,AAPL,118.3,119.28,117.19,117.82,125082662,117.5
2022-02-18,AMZN,71.3,72.39,69.52,71.71,54253671,71.55
2022-02-18,GOOGL,81.8,82.27,81.46,81.88,50929235,81.74
2022-02-18,MSFT,230.09,232.04,227.0,227.99,24449094,227.05
2022-02-18,TSLA,111.69,113.69,110.73,112.63,182287572,112.08
2022-02-21,AAPL,116.26,116.78,115.8,116.74,74142334,116.47
2022-02-21,AMZN,73.05,73.19,72.86,73.07,101435583,73.02
2022-02-21,GOOGL,79.62,81.47,78.76,80.68,51936509,80.53
2022-02-21,MSFT,223.79,226.83,221.13,226.27,47909214,225.38
2022-02-21,TSLA,113.44,114.37,112.27,112.47,94849011,112.33
2022-02-22,AAPL,117.18,117.81,116.16,117.24,55523040,116.72
2022-02-22,AMZN,73.81,74.31,72.76,73.9,112542879,73.74
2022-02-22,GOOGL,80.73,80.91,80.49,80.73,44409232,80.64
2022-02-22,MSFT,226.69,228.86,223.95,225.6,29618876,225.22
2022-02-22,TSLA,114.81,116.38,113.86,115.19,152991164,114.79
2022-02-23,AAPL,113.91,115.02,111.87,112.27,151258765,112.06
2022-02-23,AMZN,72.41,73.05,71.94,72.23,37209873,72.1
2022-02-23,GOOGL,81.19,81.63,80.22,80.92,54783195,80.55
2022-02-23,MSFT,229.38,231.61,226.3,227.7,16135370,227.22
2022-02-23,TSLA,117.28,117.82,116.17,116.98,61303378,116.55
2022-02-24,AAPL,110.53,111.28,109.92,110.74,167789520,110.52
2022-02-24,AMZN,72.19,72.49,71.57,72.1,116626641,72.03
2022-02-24,GOOGL,80.61,81.03,79.67,80.72,14567673,80.52
2022-02-24,MSFT,228.13,230.84,226.48,229.73,43731874,229.53
2022-02-24,TSLA,118.76,120.49,117.45,119.01,148915486,118.58
2022-02-25,AAPL,111.99,112.9,111.36,111.8,124031529,111.43
2022-02-25,AMZN,73.19,73.32,73.04,73.31,104780514,73.12
2022-02-25,GOOGL,83.27,84.4,81.84,82.59,15897508,82.47
2022-02-25,MSFT,229.7,231.82,227.0,230.29,46094266,229.29
2022-02-25,TSLA,120.53,122.69,119.5,120.24,190312631,119.83
2022-02-28,AAPL,110.74,111.18,110.54,110.76,132323214,110.61
2022-02-28,AMZN,75.83,76.85,74.48,75.59,95826457,75.47
2022-02-28,GOOGL,82.23,83.0,81.87,82.07,52541116,81.71
2022-02-28,MSFT,235.12,238.97,233.42,237.25,46276204,236.85
2022-02-28,TSLA,116.81,117.91,116.1,117.77,67335266,117.59
2022-03-01,AAPL,112.05,113.2,110.58,111.76,173477491,111.71
2022-03-01,AMZN,77.27,77.69,76.6,76.66,25047135,76.66
2022-03-01,GOOGL,78.98,79.4,78.79,79.09,42377025,78.8
2022-03-01,MSFT,239.12,243.73,234.76,239.62,61119724,238.93
2022-03-01,TSLA,116.97,118.51,115.49,117.24,46118712,117.2
2022-03-02,AAPL,112.77,113.23,112.4,112.5,151000204,112.33
2022-03-02,AMZN,77.61,78.28,77.29,77.38,77378835,77.1
2022-03-02,GOOGL,79.78,81.42,78.14,79.75,37196266,79.47
2022-03-02,MSFT,240.88,241.78,240.43,240.73,16390635,240.46
2022-03-02,TSLA,116.87,118.44,114.81,116.37,45127416,115.79
2022-03-03,AAPL,110.77,111.26,109.77,111.18,124316398,110.8
2022-03-03,AMZN,77.54,78.58,75.92,77.95,71789992,77.75
2022-03-03,GOOGL,78.67,79.47,77.95,79.28,27555094,79.15
2022-03-03,MSFT,235.12,237.44,233.58,235.56,35270297,234.78
2022-03-03,TSLA,114.29,116.03,113.54,115.6,105508411,115.44
2022-03-04,AAPL,106.85,107.16,106.16,106.21,83848625,105.94
2022-03-04,AMZN,79.25,80.26,77.72,78.5,55912179,78.13
2022-03-04,GOOGL,78.41,79.07,78.07,78.98,20615539,78.61
2022-03-04,MSFT,238.73,242.93,235.2,237.87,58595876,237.73
2022-03-04,TSLA,118.91,119.34,118.35,118.82,37121736,118.73
2022-03-07,AAPL,108.47,110.28,107.22,108.86,77456261,108.39
2022-03-07,AMZN,77.52,78.44,75.99,77.29,117231731,77.19
2022-03-07,GOOGL,76.17,76.94,74.94,76.51,51556421,76.35
2022-03-07,MSFT,236.48,239.36,233.33,238.82,54421756,238.29
2022-03-07,TSLA,121.62,123.03,120.51,121.51,118545762,121.26
2022-03-08,AAPL,110.91,111.18,110.6,110.75,157236207,110.69
2022-03-08,AMZN,75.02,75.44,74.6,74.89,89092450,74.6
2022-03-08,GOOGL,77.58,77.86,77.2,77.29,25186361,77.06
2022-03-08,MSFT,242.85,243.1,242.48,242.82,56296232,241.84
2022-03-08,TSLA,123.65,124.86,122.14,123.53,106530134,123.45
2022-03-09,AAPL,108.93,110.1,106.94,107.23,67230327,106.92
2022-03-09,AMZN,73.96,74.7,72.76,73.65,38951751,73.51
2022-03-09,GOOGL,78.16,78.34,77.94,78.08,45543155,77.76
2022-03-09,MSFT,238.43,241.81,235.62,238.82,21836540,237.94
2022-03-09,TSLA,120.81,122.11,119.52,121.3,83245570,120.83
2022-03-10,AAPL,105.08,106.58,104.17,106.18,46670542,106.13
2022-03-10,AMZN,73.86,74.33,73.49,73.77,103815508,73.48
2022-03-10,GOOGL,78.66,79.71,77.9,78.33,45618967,78.26
2022-03-10,MSFT,238.79,241.2,237.72,239.0,42558436,237.84
2022-03-10,TSLA,120.35,120.97,119.72,119.99,98763870,119.71
2022-03-11,AAPL,106.52,108.14,104.77,107.27,45154866,107.14
2022-03-11,AMZN,72.54,72.9,72.06,72.73,51187537,72.59
2022-03-11,GOOGL,77.42,78.02,76.67,76.8,54675415,76.66
2022-03-11,MSFT,239.68,241.57,237.86,240.13,58429604,239.13
2022-03-11,TSLA,122.42,124.21,121.26,121.56,106970533,121.2
2022-03-14,AAPL,106.17,107.45,105.4,105.83,58531805,105.33
2022-03-14,AMZN,71.51,72.92,70.88,71.9,119155429,71.64
2022-03-14,GOOGL,75.43,75.97,75.07,75.42,24654014,75.14
2022-03-14,MSFT,243.35,244.43,241.61,242.75,24348456,241.73
2022-03-14,TSLA,119.89,122.07,117.99,120.05,65422951,119.8
2022-03-15,AAPL,107.28,108.43,106.41,108.05,82344473,107.83
2022-03-15,AMZN,71.75,72.54,70.65,72.03,92282730,71.94
2022-03-15,GOOGL,75.58,75.94,75.11,75.93,28696693,75.79
2022-03-15,MSFT,237.6,240.41,235.77,239.84,55792304,239.24
2022-03-15,TSLA,119.13,120.14,117.38,119.81,115870482,119.35
2022-03-16,AAPL,108.31,109.62,106.82,108.64,138802514,108.47
2022-03-16,AMZN,71.96,72.46,71.52,71.87,83001175,71.57
2022-03-16,GOOGL,73.61,74.8,72.75,73.81,16720680,73.57
2022-03-16,MSFT,238.5,242.49,235.89,241.22,64401751,240.7
2022-03-16,TSLA,117.88,118.69,117.48,118.21,157767734,117.8
2022-03-17,AAPL,108.22,109.04,106.45,107.54,122481984,107.1
2022-03-17,AMZN,71.53,72.5,70.44,71.64,108009760,71.57
2022-03-17,GOOGL,76.9,77.82,75.07,76.16,11628315,75.87
2022-03-17,MSFT,241.11,243.09,237.02,240.17,59569679,239.21
2022-03-17,TSLA,120.66,121.3,120.0,120.16,177161034,119.58
2022-03-18,AAPL,109.24,110.81,106.77,108.38,133271920,108.29
2022-03-18,AMZN,71.78,72.16,71.11,71.78,93153442,71.6
2022-03-18,GOOGL,75.8,77.48,74.7,76.2,36752426,76.15
2022-03-18,MSFT,237.55,240.96,235.43,237.42,43944502,237.06
2022-03-18,TSLA,116.85,117.77,116.25,116.74,58174558,116.49
2022-03-21,AAPL,107.61,108.49,105.72,107.52,36812994,107.29
2022-03-21,AMZN,72.55,72.88,72.03,72.35,104952788,72.04
2022-03-21,GOOGL,75.53,75.75,75.38,75.53,18891142,75.16
2022-03-21,MSFT,242.27,245.91,240.64,243.07,27562960,241.92
2022-03-21,TSLA,117.38,118.75,115.98,116.1,81065593,115.98
2022-03-22,AAPL,109.16,110.27,108.51,109.59,65895189,109.31
2022-03-22,AMZN,71.37,72.96,70.59,71.43,62547753,71.25
2022-03-22,GOOGL,75.9,76.14,75.55,76.0,51742640,75.86
2022-03-22,MSFT,242.75,243.82,240.85,241.67,46915950,240.49
2022-03-22,TSLA,118.81,120.14,117.81,118.92,163757767,118.53
2022-03-23,AAPL,109.98,111.22,109.28,110.45,125013616,110.03
2022-03-23,AMZN,70.01,70.32,69.78,70.0,74246150,69.87
2022-03-23,GOOGL,74.41,74.53,74.31,74.47,34435562,74.24
2022-03-23,MSFT,245.47,246.09,244.37,244.84,51553051,244.08
2022-03-23,TSLA,116.1,116.97,114.66,115.29,115554207,114.98
2022-03-24,AAPL,110.28,111.11,109.32,110.49,140695154,110.11
2022-03-24,AMZN,69.19,70.12,68.23,69.54,89649902,69.22
2022-03-24,GOOGL,75.79,76.37,75.33,75.61,10721638,75.44
2022-03-24,MSFT,243.49,245.87,239.14,245.16,25611205,244.06
2022-03-24,TSLA,113.12,113.75,112.82,113.3,38260796,113.01
2022-03-25,AAPL,106.43,107.73,104.98,106.2,68334475,106.16
2022-03-25,AMZN,69.51,69.84,68.78,69.62,24533559,69.56
2022-03-25,GOOGL,72.58,72.74,72.22,72.73,12609890,72.57
2022-03-25,MSFT,244.05,245.71,240.83,244.07,52491156,243.98
2022-03-25,TSLA,109.95,110.96,109.28,110.12,128079401,109.57
2022-03-28,AAPL,103.62,104.27,103.29,103.65,126545029,103.6
2022-03-28,AMZN,68.96,69.41,68.5,69.15,61726867,69.11
2022-03-28,GOOGL,73.86,74.42,72.85,74.03,26859389,73.67
2022-03-28,MSFT,244.51,247.1,242.6,244.25,38289823,243.77
2022-03-28,TSLA,110.66,111.61,109.37,111.41,86524343,110.98
2022-03-29,AAPL,104.01,105.0,103.42,104.91,75737846,104.43
2022-03-29,AMZN,68.46,68.8,68.01,68.75,82245602,68.5
2022-03-29,GOOGL,73.0,74.44,72.03,73.03,29439441,72.68
2022-03-29,MSFT,241.63,245.5,238.85,243.52,30035147,242.33
2022-03-29,TSLA,110.48,111.16,110.04,110.68,50088389,110.67
2022-03-30,AAPL,107.27,108.68,106.48,106.94,50766142,106.75
2022-03-30,AMZN,70.24,71.38,69.47,70.93,104452046,70.74
2022-03-30,GOOGL,74.18,75.45,73.53,75.0,19087338,74.68
2022-03-30,MSFT,241.59,244.26,240.29,241.2,33030363,240.8
2022-03-30,TSLA,111.08,112.36,109.84,111.11,73431340,111.11
2022-03-31,AAPL,106.54,107.4,105.4,106.03,130304645,105.83
2022-03-31,AMZN,72.31,72.97,71.59,71.97,46077304,71.87
2022-03-31,GOOGL,73.79,75.05,71.12,72.63,13295417,72.48
2022-03-31,MSFT,239.91,243.98,236.96,241.16,64224391,240.3
2022-03-31,TSLA,110.33,111.79,108.82,111.02,195987821,110.95
2022-04-01,AAPL,110.63,111.31,109.88,110.02,151864310,110.02
2022-04-01,AMZN,71.29,71.95,70.87,71.67,64106171,71.39
2022-04-01,GOOGL,75.57,77.48,74.68,74.93,40252217,74.68
2022-04-01,MSFT,238.44,240.49,235.73,239.96,51155027,239.66
2022-04-01,TSLA,114.29,116.58,113.31,115.89,102350178,115.4
2022-04-04,AAPL,110.8,112.22,110.06,111.05,144420699,111.0
2022-04-04,AMZN,68.49,69.16,67.41,69.15,52960083,68.98
2022-04-04,GOOGL,74.87,76.27,74.04,75.43,28587445,75.23
2022-04-04,MSFT,239.95,240.86,238.88,239.6,14824570,238.87
2022-04-04,TSLA,114.23,114.92,112.81,113.94,108157489,113.85
2022-04-05,AAPL,109.8,111.82,108.01,109.81,95038167,109.43
2022-04-05,AMZN,68.74,69.42,68.27,69.35,30207294,69.01
2022-04-05,GOOGL,75.42,76.09,74.82,76.05,30422704,76.01
2022-04-05,MSFT,240.11,240.74,239.8,240.39,22029477,239.69
2022-04-05,TSLA,116.37,116.52,116.15,116.23,153887938,115.8
2022-04-06,AAPL,110.81,111.35,110.44,110.57,163357986,110.37
2022-04-06,AMZN,70.58,71.22,69.21,69.48,38961808,69.41
2022-04-06,GOOGL,76.46,76.82,76.23,76.59,32330582,76.55
2022-04-06,MSFT,228.7,232.89,225.31,230.29,41578524,229.49
2022-04-06,TSLA,111.96,112.43,111.63,112.37,68341008,111.84
2022-04-07,AAPL,110.76,111.76,109.33,110.49,36049496,110.15
2022-04-07,AMZN,68.22,68.75,66.99,68.17,80727533,67.86
2022-04-07,GOOGL,78.4,79.42,77.27,78.17,28110483,78.16
2022-04-07,MSFT,228.57,232.44,224.75,229.08,51043959,228.57
2022-04-07,TSLA,109.83,110.37,109.25,109.56,39179104,109.53
2022-04-08,AAPL,108.48,108.99,107.82,108.52,90348388,108.31
2022-04-08,AMZN,69.27,69.52,68.95,69.36,96069205,69.05
2022-04-08,GOOGL,79.44,80.62,78.53,79.21,40147713,78.92
2022-04-08,MSFT,226.08,231.83,222.42,228.1,32840194,227.67
2022-04-08,TSLA,108.75,109.03,108.42,108.65,181128746,108.6
2022-04-11,AAPL,109.83,110.16,109.26,109.84,175906443,109.4
2022-04-11,AMZN,69.78,70.03,69.24,69.48,77696593,69.33
2022-04-11,GOOGL,79.65,81.34,78.49,80.4,36942550,80.18
2022-04-11,MSFT,227.24,227.88,226.5,227.72,64238278,227.58
2022-04-11,TSLA,110.5,111.02,109.54,110.35,177907238,110.0
2022-04-12,AAPL,110.88,113.2,109.61,111.56,172751098,111.54
2022-04-12,AMZN,69.26,70.03,68.39,69.62,91431643,69.34
2022-04-12,GOOGL,81.37,82.31,80.05,80.76,46266821,80.46
2022-04-12,MSFT,229.33,232.99,226.86,228.03,62978295,227.83
2022-04-12,TSLA,109.74,111.23,107.21,108.56,59986306,108.51
2022-04-13,AAPL,111.1,112.3,110.48,111.62,71127334,111.51
2022-04-13,AMZN,69.9,70.2,69.41,69.98,43940742,69.9
2022-04-13,GOOGL,82.54,83.54,81.2,82.28,27676347,82.03
2022-04-13,MSFT,229.74,230.62,228.41,229.38,18511655,228.82
2022-04-13,TSLA,111.82,112.43,110.71,111.34,74793044,111.25
2022-04-14,AAPL,109.27,110.44,108.59,110.15,174009458,110.05
2022-04-14,AMZN,71.03,71.57,70.16,70.27,94732584,70.1
2022-04-14,GOOGL,84.04,84.53,83.37,83.85,14193495,83.83
2022-04-14,MSFT,222.03,223.25,221.44,221.8,26848141,220.94
2022-04-14,TSLA,112.1,112.35,111.97,112.12,89425423,111.75
2022-04-15,AAPL,113.78,114.25,113.55,113.79,49334453,113.55
2022-04-15,AMZN,71.72,72.83,69.75,71.97,52975023,71.79
2022-04-15,GOOGL,84.36,84.52,84.09,84.28,17112758,83.86
2022-04-15,MSFT,226.26,227.71,224.67,226.87,39359059,226.48
2022-04-15,TSLA,110.6,110.93,110.41,110.5,89322456,110.27
2022-04-18,AAPL,114.33,114.88,113.55,113.81,137389674,113.34
2022-04-18,AMZN,71.08,71.87,70.59,71.8,24329837,71.61
2022-04-18,GOOGL,85.68,86.4,84.73,85.57,11944897,85.5
2022-04-18,MSFT,230.95,232.64,227.91,228.32,61095412,228.21
2022-04-18,TSLA,111.88,112.72,110.84,111.6,94819075,111.44
2022-04-19,AAPL,115.62,118.19,114.36,116.29,84061787,116.02
2022-04-19,AMZN,69.95,71.02,68.92,69.55,119896158,69.42
2022-04-19,GOOGL,86.4,87.31,85.07,86.4,20690462,86.12
2022-04-19,MSFT,229.43,232.1,227.91,231.18,30033643,230.91
2022-04-19,TSLA,111.24,111.95,110.76,111.39,103551303,111.08
2022-04-20,AAPL,116.29,116.53,115.92,116.31,117739731,116.24
2022-04-20,AMZN,69.83,70.35,69.34,70.24,101424069,70.21
2022-04-20,GOOGL,86.81,88.08,85.76,86.31,46702979,85.96
2022-04-20,MSFT,231.84,235.07,225.16,230.71,47720623,230.47
2022-04-20,TSLA,108.07,109.49,107.31,108.29,80867304,108.16
2022-04-21,AAPL,119.46,121.52,116.93,119.04,92103143,118.54
2022-04-21,AMZN,69.72,70.42,69.11,69.96,93549591,69.71
2022-04-21,GOOGL,85.5,86.57,84.62,85.96,45546026,85.55
2022-04-21,MSFT,236.9,239.4,235.2,236.03,23333394,235.94
2022-04-21,TSLA,107.12,107.49,106.83,107.47,170325615,106.97
2022-04-22,AAPL,118.08,119.04,117.37,118.34,104870435,117.84
2022-04-22,AMZN,69.95,70.26,69.45,70.18,47325871,70.07
2022-04-22,GOOGL,83.02,84.37,81.29,82.42,53482431,82.22
2022-04-22,MSFT,239.39,244.18,234.15,240.67,18510582,240.02
2022-04-22,TSLA,107.0,107.89,105.2,107.0,122066798,106.73
2022-04-25,AAPL,116.24,116.96,115.14,116.59,52718166,116.01
2022-04-25,AMZN,69.02,69.74,68.62,69.67,40207397,69.49
2022-04-25,GOOGL,80.36,80.94,79.91,80.06,15517864,79.78
2022-04-25,MSFT,238.34,243.6,231.81,238.15,63695191,237.74
2022-04-25,TSLA,106.16,106.88,104.71,106.56,99649724,106.14
2022-04-26,AAPL,115.75,117.17,115.14,116.74,92866873,116.58
2022-04-26,AMZN,66.42,67.53,65.37,66.94,35867528,66.66
2022-04-26,GOOGL,78.73,79.13,78.17,78.8,37542118,78.58
2022-04-26,MSFT,238.69,241.71,237.04,238.85,43302203,238.13
2022-04-26,TSLA,107.9,109.66,105.22,106.96,130681447,106.78
2022-04-27,AAPL,111.35,113.03,110.27,110.81,149092448,110.59
2022-04-27,AMZN,66.58,66.87,65.96,66.66,28544331,66.61
2022-04-27,GOOGL,77.37,79.12,76.27,77.89,15240823,77.85
2022-04-27,MSFT,238.7,240.31,235.68,239.72,64505910,238.7
2022-04-27,TSLA,110.51,111.47,109.15,110.79,59628178,110.7
2022-04-28,AAPL,109.2,110.48,108.08,109.52,69195261,109.44
2022-04-28,AMZN,68.9,69.0,68.83,68.83,62361988,68.6
2022-04-28,GOOGL,79.92,81.37,78.5,79.42,49265493,79.24
2022-04-28,MSFT,247.57,249.93,243.63,246.84,64940437,246.57
2022-04-28,TSLA,111.64,112.53,111.14,111.81,97370348,111.33
2022-04-29,AAPL,109.48,111.18,107.81,110.39,61412931,110.18
2022-04-29,AMZN,69.46,69.89,68.81,69.7,100589523,69.38
2022-04-29,GOOGL,80.26,80.63,80.03,80.6,45420528,80.53
2022-04-29,MSFT,245.36,250.68,239.69,242.89,36993343,242.29
2022-04-29,TSLA,110.09,110.73,109.25,110.44,51324968,109.95
2022-05-02,AAPL,108.26,110.03,105.37,106.41,96962730,106.26
2022-05-02,AMZN,66.48,67.55,65.89,67.42,48206345,67.1
2022-05-02,GOOGL,81.49,83.2,79.37,81.11,29760209,80.98
2022-05-02,MSFT,247.46,249.75,246.32,246.44,56611487,246.44
2022-05-02,TSLA,112.09,112.5,111.18,111.24,85399334,110.92
2022-05-03,AAPL,104.7,106.99,103.31,106.69,98806821,106.29
2022-05-03,AMZN,65.79,66.44,64.85,65.84,81929846,65.74
2022-05-03,GOOGL,82.29,83.47,81.27,82.15,39770953,82.0
2022-05-03,MSFT,247.94,248.82,246.55,246.89,15982448,246.32
2022-05-03,TSLA,112.24,112.57,111.69,111.85,40004346,111.7
2022-05-04,AAPL,106.66,107.04,106.19,106.24,110183424,105.78
2022-05-04,AMZN,62.96,63.68,62.39,63.67,35035227,63.44
2022-05-04,GOOGL,81.8,82.9,79.97,81.46,11182814,81.24
2022-05-04,MSFT,247.56,249.57,246.1,248.88,32917579,248.82
2022-05-04,TSLA,110.8,111.69,109.86,109.97,56582191,109.63
2022-05-05,AAPL,107.89,108.5,107.15,107.47,96349884,107.35
2022-05-05,AMZN,63.36,63.71,63.18,63.66,117887117,63.59
2022-05-05,GOOGL,82.91,83.45,81.66,81.9,12457969,81.69
2022-05-05,MSFT,246.75,249.5,244.44,248.45,53805011,247.37
2022-05-05,TSLA,110.09,110.91,108.96,110.48,95374478,110.28
2022-05-06,AAPL,106.38,107.01,105.49,106.41,92325001,106.15
2022-05-06,AMZN,65.68,66.78,65.0,65.53,91014934,65.21
2022-05-06,GOOGL,85.75,86.21,84.75,85.12,52605539,84.84
2022-05-06,MSFT,256.7,258.23,254.57,256.5,39172709,255.23
2022-05-06,TSLA,108.4,109.91,107.19,109.17,62323567,108.78
2022-05-09,AAPL,106.41,107.71,104.92,106.14,47765460,106.12
2022-05-09,AMZN,65.71,66.11,65.29,65.31,83539053,65.02
2022-05-09,GOOGL,86.28,88.19,85.47,85.95,44342847,85.84
2022-05-09,MSFT,256.34,258.18,255.37,255.96,43896246,255.62
2022-05-09,TSLA,110.06,110.73,109.71,110.48,49401694,110.03
2022-05-10,AAPL,107.5,108.44,106.03,107.09,128972440,106.88
2022-05-10,AMZN,64.77,65.31,64.07,64.99,24564122,64.84
2022-05-10,GOOGL,88.39,88.73,87.73,87.75,33576025,87.58
2022-05-10,MSFT,262.62,263.28,261.78,262.72,29937357,262.08
2022-05-10,TSLA,110.97,111.92,109.18,110.48,112671260,110.42
2022-05-11,AAPL,105.99,106.75,104.27,105.26,88072128,105.12
2022-05-11,AMZN,62.97,63.63,62.47,62.97,74603396,62.67
2022-05-11,GOOGL,86.21,86.78,85.92,86.21,54179530,86.09
2022-05-11,MSFT,263.98,268.77,261.34,261.37,14350192,260.08
2022-05-11,TSLA,110.03,112.37,108.69,109.64,44518375,109.18
2022-05-12,AAPL,103.18,104.15,102.34,103.33,65742809,102.82
2022-05-12,AMZN,62.7,63.07,62.52,62.65,75952389,62.42
2022-05-12,GOOGL,87.96,88.95,86.89,86.94,39999135,86.87
2022-05-12,MSFT,258.95,259.64,258.64,258.96,19235508,258.08
2022-05-12,TSLA,112.0,112.44,111.09,111.33,147585992,111.04
2022-05-13,AAPL,101.0,103.14,100.07,101.59,129956099,101.5
2022-05-13,AMZN,64.69,65.47,63.79,64.18,98958968,64.02
2022-05-13,GOOGL,88.34,88.98,88.04,88.58,26399206,88.31
2022-05-13,MSFT,256.47,257.74,255.4,255.86,38798993,254.89
2022-05-13,TSLA,110.73,111.38,109.89,111.05,100822486,111.0
2022-05-16,AAPL,100.93,101.52,100.65,101.27,121646766,100.92
2022-05-16,AMZN,65.13,65.21,65.0,65.1,115355227,64.88
2022-05-16,GOOGL,87.08,88.0,86.26,87.42,39345129,87.0
2022-05-16,MSFT,255.17,260.28,252.84,257.23,49248268,256.05
2022-05-16,TSLA,116.2,116.76,115.29,115.34,60871984,115.23
2022-05-17,AAPL,104.33,105.22,102.85,103.63,89651354,103.6
2022-05-17,AMZN,63.96,64.48,63.72,64.3,96468990,64.25
2022-05-17,GOOGL,88.0,89.35,86.85,88.15,42514934,88.01
2022-05-17,MSFT,256.28,257.4,254.06,255.52,21744662,254.29
2022-05-17,TSLA,116.46,117.04,115.73,115.83,111119463,115.31
2022-05-18,AAPL,106.28,106.9,105.06,106.28,44588020,106.25
2022-05-18,AMZN,66.37,66.78,65.99,66.7,108737578,66.5
2022-05-18,GOOGL,90.46,91.51,88.01,89.19,19053286,88.98
2022-05-18,MSFT,248.11,250.45,244.61,247.45,44483897,246.67
2022-05-18,TSLA,118.94,120.38,118.26,118.66,138573893,118.62
2022-05-19,AAPL,106.04,106.86,105.54,106.24,147937166,106.16
2022-05-19,AMZN,68.1,69.39,67.52,68.11,64395536,67.94
2022-05-19,GOOGL,89.4,92.09,87.8,89.79,24577100,89.36
2022-05-19,MSFT,245.72,247.47,242.96,246.47,28869453,245.27
2022-05-19,TSLA,122.38,123.02,121.86,121.87,179591254,121.74
2022-05-20,AAPL,105.1,106.47,103.38,106.43,34443554,106.4
2022-05-20,AMZN,67.38,68.12,66.86,67.86,67747550,67.6
2022-05-20,GOOGL,90.97,91.26,90.5,91.14,29040318,91.1
2022-05-20,MSFT,250.22,252.67,248.39,249.52,33919374,249.43
2022-05-20,TSLA,122.55,123.8,121.96,123.36,95266987,123.23
2022-05-23,AAPL,108.64,108.78,108.37,108.73,127896391,108.63
2022-05-23,AMZN,68.96,69.24,68.37,68.7,83624541,68.38
2022-05-23,GOOGL,94.98,96.26,93.56,95.57,22221951,95.16
2022-05-23,MSFT,250.09,252.52,247.61,248.85,14121230,248.78
2022-05-23,TSLA,122.27,125.25,120.99,124.45,106551113,123.93
2022-05-24,AAPL,108.87,109.21,108.7,108.81,130558691,108.54
2022-05-24,AMZN,68.2,68.51,67.87,68.38,28769102,68.12
2022-05-24,GOOGL,93.71,95.78,92.65,95.49,27802785,95.26
2022-05-24,MSFT,250.14,252.01,245.89,249.72,51113679,248.82
2022-05-24,TSLA,124.75,125.02,124.44,124.99,117339427,124.44
2022-05-25,AAPL,101.42,102.74,100.68,102.63,125349001,102.21
2022-05-25,AMZN,67.92,69.16,67.25,68.55,61860536,68.53
2022-05-25,GOOGL,97.13,97.9,95.77,97.33,32198211,97.08
2022-05-25,MSFT,251.31,253.97,247.63,250.75,58130063,249.61
2022-05-25,TSLA,126.54,126.7,126.37,126.66,140911088,126.14
2022-05-26,AAPL,103.41,104.39,102.22,103.2,68460642,103.1
2022-05-26,AMZN,67.47,68.45,67.01,68.11,79893438,67.93
2022-05-26,GOOGL,99.24,100.13,98.56,99.0,11371746,98.52
2022-05-26,MSFT,253.76,254.58,252.0,252.13,62656604,252.01
2022-05-26,TSLA,125.2,126.1,123.36,125.23,151718875,125.16
2022-05-27,AAPL,105.54,107.14,103.14,103.3,51075774,103.06
2022-05-27,AMZN,68.42,70.4,67.52,68.75,75561873,68.45
2022-05-27,GOOGL,100.19,100.29,100.08,100.12,10267007,99.73
2022-05-27,MSFT,253.58,256.7,252.18,254.98,19141693,253.88
2022-05-27,TSLA,123.75,124.89,123.0,124.19,135681656,123.68
2022-05-30,AAPL,101.31,101.83,100.36,101.71,46290223,101.25
2022-05-30,AMZN,68.23,69.13,67.73,67.98,114645224,67.95
2022-05-30,GOOGL,102.15,103.63,101.31,102.11,38243111,102.06
2022-05-30,MSFT,255.48,257.99,253.03,256.14,19674859,255.99
2022-05-30,TSLA,124.72,126.38,123.4,124.98,46737550,124.8
2022-05-31,AAPL,101.23,101.98,100.82,101.27,135679539,100.82
2022-05-31,AMZN,68.52,68.62,68.36,68.41,66049849,68.26
2022-05-31,GOOGL,100.97,102.05,98.43,100.48,43697763,100.29
2022-05-31,MSFT,253.0,257.09,250.09,253.22,39003847,252.99
2022-05-31,TSLA,124.71,126.0,124.04,125.88,153710256,125.41
2022-06-01,AAPL,99.07,100.09,97.79,98.57,65938284,98.43
2022-06-01,AMZN,69.78,70.24,69.09,69.49,22137891,69.35
2022-06-01,GOOGL,102.09,104.24,100.43,101.93,11298917,101.62
2022-06-01,MSFT,254.28,255.91,251.93,253.58,14266572,252.92
2022-06-01,TSLA,130.28,130.71,129.35,129.4,120224371,128.83
2022-06-02,AAPL,99.2,100.2,98.66,99.88,93566027,99.47
2022-06-02,AMZN,68.77,69.45,68.31,69.07,105901198,68.85
2022-06-02,GOOGL,101.98,103.07,101.19,102.3,35974100,102.07
2022-06-02,MSFT,249.49,252.64,247.59,251.79,38300392,251.69
2022-06-02,TSLA,132.46,133.37,131.48,131.57,157136366,131.28
2022-06-03,AAPL,102.37,102.74,101.75,101.77,166807477,101.52
2022-06-03,AMZN,67.04,68.07,66.57,66.91,39196326,66.59
2022-06-03,GOOGL,101.72,103.03,100.74,100.83,45192903,100.41
2022-06-03,MSFT,257.55,260.94,255.27,258.52,40791590,257.59
2022-06-03,TSLA,127.17,128.0,126.43,127.42,167153597,127.31
2022-06-06,AAPL,99.62,100.07,99.25,100.01,154141250,99.76
2022-06-06,AMZN,69.75,70.62,68.68,69.88,32366311,69.84
2022-06-06,GOOGL,102.72,103.43,101.8,102.05,13590867,101.97
2022-06-06,MSFT,258.89,261.62,254.91,256.04,20892986,255.72
2022-06-06,TSLA,124.6,125.74,123.61,125.45,128491587,125.23
2022-06-07,AAPL,99.62,101.81,97.74,98.07,79995179,97.82
2022-06-07,AMZN,69.7,70.02,69.33,69.81,70740387,69.79
2022-06-07,GOOGL,105.96,107.73,105.09,105.73,51434416,105.72
2022-06-07,MSFT,255.23,258.48,253.72,256.9,20607510,256.84
2022-06-07,TSLA,125.9,126.74,124.78,126.42,173025278,126.33
2022-06-08,AAPL,99.52,100.39,98.12,98.61,102053518,98.28
2022-06-08,AMZN,70.38,70.57,70.08,70.56,99577462,70.46
2022-06-08,GOOGL,105.94,108.01,103.88,104.94,51226796,104.92
2022-06-08,MSFT,254.11,256.06,250.03,255.41,45431963,255.06
2022-06-08,TSLA,128.54,129.62,127.5,129.17,53981824,128.68
2022-06-09,AAPL,98.26,98.64,98.04,98.17,98336881,97.83
2022-06-09,AMZN,69.08,69.52,68.53,69.17,67433576,68.98
2022-06-09,GOOGL,107.07,107.39,106.86,107.2,23394902,106.9
2022-06-09,MSFT,259.47,263.5,257.63,258.51,23697916,257.32
2022-06-09,TSLA,131.83,131.86,131.78,131.81,160048806,131.54
2022-06-10,AAPL,98.62,98.73,98.51,98.67,111446581,98.35
2022-06-10,AMZN,71.11,72.47,70.4,71.33,113522755,70.98
2022-06-10,GOOGL,105.72,107.17,103.59,105.29,46649060,104.78
2022-06-10,MSFT,254.53,256.94,252.56,253.64,56908539,253.2
2022-06-10,TSLA,134.38,136.25,133.29,135.21,37158382,134.59
2022-06-13,AAPL,98.62,99.67,97.93,99.6,97918104,99.48
2022-06-13,AMZN,70.55,71.09,70.17,70.98,62179041,70.67
2022-06-13,GOOGL,106.6,109.63,105.17,106.5,21489121,106.3
2022-06-13,MSFT,244.99,246.58,243.55,246.41,24977331,245.7
2022-06-13,TSLA,135.07,135.74,134.61,135.68,139960294,135.34
2022-06-14,AAPL,97.84,99.14,97.26,98.36,92326348,98.25
2022-06-14,AMZN,71.38,71.65,71.02,71.36,82321821,71.26
2022-06-14,GOOGL,112.39,112.5,112.27,112.47,50728781,112.35
2022-06-14,MSFT,252.78,253.63,252.08,253.16,13011212,253.09
2022-06-14,TSLA,136.87,139.32,134.29,137.6,196120192,137.14
2022-06-15,AAPL,99.93,102.02,98.94,99.73,154766140,99.33
2022-06-15,AMZN,72.49,73.21,71.54,71.71,58764385,71.43
2022-06-15,GOOGL,115.02,115.17,114.86,115.04,47911245,114.53
2022-06-15,MSFT,251.49,253.96,248.74,248.91,21516573,248.29
2022-06-15,TSLA,137.94,139.39,135.57,136.99,104372551,136.58
2022-06-16,AAPL,98.13,98.72,97.29,98.31,77968442,98.27
2022-06-16,AMZN,73.26,74.04,71.93,73.6,109282731,73.39
2022-06-16,GOOGL,113.81,114.63,113.32,113.93,31300938,113.74
2022-06-16,MSFT,251.67,253.35,250.53,253.0,13683766,252.16
2022-06-16,TSLA,138.15,139.08,136.03,137.15,64110191,136.7
2022-06-17,AAPL,97.53,98.28,97.07,98.06,167902359,98.05
2022-06-17,AMZN,72.79,74.54,71.95,73.32,90440992,73.24
2022-06-17,GOOGL,116.51,117.92,113.79,116.46,33366853,116.18
2022-06-17,MSFT,250.16,250.85,249.06,250.59,13559961,250.31
2022-06-17,TSLA,140.1,140.31,139.99,140.05,94525370,139.37
2022-06-20,AAPL,98.37,98.87,97.83,98.07,70842915,97.92
2022-06-20,AMZN,71.87,72.1,71.72,71.78,67925069,71.56
2022-06-20,GOOGL,117.28,118.58,115.92,116.74,20830820,116.6
2022-06-20,MSFT,266.0,268.61,260.29,261.45,20646455,260.85
2022-06-20,TSLA,141.09,142.39,140.52,140.88,77496371,140.56
2022-06-21,AAPL,100.0,101.05,98.93,99.63,75209659,99.21
2022-06-21,AMZN,70.9,71.49,70.34,71.46,83790614,71.2
2022-06-21,GOOGL,119.04,119.68,117.8,118.09,39193006,117.93
2022-06-21,MSFT,265.33,269.25,260.24,262.97,46262000,262.66
2022-06-21,TSLA,142.01,142.56,141.13,141.39,94909855,141.1
2022-06-22,AAPL,100.68,101.78,99.02,100.77,109711297,100.31
2022-06-22,AMZN,71.86,72.73,71.39,72.26,44179924,72.1
2022-06-22,GOOGL,113.6,114.78,112.57,113.53,24148451,113.18
2022-06-22,MSFT,263.29,264.41,261.86,263.56,19383464,263.14
2022-06-22,TSLA,144.75,146.66,142.0,143.74,84060628,143.29
2022-06-23,AAPL,101.4,102.22,100.62,102.05,84079915,101.59
2022-06-23,AMZN,73.03,73.35,72.69,73.24,45042286,73.07
2022-06-23,GOOGL,114.53,115.13,113.93,114.09,32244141,113.85
2022-06-23,MSFT,263.03,264.28,261.46,262.83,59004754,262.45
2022-06-23,TSLA,146.3,146.74,145.45,146.16,38479316,146.12
2022-06-24,AAPL,102.88,103.42,102.57,103.05,105765521,102.79
2022-06-24,AMZN,72.71,73.86,71.7,73.23,26152515,73.13
2022-06-24,GOOGL,118.06,118.98,116.03,116.78,41763792,116.39
2022-06-24,MSFT,266.23,266.79,265.46,265.51,44473827,264.73
2022-06-24,TSLA,142.76,143.57,141.73,143.25,196552799,142.93
2022-06-27,AAPL,103.12,104.25,102.59,104.07,41058676,103.65
2022-06-27,AMZN,71.77,72.31,70.62,72.02,68284180,71.69
2022-06-27,GOOGL,116.55,117.15,115.73,117.01,47264882,116.89
2022-06-27,MSFT,264.96,266.01,263.17,264.2,47182603,263.11
2022-06-27,TSLA,142.63,143.29,141.64,142.27,108523135,142.1
2022-06-28,AAPL,108.85,109.37,107.95,108.49,54289189,108.11
2022-06-28,AMZN,70.55,71.02,70.08,70.93,44010342,70.76
2022-06-28,GOOGL,118.21,118.46,117.88,118.34,40902249,118.28
2022-06-28,MSFT,258.68,261.01,256.3,260.94,31554057,260.77
2022-06-28,TSLA,142.64,144.52,141.24,143.76,76345134,143.27
2022-06-29,AAPL,107.93,108.92,107.08,107.18,174066006,106.67
2022-06-29,AMZN,69.3,69.62,68.98,69.45,44611039,69.33
2022-06-29,GOOGL,117.46,120.45,116.15,118.73,24943385,118.17
2022-06-29,MSFT,257.11,258.95,254.74,258.09,22152926,256.94
2022-06-29,TSLA,142.66,144.73,140.58,144.53,197373218,144.28
2022-06-30,AAPL,104.32,104.63,103.77,103.96,105719162,103.72
2022-06-30,AMZN,69.64,69.99,68.98,69.44,84587085,69.43
2022-06-30,GOOGL,121.56,121.77,121.44,121.63,15430981,121.34
2022-06-30,MSFT,253.33,257.43,250.03,253.56,57511274,253.53
2022-06-30,TSLA,149.64,151.64,147.73,149.77,65818593,149.53
2022-07-01,AAPL,101.47,101.95,100.92,101.66,62256959,101.22
2022-07-01,AMZN,71.65,71.81,71.47,71.58,95772711,71.55
2022-07-01,GOOGL,117.83,118.73,117.42,118.5,14802173,118.23
2022-07-01,MSFT,256.19,259.44,251.3,255.27,55775035,254.13
2022-07-01,TSLA,153.43,154.58,152.33,153.16,62977107,152.44
2022-07-04,AAPL,99.7,100.54,99.1,99.84,51530232,99.41
2022-07-04,AMZN,72.05,73.17,71.03,73.03,36418216,72.87
2022-07-04,GOOGL,117.06,117.8,116.01,117.69,15903329,117.45
2022-07-04,MSFT,253.46,254.0,252.79,253.68,54844654,253.11
2022-07-04,TSLA,148.46,150.34,146.06,149.5,104893957,149.13
2022-07-05,AAPL,101.69,103.33,100.61,101.65,153275897,101.25
2022-07-05,AMZN,73.96,74.98,73.16,74.31,38791904,74.03
2022-07-05,GOOGL,118.42,118.56,118.15,118.27,50782032,118.18
2022-07-05,MSFT,256.8,260.96,252.52,259.84,59544744,258.85
2022-07-05,TSLA,153.64,157.22,151.42,151.77,122465227,151.58
2022-07-06,AAPL,102.39,102.8,102.03,102.55,164485767,102.38
2022-07-06,AMZN,73.69,74.25,73.3,73.53,66636759,73.26
2022-07-06,GOOGL,119.34,120.51,117.4,119.47,39812430,119.07
2022-07-06,MSFT,263.51,264.67,261.57,262.77,34235973,261.91
2022-07-06,TSLA,150.13,152.15,148.87,149.6,41993697,149.17
2022-07-07,AAPL,101.46,102.55,100.38,101.07,49757862,100.77
2022-07-07,AMZN,72.8,73.27,72.45,72.68,99766286,72.54
2022-07-07,GOOGL,121.92,123.01,121.44,121.82,41446926,121.79
2022-07-07,MSFT,262.47,263.62,261.29,261.34,17843902,260.74
2022-07-07,TSLA,145.51,146.24,144.54,145.57,139691393,145.28
2022-07-08,AAPL,101.48,102.34,100.07,100.87,54091455,100.55
2022-07-08,AMZN,74.27,74.52,74.04,74.05,62145271,73.74
2022-07-08,GOOGL,119.55,121.86,117.96,120.66,29413256,120.28
2022-07-08,MSFT,259.68,262.46,257.48,261.08,30295762,260.98
2022-07-08,TSLA,149.01,149.47,148.65,149.19,195816628,148.61
2022-07-11,AAPL,98.73,99.48,98.27,99.04,84807954,98.59
2022-07-11,AMZN,74.11,74.39,73.61,74.03,77440251,73.77
2022-07-11,GOOGL,119.81,121.17,118.84,119.53,19617451,119.34
2022-07-11,MSFT,260.42,262.73,259.24,260.81,34217909,260.04
2022-07-11,TSLA,151.13,152.42,148.53,150.17,40251312,149.82
2022-07-12,AAPL,101.36,101.81,100.36,100.72,144418218,100.41
2022-07-12,AMZN,74.0,74.85,73.34,74.29,93928566,74.16
2022-07-12,GOOGL,118.93,121.46,117.65,121.04,29467671,120.57
2022-07-12,MSFT,259.44,260.19,258.5,259.48,19257930,259.42
2022-07-12,TSLA,146.28,148.94,144.5,146.8,57845714,146.09
2022-07-13,AAPL,101.48,102.45,100.69,102.25,153412860,102.07
2022-07-13,AMZN,73.94,74.51,73.64,74.12,94063495,74.12
2022-07-13,GOOGL,121.06,122.0,119.49,121.95,43470141,121.71
2022-07-13,MSFT,265.46,271.76,261.52,267.65,44615338,267.59
2022-07-13,TSLA,146.41,147.28,145.69,146.95,98285682,146.33
2022-07-14,AAPL,103.24,103.77,102.22,102.67,164450130,102.21
2022-07-14,AMZN,76.78,77.17,76.61,76.8,111981659,76.61
2022-07-14,GOOGL,117.49,118.61,116.74,116.81,20354085,116.59
2022-07-14,MSFT,264.21,266.55,262.89,263.87,62550805,263.01
2022-07-14,TSLA,150.9,152.42,149.76,151.01,144744077,150.26
2022-07-15,AAPL,105.45,106.16,105.03,105.78,146828559,105.63
2022-07-15,AMZN,75.52,76.21,74.3,75.63,113792094,75.29
2022-07-15,GOOGL,117.97,118.1,117.75,117.76,41685505,117.56
2022-07-15,MSFT,262.55,267.68,257.58,260.66,40250256,259.39
2022-07-15,TSLA,152.05,152.39,151.76,151.97,48711069,151.73
2022-07-18,AAPL,107.83,108.6,107.38,108.5,80596694,107.97
2022-07-18,AMZN,75.92,77.5,74.91,76.19,74573451,75.94
2022-07-18,GOOGL,117.23,118.24,116.29,117.39,26012367,117.21
2022-07-18,MSFT,265.04,268.6,261.13,265.31,42148187,264.93
2022-07-18,TSLA,151.37,153.28,148.18,150.43,82480874,150.18
2022-07-19,AAPL,111.78,113.59,108.64,110.68,63026658,110.19
2022-07-19,AMZN,76.3,77.1,75.89,76.81,78440280,76.65
2022-07-19,GOOGL,116.14,116.53,115.95,116.4,50392630,115.84
2022-07-19,MSFT,261.58,263.29,259.11,260.85,40464376,260.11
2022-07-19,TSLA,149.0,149.47,148.33,148.54,158151260,148.17
2022-07-20,AAPL,113.04,113.19,112.69,112.94,153325505,112.66
2022-07-20,AMZN,77.25,77.89,76.49,77.17,52644269,76.84
2022-07-20,GOOGL,116.94,117.21,116.69,116.71,24917152,116.68
2022-07-20,MSFT,261.95,264.08,258.19,262.33,32579812,261.36
2022-07-20,TSLA,149.06,150.18,148.33,149.49,120020057,148.93
2022-07-21,AAPL,115.06,116.91,114.17,114.98,111115303,114.74
2022-07-21,AMZN,79.24,79.69,78.97,79.22,113149597,78.88
2022-07-21,GOOGL,114.88,116.23,114.1,115.52,43044553,115.36
2022-07-21,MSFT,272.43,274.62,270.16,273.44,13934473,272.38
2022-07-21,TSLA,143.32,145.41,142.37,144.73,77846706,144.72
2022-07-22,AAPL,114.76,116.32,113.5,114.59,153489996,114.12
2022-07-22,AMZN,79.18,80.02,77.91,78.95,87457704,78.94
2022-07-22,GOOGL,116.7,117.32,116.4,117.13,45795293,116.91
2022-07-22,MSFT,273.9,278.49,270.98,272.48,64717901,271.55
2022-07-22,TSLA,146.27,147.64,144.87,146.15,55792185,145.89
2022-07-25,AAPL,115.1,116.85,114.02,115.11,113909034,115.04
2022-07-25,AMZN,76.15,76.88,75.48,76.71,112966754,76.33
2022-07-25,GOOGL,115.51,116.84,114.9,115.59,17503550,115.27
2022-07-25,MSFT,270.25,270.78,269.93,270.7,62394781,269.77
2022-07-25,TSLA,146.96,149.97,144.6,146.53,185377280,145.95
2022-07-26,AAPL,117.43,117.83,117.06,117.16,52561131,116.8
2022-07-26,AMZN,76.4,76.98,75.36,76.72,77636806,76.59
2022-07-26,GOOGL,114.58,115.09,113.85,113.9,11606992,113.54
2022-07-26,MSFT,273.38,275.34,270.47,272.3,61549470,272.12
2022-07-26,TSLA,141.99,144.82,139.55,142.93,36680116,142.41
2022-07-27,AAPL,116.81,117.37,116.01,116.93,76857771,116.81
2022-07-27,AMZN,78.08,79.78,77.24,78.56,101962916,78.29
2022-07-27,GOOGL,116.7,118.02,116.0,116.13,49163670,116.09
2022-07-27,MSFT,278.2,281.92,276.37,277.22,57446142,277.16
2022-07-27,TSLA,145.63,147.14,143.66,147.13,143874699,146.57
2022-07-28,AAPL,115.56,117.49,112.52,116.47,87060319,116.15
2022-07-28,AMZN,79.16,80.07,78.0,79.06,91961657,78.99
2022-07-28,GOOGL,116.2,116.56,115.39,115.69,31205049,115.21
2022-07-28,MSFT,286.2,290.64,284.22,285.86,24814147,285.44
2022-07-28,TSLA,150.29,150.41,150.17,150.31,64597011,149.75
2022-07-29,AAPL,113.21,115.29,111.55,113.42,107492679,113.23
2022-07-29,AMZN,76.86,77.6,76.38,76.62,24873868,76.46
2022-07-29,GOOGL,115.99,116.17,115.63,115.86,37354583,115.73
2022-07-29,MSFT,295.66,297.16,293.54,295.39,57236839,294.58
2022-07-29,TSLA,152.88,154.44,152.14,152.23,149468504,151.67
2022-08-01,AAPL,114.12,114.96,112.38,113.69,136188978,113.45
2022-08-01,AMZN,77.51,79.41,76.28,76.91,40230559,76.81
2022-08-01,GOOGL,118.15,119.35,116.88,117.62,20663036,117.47
2022-08-01,MSFT,285.53,289.53,283.02,286.64,22114942,285.72
2022-08-01,TSLA,154.29,156.02,153.01,154.12,170375837,153.79
2022-08-02,AAPL,113.2,113.37,113.01,113.27,83757031,112.75
2022-08-02,AMZN,76.82,77.22,75.95,76.59,109539556,76.39
2022-08-02,GOOGL,121.15,122.3,119.28,119.62,41352112,119.59
2022-08-02,MSFT,295.52,298.05,292.69,293.38,29201815,292.53
2022-08-02,TSLA,155.26,156.44,153.14,154.73,46185768,154.63
2022-08-03,AAPL,116.27,119.43,114.77,118.18,37409537,118.02
2022-08-03,AMZN,77.11,77.86,76.27,77.7,120222792,77.65
2022-08-03,GOOGL,120.8,122.11,120.12,120.64,39527281,120.51
2022-08-03,MSFT,291.26,293.84,289.86,291.39,63788171,290.49
2022-08-03,TSLA,155.47,156.74,153.75,155.6,185384674,155.13
2022-08-04,AAPL,120.64,124.21,118.57,119.73,59350603,119.41
2022-08-04,AMZN,78.78,78.98,78.64,78.89,88786650,78.85
2022-08-04,GOOGL,120.49,120.78,119.99,120.18,23257823,119.58
2022-08-04,MSFT,300.46,301.25,299.82,300.53,32242526,300.16
2022-08-04,TSLA,159.16,159.62,158.58,158.73,64048696,158.3
2022-08-05,AAPL,118.2,119.33,116.77,117.94,125739931,117.84
2022-08-05,AMZN,75.07,75.17,74.92,75.14,98926661,75.04
2022-08-05,GOOGL,118.62,119.32,117.87,117.94,14181024,117.57
2022-08-05,MSFT,301.79,303.98,300.3,301.59,32916615,300.16
2022-08-05,TSLA,158.96,159.51,158.35,159.01,167010884,158.34
2022-08-08,AAPL,114.92,116.62,114.19,116.42,106621625,115.86
2022-08-08,AMZN,74.04,75.55,73.16,74.33,109532871,74.32
2022-08-08,GOOGL,115.45,116.87,113.62,116.34,41656829,115.84
2022-08-08,MSFT,309.65,311.48,307.98,310.92,50280848,309.45
2022-08-08,TSLA,157.71,158.55,156.78,157.43,191191403,157.21
2022-08-09,AAPL,118.7,119.11,117.81,117.99,109839585,117.67
2022-08-09,AMZN,74.33,75.0,73.8,74.45,92748299,74.28
2022-08-09,GOOGL,118.42,118.96,117.38,117.56,48959835,117.23
2022-08-09,MSFT,310.08,311.77,309.05,311.15,62478162,310.5
2022-08-09,TSLA,159.83,162.0,155.96,158.16,50609274,157.5
2022-08-10,AAPL,118.53,118.92,118.27,118.36,99651822,118.03
2022-08-10,AMZN,74.2,74.78,73.65,73.77,105714353,73.54
2022-08-10,GOOGL,120.09,120.57,119.41,119.66,51771040,119.54
2022-08-10,MSFT,316.27,320.86,313.27,316.88,46708353,315.38
2022-08-10,TSLA,159.93,160.22,159.34,159.64,124589343,159.22
2022-08-11,AAPL,116.83,119.39,115.36,116.83,104535598,116.73
2022-08-11,AMZN,73.09,74.69,70.44,73.56,77903215,73.52
2022-08-11,GOOGL,117.58,118.1,116.85,117.73,43030191,117.31
2022-08-11,MSFT,314.8,318.41,312.58,315.14,48869170,314.86
2022-08-11,TSLA,160.02,161.44,158.69,161.11,38586087,160.31
2022-08-12,AAPL,115.13,115.98,113.26,114.26,160136440,114.03
2022-08-12,AMZN,73.66,74.58,73.15,73.22,107967919,72.88
2022-08-12,GOOGL,115.49,117.59,114.56,117.18,45519535,116.78
2022-08-12,MSFT,322.02,325.5,319.18,320.36,34574786,319.09
2022-08-12,TSLA,158.72,159.64,157.87,159.26,150988190,159.26
2022-08-15,AAPL,115.64,116.05,115.36,115.4,98184524,115.19
2022-08-15,AMZN,75.64,76.84,74.62,74.64,98590873,74.57
2022-08-15,GOOGL,117.36,118.52,116.16,117.95,30017316,117.56
2022-08-15,MSFT,312.21,313.72,309.12,313.61,33166350,312.11
2022-08-15,TSLA,162.67,164.04,160.26,163.35,38733734,162.7
2022-08-16,AAPL,118.52,119.36,118.1,118.81,91567835,118.66
2022-08-16,AMZN,73.15,74.37,72.37,74.12,105864371,73.88
2022-08-16,GOOGL,119.88,120.55,118.73,120.46,14734831,119.95
2022-08-16,MSFT,308.88,311.62,304.93,307.83,56216246,307.2
2022-08-16,TSLA,172.43,173.73,171.1,171.46,104522063,171.21
2022-08-17,AAPL,113.82,115.25,112.74,115.23,95446848,115.14
2022-08-17,AMZN,74.89,75.25,74.1,75.04,108786056,74.76
2022-08-17,GOOGL,117.99,121.13,116.02,120.64,42341677,120.08
2022-08-17,MSFT,300.5,305.89,297.6,301.61,62398256,301.06
2022-08-17,TSLA,167.63,169.52,165.96,169.07,150268914,168.69
2022-08-18,AAPL,116.61,117.27,116.29,116.77,159958296,116.38
2022-08-18,AMZN,76.95,77.18,76.45,76.47,78704064,76.18
2022-08-18,GOOGL,124.42,126.19,120.9,123.59,33678226,123.06
2022-08-18,MSFT,303.59,304.3,302.57,304.12,38220564,302.88
2022-08-18,TSLA,169.59,171.16,166.85,168.95,104411325,168.71
2022-08-19,AAPL,115.46,116.42,113.47,116.24,38880516,115.86
2022-08-19,AMZN,74.72,76.4,73.9,74.74,80678066,74.55
2022-08-19,GOOGL,121.2,121.96,120.48,121.74,51982526,121.57
2022-08-19,MSFT,302.32,308.08,299.7,306.47,46915749,305.91
2022-08-19,TSLA,170.3,171.82,169.01,169.63,88057718,168.95
2022-08-22,AAPL,116.04,117.09,115.17,115.63,163819933,115.5
2022-08-22,AMZN,73.85,75.58,73.0,74.76,115455125,74.49
2022-08-22,GOOGL,121.85,122.86,121.38,121.83,46560300,121.57
2022-08-22,MSFT,305.17,307.78,300.5,304.37,13484246,303.01
2022-08-22,TSLA,170.59,172.06,169.13,170.81,111179493,170.26
2022-08-23,AAPL,113.08,113.29,112.87,112.88,40386247,112.46
2022-08-23,AMZN,77.08,77.39,76.45,76.88,51286352,76.8
2022-08-23,GOOGL,122.64,123.21,122.18,123.13,34946381,122.89
2022-08-23,MSFT,304.31,306.12,302.1,305.85,33802003,304.76
2022-08-23,TSLA,174.3,175.34,172.37,173.6,170996623,173.09
2022-08-24,AAPL,110.36,110.81,109.71,110.52,167544165,110.45
2022-08-24,AMZN,74.58,74.91,74.27,74.6,45176122,74.56
2022-08-24,GOOGL,122.95,125.24,121.45,124.17,16451905,123.78
2022-08-24,MSFT,303.79,305.49,301.1,302.51,48452733,301.49
2022-08-24,TSLA,174.81,177.37,172.12,173.61,147867475,173.15
2022-08-25,AAPL,108.45,109.45,107.35,107.46,111589360,106.98
2022-08-25,AMZN,74.85,75.3,74.2,74.79,68420856,74.68
2022-08-25,GOOGL,123.01,125.29,121.82,124.99,50700869,124.72
2022-08-25,MSFT,303.11,312.39,298.08,304.61,60988007,303.95
2022-08-25,TSLA,170.77,172.07,169.55,170.64,110462791,170.24
2022-08-26,AAPL,108.22,109.03,106.42,107.65,101726692,107.15
2022-08-26,AMZN,74.82,75.49,74.16,75.02,47815317,74.72
2022-08-26,GOOGL,123.46,124.6,122.69,123.62,33812850,123.6
2022-08-26,MSFT,304.75,305.12,304.07,304.94,40510461,303.57
2022-08-26,TSLA,172.39,175.05,167.81,173.19,157931856,173.08
2022-08-29,AAPL,113.25,113.81,111.94,112.19,93969417,111.81
2022-08-29,AMZN,74.37,74.7,74.08,74.67,104840272,74.31
2022-08-29,GOOGL,123.94,125.14,123.02,124.25,11611418,124.14
2022-08-29,MSFT,303.9,304.57,302.53,303.63,22771686,302.13
2022-08-29,TSLA,174.97,176.55,174.17,174.86,146088975,174.06
2022-08-30,AAPL,110.23,111.65,109.26,109.41,130797126,109.38
2022-08-30,AMZN,75.11,75.59,74.6,75.06,48223609,74.93
2022-08-30,GOOGL,125.39,126.56,124.46,125.99,13456496,125.83
2022-08-30,MSFT,303.27,303.37,303.14,303.26,34220183,302.27
2022-08-30,TSLA,178.08,179.98,177.01,177.11,59070650,176.36
2022-08-31,AAPL,108.57,109.81,107.98,108.76,109489425,108.26
2022-08-31,AMZN,73.59,74.94,73.0,74.93,83514673,74.8
2022-08-31,GOOGL,126.75,127.36,125.83,127.0,38380923,126.64
2022-08-31,MSFT,310.82,313.06,307.74,310.43,31479365,309.38
2022-08-31,TSLA,177.18,178.64,176.39,176.48,77499213,175.6
2022-09-01,AAPL,111.06,111.48,110.48,110.81,165150839,110.54
2022-09-01,AMZN,74.32,74.72,73.46,74.51,109534733,74.29
2022-09-01,GOOGL,127.85,128.69,127.14,128.27,13756118,127.81
2022-09-01,MSFT,314.16,320.86,307.41,312.08,32762653,310.77
2022-09-01,TSLA,179.52,182.11,178.14,178.98,176222555,178.43
2022-09-02,AAPL,110.15,111.1,109.63,111.0,117319061,110.71
2022-09-02,AMZN,73.2,73.69,72.93,73.39,80957814,73.26
2022-09-02,GOOGL,124.34,124.8,124.07,124.3,46018452,123.98
2022-09-02,MSFT,308.05,311.89,306.1,310.78,47040513,309.89
2022-09-02,TSLA,178.84,182.71,176.76,179.3,113517816,179.11
2022-09-05,AAPL,111.74,112.82,110.77,110.95,134916236,110.73
2022-09-05,AMZN,75.55,76.43,74.23,74.85,99523104,74.67
2022-09-05,GOOGL,121.45,122.57,120.6,120.94,28454035,120.83
2022-09-05,MSFT,320.74,321.88,319.01,319.36,38825156,318.71
2022-09-05,TSLA,181.82,183.87,178.79,181.12,62123824,180.83
2022-09-06,AAPL,111.04,113.01,109.8,112.02,171107090,111.54
2022-09-06,AMZN,73.39,74.05,73.0,73.39,120208815,73.17
2022-09-06,GOOGL,119.5,120.42,117.42,119.4,52845574,119.14
2022-09-06,MSFT,315.49,316.77,313.32,315.66,57926470,315.09
2022-09-06,TSLA,182.91,185.39,178.1,181.15,141716428,181.1
2022-09-07,AAPL,111.0,111.63,110.61,111.54,43529129,111.24
2022-09-07,AMZN,72.5,73.32,71.86,73.08,85747605,72.87
2022-09-07,GOOGL,121.22,122.16,119.87,120.78,41492291,120.76
2022-09-07,MSFT,319.52,321.97,318.07,318.69,24776904,317.73
2022-09-07,TSLA,180.44,181.08,179.48,180.01,62726254,179.32
2022-09-08,AAPL,110.42,110.98,109.32,110.2,155050222,110.02
2022-09-08,AMZN,72.73,73.87,71.15,72.72,86818686,72.51
2022-09-08,GOOGL,125.34,126.34,123.88,124.53,20537590,124.14
2022-09-08,MSFT,316.08,321.63,312.86,317.33,27869036,315.77
2022-09-08,TSLA,184.55,187.0,182.8,186.33,167499024,185.73
2022-09-09,AAPL,110.63,111.61,108.9,111.01,136711444,111.0
2022-09-09,AMZN,73.73,74.37,72.4,73.7,35131659,73.63
2022-09-09,GOOGL,125.68,126.63,124.8,126.6,54872326,126.35
2022-09-09,MSFT,326.13,326.97,325.4,326.35,51443029,325.19
2022-09-09,TSLA,186.82,188.11,184.6,187.78,38031888,187.08
2022-09-12,AAPL,110.91,111.74,110.4,111.14,146125726,110.69
2022-09-12,AMZN,77.25,78.16,75.69,75.78,72933247,75.5
2022-09-12,GOOGL,125.89,126.84,124.58,125.17,23249385,124.89
2022-09-12,MSFT,327.71,328.67,326.5,328.05,55287987,327.42
2022-09-12,TSLA,190.86,192.62,188.77,189.81,126396099,189.25
2022-09-13,AAPL,113.21,113.8,112.01,113.24,33310138,112.72
2022-09-13,AMZN,76.63,76.87,76.22,76.42,41637997,76.16
2022-09-13,GOOGL,128.04,129.55,125.02,127.74,50422269,127.72
2022-09-13,MSFT,327.8,329.88,324.54,329.2,28084682,327.68
2022-09-13,TSLA,188.47,191.89,185.78,187.95,133578364,187.62
2022-09-14,AAPL,113.69,114.62,111.93,113.53,98231640,113.31
2022-09-14,AMZN,80.3,80.77,79.58,80.15,94301424,80.09
2022-09-14,GOOGL,125.32,127.73,124.28,126.57,18462193,125.94
2022-09-14,MSFT,330.7,333.19,325.81,332.19,59089012,331.72
2022-09-14,TSLA,185.64,186.11,185.32,185.57,151365401,184.72
2022-09-15,AAPL,114.43,115.35,113.43,114.62,104400815,114.13
2022-09-15,AMZN,79.18,79.38,78.8,79.2,87935167,79.19
2022-09-15,GOOGL,124.58,126.51,123.16,125.66,44277440,125.55
2022-09-15,MSFT,324.75,329.12,322.3,327.61,49304088,326.0
2022-09-15,TSLA,184.6,188.44,181.14,183.98,160137012,183.77
2022-09-16,AAPL,115.53,117.29,113.71,114.64,116334224,114.07
2022-09-16,AMZN,78.3,78.76,77.51,77.89,93976916,77.65
2022-09-16,GOOGL,124.17,126.07,122.96,125.81,19581667,125.44
2022-09-16,MSFT,321.87,323.86,319.07,322.06,46622786,321.22
2022-09-16,TSLA,183.51,186.52,182.22,184.97,50573872,184.17
2022-09-19,AAPL,116.85,117.67,115.61,116.31,169545223,115.87
2022-09-19,AMZN,78.45,79.02,77.59,78.19,89004269,77.82
2022-09-19,GOOGL,125.15,125.81,124.22,125.0,25861812,124.67
2022-09-19,MSFT,328.85,331.36,326.01,328.58,18512876,327.2
2022-09-19,TSLA,188.14,190.18,185.07,188.37,131116389,187.9
2022-09-20,AAPL,116.4,117.41,115.26,116.03,54297160,115.66
2022-09-20,AMZN,78.84,79.78,77.71,77.81,120411463,77.46
2022-09-20,GOOGL,124.85,126.0,124.26,124.38,45572877,124.11
2022-09-20,MSFT,334.62,336.45,332.43,334.49,35697367,332.86
2022-09-20,TSLA,187.9,188.87,186.96,188.6,176797571,187.73
2022-09-21,AAPL,117.67,119.75,115.38,117.21,32844520,116.67
2022-09-21,AMZN,78.14,79.31,77.27,78.47,56268864,78.43
2022-09-21,GOOGL,121.38,123.15,119.91,122.29,14419400,122.0
2022-09-21,MSFT,330.06,336.72,326.57,329.65,40018813,328.61
2022-09-21,TSLA,185.77,186.69,184.84,185.98,143089152,185.77
2022-09-22,AAPL,113.41,113.96,113.03,113.34,85350766,113.09
2022-09-22,AMZN,77.09,77.39,76.76,77.22,39153551,77.16
2022-09-22,GOOGL,116.52,117.67,114.79,115.79,16473958,115.57
2022-09-22,MSFT,332.13,334.63,329.39,329.6,24215111,329.0
2022-09-22,TSLA,188.83,189.95,187.82,187.9,180507647,187.51
2022-09-23,AAPL,112.12,112.91,111.38,112.62,39077368,112.16
2022-09-23,AMZN,77.13,77.54,76.83,76.93,83017429,76.68
2022-09-23,GOOGL,116.67,117.24,116.2,116.91,15962453,116.83
2022-09-23,MSFT,325.05,328.2,323.44,324.12,38970230,323.65
2022-09-23,TSLA,188.74,191.33,186.2,190.41,82381253,189.93
2022-09-26,AAPL,115.13,116.48,114.16,116.16,87298746,116.08
2022-09-26,AMZN,77.75,78.22,76.95,78.19,53556895,77.83
2022-09-26,GOOGL,114.75,115.32,113.59,113.64,36837092,113.63
2022-09-26,MSFT,321.4,327.07,318.46,322.16,31573450,321.04
2022-09-26,TSLA,185.37,186.41,184.22,184.73,171132457,184.44
2022-09-27,AAPL,115.13,115.7,113.97,114.43,115748792,114.16
2022-09-27,AMZN,77.02,77.52,76.36,76.51,40345273,76.14
2022-09-27,GOOGL,112.29,112.95,111.22,112.67,33649332,112.16
2022-09-27,MSFT,323.56,328.43,320.83,327.25,60328184,325.86
2022-09-27,TSLA,186.31,186.89,185.93,186.16,123083978,185.51
2022-09-28,AAPL,114.23,115.74,111.74,113.41,107353219,112.91
2022-09-28,AMZN,76.17,76.7,75.12,75.81,70433382,75.48
2022-09-28,GOOGL,117.04,118.28,115.12,116.39,39854997,115.94
2022-09-28,MSFT,325.58,325.74,325.46,325.58,41830164,325.57
2022-09-28,TSLA,183.57,183.91,183.09,183.36,93560279,183.0
2022-09-29,AAPL,114.53,115.13,113.42,113.66,142029764,113.24
2022-09-29,AMZN,77.12,77.49,76.94,77.33,75015434,76.94
2022-09-29,GOOGL,119.22,120.06,117.41,118.1,13552613,117.82
2022-09-29,MSFT,323.02,327.54,315.35,322.69,51768396,322.0
2022-09-29,TSLA,181.35,183.55,178.51,182.35,109530099,182.1
2022-09-30,AAPL,114.55,115.67,113.63,114.51,104244679,114.36
2022-09-30,AMZN,74.91,75.76,74.24,75.56,55792648,75.55
2022-09-30,GOOGL,113.79,116.89,112.43,115.89,45109295,115.78
2022-09-30,MSFT,329.14,334.25,326.35,329.57,22824594,329.05
2022-09-30,TSLA,181.47,185.29,179.13,182.27,86638516,181.68
2022-10-03,AAPL,113.39,115.36,110.07,114.09,56721660,113.98
2022-10-03,AMZN,73.39,74.2,72.48,74.1,83398080,73.73
2022-10-03,GOOGL,115.6,118.25,113.57,116.21,35453505,116.08
2022-10-03,MSFT,328.53,332.31,320.8,327.98,27410439,327.11
2022-10-03,TSLA,184.14,185.68,183.17,184.24,54956733,183.33
2022-10-04,AAPL,111.29,112.63,109.45,111.92,91330554,111.43
2022-10-04,AMZN,74.39,74.99,73.96,74.42,34898058,74.39
2022-10-04,GOOGL,117.79,118.54,116.66,117.49,27404659,117.43
2022-10-04,MSFT,319.05,321.05,315.45,320.69,28418130,320.39
2022-10-04,TSLA,190.68,193.27,187.13,189.04,194219800,188.29
2022-10-05,AAPL,113.78,115.36,110.68,112.57,116581261,112.05
2022-10-05,AMZN,74.3,74.61,73.92,74.23,73669281,74.07
2022-10-05,GOOGL,120.28,121.27,119.21,120.46,24364496,120.12
2022-10-05,MSFT,317.4,319.33,314.71,316.11,33317093,314.59
2022-10-05,TSLA,185.35,189.2,182.31,186.53,52880487,186.28
2022-10-06,AAPL,116.22,117.22,114.61,115.04,103221975,114.98
2022-10-06,AMZN,73.22,74.71,71.96,72.56,116824713,72.26
2022-10-06,GOOGL,121.06,123.06,119.73,123.02,28390419,122.73
2022-10-06,MSFT,308.87,310.38,307.83,309.46,38830648,307.96
2022-10-06,TSLA,184.92,186.96,183.79,185.5,121503770,184.76
2022-10-07,AAPL,113.8,115.96,112.71,113.83,156559276,113.45
2022-10-07,AMZN,73.35,74.27,72.94,73.47,48713162,73.12
2022-10-07,GOOGL,123.89,124.69,123.38,123.89,27084430,123.5
2022-10-07,MSFT,313.86,319.04,305.73,311.2,28138556,310.54
2022-10-07,TSLA,189.97,191.16,188.39,189.83,71595589,189.39
2022-10-10,AAPL,114.59,115.49,113.8,114.73,68171648,114.34
2022-10-10,AMZN,73.47,73.85,72.61,72.96,89220397,72.87
2022-10-10,GOOGL,127.18,127.52,126.76,126.79,20448034,126.62
2022-10-10,MSFT,308.78,313.77,305.69,311.77,46182420,310.88
2022-10-10,TSLA,188.22,190.71,186.83,187.9,122049205,187.61
2022-10-11,AAPL,113.11,114.93,111.69,113.92,139489106,113.86
2022-10-11,AMZN,74.89,75.13,74.37,74.73,45394706,74.62
2022-10-11,GOOGL,123.06,125.23,119.45,122.17,20957286,122.1
2022-10-11,MSFT,301.84,304.79,298.04,304.35,63429339,303.63
2022-10-11,TSLA,185.23,185.51,184.89,185.37,140267575,184.81
2022-10-12,AAPL,118.08,119.18,116.44,118.1,53885146,117.58
2022-10-12,AMZN,73.45,74.56,72.8,73.62,28095481,73.46
2022-10-12,GOOGL,127.55,128.47,126.46,126.72,43893446,126.36
2022-10-12,MSFT,313.95,315.77,310.29,313.2,23556964,312.93
2022-10-12,TSLA,186.52,188.16,183.46,186.99,152196326,186.58
2022-10-13,AAPL,119.95,121.25,118.52,120.46,107971465,120.25
2022-10-13,AMZN,73.8,74.2,73.38,73.57,47800525,73.22
2022-10-13,GOOGL,127.5,128.3,127.1,127.22,47324143,126.62
2022-10-13,MSFT,313.29,315.12,311.05,312.09,32556530,311.76
2022-10-13,TSLA,188.68,189.43,187.73,188.91,67539293,188.48
2022-10-14,AAPL,122.06,122.82,121.51,122.06,131954958,121.46
2022-10-14,AMZN,72.55,74.41,71.71,73.51,98791607,73.34
2022-10-14,GOOGL,127.74,129.11,125.61,128.31,32766681,128.0
2022-10-14,MSFT,312.31,314.92,309.5,311.54,42575450,311.27
2022-10-14,TSLA,188.75,191.07,183.99,188.7,114699695,187.79
2022-10-17,AAPL,119.55,120.67,117.76,118.87,63360435,118.68
2022-10-17,AMZN,73.53,74.28,72.85,73.35,22346297,73.33
2022-10-17,GOOGL,130.64,131.94,129.09,131.92,50399833,131.53
2022-10-17,MSFT,317.73,319.82,316.43,319.12,32814081,318.9
2022-10-17,TSLA,183.66,184.53,182.37,182.73,183229001,182.15
2022-10-18,AAPL,118.53,119.47,117.13,119.07,127307884,118.69
2022-10-18,AMZN,74.36,74.78,73.95,74.31,25979698,74.07
2022-10-18,GOOGL,130.13,131.26,128.9,131.12,22133627,130.98
2022-10-18,MSFT,308.81,311.37,307.01,309.09,13862444,307.72
2022-10-18,TSLA,187.9,188.47,187.55,187.77,138672131,186.87
2022-10-19,AAPL,117.17,119.1,115.59,117.81,75598535,117.49
2022-10-19,AMZN,74.66,75.65,74.14,74.85,72205231,74.67
2022-10-19,GOOGL,131.34,132.66,129.77,131.21,17649833,131.14
2022-10-19,MSFT,303.15,307.65,299.64,304.42,37645625,303.51
2022-10-19,TSLA,187.12,188.09,186.17,186.8,137370487,186.24
2022-10-20,AAPL,120.44,121.69,118.01,118.81,46190746,118.36
2022-10-20,AMZN,76.2,77.1,75.63,76.39,78406907,76.15
2022-10-20,GOOGL,133.66,135.13,132.32,133.39,39660108,133.01
2022-10-20,MSFT,309.44,310.59,308.75,310.07,31742013,309.55
2022-10-20,TSLA,186.54,187.38,185.54,187.01,117978861,186.72
2022-10-21,AAPL,120.71,121.49,120.31,120.69,95040532,120.22
2022-10-21,AMZN,76.96,77.13,76.58,77.07,98137499,76.96
2022-10-21,GOOGL,134.39,136.93,133.05,135.36,45146940,135.17
2022-10-21,MSFT,312.47,313.59,311.43,312.77,52352525,312.64
2022-10-21,TSLA,189.46,191.61,188.42,189.22,168698627,188.78
2022-10-24,AAPL,122.81,124.51,121.97,123.07,151171695,122.72
2022-10-24,AMZN,72.75,73.43,71.42,73.05,100638734,72.98
2022-10-24,GOOGL,132.7,133.75,131.96,133.06,20251463,132.93
2022-10-24,MSFT,315.64,319.03,309.07,316.49,31358129,315.67
2022-10-24,TSLA,185.32,188.76,181.7,185.48,86020313,184.6
2022-10-25,AAPL,121.21,121.6,120.37,121.33,148245677,121.0
2022-10-25,AMZN,73.72,74.04,73.28,73.39,59066944,73.34
2022-10-25,GOOGL,128.23,130.98,126.47,129.53,51313445,129.01
2022-10-25,MSFT,314.37,316.43,309.59,312.16,53796232,311.35
2022-10-25,TSLA,179.21,179.61,178.41,178.79,174621918,178.36
2022-10-26,AAPL,121.23,122.22,120.14,120.79,167903473,120.19
2022-10-26,AMZN,72.27,73.09,71.34,72.75,72890175,72.47
2022-10-26,GOOGL,126.45,127.78,125.88,126.83,40676431,126.36
2022-10-26,MSFT,311.84,316.79,305.96,310.88,37964931,310.79
2022-10-26,TSLA,181.07,183.22,178.37,180.65,62041492,180.37
2022-10-27,AAPL,123.24,123.5,122.89,123.19,42666786,123.18
2022-10-27,AMZN,73.64,74.56,73.23,73.89,99112096,73.72
2022-10-27,GOOGL,123.99,125.21,122.8,124.46,53456001,123.99
2022-10-27,MSFT,318.85,322.62,316.66,320.01,51337740,318.79
2022-10-27,TSLA,175.33,176.15,174.52,175.37,40483277,174.84
2022-10-28,AAPL,123.96,125.58,122.17,123.2,75820293,122.64
2022-10-28,AMZN,72.35,74.19,71.41,72.66,79297575,72.59
2022-10-28,GOOGL,127.17,127.87,126.61,126.62,44735780,126.38
2022-10-28,MSFT,319.66,322.86,316.02,316.64,50910983,315.58
2022-10-28,TSLA,178.92,180.6,177.79,179.47,43455368,178.99
2022-10-31,AAPL,123.73,125.58,122.66,123.81,73066869,123.68
2022-10-31,AMZN,72.11,72.98,71.16,72.52,111881884,72.21
2022-10-31,GOOGL,123.94,125.42,122.99,123.18,43912984,123.09
2022-10-31,MSFT,323.48,324.92,322.39,323.46,18623097,322.73
2022-10-31,TSLA,186.94,189.9,185.57,188.02,135436994,187.89
2022-11-01,AAPL,122.76,123.38,122.29,122.74,48249038,122.66
2022-11-01,AMZN,72.79,72.88,72.69,72.78,59942188,72.59
2022-11-01,GOOGL,123.87,124.4,123.44,123.84,38738142,123.32
2022-11-01,MSFT,319.83,322.88,318.42,320.47,17327256,319.7
2022-11-01,TSLA,187.09,187.71,186.38,187.7,66926731,187.0
2022-11-02,AAPL,119.82,121.06,117.98,120.44,97291937,120.44
2022-11-02,AMZN,72.34,72.57,72.19,72.39,72722690,72.17
2022-11-02,GOOGL,123.94,124.88,122.69,123.76,23135932,123.45
2022-11-02,MSFT,330.38,332.01,326.88,329.61,38948122,329.22
2022-11-02,TSLA,189.83,192.11,186.42,188.89,91955089,188.41
2022-11-03,AAPL,119.02,119.49,118.57,119.26,104451231,118.86
2022-11-03,AMZN,73.43,73.55,73.35,73.43,38044799,73.4
2022-11-03,GOOGL,123.48,125.11,122.55,123.64,20352446,123.07
2022-11-03,MSFT,328.02,329.83,326.65,326.82,16724281,326.8
2022-11-03,TSLA,186.6,189.11,183.5,186.37,76673944,185.71
2022-11-04,AAPL,120.87,121.16,120.37,120.62,75704562,120.25
2022-11-04,AMZN,73.48,74.57,71.7,73.62,72784373,73.3
2022-11-04,GOOGL,120.3,121.0,119.71,120.91,34076314,120.68
2022-11-04,MSFT,330.32,335.67,326.98,330.65,54404583,329.18
2022-11-04,TSLA,187.77,188.22,187.28,187.81,45095736,187.48
2022-11-07,AAPL,121.69,123.69,120.28,123.18,170472047,122.75
2022-11-07,AMZN,76.09,77.19,75.5,76.31,52130107,76.21
2022-11-07,GOOGL,120.12,120.58,119.9,120.5,31671507,120.15
2022-11-07,MSFT,323.24,324.85,322.25,323.01,58405526,321.59
2022-11-07,TSLA,192.18,194.37,188.35,191.99,43370725,191.61
2022-11-08,AAPL,123.85,124.72,123.07,123.35,147155628,123.19
2022-11-08,AMZN,78.05,78.28,77.81,78.17,37378566,77.99
2022-11-08,GOOGL,120.92,122.45,117.76,120.74,34063287,120.55
2022-11-08,MSFT,324.83,328.66,320.51,324.0,32119140,322.6
2022-11-08,TSLA,186.97,187.91,185.53,187.23,53920208,186.7
2022-11-09,AAPL,120.52,122.71,118.89,120.06,143455292,119.49
2022-11-09,AMZN,77.64,78.51,77.1,78.29,63018316,78.1
2022-11-09,GOOGL,120.11,120.35,119.93,119.99,29042777,119.98
2022-11-09,MSFT,323.97,328.65,317.13,319.84,17548793,319.24
2022-11-09,TSLA,193.2,196.74,191.4,194.09,189818088,193.22
2022-11-10,AAPL,117.47,117.83,117.12,117.73,106926602,117.72
2022-11-10,AMZN,78.35,78.81,78.02,78.03,27593868,78.0
2022-11-10,GOOGL,116.5,117.76,115.86,117.56,24332334,117.28
2022-11-10,MSFT,310.5,313.37,306.66,308.32,63169719,307.65
2022-11-10,TSLA,192.68,194.39,188.91,192.31,94129630,191.37
2022-11-11,AAPL,119.15,120.08,118.56,119.33,129357396,118.98
2022-11-11,AMZN,77.7,78.48,76.88,77.29,66326587,77.13
2022-11-11,GOOGL,117.44,118.1,117.07,117.3,20349532,117.08
2022-11-11,MSFT,316.39,319.06,310.88,313.4,48832148,312.87
2022-11-11,TSLA,193.14,196.04,190.67,192.59,65723119,191.92
2022-11-14,AAPL,119.94,121.21,119.21,121.18,171395192,121.13
2022-11-14,AMZN,77.45,77.76,76.9,77.35,90378716,77.22
2022-11-14,GOOGL,115.57,116.08,114.96,116.0,28983627,115.43
2022-11-14,MSFT,318.75,320.96,316.15,320.01,35230473,318.42
2022-11-14,TSLA,194.85,197.34,190.47,192.36,61253356,191.72
2022-11-15,AAPL,117.2,118.42,116.08,117.92,118257590,117.37
2022-11-15,AMZN,80.16,80.97,79.61,80.17,41214106,80.1
2022-11-15,GOOGL,113.42,116.11,111.34,114.6,10983311,114.23
2022-11-15,MSFT,325.9,326.79,324.99,325.8,30156214,324.73
2022-11-15,TSLA,195.52,198.47,193.49,194.88,189595397,194.59
2022-11-16,AAPL,117.64,118.38,116.17,118.17,123280082,117.62
2022-11-16,AMZN,80.34,81.22,78.86,80.71,92961352,80.68
2022-11-16,GOOGL,113.11,113.99,112.61,113.54,36601975,113.48
2022-11-16,MSFT,324.53,326.74,321.87,326.72,24759536,325.26
2022-11-16,TSLA,198.0,199.54,194.93,197.43,151298184,196.79
2022-11-17,AAPL,119.27,120.0,118.74,119.91,88568827,119.42
2022-11-17,AMZN,80.58,81.55,79.85,80.76,63478648,80.68
2022-11-17,GOOGL,111.95,112.55,111.39,111.93,33676424,111.85
2022-11-17,MSFT,323.18,331.92,317.96,324.72,54337028,323.31
2022-11-17,TSLA,200.14,202.01,198.03,200.4,93320928,200.33
2022-11-18,AAPL,120.62,121.23,119.86,121.1,80992111,121.01
2022-11-18,AMZN,81.74,84.65,79.14,81.75,44630319,81.72
2022-11-18,GOOGL,114.22,117.25,110.65,113.47,31575080,113.43
2022-11-18,MSFT,325.97,328.89,323.9,325.79,51334750,324.96
2022-11-18,TSLA,207.1,209.41,205.32,208.83,167322771,207.9
2022-11-21,AAPL,121.62,123.09,120.74,121.15,142702042,120.71
2022-11-21,AMZN,83.9,84.58,82.56,82.77,120551058,82.51
2022-11-21,GOOGL,111.43,113.1,109.73,111.86,41240434,111.4
2022-11-21,MSFT,314.3,318.46,312.0,314.98,38969090,314.67
2022-11-21,TSLA,205.67,207.81,202.7,207.31,122086094,206.41
2022-11-22,AAPL,120.09,120.57,119.09,119.64,166169325,119.17
2022-11-22,AMZN,80.81,81.55,80.26,81.1,85806370,80.89
2022-11-22,GOOGL,114.22,114.8,113.59,113.82,40138561,113.79
2022-11-22,MSFT,311.11,313.15,308.66,309.59,63570728,309.34
2022-11-22,TSLA,208.76,209.44,207.33,209.37,162189296,208.71
2022-11-23,AAPL,115.83,116.78,114.87,115.42,98323887,115.36
2022-11-23,AMZN,82.58,83.23,81.44,82.23,81240628,82.2
2022-11-23,GOOGL,115.63,116.75,114.39,114.45,36824433,114.11
2022-11-23,MSFT,310.21,311.67,309.4,311.01,63258994,310.99
2022-11-23,TSLA,211.28,216.81,208.45,213.34,166576763,212.48
2022-11-24,AAPL,115.15,115.99,113.76,115.09,32526508,114.7
2022-11-24,AMZN,81.07,81.67,79.9,81.22,81435489,81.03
2022-11-24,GOOGL,116.04,116.57,115.47,116.04,42500496,115.98
2022-11-24,MSFT,315.73,319.54,313.45,315.21,12605395,314.28
2022-11-24,TSLA,219.47,221.48,216.3,220.47,185190850,219.37
2022-11-25,AAPL,115.48,117.09,114.5,115.08,37440968,114.88
2022-11-25,AMZN,82.6,82.79,82.4,82.47,76920161,82.33
2022-11-25,GOOGL,115.96,117.55,114.44,116.12,50781960,116.08
2022-11-25,MSFT,318.47,319.76,317.35,318.69,54153725,318.08
2022-11-25,TSLA,215.18,215.96,213.69,214.71,61130126,214.46
2022-11-28,AAPL,116.9,117.4,116.46,116.54,172810931,116.07
2022-11-28,AMZN,81.98,82.58,80.89,80.93,87095007,80.88
2022-11-28,GOOGL,118.59,120.01,116.37,119.57,35293516,119.57
2022-11-28,MSFT,334.52,335.05,333.3,333.5,16776091,332.7
2022-11-28,TSLA,216.6,221.19,213.28,216.62,53416260,215.54
2022-11-29,AAPL,118.57,120.06,117.7,119.06,86628646,119.01
2022-11-29,AMZN,82.72,83.53,81.38,82.18,22248368,82.01
2022-11-29,GOOGL,123.78,123.99,123.4,123.45,34576956,123.08
2022-11-29,MSFT,325.43,329.5,320.85,328.08,43183536,327.84
2022-11-29,TSLA,216.94,218.8,214.32,218.54,164556659,217.52
2022-11-30,AAPL,117.35,118.67,115.76,116.2,37696280,115.85
2022-11-30,AMZN,83.74,85.1,82.07,84.4,38555458,84.27
2022-11-30,GOOGL,126.41,127.1,125.4,126.73,51457888,126.26
2022-11-30,MSFT,332.41,339.91,327.28,330.3,12582578,328.91
2022-11-30,TSLA,221.13,224.17,218.58,222.15,79745538,221.1
2022-12-01,AAPL,113.69,115.11,111.92,113.29,78161104,112.78
2022-12-01,AMZN,84.5,85.54,83.23,83.55,104996003,83.33
2022-12-01,GOOGL,124.79,125.13,124.35,124.52,37768443,124.24
2022-12-01,MSFT,327.01,327.12,326.89,326.96,23542009,326.17
2022-12-01,TSLA,222.46,223.98,219.26,221.89,179876256,221.58
2022-12-02,AAPL,111.3,111.49,111.17,111.21,142347786,110.94
2022-12-02,AMZN,79.72,80.61,78.51,80.48,56323370,80.24
2022-12-02,GOOGL,124.56,125.01,124.02,124.66,39766454,124.59
2022-12-02,MSFT,326.41,330.08,323.29,325.8,28336286,324.56
2022-12-02,TSLA,216.88,219.64,211.51,217.19,56006212,216.89
2022-12-05,AAPL,113.13,113.86,111.78,112.57,128913175,112.03
2022-12-05,AMZN,77.95,78.46,77.55,77.96,26785947,77.8
2022-12-05,GOOGL,125.96,127.21,124.79,126.19,45442051,125.58
2022-12-05,MSFT,326.87,332.5,319.93,326.74,20579664,325.57
2022-12-05,TSLA,216.89,218.99,214.65,215.8,137985589,215.76
2022-12-06,AAPL,115.84,116.2,115.15,115.67,34897527,115.53
2022-12-06,AMZN,77.03,77.89,76.44,77.49,84408606,77.43
2022-12-06,GOOGL,125.2,126.68,124.0,126.67,14752767,126.5
2022-12-06,MSFT,328.48,333.72,320.14,328.02,17074582,327.98
2022-12-06,TSLA,214.47,219.6,210.36,213.49,149958273,212.95
2022-12-07,AAPL,114.52,118.27,112.89,114.67,149993345,114.3
2022-12-07,AMZN,79.14,80.49,78.41,78.47,31397796,78.11
2022-12-07,GOOGL,124.02,125.38,122.93,124.07,38866936,123.62
2022-12-07,MSFT,325.04,326.52,323.85,325.41,58724160,323.9
2022-12-07,TSLA,212.37,217.36,209.89,213.35,189474520,213.18
2022-12-08,AAPL,119.02,119.39,118.63,118.75,89559615,118.72
2022-12-08,AMZN,77.55,78.74,76.93,78.52,114576507,78.46
2022-12-08,GOOGL,128.19,129.5,127.44,128.51,45209773,128.33
2022-12-08,MSFT,318.07,321.07,314.9,316.75,20336168,315.43
2022-12-08,TSLA,213.65,214.25,212.75,214.07,86058688,213.35
2022-12-09,AAPL,118.65,120.82,117.48,118.86,153327848,118.48
2022-12-09,AMZN,79.26,79.44,78.99,79.05,27077401,78.68
2022-12-09,GOOGL,127.97,128.45,127.61,128.33,39618883,127.76
2022-12-09,MSFT,309.62,310.31,309.25,310.22,23598662,309.09
2022-12-09,TSLA,204.0,209.31,201.15,207.19,38833648,207.1
2022-12-12,AAPL,118.63,121.04,117.47,118.08,91521314,117.82
2022-12-12,AMZN,80.22,80.69,80.01,80.39,24162892,80.2
2022-12-12,GOOGL,129.95,130.28,129.67,129.68,13367926,129.34
2022-12-12,MSFT,296.25,299.07,294.11,298.57,15797096,298.41
2022-12-12,TSLA,203.44,205.1,202.46,204.42,191942987,204.33
2022-12-13,AAPL,116.58,117.6,114.85,115.41,143059002,114.85
2022-12-13,AMZN,78.93,80.54,77.69,79.07,36631909,78.97
2022-12-13,GOOGL,128.08,129.42,126.05,126.24,26601146,126.06
2022-12-13,MSFT,297.27,300.0,295.13,297.76,37617455,296.7
2022-12-13,TSLA,207.55,208.9,206.13,208.19,71225039,207.28
2022-12-14,AAPL,116.34,117.71,115.11,115.79,99781656,115.3
2022-12-14,AMZN,78.53,78.85,78.03,78.1,79945815,77.9
2022-12-14,GOOGL,124.83,126.97,122.47,125.3,52780687,124.74
2022-12-14,MSFT,301.81,304.06,298.79,302.33,22538265,301.79
2022-12-14,TSLA,211.7,213.69,210.29,212.69,124519649,212.29
2022-12-15,AAPL,117.21,118.69,116.47,117.58,165705116,117.33
2022-12-15,AMZN,78.89,80.14,77.37,78.21,87300449,78.06
2022-12-15,GOOGL,123.95,126.15,121.16,125.55,35003564,125.32
2022-12-15,MSFT,297.06,298.85,295.22,298.02,18150908,297.5
2022-12-15,TSLA,214.46,215.35,213.15,214.88,65379971,214.07
2022-12-16,AAPL,117.91,119.33,117.25,118.96,58895244,118.86
2022-12-16,AMZN,79.21,79.96,78.63,78.75,90617787,78.52
2022-12-16,GOOGL,122.18,122.86,121.51,122.32,30783900,122.1
2022-12-16,MSFT,290.33,291.24,289.86,290.28,63710912,289.79
2022-12-16,TSLA,218.82,224.38,215.92,218.03,142000143,217.67
2022-12-19,AAPL,115.24,116.7,114.04,115.74,108831838,115.17
2022-12-19,AMZN,79.76,81.33,78.54,80.83,39114674,80.56
2022-12-19,GOOGL,118.08,120.92,116.08,117.95,33518954,117.57
2022-12-19,MSFT,276.77,281.87,273.22,278.82,51603921,278.43
2022-12-19,TSLA,222.79,226.98,220.91,223.63,148295689,223.56
2022-12-20,AAPL,113.99,115.13,113.19,114.22,59579070,113.94
2022-12-20,AMZN,80.35,81.69,78.58,80.55,66903530,80.47
2022-12-20,GOOGL,118.22,119.17,116.05,117.89,23607933,117.44
2022-12-20,MSFT,270.01,272.06,268.87,271.04,30233408,270.61
2022-12-20,TSLA,225.09,227.61,221.29,224.05,176630325,223.84
2022-12-21,AAPL,112.68,113.51,112.26,113.0,83322281,112.85
2022-12-21,AMZN,79.14,79.42,78.56,78.93,109768497,78.57
2022-12-21,GOOGL,120.01,120.84,119.6,120.49,51352063,119.94
2022-12-21,MSFT,263.0,265.83,261.17,264.26,56962699,264.12
2022-12-21,TSLA,227.23,229.29,225.43,227.14,79167074,226.19
2022-12-22,AAPL,115.64,116.0,115.48,115.7,173742364,115.35
2022-12-22,AMZN,78.93,79.16,78.58,78.66,70689407,78.37
2022-12-22,GOOGL,117.95,118.6,117.34,118.58,53798818,118.57
2022-12-22,MSFT,260.4,262.76,259.36,262.53,44131666,261.99
2022-12-22,TSLA,227.95,228.89,226.49,226.59,53822162,225.47
2022-12-23,AAPL,120.43,121.59,119.61,120.95,116352071,120.7
2022-12-23,AMZN,80.26,80.92,79.9,80.05,114452968,79.99
2022-12-23,GOOGL,114.73,117.25,112.16,116.76,35627132,116.19
2022-12-23,MSFT,266.82,270.28,263.74,265.87,48545901,265.23
2022-12-23,TSLA,228.48,229.64,226.52,226.81,112330465,226.37
2022-12-26,AAPL,123.54,123.94,123.11,123.65,127561959,123.52
2022-12-26,AMZN,82.8,84.02,81.95,82.25,30634937,82.23
2022-12-26,GOOGL,117.82,119.7,116.83,118.26,35660774,118.0
2022-12-26,MSFT,271.46,273.47,266.87,268.85,45685559,268.78
2022-12-26,TSLA,222.33,224.2,220.79,223.45,80374640,222.61
2022-12-27,AAPL,119.73,122.33,118.27,119.97,166301326,119.6
2022-12-27,AMZN,82.85,83.57,82.02,82.82,106018314,82.6
2022-12-27,GOOGL,116.25,117.42,115.06,117.07,44799559,116.9
2022-12-27,MSFT,266.91,269.07,265.73,268.12,57117548,267.96
2022-12-27,TSLA,218.83,222.52,215.21,219.2,64112735,218.97
2022-12-28,AAPL,121.23,121.95,119.76,119.87,101666753,119.56
2022-12-28,AMZN,83.11,84.12,82.27,82.28,78207454,82.25
2022-12-28,GOOGL,118.64,119.17,117.47,118.84,17054624,118.75
2022-12-28,MSFT,261.24,261.62,260.85,261.6,49518611,260.69
2022-12-28,TSLA,218.35,219.18,216.68,217.65,41694030,216.58
2022-12-29,AAPL,122.05,122.47,121.78,122.16,161544198,122.11
2022-12-29,AMZN,80.37,81.01,79.33,80.71,115591065,80.61
2022-12-29,GOOGL,121.23,122.08,119.58,121.01,26192441,120.44
2022-12-29,MSFT,257.37,257.87,256.76,256.95,34849750,256.85
2022-12-29,TSLA,215.46,216.7,212.76,215.25,157561714,214.79
2022-12-30,AAPL,121.59,123.28,120.67,122.27,118537836,121.68
2022-12-30,AMZN,79.01,79.59,78.12,79.22,111785655,79.22
2022-12-30,GOOGL,119.56,120.23,118.47,118.84,38878589,118.77
2022-12-30,MSFT,252.14,256.55,250.19,251.51,29653273,251.44
2022-12-30,TSLA,210.41,213.3,208.57,211.39,74322071,211.04
2023-01-02,AAPL,124.5,125.64,123.82,123.83,84566849,123.48
2023-01-02,AMZN,80.98,81.18,80.9,81.13,52494053,81.1
2023-01-02,GOOGL,117.36,118.53,116.34,118.2,53756446,118.05
2023-01-02,MSFT,247.03,251.77,244.11,250.43,57002237,249.44
2023-01-02,TSLA,213.75,217.08,212.15,215.93,42157512,215.08
2023-01-03,AAPL,121.6,122.66,120.4,122.38,123786264,122.11
2023-01-03,AMZN,81.37,82.06,80.36,81.06,95788550,80.85
2023-01-03,GOOGL,117.21,117.92,116.46,117.03,23007237,116.65
2023-01-03,MSFT,246.82,248.96,242.24,247.17,24451052,245.94
2023-01-03,TSLA,215.41,217.31,212.75,213.23,92161770,212.76
2023-01-04,AAPL,122.49,123.68,120.66,122.45,94318459,122.13
2023-01-04,AMZN,80.71,81.62,80.21,81.34,34967266,81.32
2023-01-04,GOOGL,115.13,115.95,113.53,114.34,23818708,113.88
2023-01-04,MSFT,249.11,253.33,245.03,252.72,15341531,252.03
2023-01-04,TSLA,211.43,212.4,209.68,211.93,143020839,210.98
2023-01-05,AAPL,125.33,127.41,124.27,125.1,164944219,124.9
2023-01-05,AMZN,81.08,81.46,80.4,80.64,113346657,80.43
2023-01-05,GOOGL,111.63,112.15,110.55,111.48,17448388,111.01
2023-01-05,MSFT,248.33,251.04,246.19,248.21,28673891,248.19
2023-01-05,TSLA,211.53,215.98,208.93,213.73,125178808,213.32
2023-01-06,AAPL,124.23,125.07,123.24,124.56,152322325,123.97
2023-01-06,AMZN,82.77,84.8,81.73,82.46,66198559,82.3
2023-01-06,GOOGL,114.25,117.13,112.55,116.0,31582618,115.8
2023-01-06,MSFT,242.86,243.61,241.18,243.25,65524692,242.47
2023-01-06,TSLA,212.35,213.55,211.6,212.03,167738453,210.97
2023-01-09,AAPL,125.59,125.94,125.35,125.52,41646717,124.91
2023-01-09,AMZN,80.98,81.12,80.79,81.0,52491897,80.96
2023-01-09,GOOGL,115.72,117.53,114.05,115.0,25011981,114.6
2023-01-09,MSFT,244.24,245.96,241.91,245.76,23110293,244.95
2023-01-09,TSLA,209.51,211.36,208.32,210.77,117485059,210.05
2023-01-10,AAPL,126.68,127.33,126.1,126.6,135728005,126.54
2023-01-10,AMZN,81.09,81.63,79.85,81.18,50827558,80.86
2023-01-10,GOOGL,113.66,114.42,113.06,114.33,12071491,114.32
2023-01-10,MSFT,247.04,250.22,245.67,248.02,59558276,247.15
2023-01-10,TSLA,208.99,210.88,206.37,209.67,55345733,209.12
2023-01-11,AAPL,123.58,124.3,122.4,123.74,41479497,123.55
2023-01-11,AMZN,83.88,84.6,82.41,82.59,65567596,82.35
2023-01-11,GOOGL,115.37,116.11,114.77,115.29,43235066,114.88
2023-01-11,MSFT,245.63,248.94,243.25,248.88,28336192,248.17
2023-01-11,TSLA,208.12,210.37,205.13,206.8,172482731,206.69
2023-01-12,AAPL,124.16,125.13,123.63,123.86,108901200,123.78
2023-01-12,AMZN,81.29,81.78,80.81,81.58,116614096,81.41
2023-01-12,GOOGL,112.62,113.7,111.07,111.53,37540175,111.04
2023-01-12,MSFT,240.74,242.35,240.0,240.73,24666788,240.5
2023-01-12,TSLA,202.51,202.81,201.87,201.93,118047811,201.46
2023-01-13,AAPL,124.23,126.52,122.51,122.76,168097632,122.32
2023-01-13,AMZN,82.88,83.18,82.49,82.71,64750774,82.31
2023-01-13,GOOGL,109.86,110.58,108.65,110.01,25726352,109.79
2023-01-13,MSFT,240.08,244.3,237.07,239.36,43324964,239.15
2023-01-13,TSLA,198.72,201.45,197.47,197.92,174142087,197.86
2023-01-16,AAPL,122.71,124.99,121.41,122.07,102047703,121.91
2023-01-16,AMZN,78.57,80.0,77.95,79.63,109833960,79.59
2023-01-16,GOOGL,109.04,110.2,107.41,109.01,47293491,108.62
2023-01-16,MSFT,237.55,241.45,233.84,237.44,46806002,237.14
2023-01-16,TSLA,204.94,208.81,201.08,205.5,125312325,204.98
2023-01-17,AAPL,123.4,124.23,121.63,122.83,51090667,122.69
2023-01-17,AMZN,80.39,80.87,79.76,79.87,35646720,79.67
2023-01-17,GOOGL,108.14,109.33,107.62,108.29,25950772,108.15
2023-01-17,MSFT,240.3,246.27,236.85,241.23,25873942,240.53
2023-01-17,TSLA,207.3,209.29,202.96,207.18,49009938,206.55
2023-01-18,AAPL,123.79,123.98,123.51,123.68,140549174,123.19
2023-01-18,AMZN,80.32,80.96,79.27,80.16,120848913,79.86
2023-01-18,GOOGL,108.72,109.59,108.16,108.57,22815639,108.09
2023-01-18,MSFT,237.44,238.45,235.23,237.94,17576995,237.3
2023-01-18,TSLA,204.47,205.25,202.85,204.31,42449201,204.17
2023-01-19,AAPL,129.25,129.91,127.83,128.36,160191776,127.89
2023-01-19,AMZN,79.03,79.53,78.78,79.45,39671471,79.29
2023-01-19,GOOGL,108.7,110.23,107.64,108.51,50420736,108.22
2023-01-19,MSFT,247.7,250.09,244.56,245.77,46642963,245.71
2023-01-19,TSLA,206.46,207.79,205.05,206.47,102055684,205.99
2023-01-20,AAPL,127.93,129.04,126.89,128.93,77278511,128.66
2023-01-20,AMZN,78.02,78.82,77.46,78.73,108332275,78.4
2023-01-20,GOOGL,110.25,112.46,108.61,111.49,44758347,111.47
2023-01-20,MSFT,249.35,250.83,246.35,247.51,38543119,247.18
2023-01-20,TSLA,205.44,208.5,203.26,207.0,133120189,206.05
2023-01-23,AAPL,128.04,129.96,125.34,127.56,39483118,127.47
2023-01-23,AMZN,75.09,75.77,74.73,75.17,109018939,74.89
2023-01-23,GOOGL,110.49,111.4,109.24,109.5,22798914,109.1
2023-01-23,MSFT,241.41,243.96,239.03,242.84,59135482,241.73
2023-01-23,TSLA,208.33,210.99,206.9,209.62,192185148,209.54
2023-01-24,AAPL,130.51,132.37,129.29,129.75,101554032,129.68
2023-01-24,AMZN,75.21,75.94,73.9,74.46,28829652,74.4
2023-01-24,GOOGL,108.81,109.59,108.07,109.32,38230169,109.23
2023-01-24,MSFT,244.01,244.79,243.42,244.53,34568636,243.81
2023-01-24,TSLA,210.8,211.79,209.88,210.23,65042219,209.84
2023-01-25,AAPL,133.73,134.08,132.92,133.01,142943043,132.48
2023-01-25,AMZN,75.54,76.59,74.16,74.75,116070579,74.41
2023-01-25,GOOGL,109.78,110.74,109.15,109.88,40454494,109.57
2023-01-25,MSFT,243.83,244.56,242.59,243.82,17828266,243.22
2023-01-25,TSLA,210.54,213.46,208.59,209.99,40729825,209.69
2023-01-26,AAPL,131.99,133.33,130.83,130.84,144332099,130.69
2023-01-26,AMZN,73.72,74.39,73.0,73.83,28678208,73.65
2023-01-26,GOOGL,110.53,111.42,109.81,110.6,39398061,110.17
2023-01-26,MSFT,244.0,246.3,240.48,243.61,36702551,242.6
2023-01-26,TSLA,208.48,210.86,205.43,208.11,46710250,207.4
2023-01-27,AAPL,126.06,128.83,123.0,126.81,102042325,126.49
2023-01-27,AMZN,72.68,73.58,72.16,73.45,66059066,73.42
2023-01-27,GOOGL,110.12,112.95,108.28,109.61,12414347,109.29
2023-01-27,MSFT,252.11,254.52,250.94,252.99,64123922,251.92
2023-01-27,TSLA,211.25,211.51,210.87,211.18,166133866,211.1
2023-01-30,AAPL,126.96,127.64,126.24,126.95,50875500,126.8
2023-01-30,AMZN,75.53,75.92,75.08,75.14,59215604,74.81
2023-01-30,GOOGL,111.81,112.22,110.89,110.99,21367875,110.7
2023-01-30,MSFT,254.0,256.87,251.51,253.84,21799102,253.17
2023-01-30,TSLA,203.62,204.97,201.55,201.58,56343192,200.99
2023-01-31,AAPL,124.67,125.32,123.3,124.81,58435466,124.35
2023-01-31,AMZN,75.05,75.77,74.63,75.22,52929442,74.95
2023-01-31,GOOGL,111.96,113.26,109.69,111.49,43588852,111.48
2023-01-31,MSFT,250.41,253.55,246.35,247.01,18063914,246.26
2023-01-31,TSLA,208.0,209.37,204.92,206.94,64903809,206.01
2023-02-01,AAPL,125.76,127.53,122.9,124.96,97709622,124.44
2023-02-01,AMZN,75.33,75.73,74.87,75.17,92809513,74.88
2023-02-01,GOOGL,110.14,113.05,107.64,110.04,34647206,110.01
2023-02-01,MSFT,249.34,251.53,246.82,249.02,20285599,247.9
2023-02-01,TSLA,209.86,210.96,208.65,209.31,132468154,208.83
2023-02-02,AAPL,126.29,127.77,124.65,125.15,134917133,125.11
2023-02-02,AMZN,73.87,74.48,73.14,74.39,31123188,74.1
2023-02-02,GOOGL,110.54,111.69,109.89,111.0,45649715,110.48
2023-02-02,MSFT,257.68,258.99,256.88,258.16,21156912,256.98
2023-02-02,TSLA,209.07,210.33,208.31,209.73,84942756,209.21
2023-02-03,AAPL,122.84,123.63,122.27,122.83,160892264,122.81
2023-02-03,AMZN,73.7,74.08,73.29,73.46,82181498,73.32
2023-02-03,GOOGL,108.46,111.21,107.18,110.56,53087120,110.54
2023-02-03,MSFT,254.47,256.92,252.42,256.85,63333908,256.04
2023-02-03,TSLA,210.92,215.27,207.7,209.1,59843927,208.91
2023-02-06,AAPL,122.89,123.53,122.59,122.63,110318420,122.23
2023-02-06,AMZN,74.8,76.04,72.28,72.4,74854290,72.26
2023-02-06,GOOGL,111.47,112.66,110.13,111.36,20686451,110.95
2023-02-06,MSFT,255.48,256.86,254.49,254.51,39867303,254.09
2023-02-06,TSLA,217.1,221.19,211.42,217.25,137959721,216.47
2023-02-07,AAPL,124.14,125.64,121.38,122.19,127313827,121.84
2023-02-07,AMZN,73.35,73.56,73.18,73.22,81786515,72.99
2023-02-07,GOOGL,105.63,106.4,104.88,106.02,39468162,105.6
2023-02-07,MSFT,246.27,249.36,244.35,247.2,18258584,246.63
2023-02-07,TSLA,224.56,226.93,221.83,222.72,105973408,221.65
2023-02-08,AAPL,122.17,123.94,121.16,122.42,148987566,122.33
2023-02-08,AMZN,72.94,73.73,72.41,72.7,27222336,72.52
2023-02-08,GOOGL,105.93,107.36,104.43,104.89,45137162,104.77
2023-02-08,MSFT,238.2,239.18,236.0,238.27,52960252,237.15
2023-02-08,TSLA,220.7,221.62,218.57,219.13,110998089,218.07
2023-02-09,AAPL,123.35,123.65,122.76,123.33,78175436,123.06
2023-02-09,AMZN,73.14,73.54,72.46,72.93,41686019,72.82
2023-02-09,GOOGL,107.83,108.8,107.28,107.49,40586888,107.01
2023-02-09,MSFT,247.35,251.35,241.86,243.04,38881027,242.41
2023-02-09,TSLA,221.27,222.74,219.94,220.81,95186833,220.41
2023-02-10,AAPL,123.36,124.93,121.28,122.41,32057822,122.29
2023-02-10,AMZN,71.52,71.77,70.97,70.98,70011117,70.84
2023-02-10,GOOGL,107.87,108.67,107.2,108.61,12565296,108.27
2023-02-10,MSFT,237.52,239.33,236.65,237.06,21033375,236.89
2023-02-10,TSLA,230.44,231.0,229.98,230.17,185715871,230.04
2023-02-13,AAPL,119.37,121.58,117.62,121.11,78182551,121.09
2023-02-13,AMZN,70.11,70.89,69.66,69.94,24983829,69.69
2023-02-13,GOOGL,109.35,110.2,108.39,110.14,30832180,109.68
2023-02-13,MSFT,240.67,242.65,237.39,238.64,56454767,238.1
2023-02-13,TSLA,229.14,231.46,226.22,228.0,38748834,227.66
2023-02-14,AAPL,120.0,120.89,119.35,120.83,45616113,120.69
2023-02-14,AMZN,71.53,72.15,70.96,71.39,86780130,71.15
2023-02-14,GOOGL,106.29,106.4,106.06,106.34,14786385,105.92
2023-02-14,MSFT,235.2,238.18,231.93,237.35,38917803,236.88
2023-02-14,TSLA,229.36,232.9,224.53,230.27,120678945,230.23
2023-02-15,AAPL,119.14,122.32,117.64,120.45,52231857,120.23
2023-02-15,AMZN,68.92,69.12,68.73,69.0,60310351,68.68
2023-02-15,GOOGL,108.3,109.25,107.85,108.61,52343047,108.37
2023-02-15,MSFT,242.54,244.42,240.14,241.94,41515099,241.92
2023-02-15,TSLA,232.71,234.96,228.82,231.22,77086081,230.93
2023-02-16,AAPL,121.15,122.65,117.98,120.53,153314831,120.37
2023-02-16,AMZN,67.51,67.77,67.09,67.14,90439407,66.92
2023-02-16,GOOGL,108.19,109.52,106.09,107.96,17495481,107.44
2023-02-16,MSFT,240.8,244.07,238.08,240.69,51629938,240.23
2023-02-16,TSLA,225.16,227.99,221.3,227.22,53393015,226.24
2023-02-17,AAPL,122.61,123.18,121.33,121.37,54826913,121.06
2023-02-17,AMZN,65.74,66.21,64.97,65.67,42858443,65.53
2023-02-17,GOOGL,110.2,110.46,109.9,110.05,15845177,109.96
2023-02-17,MSFT,244.26,245.77,241.77,241.95,26750996,241.73
2023-02-17,TSLA,225.52,228.58,220.32,227.13,130871280,227.02
2023-02-20,AAPL,125.1,126.47,124.15,124.44,159836219,123.84
2023-02-20,AMZN,64.14,64.86,63.67,64.37,85855462,64.21
2023-02-20,GOOGL,112.93,114.17,111.76,113.32,53400667,113.25
2023-02-20,MSFT,236.0,239.08,232.09,235.21,37177398,234.79
2023-02-20,TSLA,230.63,232.84,225.58,229.1,111821479,228.37
2023-02-21,AAPL,121.91,123.56,121.15,122.14,171228639,121.86
2023-02-21,AMZN,63.42,63.88,63.09,63.33,95933407,63.21
2023-02-21,GOOGL,110.72,112.65,109.1,110.71,23800328,110.38
2023-02-21,MSFT,246.53,248.22,244.2,245.66,29818683,245.45
2023-02-21,TSLA,232.44,233.59,231.91,232.79,107861426,231.91
2023-02-22,AAPL,120.91,122.05,119.87,120.02,168643935,119.57
2023-02-22,AMZN,62.59,63.09,61.88,62.81,60500823,62.57
2023-02-22,GOOGL,114.04,116.94,112.06,114.53,44243349,114.26
2023-02-22,MSFT,239.81,240.09,239.3,239.94,55601867,239.53
2023-02-22,TSLA,231.32,233.59,229.8,233.5,85154516,232.61
2023-02-23,AAPL,118.97,121.6,115.31,119.37,41793473,118.89
2023-02-23,AMZN,64.45,65.15,63.76,63.93,96583526,63.67
2023-02-23,GOOGL,114.3,115.02,113.76,114.18,52218241,113.66
2023-02-23,MSFT,239.43,240.62,236.82,237.98,25033486,237.7
2023-02-23,TSLA,231.45,233.55,228.47,229.53,146204420,228.87
2023-02-24,AAPL,121.1,122.12,120.46,120.91,156073992,120.87
2023-02-24,AMZN,62.76,63.51,62.03,63.29,60250171,63.21
2023-02-24,GOOGL,115.05,115.22,114.92,115.18,34259005,115.07
2023-02-24,MSFT,233.88,236.3,232.2,236.09,60457527,235.19
2023-02-24,TSLA,233.63,235.03,231.0,234.69,67913262,233.94
2023-02-27,AAPL,119.09,121.2,117.72,118.11,39168464,117.67
2023-02-27,AMZN,65.29,65.7,64.91,65.28,25343025,65.03
2023-02-27,GOOGL,113.98,116.09,113.0,114.55,38854674,114.01
2023-02-27,MSFT,236.22,237.8,233.65,236.98,40686585,236.37
2023-02-27,TSLA,246.34,248.34,241.68,243.27,109275988,242.12
2023-02-28,AAPL,120.76,122.11,118.92,119.11,102462475,118.82
2023-02-28,AMZN,64.27,64.48,64.11,64.45,119757506,64.41
2023-02-28,GOOGL,112.82,114.51,111.79,114.12,34278532,113.65
2023-02-28,MSFT,236.76,239.37,231.69,235.66,24113491,235.19
2023-02-28,TSLA,245.54,247.73,242.96,243.92,143993625,242.96
2023-03-01,AAPL,119.39,120.89,117.96,120.42,133756523,120.38
2023-03-01,AMZN,64.78,65.49,64.0,64.48,60898888,64.21
2023-03-01,GOOGL,116.53,117.37,115.33,116.98,18404578,116.82
2023-03-01,MSFT,239.56,245.46,236.48,239.74,19248599,239.54
2023-03-01,TSLA,243.66,244.81,241.55,244.14,131154418,243.46
2023-03-02,AAPL,117.07,119.99,115.38,119.84,141506903,119.83
2023-03-02,AMZN,65.07,65.52,64.84,65.44,93082306,65.41
2023-03-02,GOOGL,118.6,120.62,115.02,116.74,41887158,116.18
2023-03-02,MSFT,238.51,240.94,234.27,236.98,32130269,236.67
2023-03-02,TSLA,242.93,247.0,238.63,239.86,100690305,239.33
2023-03-03,AAPL,119.06,119.86,118.32,119.31,109847983,119.23
2023-03-03,AMZN,65.75,66.31,64.64,65.33,109958090,65.04
2023-03-03,GOOGL,118.59,118.84,118.23,118.28,37983523,118.14
2023-03-03,MSFT,239.8,241.79,237.7,238.42,53302280,237.32
2023-03-03,TSLA,235.9,238.39,232.87,237.19,72643358,236.89
2023-03-06,AAPL,112.27,114.9,110.69,114.4,161730713,114.22
2023-03-06,AMZN,66.25,66.6,66.09,66.53,83268679,66.29
2023-03-06,GOOGL,117.8,118.87,115.99,117.55,39056080,117.2
2023-03-06,MSFT,246.51,250.17,239.19,243.75,54426832,242.8
2023-03-06,TSLA,242.14,242.29,242.05,242.1,155335969,241.4
2023-03-07,AAPL,114.38,115.03,113.61,113.96,49418335,113.44
2023-03-07,AMZN,64.62,65.68,64.14,64.97,72335024,64.8
2023-03-07,GOOGL,121.25,121.74,120.86,121.4,51883272,121.15
2023-03-07,MSFT,247.7,247.87,247.5,247.67,59668705,246.56
2023-03-07,TSLA,248.62,250.1,246.79,247.43,96515179,246.61
2023-03-08,AAPL,108.86,109.89,107.93,109.0,57169286,108.99
2023-03-08,AMZN,66.19,66.59,65.87,66.17,66497828,66.0
2023-03-08,GOOGL,122.85,123.54,121.27,122.78,47055410,122.62
2023-03-08,MSFT,246.87,250.74,243.55,249.42,64307539,248.43
2023-03-08,TSLA,245.58,248.33,244.15,247.29,157164261,246.45
2023-03-09,AAPL,109.97,111.79,108.59,109.38,45642403,109.36
2023-03-09,AMZN,67.64,68.25,66.87,67.57,42977759,67.29
2023-03-09,GOOGL,122.92,123.99,122.11,123.59,12792297,123.26
2023-03-09,MSFT,250.32,252.06,249.22,249.67,53219084,248.8
2023-03-09,TSLA,252.31,255.32,250.07,253.93,93719459,253.59
2023-03-10,AAPL,109.54,110.41,108.09,108.24,109267259,107.85
2023-03-10,AMZN,67.66,68.84,66.65,67.65,40175515,67.64
2023-03-10,GOOGL,124.24,125.15,122.29,123.77,41093836,123.7
2023-03-10,MSFT,249.92,250.77,248.11,249.75,21408605,249.17
2023-03-10,TSLA,262.98,264.81,261.6,262.97,136417525,261.81
2023-03-13,AAPL,107.98,108.74,107.47,108.34,41446510,108.17
2023-03-13,AMZN,68.47,68.92,68.13,68.16,59820439,67.99
2023-03-13,GOOGL,127.03,127.6,126.45,127.19,38163974,127.0
2023-03-13,MSFT,249.96,254.24,244.56,249.91,47752788,248.85
2023-03-13,TSLA,259.56,264.11,256.4,260.61,178610575,260.16
2023-03-14,AAPL,105.02,106.47,103.11,104.65,171776196,104.22
2023-03-14,AMZN,67.97,69.16,66.5,67.96,105610220,67.92
2023-03-14,GOOGL,129.54,130.22,128.11,129.05,30935769,128.85
2023-03-14,MSFT,254.44,256.62,252.83,256.62,23468496,255.49
2023-03-14,TSLA,260.58,262.44,259.14,259.38,108606516,258.96
2023-03-15,AAPL,103.23,105.38,101.25,103.57,68597208,103.48
2023-03-15,AMZN,67.57,67.73,67.46,67.58,96878762,67.54
2023-03-15,GOOGL,131.13,132.97,129.44,131.04,12749633,130.94
2023-03-15,MSFT,251.93,257.99,248.96,255.73,44606462,255.72
2023-03-15,TSLA,255.0,257.37,252.4,257.25,84275058,256.51
2023-03-16,AAPL,108.69,110.36,107.85,109.06,134833156,108.62
2023-03-16,AMZN,69.44,70.81,68.62,69.85,57421855,69.75
2023-03-16,GOOGL,131.42,132.78,130.67,131.38,11383882,131.33
2023-03-16,MSFT,259.0,261.18,255.57,256.8,52811553,256.56
2023-03-16,TSLA,259.79,264.07,256.9,261.77,170787671,261.26
2023-03-17,AAPL,107.44,109.16,105.94,107.98,99561559,107.64
2023-03-17,AMZN,69.4,69.92,68.67,68.96,102881612,68.92
2023-03-17,GOOGL,131.85,132.81,131.32,132.2,40032938,132.13
2023-03-17,MSFT,254.58,257.31,252.41,255.11,48009617,253.99
2023-03-17,TSLA,254.8,257.93,252.79,257.53,105535440,256.74
2023-03-20,AAPL,106.83,108.24,105.83,107.43,98254778,107.0
2023-03-20,AMZN,68.06,69.38,65.73,67.77,77744632,67.62
2023-03-20,GOOGL,134.37,137.26,131.73,134.29,13702235,134.22
2023-03-20,MSFT,254.44,257.43,251.57,254.32,38165016,253.96
2023-03-20,TSLA,253.5,254.44,251.7,252.5,64354005,252.47
2023-03-21,AAPL,109.74,110.05,109.55,109.84,72262606,109.36
2023-03-21,AMZN,64.72,66.17,63.6,65.36,120372769,65.15
2023-03-21,GOOGL,138.01,138.82,136.97,137.98,50554393,137.86
2023-03-21,MSFT,252.55,255.78,247.64,251.59,54122254,250.35
2023-03-21,TSLA,253.28,253.38,253.05,253.32,176789099,252.16
2023-03-22,AAPL,108.47,108.88,108.14,108.61,133944487,108.37
2023-03-22,AMZN,64.86,65.61,64.0,65.0,112188058,64.93
2023-03-22,GOOGL,134.63,135.89,133.58,135.34,12543158,135.13
2023-03-22,MSFT,249.03,251.36,245.97,249.97,56719302,248.96
2023-03-22,TSLA,257.36,258.74,254.69,254.91,54127600,254.84
2023-03-23,AAPL,106.15,107.87,105.24,106.87,109243095,106.56
2023-03-23,AMZN,65.19,65.27,65.11,65.17,60134568,64.97
2023-03-23,GOOGL,136.16,137.71,133.51,134.46,30276870,134.05
2023-03-23,MSFT,247.34,251.67,242.96,245.77,45520923,245.64
2023-03-23,TSLA,262.7,264.46,260.39,261.57,191564437,261.4
2023-03-24,AAPL,107.78,110.14,106.27,108.19,69021836,107.91
2023-03-24,AMZN,65.21,66.2,64.02,65.35,59845657,65.12
2023-03-24,GOOGL,134.09,136.19,132.99,135.14,53699747,134.85
2023-03-24,MSFT,241.59,244.55,234.72,239.9,33918644,238.95
2023-03-24,TSLA,262.96,265.67,261.4,263.0,141072696,261.88
2023-03-27,AAPL,111.74,112.43,111.17,111.48,85776021,111.14
2023-03-27,AMZN,66.87,67.13,66.42,66.69,70092280,66.44
2023-03-27,GOOGL,132.91,135.75,131.62,134.33,52787846,133.85
2023-03-27,MSFT,243.21,246.13,240.3,242.26,38059113,241.6
2023-03-27,TSLA,265.93,266.29,265.71,266.19,187579347,264.92
2023-03-28,AAPL,112.48,113.78,110.3,112.42,37524396,112.35
2023-03-28,AMZN,66.89,67.75,66.07,66.8,44762291,66.65
2023-03-28,GOOGL,140.5,142.0,139.81,140.21,27083190,139.94
2023-03-28,MSFT,240.33,241.49,239.45,239.64,21752535,238.78
2023-03-28,TSLA,273.61,274.27,272.69,273.71,190220180,272.48
2023-03-29,AAPL,116.14,118.08,114.21,114.64,128107836,114.07
2023-03-29,AMZN,65.27,65.79,64.55,65.09,81116090,64.97
2023-03-29,GOOGL,139.02,140.57,137.46,139.4,13834633,138.74
2023-03-29,MSFT,236.93,242.01,234.55,240.12,61375393,239.03
2023-03-29,TSLA,262.07,264.2,260.21,264.1,102548978,263.17
2023-03-30,AAPL,114.41,115.82,113.13,114.36,103470479,114.02
2023-03-30,AMZN,64.58,65.3,63.09,64.03,69448567,63.72
2023-03-30,GOOGL,139.53,141.48,138.53,138.74,29076066,138.68
2023-03-30,MSFT,237.32,238.64,235.73,237.71,24275454,237.56
2023-03-30,TSLA,268.57,269.41,267.46,268.9,45104019,268.47
2023-03-31,AAPL,113.57,114.67,111.18,113.6,118295962,113.49
2023-03-31,AMZN,62.46,63.32,62.08,63.04,108149852,62.92
2023-03-31,GOOGL,140.75,141.83,139.88,140.84,18173945,140.62
2023-03-31,MSFT,236.02,237.43,233.53,235.64,45461082,235.05
2023-03-31,TSLA,265.59,269.79,261.97,266.4,92633184,266.19
2023-04-03,AAPL,113.55,114.36,112.07,113.15,43280703,112.63
2023-04-03,AMZN,61.18,62.0,60.41,61.24,46561088,60.93
2023-04-03,GOOGL,144.29,144.42,144.09,144.4,32279160,143.99
2023-04-03,MSFT,229.9,231.88,227.59,230.26,61658770,229.52
2023-04-03,TSLA,267.09,268.91,264.51,266.82,130624017,265.55
2023-04-04,AAPL,109.39,109.89,108.73,109.37,110174451,109.28
2023-04-04,AMZN,61.11,61.34,60.87,61.19,39761499,60.9
2023-04-04,GOOGL,146.94,149.35,142.48,144.8,49729838,144.24
2023-04-04,MSFT,230.93,233.76,227.2,230.92,46832268,230.02
2023-04-04,TSLA,267.06,269.39,265.7,267.56,142700644,267.46
2023-04-05,AAPL,109.66,110.78,108.34,110.67,165984598,110.58
2023-04-05,AMZN,61.9,62.37,61.69,61.96,80135802,61.66
2023-04-05,GOOGL,142.46,143.49,141.71,142.98,42704022,142.48
2023-04-05,MSFT,229.82,232.49,225.58,230.81,52248915,230.7
2023-04-05,TSLA,267.26,272.08,261.59,266.98,94193746,265.94
2023-04-06,AAPL,108.76,109.32,107.81,108.99,73075185,108.57
2023-04-06,AMZN,60.24,60.42,60.03,60.05,87946126,59.99
2023-04-06,GOOGL,142.42,143.54,141.04,142.64,39705374,142.45
2023-04-06,MSFT,227.01,230.06,221.19,226.68,65667795,226.65
2023-04-06,TSLA,258.49,265.21,255.53,260.22,39601440,259.28
2023-04-07,AAPL,109.34,112.26,107.03,109.22,120226545,109.0
2023-04-07,AMZN,60.92,61.67,60.23,60.65,58756238,60.6
2023-04-07,GOOGL,144.84,146.03,144.15,145.76,24351657,145.34
2023-04-07,MSFT,223.52,224.99,222.5,223.8,46550164,223.04
2023-04-07,TSLA,248.58,250.52,246.42,249.95,60420763,249.93
2023-04-10,AAPL,110.68,112.88,109.19,110.12,44189420,109.64
2023-04-10,AMZN,61.86,63.11,61.12,62.77,48179034,62.49
2023-04-10,GOOGL,148.55,149.82,146.44,148.58,45245607,148.34
2023-04-10,MSFT,229.66,232.45,224.13,226.59,24644495,226.11
2023-04-10,TSLA,253.09,253.39,252.66,253.21,104992380,253.16
2023-04-11,AAPL,111.17,112.2,109.51,110.16,82540489,109.83
2023-04-11,AMZN,62.68,63.17,61.82,63.13,74838618,62.89
2023-04-11,GOOGL,151.25,151.55,150.91,150.98,19124614,150.44
2023-04-11,MSFT,232.08,235.7,230.21,232.37,23914605,232.1
2023-04-11,TSLA,246.82,247.75,245.78,246.45,75704858,246.02
2023-04-12,AAPL,112.0,113.5,111.27,111.85,117091917,111.84
2023-04-12,AMZN,63.43,63.65,63.09,63.29,102027919,62.98
2023-04-12,GOOGL,151.92,152.72,150.88,152.32,24846850,152.23
2023-04-12,MSFT,233.85,235.93,231.76,232.93,47215671,231.82
2023-04-12,TSLA,246.18,247.79,244.41,245.2,136861856,244.66
2023-04-13,AAPL,110.94,111.51,109.73,110.44,90885521,110.25
2023-04-13,AMZN,63.32,63.75,62.81,63.26,66294735,63.13
2023-04-13,GOOGL,147.77,149.62,146.79,148.42,12956069,148.24
2023-04-13,MSFT,236.58,238.48,235.24,236.76,46513595,235.82
2023-04-13,TSLA,245.97,247.23,244.98,246.08,81027100,245.13
2023-04-14,AAPL,113.19,115.15,111.37,112.18,59163043,111.9
2023-04-14,AMZN,63.52,63.96,62.83,63.13,68446422,62.84
2023-04-14,GOOGL,152.8,154.39,151.01,152.34,35228931,152.17
2023-04-14,MSFT,236.26,238.4,234.21,236.94,61443684,236.22
2023-04-14,TSLA,252.52,253.56,251.21,252.78,163509354,251.54
2023-04-17,AAPL,114.26,115.14,113.8,114.97,135768745,114.68
2023-04-17,AMZN,63.25,63.36,63.06,63.31,91809101,63.19
2023-04-17,GOOGL,149.86,151.66,148.19,150.28,50078817,150.0
2023-04-17,MSFT,238.57,243.47,234.76,240.07,33503356,239.22
2023-04-17,TSLA,250.45,253.12,249.3,252.55,82679959,251.4
2023-04-18,AAPL,117.36,117.69,117.0,117.54,53326515,117.39
2023-04-18,AMZN,63.87,64.69,63.35,64.58,96535219,64.27
2023-04-18,GOOGL,148.85,150.52,147.04,150.04,45375869,149.5
2023-04-18,MSFT,243.0,246.46,239.84,243.69,33484152,242.92
2023-04-18,TSLA,255.1,258.67,253.16,256.62,150431085,255.66
2023-04-19,AAPL,121.44,121.98,120.72,121.07,88785125,120.47
2023-04-19,AMZN,64.93,66.0,63.71,64.98,68959962,64.93
2023-04-19,GOOGL,152.22,154.77,150.29,151.54,37611288,150.82
2023-04-19,MSFT,240.86,242.45,239.16,241.75,53784579,241.02
2023-04-19,TSLA,264.28,266.74,260.1,261.47,67121100,260.3
2023-04-20,AAPL,121.59,122.31,120.65,122.17,92112552,122.0
2023-04-20,AMZN,66.63,66.86,66.28,66.34,40981303,66.13
2023-04-20,GOOGL,152.1,153.47,149.74,152.39,48368009,151.76
2023-04-20,MSFT,235.12,240.77,232.05,236.78,51009559,236.31
2023-04-20,TSLA,260.17,260.79,259.02,259.95,191700581,258.94
2023-04-21,AAPL,120.23,120.51,119.82,120.45,160845726,119.92
2023-04-21,AMZN,69.05,69.33,68.65,68.86,116439688,68.53
2023-04-21,GOOGL,151.2,152.49,149.19,149.38,45310419,148.8
2023-04-21,MSFT,243.44,245.36,241.8,245.15,50738028,245.0
2023-04-21,TSLA,259.09,262.44,257.46,258.8,151456634,257.7
2023-04-24,AAPL,119.03,120.98,117.88,119.63,115552908,119.58
2023-04-24,AMZN,69.37,69.67,68.82,69.01,72105578,69.01
2023-04-24,GOOGL,150.2,152.74,148.89,150.43,42253587,149.9
2023-04-24,MSFT,232.8,234.67,231.98,233.44,61241545,232.6
2023-04-24,TSLA,263.74,265.6,262.82,265.15,73013762,264.97
2023-04-25,AAPL,122.54,123.94,121.47,122.15,62413989,121.73
2023-04-25,AMZN,68.28,68.83,67.86,68.65,73097408,68.52
2023-04-25,GOOGL,153.5,154.02,153.12,153.56,36670512,153.06
2023-04-25,MSFT,231.2,233.42,228.43,232.87,34459784,232.49
2023-04-25,TSLA,270.05,270.67,268.89,269.29,43841582,268.35
2023-04-26,AAPL,120.17,121.68,118.78,119.61,78157208,119.46
2023-04-26,AMZN,68.35,68.81,67.52,68.16,23402459,67.86
2023-04-26,GOOGL,156.95,158.67,156.03,156.28,19522689,155.64
2023-04-26,MSFT,233.54,236.11,230.28,231.33,23029342,230.97
2023-04-26,TSLA,262.43,263.73,260.58,263.13,172424807,262.51
2023-04-27,AAPL,119.57,120.16,119.24,119.52,131449674,119.23
2023-04-27,AMZN,65.62,65.65,65.59,65.6,47851223,65.45
2023-04-27,GOOGL,153.5,154.16,152.88,153.79,47397404,153.1
2023-04-27,MSFT,229.32,231.64,226.94,231.43,46846828,231.39
2023-04-27,TSLA,266.41,268.34,262.39,265.13,164965664,264.14
2023-04-28,AAPL,122.23,123.07,121.47,121.91,161769577,121.76
2023-04-28,AMZN,65.55,66.01,64.55,65.66,93172736,65.55
2023-04-28,GOOGL,152.56,154.1,151.22,152.62,23572160,151.92
2023-04-28,MSFT,227.7,229.54,225.92,228.11,33175782,227.01
2023-04-28,TSLA,269.09,273.37,263.55,267.41,196986988,266.13
2023-05-01,AAPL,127.32,127.84,126.93,127.42,121757278,126.82
2023-05-01,AMZN,63.35,64.14,62.72,63.88,45779951,63.85
2023-05-01,GOOGL,155.12,155.68,154.23,155.53,39626069,155.16
2023-05-01,MSFT,231.48,233.37,230.17,232.25,26803168,231.16
2023-05-01,TSLA,266.35,270.17,259.75,261.24,83621873,260.02
2023-05-02,AAPL,127.39,127.79,127.09,127.73,95114999,127.25
2023-05-02,AMZN,62.4,62.79,61.61,62.2,104372666,62.1
2023-05-02,GOOGL,156.77,157.6,155.74,156.27,45200305,156.02
2023-05-02,MSFT,221.69,225.51,217.17,222.9,41531892,222.67
2023-05-02,TSLA,255.67,257.64,251.46,253.59,61842992,253.47
2023-05-03,AAPL,128.25,130.3,126.71,128.92,117220338,128.32
2023-05-03,AMZN,63.16,63.66,62.1,63.62,24297060,63.56
2023-05-03,GOOGL,153.39,154.76,152.32,153.12,11931052,152.91
2023-05-03,MSFT,225.6,228.23,220.18,226.2,14930567,225.24
2023-05-03,TSLA,245.22,246.72,243.88,246.41,147777544,245.88
2023-05-04,AAPL,129.22,130.03,127.99,129.12,135150849,128.91
2023-05-04,AMZN,62.37,63.23,61.42,62.8,102346315,62.75
2023-05-04,GOOGL,153.33,154.63,152.72,153.03,53842250,152.9
2023-05-04,MSFT,225.28,231.23,222.68,226.22,50843432,225.72
2023-05-04,TSLA,250.09,251.38,247.46,249.59,115159364,249.58
2023-05-05,AAPL,134.56,134.85,134.1,134.27,104051603,133.84
2023-05-05,AMZN,62.59,63.19,61.84,63.02,118865642,62.92
2023-05-05,GOOGL,157.33,160.17,154.66,156.19,47555738,155.93
2023-05-05,MSFT,213.77,216.79,212.18,215.4,27640423,215.09
2023-05-05,TSLA,250.48,254.15,243.33,246.31,165806193,246.15
2023-05-08,AAPL,133.2,134.69,131.16,133.31,157419334,132.87
2023-05-08,AMZN,63.73,64.22,62.96,64.07,35319822,63.85
2023-05-08,GOOGL,156.58,158.7,155.35,157.49,49164741,157.04
2023-05-08,MSFT,213.42,217.23,209.14,215.75,42199932,215.0
2023-05-08,TSLA,250.08,251.58,248.08,248.85,118872865,248.77
2023-05-09,AAPL,135.33,136.58,134.05,134.17,115214299,134.0
2023-05-09,AMZN,62.63,63.41,61.01,62.39,116892100,62.24
2023-05-09,GOOGL,157.32,159.05,154.81,158.94,31565906,158.38
2023-05-09,MSFT,221.23,224.23,217.79,222.07,14905260,221.94
2023-05-09,TSLA,250.72,257.75,247.09,249.05,109444231,248.15
2023-05-10,AAPL,138.06,140.49,135.69,136.68,45486673,136.53
2023-05-10,AMZN,64.09,64.61,63.33,64.37,95040803,64.13
2023-05-10,GOOGL,161.28,162.44,158.87,161.73,45847020,160.97
2023-05-10,MSFT,221.19,223.3,220.12,221.23,50903776,220.9
2023-05-10,TSLA,246.56,248.94,243.16,246.38,67745695,245.43
2023-05-11,AAPL,134.31,136.44,133.27,134.67,158879141,134.17
2023-05-11,AMZN,63.77,64.47,63.31,64.18,86551875,63.93
2023-05-11,GOOGL,161.33,162.23,160.11,161.3,45089247,160.69
2023-05-11,MSFT,222.73,223.99,221.2,223.33,64892018,222.56
2023-05-11,TSLA,245.25,247.7,243.29,244.25,51492670,243.22
2023-05-12,AAPL,134.01,134.57,133.28,133.5,91677892,133.3
2023-05-12,AMZN,65.21,65.36,64.91,65.0,45641085,64.71
2023-05-12,GOOGL,158.08,160.92,156.61,158.86,40548884,158.68
2023-05-12,MSFT,215.31,217.19,212.16,215.51,13549020,214.51
2023-05-12,TSLA,242.7,243.86,242.09,243.0,178553120,242.32
2023-05-15,AAPL,129.5,131.87,128.38,130.47,36472190,130.18
2023-05-15,AMZN,65.37,65.78,65.11,65.25,58181069,65.16
2023-05-15,GOOGL,161.97,164.29,159.88,159.91,27478352,159.88
2023-05-15,MSFT,215.95,217.97,214.04,216.16,15674648,215.3
2023-05-15,TSLA,245.96,247.64,244.02,244.27,191053444,243.44
2023-05-16,AAPL,132.96,134.01,131.12,133.65,36813420,133.23
2023-05-16,AMZN,66.63,67.44,65.45,66.52,24676844,66.29
2023-05-16,GOOGL,157.87,159.15,156.33,157.92,31068275,157.77
2023-05-16,MSFT,217.25,217.8,216.88,217.03,43739518,216.98
2023-05-16,TSLA,242.11,243.45,240.9,241.97,72147826,241.36
2023-05-17,AAPL,134.03,135.41,132.52,132.94,166039932,132.28
2023-05-17,AMZN,65.74,66.67,64.51,66.18,67481094,66.05
2023-05-17,GOOGL,150.69,151.74,148.81,151.69,43799028,151.52
2023-05-17,MSFT,220.98,224.38,219.14,221.1,61990059,220.21
2023-05-17,TSLA,243.22,243.61,242.99,243.45,126227032,243.19
2023-05-18,AAPL,132.86,133.52,132.5,132.89,45842122,132.51
2023-05-18,AMZN,64.38,65.16,63.61,64.17,40257513,64.0
2023-05-18,GOOGL,153.21,153.8,152.89,153.21,32675373,152.56
2023-05-18,MSFT,218.05,219.45,217.21,218.83,40454826,218.48
2023-05-18,TSLA,245.99,247.19,245.43,246.97,75521185,245.85
2023-05-19,AAPL,132.18,134.28,131.27,133.1,148660173,132.49
2023-05-19,AMZN,64.03,64.81,63.64,64.35,116377103,64.09
2023-05-19,GOOGL,150.93,154.24,149.21,151.63,24527699,151.0
2023-05-19,MSFT,227.27,227.6,226.56,227.27,56248329,226.21
2023-05-19,TSLA,253.53,254.56,253.09,254.25,102228592,253.69
2023-05-22,AAPL,133.56,134.48,132.98,133.35,127799288,132.74
2023-05-22,AMZN,65.11,65.28,64.74,65.09,40619910,65.04
2023-05-22,GOOGL,150.88,151.96,149.5,151.23,41957722,150.95
2023-05-22,MSFT,227.84,232.72,224.89,227.03,43211385,226.5
2023-05-22,TSLA,249.3,252.63,243.99,245.14,117265813,244.69
2023-05-23,AAPL,130.21,131.22,129.27,130.67,118317998,130.13
2023-05-23,AMZN,64.79,65.44,64.47,64.98,37497157,64.86
2023-05-23,GOOGL,151.01,153.16,148.29,150.01,12627830,149.42
2023-05-23,MSFT,224.45,226.28,223.24,225.33,51845431,225.03
2023-05-23,TSLA,246.43,247.35,245.7,246.56,180488962,246.44
2023-05-24,AAPL,133.25,134.6,131.51,133.21,54792759,133.0
2023-05-24,AMZN,66.67,66.87,66.57,66.67,28230659,66.57
2023-05-24,GOOGL,149.49,151.17,147.75,150.17,10592324,149.97
2023-05-24,MSFT,230.53,231.74,228.9,229.96,30671267,229.3
2023-05-24,TSLA,235.88,238.73,234.4,236.66,40835757,236.47
2023-05-25,AAPL,132.64,134.39,131.44,132.75,158967292,132.68
2023-05-25,AMZN,66.61,66.8,66.44,66.64,48694494,66.31
2023-05-25,GOOGL,149.14,149.85,147.61,148.53,20075865,148.12
2023-05-25,MSFT,224.6,228.28,220.67,226.41,44849730,225.9
2023-05-25,TSLA,241.95,243.03,241.41,241.86,40025118,240.79
2023-05-26,AAPL,129.75,131.52,128.86,130.79,88381342,130.6
2023-05-26,AMZN,63.09,63.75,62.12,62.82,91387935,62.59
2023-05-26,GOOGL,149.28,150.87,146.56,149.23,10430277,149.08
2023-05-26,MSFT,223.55,225.78,221.2,224.73,54123388,224.34
2023-05-26,TSLA,242.35,243.55,240.89,241.39,41304812,240.9
2023-05-29,AAPL,133.55,135.99,132.28,133.59,135539286,133.26
2023-05-29,AMZN,60.91,61.57,60.56,60.76,99799727,60.67
2023-05-29,GOOGL,146.09,146.34,145.81,145.88,12492061,145.19
2023-05-29,MSFT,226.22,226.58,225.94,226.41,24342892,225.98
2023-05-29,TSLA,239.58,242.1,237.04,240.22,74546741,239.88
2023-05-30,AAPL,130.06,131.7,128.83,130.13,80127008,129.5
2023-05-30,AMZN,60.09,60.47,59.9,60.15,50390127,59.91
2023-05-30,GOOGL,150.61,151.79,148.1,149.03,54272755,148.93
2023-05-30,MSFT,226.24,228.3,222.41,225.53,55118555,224.61
2023-05-30,TSLA,236.72,240.04,231.96,236.76,51956401,236.46
2023-05-31,AAPL,133.13,133.63,132.65,132.72,36438745,132.64
2023-05-31,AMZN,61.33,61.61,61.12,61.13,82597799,61.1
2023-05-31,GOOGL,149.06,149.18,148.84,149.04,41898570,149.01
2023-05-31,MSFT,222.49,223.93,221.14,223.76,20096831,223.13
2023-05-31,TSLA,245.5,247.66,243.36,243.85,114709725,243.02
2023-06-01,AAPL,137.29,138.51,134.81,135.05,35512303,134.76
2023-06-01,AMZN,59.14,60.54,58.55,59.57,91502281,59.35
2023-06-01,GOOGL,145.21,147.14,143.98,146.89,27735102,146.6
2023-06-01,MSFT,220.29,222.58,218.05,221.4,30876138,221.33
2023-06-01,TSLA,241.05,241.26,240.88,241.21,104494475,240.74
2023-06-02,AAPL,130.51,131.9,128.51,131.49,32103227,131.45
2023-06-02,AMZN,59.8,60.09,59.15,59.71,110301590,59.48
2023-06-02,GOOGL,148.45,151.78,146.63,149.21,52333602,149.03
2023-06-02,MSFT,225.46,226.76,224.18,226.17,12117384,225.74
2023-06-02,TSLA,234.56,239.29,229.29,236.67,178825960,236.4
2023-06-05,AAPL,129.18,130.2,128.49,129.44,37446099,128.87
2023-06-05,AMZN,59.59,60.01,58.67,59.4,96364183,59.28
2023-06-05,GOOGL,152.75,155.76,150.07,152.81,16923833,152.79
2023-06-05,MSFT,231.74,233.42,230.21,231.09,51719879,231.04
2023-06-05,TSLA,235.65,236.73,234.7,236.48,94490309,236.43
2023-06-06,AAPL,131.29,131.88,130.92,131.17,106296206,130.68
2023-06-06,AMZN,59.52,60.37,58.03,59.69,53937979,59.41
2023-06-06,GOOGL,151.56,153.63,150.4,152.15,24805567,151.73
2023-06-06,MSFT,235.64,240.36,233.03,234.23,27221618,234.11
2023-06-06,TSLA,244.07,245.05,243.62,244.04,54915867,244.03
2023-06-07,AAPL,129.65,132.04,127.66,129.04,91306728,128.87
2023-06-07,AMZN,60.18,60.24,60.13,60.19,56327214,60.07
2023-06-07,GOOGL,152.83,154.06,151.22,151.6,12809542,151.5
2023-06-07,MSFT,237.41,239.47,235.47,238.13,57744114,238.06
2023-06-07,TSLA,242.55,242.72,242.29,242.6,58759716,242.11
2023-06-08,AAPL,131.72,131.96,131.46,131.72,45688141,131.19
2023-06-08,AMZN,62.04,62.91,61.06,61.36,36250512,61.13
2023-06-08,GOOGL,148.47,149.39,147.26,148.4,31093797,148.03
2023-06-08,MSFT,241.26,241.63,240.48,241.27,39522727,240.29
2023-06-08,TSLA,239.82,244.1,237.7,241.05,52760855,240.58
2023-06-09,AAPL,133.97,134.94,132.17,132.8,54793220,132.44
2023-06-09,AMZN,61.42,62.59,60.91,61.88,52876852,61.59
2023-06-09,GOOGL,148.38,149.64,147.35,149.11,46468446,148.78
2023-06-09,MSFT,242.84,244.51,239.99,240.18,58654339,239.66
2023-06-09,TSLA,233.55,238.28,230.9,234.29,179544946,233.18
2023-06-12,AAPL,136.65,138.08,135.06,136.64,95289120,136.0
2023-06-12,AMZN,62.04,62.64,61.61,61.67,105927661,61.57
2023-06-12,GOOGL,149.28,150.49,148.49,150.0,33285949,149.88
2023-06-12,MSFT,239.74,243.58,236.32,240.38,15973400,239.6
2023-06-12,TSLA,230.62,232.55,227.44,231.36,99994063,230.23
2023-06-13,AAPL,137.0,138.08,135.69,135.93,151831393,135.59
2023-06-13,AMZN,62.09,62.71,61.74,62.06,60858625,61.92
2023-06-13,GOOGL,146.48,148.1,144.69,144.97,21785945,144.68
2023-06-13,MSFT,243.32,246.44,241.57,242.97,27826349,241.79
2023-06-13,TSLA,235.43,237.04,232.58,236.36,161709561,235.77
2023-06-14,AAPL,138.95,140.41,137.5,138.62,92641122,138.21
2023-06-14,AMZN,60.7,61.31,59.58,61.01,40540035,60.81
2023-06-14,GOOGL,148.83,150.58,144.82,147.26,49685093,147.08
2023-06-14,MSFT,240.46,241.77,238.18,239.26,13073282,238.34
2023-06-14,TSLA,240.29,244.48,233.46,240.94,128601349,240.28
2023-06-15,AAPL,140.98,141.92,140.41,141.05,39967863,140.49
2023-06-15,AMZN,58.69,59.13,58.0,58.98,72010255,58.71
2023-06-15,GOOGL,143.45,145.22,140.67,141.65,30418702,141.57
2023-06-15,MSFT,236.03,236.68,234.68,236.27,26807477,235.35
2023-06-15,TSLA,243.46,244.09,243.14,243.38,56319073,242.69
2023-06-16,AAPL,139.04,141.53,135.85,139.69,87735201,139.45
2023-06-16,AMZN,59.29,60.51,58.35,59.75,23104550,59.51
2023-06-16,GOOGL,138.47,139.36,137.34,139.31,33258180,139.24
2023-06-16,MSFT,238.66,240.88,236.8,238.19,46605159,238.05
2023-06-16,TSLA,243.84,247.57,242.17,244.96,169800123,243.93
2023-06-19,AAPL,145.77,148.17,141.2,144.43,47071131,144.3
2023-06-19,AMZN,58.13,58.66,57.2,58.37,86051279,58.28
2023-06-19,GOOGL,137.63,139.18,135.73,136.75,44643610,136.45
2023-06-19,MSFT,241.29,243.4,239.28,240.6,50734401,240.58
2023-06-19,TSLA,249.89,251.93,246.62,250.03,137183673,249.11
2023-06-20,AAPL,143.06,145.48,141.7,143.23,104514090,143.09
2023-06-20,AMZN,59.06,59.13,59.01,59.03,48359609,58.77
2023-06-20,GOOGL,141.18,142.04,140.43,140.58,34559971,140.2
2023-06-20,MSFT,250.3,251.23,249.49,250.2,40467819,248.97
2023-06-20,TSLA,250.32,253.1,247.02,249.51,129136155,249.15
2023-06-21,AAPL,137.81,139.82,134.23,139.05,133672368,138.69
2023-06-21,AMZN,58.05,58.09,57.97,58.07,117417486,57.99
2023-06-21,GOOGL,139.5,141.4,138.26,139.5,25430618,138.86
2023-06-21,MSFT,258.47,260.38,254.58,254.67,16737706,253.98
2023-06-21,TSLA,241.94,243.28,240.99,241.74,180157350,241.24
2023-06-22,AAPL,139.19,140.94,137.99,140.39,147651164,139.72
2023-06-22,AMZN,56.62,56.92,56.05,56.25,112109540,56.15
2023-06-22,GOOGL,142.86,144.22,139.95,143.41,24103476,143.34
2023-06-22,MSFT,258.09,263.24,255.49,258.11,54449848,257.24
2023-06-22,TSLA,245.3,246.99,244.11,245.7,177158687,245.37
2023-06-23,AAPL,140.72,142.2,139.25,141.43,158813683,141.01
2023-06-23,AMZN,56.83,57.42,56.06,56.15,45867924,56.01
2023-06-23,GOOGL,139.68,142.73,138.26,141.74,19947963,141.35
2023-06-23,MSFT,251.27,255.24,247.53,251.7,41970133,251.45
2023-06-23,TSLA,240.56,241.33,238.99,239.19,151267054,239.06
2023-06-26,AAPL,139.06,139.95,138.59,139.86,91178327,139.62
2023-06-26,AMZN,57.21,57.29,57.07,57.21,69523559,57.1
2023-06-26,GOOGL,142.58,144.44,140.69,142.35,17216159,142.28
2023-06-26,MSFT,248.47,253.64,245.99,249.68,60443288,249.09
2023-06-26,TSLA,240.99,246.97,238.12,242.83,165740935,241.77
2023-06-27,AAPL,140.66,142.25,139.86,140.81,167417172,140.29
2023-06-27,AMZN,56.5,56.78,56.12,56.64,45394083,56.56
2023-06-27,GOOGL,143.34,146.64,140.82,145.03,40518068,144.64
2023-06-27,MSFT,250.39,251.85,248.48,251.61,46629124,250.54
2023-06-27,TSLA,241.71,244.59,239.03,240.43,87027379,240.23
2023-06-28,AAPL,139.36,140.15,138.42,139.32,80557093,138.81
2023-06-28,AMZN,55.44,55.94,55.1,55.18,42178425,55.14
2023-06-28,GOOGL,145.39,146.95,144.65,144.99,49688309,144.89
2023-06-28,MSFT,245.99,251.22,241.99,246.14,19937948,245.98
2023-06-28,TSLA,240.47,241.52,239.76,241.37,181473170,240.38
2023-06-29,AAPL,140.17,141.02,139.19,140.97,83744814,140.6
2023-06-29,AMZN,54.68,55.46,53.97,54.33,46739160,54.26
2023-06-29,GOOGL,138.39,140.01,136.2,136.55,52044850,136.4
2023-06-29,MSFT,245.48,247.5,242.67,245.48,48911717,245.24
2023-06-29,TSLA,232.03,234.24,229.47,230.75,48761585,230.31
2023-06-30,AAPL,145.04,146.88,142.8,144.54,136957353,144.49
2023-06-30,AMZN,55.48,55.75,55.24,55.52,40414617,55.35
2023-06-30,GOOGL,134.65,135.67,133.82,134.32,16247873,134.24
2023-06-30,MSFT,244.44,246.49,242.97,243.31,49202524,242.1
2023-06-30,TSLA,228.65,229.6,226.47,228.03,102429600,226.91
2023-07-03,AAPL,143.06,143.99,142.62,143.72,160703483,143.39
2023-07-03,AMZN,54.92,55.3,54.72,55.06,118281419,54.79
2023-07-03,GOOGL,136.73,137.68,136.2,136.36,24836269,135.78
2023-07-03,MSFT,238.34,239.04,236.82,238.75,60105974,238.74
2023-07-03,TSLA,231.96,234.54,227.04,229.56,187973138,229.45
2023-07-04,AAPL,146.16,147.14,145.63,146.27,99458418,145.98
2023-07-04,AMZN,55.03,55.31,54.44,54.71,36254573,54.63
2023-07-04,GOOGL,142.14,143.03,140.9,141.75,41151492,141.37
2023-07-04,MSFT,234.53,236.7,233.34,236.41,28198497,235.29
2023-07-04,TSLA,236.09,238.11,234.18,234.96,52888891,234.07
2023-07-05,AAPL,148.08,148.41,147.46,148.27,173501947,148.0
2023-07-05,AMZN,54.34,54.95,53.88,54.44,33489407,54.18
2023-07-05,GOOGL,139.93,142.11,138.78,140.76,47308089,140.59
2023-07-05,MSFT,232.54,235.46,231.06,231.41,34205653,230.65
2023-07-05,TSLA,238.2,240.2,237.18,237.55,60908381,237.14
2023-07-06,AAPL,145.06,145.18,144.89,145.08,134122021,144.5
2023-07-06,AMZN,55.44,55.95,54.71,55.7,86574697,55.55
2023-07-06,GOOGL,138.09,139.12,136.73,138.14,43665436,137.58
2023-07-06,MSFT,238.1,239.0,237.69,238.3,35927502,237.8
2023-07-06,TSLA,234.74,235.47,233.9,233.99,182504613,233.44
2023-07-07,AAPL,144.97,146.78,143.83,145.61,95168724,145.45
2023-07-07,AMZN,56.32,56.41,56.26,56.3,66342017,56.16
2023-07-07,GOOGL,136.81,138.01,135.04,137.02,51645321,136.37
2023-07-07,MSFT,236.25,237.41,235.6,237.16,39947257,236.44
2023-07-07,TSLA,229.32,231.02,226.93,228.46,141088361,227.57
2023-07-10,AAPL,146.07,147.58,144.14,145.02,64893322,144.5
2023-07-10,AMZN,56.37,57.02,55.71,56.5,89356091,56.22
2023-07-10,GOOGL,135.52,137.21,133.7,135.7,14608590,135.46
2023-07-10,MSFT,230.04,231.48,227.9,231.21,44070938,230.15
2023-07-10,TSLA,223.09,225.76,219.45,224.04,183301188,223.98
2023-07-11,AAPL,146.36,147.47,145.59,146.21,62170768,145.81
2023-07-11,AMZN,55.63,56.26,55.29,55.82,25530106,55.8
2023-07-11,GOOGL,139.85,140.83,137.83,138.43,33880966,138.37
2023-07-11,MSFT,230.21,232.01,228.87,231.29,14464689,230.87
2023-07-11,TSLA,227.76,228.53,227.41,227.92,94752233,226.82
2023-07-12,AAPL,148.61,150.79,145.3,148.77,69060626,148.55
2023-07-12,AMZN,56.52,57.27,55.32,56.16,83982137,56.06
2023-07-12,GOOGL,138.56,140.15,137.19,139.37,44839998,139.09
2023-07-12,MSFT,234.24,235.19,232.51,234.52,17444899,233.63
2023-07-12,TSLA,227.62,229.23,225.57,225.67,94776126,225.22
2023-07-13,AAPL,152.03,155.21,150.01,151.44,129498614,151.27
2023-07-13,AMZN,55.78,55.93,55.59,55.93,46613461,55.77
2023-07-13,GOOGL,140.62,141.62,139.42,141.6,38081279,141.21
2023-07-13,MSFT,228.49,230.58,225.14,230.41,38726957,229.75
2023-07-13,TSLA,230.48,231.83,227.7,230.23,70556786,230.14
2023-07-14,AAPL,157.41,158.82,156.01,157.82,153220454,157.66
2023-07-14,AMZN,55.98,56.26,55.38,55.64,114408511,55.38
2023-07-14,GOOGL,140.78,141.18,140.18,140.21,14977078,139.66
2023-07-14,MSFT,230.31,231.25,229.68,230.61,48406120,230.2
2023-07-14,TSLA,231.1,231.76,230.39,230.48,146560179,229.66
2023-07-17,AAPL,158.33,160.26,156.67,157.57,150975302,156.96
2023-07-17,AMZN,55.68,56.47,55.24,55.61,110184992,55.58
2023-07-17,GOOGL,139.14,140.51,138.15,139.62,34786734,139.36
2023-07-17,MSFT,229.13,232.66,226.72,228.7,58604594,227.57
2023-07-17,TSLA,231.04,232.35,228.76,231.13,70303935,230.2
2023-07-18,AAPL,160.11,161.78,159.01,161.56,47736240,161.4
2023-07-18,AMZN,56.44,56.78,55.98,56.05,40315964,55.86
2023-07-18,GOOGL,143.51,144.37,142.02,142.15,48277024,142.01
2023-07-18,MSFT,231.7,233.74,229.1,230.46,42086446,229.38
2023-07-18,TSLA,230.19,231.25,227.77,228.16,127688389,227.32
2023-07-19,AAPL,157.67,158.19,156.73,157.66,81891577,157.64
2023-07-19,AMZN,56.61,56.77,56.42,56.44,95863164,56.22
2023-07-19,GOOGL,136.22,136.49,136.04,136.1,32830458,135.51
2023-07-19,MSFT,237.02,238.41,233.82,235.1,13600563,234.7
2023-07-19,TSLA,227.96,231.08,223.64,227.07,179585820,226.97
2023-07-20,AAPL,155.14,155.29,154.81,155.08,131816387,154.93
2023-07-20,AMZN,56.57,57.42,55.58,56.78,106198765,56.57
2023-07-20,GOOGL,138.75,141.08,137.18,139.28,53042893,139.12
2023-07-20,MSFT,233.19,234.66,231.97,234.59,26113822,233.84
2023-07-20,TSLA,227.84,231.21,223.43,228.68,71313233,228.12
2023-07-21,AAPL,154.71,157.74,152.75,154.67,101213316,154.32
2023-07-21,AMZN,58.5,58.6,58.45,58.47,75375740,58.4
2023-07-21,GOOGL,141.45,142.8,139.86,140.68,53250598,140.11
2023-07-21,MSFT,239.01,242.22,235.53,235.86,24887083,235.43
2023-07-21,TSLA,226.55,227.01,226.21,226.55,166479010,225.84
2023-07-24,AAPL,149.62,152.27,147.18,150.94,114175699,150.52
2023-07-24,AMZN,57.57,57.97,57.26,57.57,40887701,57.41
2023-07-24,GOOGL,141.93,142.55,141.29,142.32,15523269,141.99
2023-07-24,MSFT,232.05,235.67,228.03,234.21,31745070,233.79
2023-07-24,TSLA,223.61,225.46,221.78,223.57,54407532,223.04
2023-07-25,AAPL,151.54,153.19,149.31,150.35,151991064,149.79
2023-07-25,AMZN,58.95,59.72,58.37,58.79,103274979,58.78
2023-07-25,GOOGL,145.5,145.6,145.29,145.34,52616412,145.11
2023-07-25,MSFT,234.49,234.99,233.97,234.77,13113110,234.19
2023-07-25,TSLA,225.04,227.35,223.96,225.84,115732766,225.68
2023-07-26,AAPL,155.3,157.46,153.7,154.16,52425593,153.55
2023-07-26,AMZN,58.37,58.66,58.23,58.6,89359256,58.31
2023-07-26,GOOGL,141.64,142.34,140.63,141.45,37812286,140.81
2023-07-26,MSFT,238.03,242.1,235.32,240.0,42936430,239.86
2023-07-26,TSLA,222.98,224.32,222.2,223.86,146470078,223.45
2023-07-27,AAPL,147.61,148.38,146.62,147.82,168887317,147.62
2023-07-27,AMZN,58.49,58.72,58.24,58.39,66785688,58.37
2023-07-27,GOOGL,138.36,140.45,136.1,139.72,41791441,139.5
2023-07-27,MSFT,247.83,251.72,244.74,245.53,32960223,244.65
2023-07-27,TSLA,215.27,216.86,212.61,216.25,96721925,215.43
2023-07-28,AAPL,148.09,149.35,146.77,147.4,162366343,146.73
2023-07-28,AMZN,57.06,57.69,56.62,57.14,64997657,57.0
2023-07-28,GOOGL,139.63,143.41,136.42,138.54,48785947,138.08
2023-07-28,MSFT,243.49,245.43,240.01,241.44,51865610,240.63
2023-07-28,TSLA,214.88,215.19,214.5,214.68,174893058,213.85
2023-07-31,AAPL,146.76,148.07,145.25,147.62,149536810,147.61
2023-07-31,AMZN,56.58,56.77,56.46,56.58,45983919,56.37
2023-07-31,GOOGL,140.44,142.23,139.08,140.76,41587517,140.09
2023-07-31,MSFT,236.02,239.41,231.72,236.45,49171766,236.17
2023-07-31,TSLA,216.51,216.87,215.82,216.66,117821649,216.15
2023-08-01,AAPL,145.9,146.52,145.52,146.3,103255297,146.11
2023-08-01,AMZN,55.4,56.84,54.34,56.39,111822345,56.27
2023-08-01,GOOGL,140.72,142.42,137.86,139.78,53517493,139.41
2023-08-01,MSFT,239.04,242.3,236.92,238.74,15171038,238.32
2023-08-01,TSLA,221.88,224.02,219.16,219.4,139938516,219.1
2023-08-02,AAPL,148.05,149.68,146.86,149.68,172218931,149.43
2023-08-02,AMZN,55.48,56.95,54.84,56.15,102781238,55.9
2023-08-02,GOOGL,141.8,142.7,140.84,141.2,10739622,140.67
2023-08-02,MSFT,239.32,241.84,236.49,239.3,15214947,239.25
2023-08-02,TSLA,218.04,219.36,216.79,216.91,119946208,216.67
2023-08-03,AAPL,144.87,146.6,143.86,145.44,108296080,144.92
2023-08-03,AMZN,55.56,56.02,55.09,55.27,47849765,55.06
2023-08-03,GOOGL,140.13,140.39,139.87,140.18,48138940,140.08
2023-08-03,MSFT,239.8,240.59,238.27,238.99,26051822,238.55
2023-08-03,TSLA,218.93,221.45,217.8,218.76,83862868,218.29
2023-08-04,AAPL,148.25,149.16,147.08,147.6,72794700,146.86
2023-08-04,AMZN,54.6,55.62,54.09,54.88,80867167,54.76
2023-08-04,GOOGL,141.17,142.21,140.2,141.9,22475125,141.84
2023-08-04,MSFT,236.63,237.6,235.93,237.27,24345431,236.85
2023-08-04,TSLA,213.62,216.56,212.26,215.62,77975246,215.17
2023-08-07,AAPL,147.0,147.56,145.76,146.67,85799214,146.44
2023-08-07,AMZN,55.21,55.53,54.54,54.73,68068250,54.58
2023-08-07,GOOGL,139.63,142.07,137.78,141.95,39827692,141.94
2023-08-07,MSFT,243.45,245.5,241.88,242.66,50640866,242.1
2023-08-07,TSLA,216.27,219.53,214.13,218.46,46340588,217.43
2023-08-08,AAPL,150.07,150.52,149.09,150.25,109613245,149.71
2023-08-08,AMZN,56.0,56.52,55.75,56.51,115976158,56.3
2023-08-08,GOOGL,143.7,144.44,143.17,143.3,16015161,143.14
2023-08-08,MSFT,256.63,259.25,252.31,255.84,17348177,255.14
2023-08-08,TSLA,216.55,217.76,214.56,217.67,188263520,217.66
2023-08-09,AAPL,151.37,152.51,148.95,151.28,35197205,150.75
2023-08-09,AMZN,57.35,57.96,56.91,57.22,84907907,56.97
2023-08-09,GOOGL,141.5,142.88,140.55,141.73,36404504,141.49
2023-08-09,MSFT,251.8,252.85,251.29,252.47,39532554,252.42
2023-08-09,TSLA,216.69,219.01,212.8,218.28,181403829,218.23
2023-08-10,AAPL,154.91,155.78,154.32,155.34,108927739,155.21
2023-08-10,AMZN,59.39,60.39,58.47,58.71,51671445,58.51
2023-08-10,GOOGL,137.53,138.28,136.62,137.02,25211908,136.82
2023-08-10,MSFT,240.24,240.86,239.61,240.78,27417440,240.78
2023-08-10,TSLA,212.62,214.24,209.08,213.47,191297243,212.92
2023-08-11,AAPL,153.47,154.79,152.35,153.85,144793773,153.82
2023-08-11,AMZN,59.21,59.53,58.58,59.0,84061298,58.81
2023-08-11,GOOGL,137.46,138.37,136.01,137.86,43709723,137.57
2023-08-11,MSFT,241.73,244.24,238.96,239.3,42897281,238.44
2023-08-11,TSLA,216.15,219.18,214.56,217.79,113946578,217.23
2023-08-14,AAPL,157.28,158.46,156.12,158.05,86188901,157.55
2023-08-14,AMZN,59.5,59.54,59.42,59.49,103472532,59.46
2023-08-14,GOOGL,141.11,142.06,139.57,140.63,46996519,140.26
2023-08-14,MSFT,239.57,241.97,234.85,238.48,24669261,237.94
2023-08-14,TSLA,216.92,218.75,215.96,216.87,181896359,216.11
2023-08-15,AAPL,157.92,159.11,155.93,158.48,147568747,158.08
2023-08-15,AMZN,60.9,61.22,60.3,60.61,31109641,60.6
2023-08-15,GOOGL,139.24,139.85,138.46,139.0,16487202,138.95
2023-08-15,MSFT,243.04,243.43,242.82,243.11,13162760,242.07
2023-08-15,TSLA,220.4,223.09,218.11,221.26,159217162,220.73
2023-08-16,AAPL,156.94,159.54,155.09,157.73,65985141,157.52
2023-08-16,AMZN,60.63,61.25,59.43,59.87,61656801,59.69
2023-08-16,GOOGL,138.25,139.34,136.65,138.96,53550423,138.35
2023-08-16,MSFT,239.71,241.13,238.95,240.56,43423418,239.74
2023-08-16,TSLA,219.64,220.61,218.87,220.12,193137815,219.83
2023-08-17,AAPL,154.69,156.46,151.4,155.6,88878598,155.09
2023-08-17,AMZN,60.95,61.11,60.71,61.08,51816693,60.91
2023-08-17,GOOGL,141.67,143.09,138.97,140.19,49334933,140.17
2023-08-17,MSFT,237.58,241.9,230.91,236.07,29775595,235.98
2023-08-17,TSLA,215.26,219.82,212.17,217.24,122709072,217.22
2023-08-18,AAPL,155.67,157.57,154.25,156.59,129531770,156.03
2023-08-18,AMZN,62.03,62.38,61.75,61.86,26118010,61.81
2023-08-18,GOOGL,141.63,143.55,140.34,143.47,46820677,143.46
2023-08-18,MSFT,232.21,232.61,231.74,232.49,27006856,231.63
2023-08-18,TSLA,218.12,220.41,216.61,218.61,164255766,218.07
2023-08-21,AAPL,154.59,154.9,153.96,154.67,86324285,154.41
2023-08-21,AMZN,62.53,63.38,61.29,61.52,86852368,61.44
2023-08-21,GOOGL,139.01,139.86,137.17,139.12,21350764,138.47
2023-08-21,MSFT,237.83,241.12,233.41,236.47,18083266,235.84
2023-08-21,TSLA,221.73,223.87,220.69,222.9,55263436,221.94
2023-08-22,AAPL,151.06,152.2,150.51,151.18,75979543,150.54
2023-08-22,AMZN,62.48,63.17,61.11,62.09,118022559,61.89
2023-08-22,GOOGL,136.42,137.02,136.03,136.99,14776509,136.96
2023-08-22,MSFT,243.5,245.27,241.31,242.57,48399666,241.53
2023-08-22,TSLA,213.09,217.59,211.16,216.72,66769034,215.83
2023-08-23,AAPL,153.18,153.89,152.6,152.67,104943199,152.34
2023-08-23,AMZN,61.34,61.53,61.08,61.34,39120403,61.28
2023-08-23,GOOGL,135.63,136.83,133.32,136.12,40479471,135.86
2023-08-23,MSFT,247.62,248.57,247.0,248.5,50890094,247.56
2023-08-23,TSLA,213.53,215.39,210.39,214.08,144164256,213.76
2023-08-24,AAPL,152.31,153.92,149.97,151.85,157463886,151.24
2023-08-24,AMZN,60.69,61.12,59.75,60.98,38249997,60.71
2023-08-24,GOOGL,138.65,139.14,137.71,138.25,34092888,137.75
2023-08-24,MSFT,250.49,252.69,247.55,251.96,14864795,250.78
2023-08-24,TSLA,217.55,219.86,212.84,216.14,66089632,215.35
2023-08-25,AAPL,155.04,157.53,152.16,153.79,107620282,153.18
2023-08-25,AMZN,60.46,60.58,60.19,60.21,44563559,60.01
2023-08-25,GOOGL,139.99,140.64,138.71,140.45,11807551,140.03
2023-08-25,MSFT,253.4,255.26,250.11,254.14,51356119,253.61
2023-08-25,TSLA,217.91,219.93,216.05,219.63,135223880,219.38
2023-08-28,AAPL,154.11,155.5,152.5,152.92,45956095,152.57
2023-08-28,AMZN,60.26,60.81,60.0,60.5,102965445,60.38
2023-08-28,GOOGL,141.35,142.6,139.41,140.91,38354223,140.9
2023-08-28,MSFT,263.56,266.3,261.16,263.08,27488419,262.21
2023-08-28,TSLA,210.38,214.64,207.75,211.42,125755630,210.95
2023-08-29,AAPL,155.53,156.84,153.68,155.6,129537225,154.84
2023-08-29,AMZN,60.15,60.45,59.66,59.7,117472632,59.58
2023-08-29,GOOGL,143.51,145.54,140.29,141.85,17227631,141.83
2023-08-29,MSFT,256.58,257.28,255.9,257.09,52282452,256.43
2023-08-29,TSLA,209.24,209.82,208.79,209.79,139155879,209.13
2023-08-30,AAPL,157.83,160.0,154.98,156.72,63123556,156.39
2023-08-30,AMZN,60.92,61.26,60.3,60.46,61094926,60.25
2023-08-30,GOOGL,140.46,143.15,139.17,140.13,16735487,139.95
2023-08-30,MSFT,257.03,259.96,251.84,258.71,65483311,258.24
2023-08-30,TSLA,209.38,210.3,208.22,209.78,96658801,208.77
2023-08-31,AAPL,158.31,160.26,157.34,159.77,58417935,159.57
2023-08-31,AMZN,62.34,63.16,60.71,61.04,68357437,60.82
2023-08-31,GOOGL,136.23,137.02,134.97,136.08,14198553,135.7
2023-08-31,MSFT,264.73,267.36,260.05,265.91,44229182,265.36
2023-08-31,TSLA,211.45,215.73,206.89,213.21,156984095,212.91
2023-09-01,AAPL,161.4,163.75,158.17,161.23,81316431,160.51
2023-09-01,AMZN,59.97,60.2,59.64,59.66,106185123,59.42
2023-09-01,GOOGL,134.34,135.21,133.97,134.78,28383530,134.53
2023-09-01,MSFT,267.71,269.43,265.22,266.52,23400706,265.81
2023-09-01,TSLA,217.36,218.52,215.98,216.69,38350562,216.28
2023-09-04,AAPL,160.76,163.06,158.42,161.7,92832193,161.21
2023-09-04,AMZN,58.97,59.81,58.41,58.69,52080091,58.57
2023-09-04,GOOGL,134.81,135.76,133.46,134.23,25757268,134.05
2023-09-04,MSFT,265.06,267.97,262.94,266.8,46744737,266.04
2023-09-04,TSLA,212.41,214.62,209.33,214.18,180674039,214.01
2023-09-05,AAPL,162.06,163.91,158.78,162.17,95543504,161.37
2023-09-05,AMZN,58.27,58.83,57.93,58.66,102191554,58.49
2023-09-05,GOOGL,131.76,136.43,128.37,133.4,40026684,133.16
2023-09-05,MSFT,272.76,275.33,270.87,273.25,49947354,272.56
2023-09-05,TSLA,210.05,211.42,208.45,210.76,85207162,209.9
2023-09-06,AAPL,162.62,163.84,161.15,162.27,124796936,161.49
2023-09-06,AMZN,58.97,59.31,58.45,58.92,120592902,58.86
2023-09-06,GOOGL,133.67,134.61,132.77,133.08,26030209,132.74
2023-09-06,MSFT,270.93,274.73,268.23,269.14,30997589,268.08
2023-09-06,TSLA,208.75,210.07,207.86,208.85,71281721,208.55
2023-09-07,AAPL,163.4,164.62,162.58,163.67,134049447,163.02
2023-09-07,AMZN,58.57,59.09,57.74,58.48,74143155,58.47
2023-09-07,GOOGL,133.83,134.34,132.97,133.03,45102741,132.71
2023-09-07,MSFT,275.24,276.84,272.56,273.04,24181333,272.49
2023-09-07,TSLA,210.63,213.94,207.82,210.22,158118149,209.18
2023-09-08,AAPL,162.89,164.18,161.65,162.19,70977143,161.41
2023-09-08,AMZN,57.32,58.81,56.59,58.36,36785244,58.31
2023-09-08,GOOGL,131.35,132.75,129.79,132.39,54994214,132.15
2023-09-08,MSFT,278.94,280.12,276.94,279.5,17425034,279.05
2023-09-08,TSLA,213.56,217.21,209.42,216.46,141092723,215.44
2023-09-11,AAPL,153.96,157.31,151.53,154.43,156839510,154.24
2023-09-11,AMZN,58.3,58.44,58.01,58.35,45575586,58.22
2023-09-11,GOOGL,132.88,135.31,130.47,132.23,54761055,131.87
2023-09-11,MSFT,285.64,287.32,282.04,284.41,60680434,283.16
2023-09-11,TSLA,219.98,223.44,217.44,219.53,194529770,218.6
2023-09-12,AAPL,154.8,156.58,153.7,154.43,95537072,153.71
2023-09-12,AMZN,58.93,60.35,57.95,59.6,71276870,59.48
2023-09-12,GOOGL,130.64,131.35,130.31,131.04,21272571,130.62
2023-09-12,MSFT,276.09,281.76,270.67,277.2,47765849,277.14
2023-09-12,TSLA,220.89,222.28,218.49,220.65,91960378,220.32
2023-09-13,AAPL,152.5,152.66,152.18,152.4,156449206,152.0
2023-09-13,AMZN,59.66,60.03,59.33,59.81,28105244,59.65
2023-09-13,GOOGL,132.17,133.68,130.86,130.99,51482552,130.66
2023-09-13,MSFT,283.74,285.13,282.37,282.84,65608568,281.97
2023-09-13,TSLA,221.66,222.26,220.42,222.13,80402490,221.07
2023-09-14,AAPL,155.71,156.93,153.77,154.33,98593781,154.28
2023-09-14,AMZN,59.85,60.48,59.55,60.21,59025644,59.94
2023-09-14,GOOGL,130.71,131.74,129.13,130.24,42442988,130.18
2023-09-14,MSFT,276.74,279.07,274.79,278.36,64189848,277.08
2023-09-14,TSLA,214.94,217.61,211.69,214.93,106846158,214.4
2023-09-15,AAPL,160.8,163.79,156.05,158.11,150307187,157.76
2023-09-15,AMZN,60.21,60.3,60.04,60.24,106596380,60.1
2023-09-15,GOOGL,129.98,130.93,129.15,130.15,52396597,129.78
2023-09-15,MSFT,272.81,274.66,269.54,272.96,65554805,272.07
2023-09-15,TSLA,208.12,209.95,206.65,207.91,179060292,207.31
2023-09-18,AAPL,157.87,160.28,153.73,157.78,39095406,157.67
2023-09-18,AMZN,60.59,61.42,59.56,60.07,101891806,59.99
2023-09-18,GOOGL,130.04,131.81,128.27,130.85,53688133,130.28
2023-09-18,MSFT,269.32,271.56,267.55,270.18,16015795,269.99
2023-09-18,TSLA,207.33,209.43,203.5,207.91,134760528,207.05
2023-09-19,AAPL,157.37,159.09,156.08,156.5,72597855,156.13
2023-09-19,AMZN,58.65,59.04,58.0,58.63,33497383,58.4
2023-09-19,GOOGL,131.74,132.64,130.93,131.62,46640229,131.22
2023-09-19,MSFT,265.96,267.89,263.65,267.06,46665384,266.73
2023-09-19,TSLA,204.4,206.26,203.42,205.8,111143177,205.49
2023-09-20,AAPL,155.72,156.19,155.23,155.73,141959909,155.3
2023-09-20,AMZN,57.48,58.32,56.56,57.65,82866680,57.58
2023-09-20,GOOGL,130.25,131.65,129.48,131.04,39234842,130.51
2023-09-20,MSFT,276.56,285.01,269.96,274.68,29840005,273.67
2023-09-20,TSLA,207.17,210.17,205.29,209.82,119055188,209.0
2023-09-21,AAPL,150.27,152.39,149.15,151.45,54511727,151.03
2023-09-21,AMZN,57.14,57.61,56.3,57.02,105699345,56.82
2023-09-21,GOOGL,127.41,128.75,126.06,128.26,21145909,128.06
2023-09-21,MSFT,281.76,286.31,276.9,279.33,33923177,279.11
2023-09-21,TSLA,202.7,205.48,201.41,203.67,62456161,203.08
2023-09-22,AAPL,153.76,156.67,152.07,155.5,64664542,155.17
2023-09-22,AMZN,57.44,57.74,57.05,57.16,89134513,57.05
2023-09-22,GOOGL,135.06,136.37,132.6,134.82,38981044,134.63
2023-09-22,MSFT,277.84,282.57,273.67,280.05,55207093,279.05
2023-09-22,TSLA,202.18,204.59,199.73,203.47,132562514,202.87
2023-09-25,AAPL,156.41,160.27,154.16,159.27,127458500,159.15
2023-09-25,AMZN,57.14,57.5,56.72,56.87,25205188,56.74
2023-09-25,GOOGL,135.38,135.77,134.88,135.38,39344988,135.28
2023-09-25,MSFT,287.58,290.5,284.08,286.36,40363992,286.32
2023-09-25,TSLA,203.14,205.0,199.19,201.2,178207175,200.32
2023-09-26,AAPL,160.2,162.4,157.6,159.15,44906975,159.11
2023-09-26,AMZN,56.05,56.38,55.7,55.93,80201496,55.91
2023-09-26,GOOGL,132.16,133.54,131.45,133.2,27531786,132.55
2023-09-26,MSFT,281.41,284.15,279.78,282.52,61075958,281.69
2023-09-26,TSLA,199.74,204.38,192.88,199.13,154172164,198.18
2023-09-27,AAPL,160.2,161.49,158.41,159.73,116920981,159.29
2023-09-27,AMZN,55.07,56.6,54.14,55.58,30776433,55.39
2023-09-27,GOOGL,133.43,134.91,132.2,133.4,46128986,132.99
2023-09-27,MSFT,274.41,276.46,272.9,274.97,15198063,273.95
2023-09-27,TSLA,197.97,200.01,196.98,198.25,88317349,198.04
2023-09-28,AAPL,160.89,161.99,159.87,161.99,62137437,161.18
2023-09-28,AMZN,55.07,55.74,54.71,55.26,43683237,55.17
2023-09-28,GOOGL,131.34,131.58,131.12,131.4,42678150,131.2
2023-09-28,MSFT,275.61,278.44,273.08,278.39,14526759,277.7
2023-09-28,TSLA,205.0,205.4,204.19,205.23,81545529,204.6
2023-09-29,AAPL,167.19,169.06,165.64,168.93,96581872,168.92
2023-09-29,AMZN,56.89,57.46,56.37,56.82,72857590,56.81
2023-09-29,GOOGL,133.08,134.9,132.28,133.38,22967062,132.72
2023-09-29,MSFT,271.35,274.29,267.67,272.15,18049520,271.74
2023-09-29,TSLA,206.13,207.57,204.9,205.3,161525347,205.14
2023-10-02,AAPL,169.18,171.1,166.24,166.99,53580243,166.63
2023-10-02,AMZN,56.29,56.58,56.08,56.54,53194192,56.41
2023-10-02,GOOGL,131.68,133.64,130.63,132.95,14692499,132.88
2023-10-02,MSFT,273.46,275.75,271.08,274.33,64259696,274.22
2023-10-02,TSLA,207.73,209.06,205.39,205.41,106348397,205.4
2023-10-03,AAPL,170.87,173.11,169.88,171.42,50769064,170.83
2023-10-03,AMZN,55.83,56.72,55.22,55.35,22790205,55.34
2023-10-03,GOOGL,133.4,134.84,132.5,134.62,37825314,134.04
2023-10-03,MSFT,271.96,273.93,267.98,269.97,26090029,269.74
2023-10-03,TSLA,196.93,200.58,194.32,200.08,37790272,199.69
2023-10-04,AAPL,168.86,169.92,168.35,169.12,156190514,169.09
2023-10-04,AMZN,56.22,56.61,55.56,56.33,102218633,56.32
2023-10-04,GOOGL,132.34,133.11,131.74,131.9,24750373,131.5
2023-10-04,MSFT,268.43,269.93,265.8,265.91,40514815,264.74
2023-10-04,TSLA,203.28,208.65,199.28,202.21,125141138,201.89
2023-10-05,AAPL,163.19,165.8,162.02,165.18,124262272,164.69
2023-10-05,AMZN,57.99,58.84,57.22,57.38,51037753,57.25
2023-10-05,GOOGL,133.3,136.05,131.67,133.26,32967803,132.93
2023-10-05,MSFT,257.54,260.42,254.24,259.17,43152918,257.98
2023-10-05,TSLA,202.33,203.59,199.41,202.75,56158615,202.28
2023-10-06,AAPL,161.98,164.0,160.78,162.69,131231707,162.34
2023-10-06,AMZN,54.47,54.7,54.13,54.22,50704348,54.01
2023-10-06,GOOGL,136.13,136.75,135.6,136.23,28396513,135.77
2023-10-06,MSFT,259.31,261.42,255.11,260.79,46701628,260.36
2023-10-06,TSLA,203.52,204.99,200.48,201.98,95658270,201.01
2023-10-09,AAPL,167.04,169.33,165.82,168.01,132054185,167.54
2023-10-09,AMZN,53.77,54.21,53.49,54.2,94758804,54.11
2023-10-09,GOOGL,136.21,136.76,135.92,136.75,51224987,136.49
2023-10-09,MSFT,261.58,264.28,258.49,261.27,57477456,260.35
2023-10-09,TSLA,205.44,209.78,202.98,206.39,187414606,206.01
2023-10-10,AAPL,166.22,167.25,164.0,164.22,161813962,163.62
2023-10-10,AMZN,55.53,55.73,55.25,55.27,110448536,55.05
2023-10-10,GOOGL,137.59,138.3,137.17,137.29,12995737,136.73
2023-10-10,MSFT,260.52,265.13,256.58,262.53,57253922,261.85
2023-10-10,TSLA,206.23,208.52,203.13,206.9,82125033,205.91
2023-10-11,AAPL,164.01,165.96,162.0,165.15,74470083,164.34
2023-10-11,AMZN,54.31,54.89,53.69,54.68,22347341,54.54
2023-10-11,GOOGL,134.93,135.32,134.63,134.95,31044615,134.57
2023-10-11,MSFT,255.83,257.12,254.16,257.05,65878198,255.95
2023-10-11,TSLA,210.04,212.49,207.39,210.19,161366262,209.88
2023-10-12,AAPL,163.37,164.87,160.61,163.06,133507203,162.31
2023-10-12,AMZN,54.93,55.8,54.39,54.81,49107100,54.71
2023-10-12,GOOGL,132.1,132.85,131.7,131.99,14466706,131.89
2023-10-12,MSFT,254.7,255.44,253.17,254.16,58761656,252.98
2023-10-12,TSLA,215.98,217.0,214.55,215.02,176277118,214.85
2023-10-13,AAPL,163.43,165.04,159.97,162.48,32435005,161.87
2023-10-13,AMZN,55.1,55.75,54.04,55.27,72100261,55.1
2023-10-13,GOOGL,135.54,135.86,134.88,135.8,38596735,135.19
2023-10-13,MSFT,258.32,260.33,256.25,259.44,21102517,258.31
2023-10-13,TSLA,216.97,218.73,213.66,217.77,75581271,216.92
2023-10-16,AAPL,165.83,166.81,165.2,165.27,58095398,165.11
2023-10-16,AMZN,54.23,54.51,53.73,54.31,71915671,54.1
2023-10-16,GOOGL,134.66,134.89,134.31,134.64,11652768,134.51
2023-10-16,MSFT,256.59,256.96,255.99,256.7,12863845,255.48
2023-10-16,TSLA,224.42,225.73,223.13,223.18,80037302,222.68
2023-10-17,AAPL,162.07,162.83,160.48,162.65,58759816,162.63
2023-10-17,AMZN,52.99,53.36,52.34,52.86,107310363,52.66
2023-10-17,GOOGL,133.11,134.56,131.23,133.79,37363170,133.2
2023-10-17,MSFT,258.26,258.56,258.03,258.08,30596240,256.96
2023-10-17,TSLA,222.17,223.67,220.05,222.45,177553419,221.99
2023-10-18,AAPL,162.34,163.02,161.73,162.74,76542688,162.16
2023-10-18,AMZN,52.24,52.77,51.6,52.03,109833888,51.78
2023-10-18,GOOGL,135.22,136.06,134.74,135.09,36867790,134.65
2023-10-18,MSFT,265.78,267.75,263.21,263.46,38649871,263.03
2023-10-18,TSLA,224.08,224.8,223.37,223.4,196608999,222.99
2023-10-19,AAPL,160.5,161.57,159.74,160.08,58715740,159.8
2023-10-19,AMZN,52.95,53.45,52.35,52.78,55355378,52.77
2023-10-19,GOOGL,131.03,131.3,130.41,130.76,38115996,130.44
2023-10-19,MSFT,258.68,260.82,256.09,259.07,58093873,258.94
2023-10-19,TSLA,226.01,228.78,224.25,227.32,82020665,226.94
2023-10-20,AAPL,163.8,165.21,160.79,163.0,164955129,162.56
2023-10-20,AMZN,53.79,54.05,53.37,53.95,112059007,53.75
2023-10-20,GOOGL,129.25,131.83,127.12,130.64,26195856,130.29
2023-10-20,MSFT,254.05,254.97,252.16,253.77,13235409,253.67
2023-10-20,TSLA,219.57,220.83,217.83,218.1,64806735,217.56
2023-10-23,AAPL,159.57,160.95,158.35,160.63,54573864,160.17
2023-10-23,AMZN,54.21,55.06,53.01,53.38,61896315,53.14
2023-10-23,GOOGL,127.91,129.65,126.92,128.76,11473045,128.28
2023-10-23,MSFT,257.76,260.87,255.12,256.53,65552679,255.54
2023-10-23,TSLA,223.62,227.31,220.11,222.13,116746353,221.35
2023-10-24,AAPL,158.32,159.55,156.69,159.49,123462606,159.41
2023-10-24,AMZN,54.53,54.69,54.33,54.66,34546111,54.56
2023-10-24,GOOGL,129.65,130.34,129.02,129.26,54247627,128.8
2023-10-24,MSFT,256.39,258.42,252.61,256.29,47905963,255.73
2023-10-24,TSLA,212.56,216.02,210.23,214.61,50259261,213.68
2023-10-25,AAPL,158.5,158.78,158.05,158.7,109952295,158.16
2023-10-25,AMZN,53.03,53.81,52.68,53.62,36547840,53.62
2023-10-25,GOOGL,130.4,132.91,128.58,130.89,37806321,130.42
2023-10-25,MSFT,261.04,264.64,258.89,261.51,17922020,260.3
2023-10-25,TSLA,224.58,226.81,223.43,223.56,145707434,223.33
2023-10-26,AAPL,160.56,161.9,158.36,161.74,126918398,161.25
2023-10-26,AMZN,52.71,53.28,52.02,53.11,105775876,53.07
2023-10-26,GOOGL,127.52,129.07,125.82,127.58,15667408,127.06
2023-10-26,MSFT,263.77,268.78,259.96,261.41,53087198,260.8
2023-10-26,TSLA,228.44,230.64,224.22,227.32,100561222,226.46
2023-10-27,AAPL,165.48,167.08,164.17,164.29,87889489,163.55
2023-10-27,AMZN,53.78,54.33,52.63,53.03,64841440,52.86
2023-10-27,GOOGL,127.35,129.53,126.21,129.02,22106509,129.0
2023-10-27,MSFT,261.91,263.74,257.92,262.04,18712648,261.39
2023-10-27,TSLA,232.31,233.54,231.36,231.56,179082470,231.02
2023-10-30,AAPL,160.19,164.7,158.0,161.25,117493632,161.07
2023-10-30,AMZN,53.2,53.27,53.13,53.23,97683105,52.99
2023-10-30,GOOGL,129.04,130.92,127.89,129.51,15808314,129.01
2023-10-30,MSFT,260.74,262.56,258.1,261.46,36994266,261.34
2023-10-30,TSLA,224.73,225.99,222.57,224.79,195573300,224.27
2023-10-31,AAPL,158.97,159.46,158.01,158.74,126485037,158.64
2023-10-31,AMZN,51.86,52.32,51.42,51.95,103068877,51.93
2023-10-31,GOOGL,129.41,131.24,126.43,128.01,45284261,127.39
2023-10-31,MSFT,263.63,266.64,260.75,263.33,60526330,263.06
2023-10-31,TSLA,221.73,222.1,221.04,221.71,186858963,221.29
2023-11-01,AAPL,166.25,169.23,163.74,167.17,87838063,166.57
2023-11-01,AMZN,52.35,53.0,51.61,52.66,90279304,52.63
2023-11-01,GOOGL,128.9,129.39,128.12,128.39,43177135,128.33
2023-11-01,MSFT,261.59,263.36,258.96,262.74,39216024,261.44
2023-11-01,TSLA,230.12,231.65,228.44,231.27,149407188,230.85
2023-11-02,AAPL,165.9,167.35,165.2,166.04,129576010,165.35
2023-11-02,AMZN,52.3,52.53,51.86,52.33,113556872,52.2
2023-11-02,GOOGL,128.69,130.22,127.11,127.83,12399885,127.65
2023-11-02,MSFT,267.25,269.57,263.11,266.82,57407834,265.63
2023-11-02,TSLA,235.89,239.39,233.18,235.35,184916801,234.77
2023-11-03,AAPL,164.2,164.93,162.81,164.57,63899909,164.13
2023-11-03,AMZN,52.79,53.49,51.27,52.89,111269220,52.84
2023-11-03,GOOGL,125.86,127.14,124.98,125.23,50649449,125.23
2023-11-03,MSFT,260.12,261.57,258.98,260.27,48821445,259.21
2023-11-03,TSLA,236.44,237.08,236.07,236.74,189992085,236.72
2023-11-06,AAPL,163.55,164.44,162.19,162.35,105883119,162.09
2023-11-06,AMZN,52.75,53.17,52.52,52.78,27085976,52.67
2023-11-06,GOOGL,126.74,127.91,125.08,125.96,54342331,125.67
2023-11-06,MSFT,262.28,267.88,258.61,263.15,59320850,262.73
2023-11-06,TSLA,238.55,240.01,236.97,239.67,50917209,238.7
2023-11-07,AAPL,164.71,165.18,164.21,164.8,82078894,164.4
2023-11-07,AMZN,52.69,52.93,52.47,52.53,56659367,52.38
2023-11-07,GOOGL,124.13,125.07,122.02,123.71,17974625,123.29
2023-11-07,MSFT,257.87,261.25,253.21,258.73,34234474,257.85
2023-11-07,TSLA,241.85,242.2,241.56,242.07,189508962,241.49
2023-11-08,AAPL,169.4,171.73,166.1,169.79,156017440,169.08
2023-11-08,AMZN,52.53,53.34,51.86,52.01,66245207,51.85
2023-11-08,GOOGL,120.38,121.16,118.73,120.92,54346392,120.57
2023-11-08,MSFT,259.74,259.94,259.57,259.81,32643702,258.82
2023-11-08,TSLA,231.57,232.43,230.77,231.85,190476061,231.35
2023-11-09,AAPL,163.39,165.35,160.92,163.07,158358450,162.59
2023-11-09,AMZN,53.41,53.45,53.37,53.4,104440644,53.32
2023-11-09,GOOGL,119.38,121.16,118.2,120.07,32829332,119.55
2023-11-09,MSFT,257.88,259.7,255.46,256.62,36683561,255.99
2023-11-09,TSLA,230.01,230.35,229.33,229.63,108167223,229.26
2023-11-10,AAPL,165.63,166.02,164.8,165.53,169999186,164.78
2023-11-10,AMZN,54.18,55.41,53.36,54.28,42738678,54.12
2023-11-10,GOOGL,118.92,120.65,117.85,119.37,54638036,119.22
2023-11-10,MSFT,259.19,260.02,258.56,259.07,38761522,257.85
2023-11-10,TSLA,235.18,237.24,233.75,234.02,46895681,233.36
2023-11-13,AAPL,169.1,169.18,169.04,169.16,156176227,168.55
2023-11-13,AMZN,55.43,55.66,55.25,55.44,82092969,55.2
2023-11-13,GOOGL,119.33,120.26,118.42,120.24,17872593,120.08
2023-11-13,MSFT,255.89,259.31,254.08,258.1,24194353,257.15
2023-11-13,TSLA,225.76,230.82,220.42,228.83,65902716,228.29
2023-11-14,AAPL,167.8,170.66,165.98,168.4,37011084,167.9
2023-11-14,AMZN,54.0,55.05,53.22,54.65,104520740,54.51
2023-11-14,GOOGL,117.84,118.54,116.83,117.84,31685089,117.56
2023-11-14,MSFT,249.86,251.25,249.18,250.66,49986723,249.89
2023-11-14,TSLA,226.84,229.71,223.54,225.94,59981962,225.83
2023-11-15,AAPL,171.64,172.4,170.74,171.15,119013370,171.0
2023-11-15,AMZN,56.58,56.75,56.21,56.57,118720754,56.36
2023-11-15,GOOGL,113.49,114.15,113.2,113.87,34168339,113.65
2023-11-15,MSFT,247.23,248.23,244.98,247.13,57108866,245.91
2023-11-15,TSLA,226.37,228.19,224.22,226.78,99382659,225.97
2023-11-16,AAPL,176.23,178.97,174.36,175.51,109211688,175.03
2023-11-16,AMZN,56.17,57.44,54.84,56.57,44987342,56.32
2023-11-16,GOOGL,114.14,114.85,113.61,114.16,30845986,113.67
2023-11-16,MSFT,244.02,248.04,241.92,243.91,50102387,242.85
2023-11-16,TSLA,220.91,222.13,219.36,220.85,179514881,220.17
2023-11-17,AAPL,171.76,173.1,170.95,172.84,91437198,172.17
2023-11-17,AMZN,56.17,56.54,55.97,56.05,91776657,55.9
2023-11-17,GOOGL,116.92,118.19,116.33,116.86,16789512,116.35
2023-11-17,MSFT,254.17,255.66,251.81,253.0,53806442,252.19
2023-11-17,TSLA,214.74,216.56,212.36,215.27,139439316,215.18
2023-11-20,AAPL,175.59,178.87,172.55,175.05,109352382,174.35
2023-11-20,AMZN,56.18,57.16,55.29,56.85,30043708,56.74
2023-11-20,GOOGL,115.65,116.67,114.64,116.31,54612064,115.75
2023-11-20,MSFT,253.74,255.9,251.67,253.28,55036995,252.45
2023-11-20,TSLA,213.13,214.52,211.04,212.34,65365393,211.87
2023-11-21,AAPL,170.48,171.91,168.91,168.91,112473085,168.66
2023-11-21,AMZN,55.89,56.19,55.54,55.64,22977222,55.42
2023-11-21,GOOGL,117.14,118.57,115.82,117.8,51461533,117.54
2023-11-21,MSFT,251.78,256.53,249.33,253.81,53782633,252.85
2023-11-21,TSLA,207.83,208.95,206.08,208.74,89894177,208.21
2023-11-22,AAPL,167.46,168.42,165.86,167.31,168392568,166.59
2023-11-22,AMZN,56.07,56.21,55.9,56.11,66591168,56.0
2023-11-22,GOOGL,117.71,118.36,116.95,117.6,38604298,117.43
2023-11-22,MSFT,252.89,255.22,248.35,253.07,43233975,252.63
2023-11-22,TSLA,204.48,205.7,202.46,204.02,170750757,204.01
2023-11-23,AAPL,162.65,162.88,162.52,162.86,134230362,162.48
2023-11-23,AMZN,55.02,55.62,54.71,54.91,95699872,54.7
2023-11-23,GOOGL,116.73,118.36,115.67,117.46,49332066,117.3
2023-11-23,MSFT,250.18,252.34,248.9,249.82,30906376,248.88
2023-11-23,TSLA,196.66,198.6,195.77,196.49,90268519,196.23
2023-11-24,AAPL,161.73,162.57,160.73,161.63,80516755,161.29
2023-11-24,AMZN,55.48,55.82,54.9,55.38,27972992,55.17
2023-11-24,GOOGL,116.63,119.18,114.7,118.54,47773150,118.4
2023-11-24,MSFT,254.42,257.68,252.48,255.37,48055894,254.83
2023-11-24,TSLA,196.14,197.77,195.02,197.05,141571296,196.52
2023-11-27,AAPL,159.58,160.49,158.77,159.99,126792864,159.41
2023-11-27,AMZN,54.04,54.54,53.5,53.79,69322245,53.61
2023-11-27,GOOGL,118.45,119.66,117.13,118.41,24084513,117.91
2023-11-27,MSFT,250.65,253.11,247.9,249.33,26874460,248.74
2023-11-27,TSLA,195.86,197.12,194.67,195.99,190655817,195.66
2023-11-28,AAPL,158.16,158.44,157.83,158.41,170653351,158.09
2023-11-28,AMZN,51.37,51.83,50.89,51.67,65967424,51.46
2023-11-28,GOOGL,119.23,120.16,118.64,118.9,25189696,118.53
2023-11-28,MSFT,252.4,254.16,249.02,250.96,52099386,249.93
2023-11-28,TSLA,196.67,198.06,193.82,194.39,149235406,194.35
2023-11-29,AAPL,165.15,167.65,163.45,165.68,104636629,165.46
2023-11-29,AMZN,50.72,50.95,50.56,50.9,63625077,50.73
2023-11-29,GOOGL,121.62,121.7,121.45,121.69,27801963,121.09
2023-11-29,MSFT,251.99,253.44,250.77,252.81,63395831,252.71
2023-11-29,TSLA,199.14,200.2,197.97,198.64,112451191,198.46
2023-11-30,AAPL,164.35,164.97,163.46,163.48,148059698,162.89
2023-11-30,AMZN,52.27,52.71,52.07,52.52,43109885,52.37
2023-11-30,GOOGL,121.74,122.23,121.49,121.79,48678787,121.54
2023-11-30,MSFT,253.82,254.85,251.86,252.45,22118941,251.69
2023-11-30,TSLA,199.43,201.71,197.15,200.21,138868502,199.23
2023-12-01,AAPL,162.13,164.66,157.36,161.09,103383249,160.54
2023-12-01,AMZN,52.49,52.58,52.31,52.51,30911883,52.49
2023-12-01,GOOGL,120.95,121.36,120.03,120.94,32944494,120.72
2023-12-01,MSFT,255.87,257.4,252.87,253.78,18329911,252.69
2023-12-01,TSLA,197.93,199.27,196.5,197.3,170717007,196.57
2023-12-04,AAPL,161.83,163.41,160.51,161.89,156664722,161.66
2023-12-04,AMZN,52.75,52.88,52.52,52.73,46944252,52.53
2023-12-04,GOOGL,121.93,123.61,119.18,119.78,45386377,119.29
2023-12-04,MSFT,256.2,257.56,255.18,255.31,30976282,255.06
2023-12-04,TSLA,200.92,202.2,198.77,200.1,163514511,199.94
2023-12-05,AAPL,156.71,158.86,155.45,158.0,139039939,157.41
2023-12-05,AMZN,52.13,52.46,51.87,52.05,51247204,52.01
2023-12-05,GOOGL,122.44,123.6,121.12,121.95,40484560,121.94
2023-12-05,MSFT,259.4,262.91,257.71,259.47,16402408,258.19
2023-12-05,TSLA,198.66,202.84,196.63,198.74,58104860,198.34
2023-12-06,AAPL,157.83,159.59,153.85,155.49,88317283,154.78
2023-12-06,AMZN,53.98,54.27,53.36,54.13,72356237,53.99
2023-12-06,GOOGL,122.02,122.66,121.08,121.6,50359520,121.19
2023-12-06,MSFT,253.56,259.75,250.64,253.71,27686183,253.53
2023-12-06,TSLA,202.83,205.52,200.83,204.4,151590107,203.85
2023-12-07,AAPL,155.31,157.57,153.28,156.04,39766291,155.67
2023-12-07,AMZN,53.05,53.32,52.57,53.15,35375544,53.13
2023-12-07,GOOGL,122.33,123.04,121.35,122.37,25285435,121.99
2023-12-07,MSFT,251.19,253.74,249.47,253.01,65845398,252.19
2023-12-07,TSLA,203.46,205.09,202.27,204.56,48648132,204.44
2023-12-08,AAPL,161.93,163.47,161.13,161.16,49794438,160.44
2023-12-08,AMZN,52.34,53.49,51.62,52.35,50354434,52.19
2023-12-08,GOOGL,120.95,122.32,119.04,120.8,34065409,120.67
2023-12-08,MSFT,253.16,254.73,251.07,251.91,25147119,251.45
2023-12-08,TSLA,207.35,209.16,204.7,206.55,68309305,205.76
2023-12-11,AAPL,157.76,158.45,156.26,157.6,155064914,156.99
2023-12-11,AMZN,52.37,52.66,52.07,52.52,38040589,52.45
2023-12-11,GOOGL,119.87,121.19,117.93,118.83,36511291,118.24
2023-12-11,MSFT,250.16,253.53,248.24,249.54,44816241,249.08
2023-12-11,TSLA,207.91,209.54,206.8,207.29,138830933,206.89
2023-12-12,AAPL,156.52,158.14,154.92,156.12,34823916,155.86
2023-12-12,AMZN,51.19,51.9,50.39,50.76,103866778,50.61
2023-12-12,GOOGL,119.39,120.4,118.5,119.09,30224654,119.02
2023-12-12,MSFT,251.03,252.76,249.86,252.53,37225027,252.25
2023-12-12,TSLA,200.33,202.48,198.75,199.18,176327924,198.56
2023-12-13,AAPL,158.58,158.93,158.02,158.83,50314091,158.35
2023-12-13,AMZN,50.83,51.29,50.56,50.98,55410472,50.8
2023-12-13,GOOGL,112.93,113.35,112.43,112.83,54815798,112.6
2023-12-13,MSFT,246.49,247.64,243.98,245.84,23824836,245.34
2023-12-13,TSLA,199.65,201.71,198.29,201.49,144263819,200.88
2023-12-14,AAPL,157.15,158.54,156.2,157.54,112098040,157.08
2023-12-14,AMZN,51.69,52.02,51.5,51.82,111744249,51.63
2023-12-14,GOOGL,114.1,115.21,112.51,114.23,32499258,113.99
2023-12-14,MSFT,255.75,258.09,253.72,255.39,49093783,254.5
2023-12-14,TSLA,205.85,206.5,205.31,205.71,60036371,205.55
2023-12-15,AAPL,155.84,157.82,153.65,155.64,99932908,155.25
2023-12-15,AMZN,51.13,51.45,50.79,50.87,114352130,50.85
2023-12-15,GOOGL,111.19,112.52,110.28,111.25,16605719,110.86
2023-12-15,MSFT,257.43,260.2,256.18,259.73,17548279,259.29
2023-12-15,TSLA,207.3,207.96,205.86,206.59,58080798,206.13
2023-12-18,AAPL,152.33,152.83,151.67,152.09,160996942,151.37
2023-12-18,AMZN,53.02,53.76,52.48,53.06,52991183,52.82
2023-12-18,GOOGL,106.66,107.12,106.18,106.99,26559320,106.74
2023-12-18,MSFT,257.81,258.13,257.53,257.72,35185700,257.3
2023-12-18,TSLA,204.04,206.43,200.96,203.91,52953621,203.42
2023-12-19,AAPL,151.37,154.63,149.58,153.32,104974885,152.65
2023-12-19,AMZN,52.6,53.38,52.16,52.4,44440002,52.2
2023-12-19,GOOGL,108.36,109.35,106.44,107.21,18314424,107.04
2023-12-19,MSFT,258.02,261.97,255.07,257.13,21455981,256.66
2023-12-19,TSLA,208.22,211.89,204.38,206.37,51778790,206.03
2023-12-20,AAPL,150.71,152.57,149.46,149.71,101233208,149.71
2023-12-20,AMZN,50.14,50.17,50.08,50.12,78849280,50.11
2023-12-20,GOOGL,104.91,108.41,103.39,107.38,29946580,107.04
2023-12-20,MSFT,254.02,254.34,253.84,253.97,14197517,252.74
2023-12-20,TSLA,209.28,210.37,207.74,209.27,142432800,208.55
2023-12-21,AAPL,150.6,153.01,149.49,152.13,49699210,151.52
2023-12-21,AMZN,50.18,51.44,48.88,49.42,54206563,49.25
2023-12-21,GOOGL,106.59,107.14,106.32,106.55,24736437,106.25
2023-12-21,MSFT,246.8,250.41,244.03,250.2,46322885,249.15
2023-12-21,TSLA,217.02,217.93,215.17,216.64,152579832,216.44
2023-12-22,AAPL,151.47,152.92,150.35,150.91,126265451,150.7
2023-12-22,AMZN,48.55,49.11,48.1,49.04,43518337,48.84
2023-12-22,GOOGL,109.43,109.8,108.9,109.48,49817336,109.21
2023-12-22,MSFT,250.36,252.28,246.53,250.93,31701395,250.91
2023-12-22,TSLA,216.6,217.54,215.2,215.41,88932526,214.38
2023-12-25,AAPL,144.57,147.98,142.86,146.09,174963772,145.45
2023-12-25,AMZN,49.78,50.14,48.96,49.6,120177086,49.4
2023-12-25,GOOGL,109.78,110.95,109.04,109.41,20582660,109.1
2023-12-25,MSFT,251.02,253.03,248.8,252.83,15445933,252.44
2023-12-25,TSLA,220.08,220.59,219.76,220.21,105036053,219.78
2023-12-26,AAPL,147.92,150.29,146.12,148.49,88369414,147.94
2023-12-26,AMZN,49.98,50.47,49.57,49.58,54137666,49.54
2023-12-26,GOOGL,109.54,110.55,108.71,109.52,38046653,109.21
2023-12-26,MSFT,254.91,257.0,250.26,254.49,18362434,253.4
2023-12-26,TSLA,221.47,224.23,217.72,220.99,131725315,220.51
2023-12-27,AAPL,147.89,148.94,145.7,145.87,38030776,145.51
2023-12-27,AMZN,48.57,48.74,48.39,48.54,80554483,48.51
2023-12-27,GOOGL,107.01,109.53,105.35,107.96,13550647,107.43
2023-12-27,MSFT,257.18,260.73,253.27,259.44,26068252,258.66
2023-12-27,TSLA,225.51,229.67,223.06,225.22,143076558,225.1
2023-12-28,AAPL,150.91,152.05,150.37,150.65,114583940,150.54
2023-12-28,AMZN,48.61,48.68,48.52,48.61,104035363,48.52
2023-12-28,GOOGL,106.84,107.57,105.81,107.29,37491743,107.21
2023-12-28,MSFT,259.42,261.09,256.02,257.82,53016898,257.1
2023-12-28,TSLA,220.94,223.02,219.85,221.85,187861214,221.49
2023-12-29,AAPL,152.16,152.68,151.7,152.05,38462866,151.99
2023-12-29,AMZN,46.22,47.35,45.69,46.72,113502518,46.51
2023-12-29,GOOGL,106.11,106.76,105.55,105.99,28040199,105.67
2023-12-29,MSFT,252.34,252.95,251.16,252.92,22833001,252.61
2023-12-29,TSLA,214.34,215.16,213.35,214.76,181559130,214.61
2024-01-01,AAPL,154.05,154.45,153.51,153.57,101384564,152.9
2024-01-01,AMZN,47.38,47.72,46.83,47.6,27924757,47.46
2024-01-01,GOOGL,105.26,106.4,104.62,105.27,12018625,104.9
2024-01-01,MSFT,260.54,263.27,256.97,259.75,61916162,259.64
2024-01-01,TSLA,217.78,218.83,216.92,217.72,105947442,217.69
2024-01-02,AAPL,159.42,161.12,156.33,158.9,120649913,158.12
2024-01-02,AMZN,47.04,47.71,46.32,47.31,80851332,47.11
2024-01-02,GOOGL,104.35,105.37,103.8,104.89,39056224,104.89
2024-01-02,MSFT,260.47,264.17,258.51,261.51,14712792,261.19
2024-01-02,TSLA,214.83,217.66,213.33,214.77,179815878,214.58
2024-01-03,AAPL,158.19,160.39,155.76,159.02,125467606,158.5
2024-01-03,AMZN,46.99,47.02,46.96,46.98,36477206,46.92
2024-01-03,GOOGL,103.59,104.63,101.47,103.47,54168445,103.37
2024-01-03,MSFT,254.48,260.16,251.19,258.86,14378610,257.81
2024-01-03,TSLA,220.88,223.8,219.03,222.96,179191156,222.24
2024-01-04,AAPL,157.84,159.55,155.89,158.27,95779630,157.51
2024-01-04,AMZN,46.1,46.37,45.87,45.99,36831286,45.93
2024-01-04,GOOGL,102.81,104.7,101.57,103.63,50084108,103.58
2024-01-04,MSFT,254.39,257.04,252.78,256.29,33226205,255.14
2024-01-04,TSLA,223.53,227.03,218.63,224.37,163700177,223.88
2024-01-05,AAPL,157.36,158.61,155.65,156.74,136381402,156.5
2024-01-05,AMZN,44.34,44.99,43.84,44.36,24905069,44.25
2024-01-05,GOOGL,107.57,108.25,106.74,107.04,27343140,106.7
2024-01-05,MSFT,256.0,258.67,253.98,257.19,52460660,256.0
2024-01-05,TSLA,222.31,224.07,219.79,221.22,190679597,221.08
2024-01-08,AAPL,154.95,155.56,153.58,155.01,103113970,154.24
2024-01-08,AMZN,44.01,44.12,43.96,44.05,109244772,43.93
2024-01-08,GOOGL,103.63,105.22,102.54,104.73,54968476,104.52
2024-01-08,MSFT,258.24,259.47,256.16,258.51,21871312,257.38
2024-01-08,TSLA,224.89,228.88,222.74,224.95,176385181,224.31
2024-01-09,AAPL,153.26,154.35,152.03,153.58,42813484,153.54
2024-01-09,AMZN,44.3,44.94,43.93,44.54,70175568,44.34
2024-01-09,GOOGL,107.62,108.42,106.09,106.94,40840245,106.63
2024-01-09,MSFT,263.75,265.18,262.75,263.52,61008561,263.39
2024-01-09,TSLA,224.06,225.4,223.16,223.43,159757872,222.84
2024-01-10,AAPL,155.24,156.04,154.28,155.6,122256869,155.32
2024-01-10,AMZN,43.53,43.98,43.12,43.9,22183541,43.86
2024-01-10,GOOGL,105.41,106.48,103.83,104.8,37317609,104.43
2024-01-10,MSFT,264.01,266.14,260.97,263.56,28219430,263.24
2024-01-10,TSLA,225.12,226.46,223.7,225.41,173985744,224.36
2024-01-11,AAPL,157.76,159.47,153.88,157.83,137449841,157.65
2024-01-11,AMZN,41.44,41.8,41.09,41.63,39982250,41.48
2024-01-11,GOOGL,104.99,106.0,104.21,105.01,49356078,104.51
2024-01-11,MSFT,253.71,255.38,252.81,255.24,27839467,254.3
2024-01-11,TSLA,228.56,230.17,225.65,226.62,161608769,225.84
2024-01-12,AAPL,157.35,157.76,156.93,157.0,151402176,156.56
2024-01-12,AMZN,40.43,40.74,39.92,40.22,63695954,40.11
2024-01-12,GOOGL,107.5,110.0,103.75,106.26,22685219,105.85
2024-01-12,MSFT,253.31,254.82,251.79,253.47,24627535,252.49
2024-01-12,TSLA,233.38,233.79,232.8,233.65,173698682,232.61
2024-01-15,AAPL,151.94,156.45,149.87,154.63,120590945,154.5
2024-01-15,AMZN,42.11,42.4,41.61,41.84,41290429,41.69
2024-01-15,GOOGL,106.58,107.5,104.83,106.54,43982586,106.32
2024-01-15,MSFT,256.55,256.95,256.13,256.19,63450094,255.11
2024-01-15,TSLA,227.56,230.41,223.61,229.07,154265879,228.22
2024-01-16,AAPL,154.87,157.64,153.38,155.54,173127479,155.07
2024-01-16,AMZN,41.9,42.18,41.59,41.91,96774319,41.84
2024-01-16,GOOGL,110.54,111.09,109.99,110.11,41240102,109.6
2024-01-16,MSFT,258.2,258.88,256.92,258.62,62832378,257.97
2024-01-16,TSLA,228.26,230.25,227.39,230.09,189244120,229.61
2024-01-17,AAPL,156.73,157.64,155.54,156.49,119760122,156.21
2024-01-17,AMZN,41.21,42.0,40.72,41.69,108111384,41.64
2024-01-17,GOOGL,108.43,110.14,107.47,108.55,18359157,108.19
2024-01-17,MSFT,261.25,266.35,257.35,263.01,23470595,262.51
2024-01-17,TSLA,219.75,220.65,219.02,219.34,36582892,218.6
2024-01-18,AAPL,151.73,153.81,147.94,152.11,165813580,151.58
2024-01-18,AMZN,41.93,42.36,41.4,41.76,22374787,41.63
2024-01-18,GOOGL,107.72,108.31,106.88,107.95,13723637,107.73
2024-01-18,MSFT,255.9,263.68,252.17,256.35,31200691,256.06
2024-01-18,TSLA,213.81,214.62,213.31,214.12,176331090,213.89
2024-01-19,AAPL,150.17,150.65,149.19,150.01,67388044,149.7
2024-01-19,AMZN,40.82,41.4,40.46,41.05,39265976,41.03
2024-01-19,GOOGL,108.74,108.82,108.6,108.8,18686743,108.56
2024-01-19,MSFT,263.32,268.96,259.91,264.04,46116963,263.9
2024-01-19,TSLA,219.89,220.93,218.62,219.74,151489743,219.53
2024-01-22,AAPL,152.64,153.23,152.19,152.21,78466453,151.94
2024-01-22,AMZN,41.18,41.51,41.03,41.03,112727116,40.91
2024-01-22,GOOGL,110.79,111.45,110.36,111.16,42350941,110.88
2024-01-22,MSFT,268.46,271.02,263.52,269.36,53751664,269.24
2024-01-22,TSLA,220.9,222.43,218.15,220.89,162416925,220.51
2024-01-23,AAPL,151.7,152.6,150.08,152.0,70101984,151.64
2024-01-23,AMZN,41.35,41.82,40.95,41.39,43836000,41.28
2024-01-23,GOOGL,112.69,113.61,111.1,111.4,50658905,111.16
2024-01-23,MSFT,271.65,273.15,269.82,270.31,58982633,269.01
2024-01-23,TSLA,215.33,216.77,212.65,216.22,73942966,215.9
2024-01-24,AAPL,149.69,151.36,147.76,151.31,138024305,150.99
2024-01-24,AMZN,40.92,41.39,40.5,41.07,33775448,41.06
2024-01-24,GOOGL,110.35,111.74,109.56,110.65,17389930,110.14
2024-01-24,MSFT,275.26,276.4,273.33,274.98,27549265,274.17
2024-01-24,TSLA,217.77,220.8,215.97,216.05,196828087,215.26
2024-01-25,AAPL,153.36,156.08,152.0,153.23,93862795,152.88
2024-01-25,AMZN,40.53,40.86,39.79,40.39,117947261,40.37
2024-01-25,GOOGL,110.34,112.73,108.87,110.1,12632821,109.85
2024-01-25,MSFT,264.87,272.46,261.37,270.06,17328293,268.85
2024-01-25,TSLA,222.13,223.23,220.64,220.88,173006261,220.27
2024-01-26,AAPL,156.63,158.36,154.02,156.6,125412086,156.31
2024-01-26,AMZN,41.15,41.48,40.77,40.88,23708394,40.72
2024-01-26,GOOGL,112.58,113.36,111.93,112.31,41023526,112.08
2024-01-26,MSFT,266.86,268.5,264.36,265.87,15774387,265.19
2024-01-26,TSLA,223.73,225.45,220.07,223.8,189591912,223.09
2024-01-29,AAPL,160.24,160.47,159.92,159.97,86150017,159.92
2024-01-29,AMZN,39.06,39.4,38.62,39.13,114706744,39.02
2024-01-29,GOOGL,111.93,112.47,111.29,112.25,22997250,112.14
2024-01-29,MSFT,274.6,276.41,272.06,273.52,58939957,272.22
2024-01-29,TSLA,223.99,225.17,223.11,224.7,46749552,224.58
2024-01-30,AAPL,161.2,163.41,159.5,161.01,100625783,160.44
2024-01-30,AMZN,38.93,39.12,38.67,38.84,105332367,38.68
2024-01-30,GOOGL,113.35,114.21,112.46,113.37,22805501,113.26
2024-01-30,MSFT,278.13,280.99,275.08,275.17,14795438,274.72
2024-01-30,TSLA,222.9,224.52,222.13,224.37,131384148,224.15
2024-01-31,AAPL,160.8,161.58,159.06,159.17,47541135,159.11
2024-01-31,AMZN,39.06,39.39,38.72,38.9,24790171,38.79
2024-01-31,GOOGL,112.57,113.39,111.46,112.2,39362949,111.87
2024-01-31,MSFT,283.39,284.72,280.51,281.75,62936428,281.59
2024-01-31,TSLA,220.59,226.99,216.17,223.32,155294739,222.61
2024-02-01,AAPL,159.87,161.02,158.45,159.36,81042934,158.81
2024-02-01,AMZN,37.91,38.37,37.58,38.25,113935534,38.1
2024-02-01,GOOGL,111.91,113.63,109.93,110.22,18675569,109.74
2024-02-01,MSFT,280.55,282.22,278.91,280.25,17332322,279.8
2024-02-01,TSLA,223.75,225.46,222.08,222.66,120088216,222.64
2024-02-02,AAPL,161.78,164.35,158.86,164.22,73279123,163.7
2024-02-02,AMZN,38.07,38.32,37.73,37.74,118650153,37.7
2024-02-02,GOOGL,107.52,108.1,106.92,107.47,31756107,107.3
2024-02-02,MSFT,276.99,278.91,274.69,275.32,42993093,274.55
2024-02-02,TSLA,223.6,224.64,222.79,224.13,117292606,223.25
2024-02-05,AAPL,163.61,163.87,163.42,163.62,157502578,163.2
2024-02-05,AMZN,38.44,38.63,38.15,38.41,45029082,38.28
2024-02-05,GOOGL,106.12,107.35,105.44,106.96,23371719,106.69
2024-02-05,MSFT,278.25,278.57,277.85,278.4,35382574,277.4
2024-02-05,TSLA,223.03,223.95,221.79,222.24,141540073,221.75
2024-02-06,AAPL,160.88,163.14,159.02,162.79,113259353,162.07
2024-02-06,AMZN,37.87,38.1,37.44,37.74,29426651,37.64
2024-02-06,GOOGL,104.14,105.94,102.49,104.94,48836168,104.87
2024-02-06,MSFT,272.9,276.1,270.4,272.93,59070437,272.26
2024-02-06,TSLA,221.19,222.27,219.04,220.98,177676470,220.05
2024-02-07,AAPL,166.51,168.59,164.57,166.69,135616411,165.95
2024-02-07,AMZN,37.47,37.82,36.67,37.1,89586504,37.03
2024-02-07,GOOGL,105.83,106.25,105.62,105.66,10151307,105.33
2024-02-07,MSFT,271.44,274.47,269.07,270.02,57163226,269.01
2024-02-07,TSLA,221.63,224.22,219.41,222.07,155112654,221.71
2024-02-08,AAPL,164.96,166.38,164.06,165.44,52921185,164.88
2024-02-08,AMZN,37.14,37.53,36.85,37.19,88761094,37.16
2024-02-08,GOOGL,108.6,110.55,107.46,108.85,48346659,108.78
2024-02-08,MSFT,270.77,274.99,266.92,269.83,56206939,268.81
2024-02-08,TSLA,222.14,225.47,220.48,223.62,83419182,223.55
2024-02-09,AAPL,163.29,164.16,161.43,164.07,106409990,163.92
2024-02-09,AMZN,36.81,37.06,36.62,37.02,88065290,36.94
2024-02-09,GOOGL,108.83,110.29,107.13,108.76,19131664,108.44
2024-02-09,MSFT,272.38,275.59,269.76,274.04,33511978,272.9
2024-02-09,TSLA,223.43,227.15,221.23,223.07,82440073,222.47
2024-02-12,AAPL,158.8,159.48,158.3,158.41,114879129,158.37
2024-02-12,AMZN,35.98,36.17,35.61,36.11,61424934,36.08
2024-02-12,GOOGL,110.56,111.96,108.86,109.49,51545772,108.99
2024-02-12,MSFT,273.8,274.12,273.27,273.98,34407501,273.23
2024-02-12,TSLA,220.99,222.3,219.32,222.18,105004734,222.04
2024-02-13,AAPL,157.59,158.32,156.11,157.34,154783926,157.16
2024-02-13,AMZN,36.36,36.5,36.11,36.2,62153680,36.11
2024-02-13,GOOGL,112.64,115.02,110.59,110.88,47601487,110.53
2024-02-13,MSFT,272.05,273.43,269.83,272.11,32123183,271.24
2024-02-13,TSLA,218.63,220.3,216.19,219.6,182660405,218.75
2024-02-14,AAPL,153.37,155.85,151.03,155.66,68489327,155.27
2024-02-14,AMZN,36.75,37.02,36.14,36.27,64245668,36.26
2024-02-14,GOOGL,110.57,111.39,109.52,110.7,40918981,110.29
2024-02-14,MSFT,266.7,269.17,262.66,267.03,15758823,266.52
2024-02-14,TSLA,218.2,219.33,217.61,219.32,146372372,219.21
2024-02-15,AAPL,156.36,157.47,155.46,156.57,138672300,156.4
2024-02-15,AMZN,36.33,36.68,36.16,36.4,113476883,36.36
2024-02-15,GOOGL,112.5,114.24,110.85,112.05,25152246,111.83
2024-02-15,MSFT,266.68,268.98,264.5,267.26,62063802,266.87
2024-02-15,TSLA,220.89,222.02,219.59,220.11,186248248,220.02
2024-02-16,AAPL,148.65,150.56,147.48,149.15,80667677,148.75
2024-02-16,AMZN,36.3,36.67,35.74,36.54,90175254,36.48
2024-02-16,GOOGL,111.44,112.45,110.94,111.97,34892347,111.59
2024-02-16,MSFT,261.21,262.72,260.56,262.14,26341600,262.02
2024-02-16,TSLA,221.89,223.14,219.74,220.23,133794408,219.3
2024-02-19,AAPL,152.13,153.74,150.76,152.33,173107678,151.74
2024-02-19,AMZN,36.82,37.35,35.59,36.81,55418517,36.64
2024-02-19,GOOGL,106.44,107.47,106.0,107.35,28080336,106.87
2024-02-19,MSFT,258.33,262.49,255.54,259.95,35947148,259.48
2024-02-19,TSLA,228.65,230.29,226.24,227.62,92642602,227.19
2024-02-20,AAPL,149.55,153.42,147.66,151.27,102254231,151.04
2024-02-20,AMZN,36.32,36.63,35.94,36.34,115456732,36.29
2024-02-20,GOOGL,102.03,104.37,100.42,103.98,41517711,103.53
2024-02-20,MSFT,255.41,256.37,254.06,254.78,36786894,254.21
2024-02-20,TSLA,235.83,240.46,232.82,239.07,85083959,238.43
2024-02-21,AAPL,154.02,154.34,153.37,154.27,86460274,153.94
2024-02-21,AMZN,36.13,36.66,35.61,36.4,120081155,36.23
2024-02-21,GOOGL,102.15,103.5,100.86,103.47,32383512,103.18
2024-02-21,MSFT,258.29,259.67,256.88,259.33,27799760,258.49
2024-02-21,TSLA,244.61,250.14,237.68,243.97,93766670,243.04
2024-02-22,AAPL,153.51,154.8,151.67,153.63,51500314,153.08
2024-02-22,AMZN,35.62,36.37,35.13,35.76,97392551,35.73
2024-02-22,GOOGL,104.3,106.57,101.1,103.49,26993308,103.19
2024-02-22,MSFT,262.03,268.0,253.95,259.91,24122723,259.47
2024-02-22,TSLA,246.21,248.14,245.38,246.75,43109953,245.68
2024-02-23,AAPL,154.56,155.21,153.19,154.54,107999198,154.19
2024-02-23,AMZN,36.42,36.91,35.35,36.11,105826234,36.01
2024-02-23,GOOGL,103.0,104.86,101.28,104.05,50031840,103.9
2024-02-23,MSFT,264.38,266.66,262.42,263.22,17755893,262.99
2024-02-23,TSLA,238.67,241.3,236.69,238.83,143866884,237.98
2024-02-26,AAPL,153.36,155.61,151.19,152.0,118804284,151.99
2024-02-26,AMZN,37.04,37.14,36.83,36.85,115770884,36.82
2024-02-26,GOOGL,105.11,105.37,104.55,104.65,17117645,104.15
2024-02-26,MSFT,262.22,265.43,260.33,263.26,12911379,262.15
2024-02-26,TSLA,244.94,248.6,241.16,242.42,102952131,241.63
2024-02-27,AAPL,151.91,153.63,150.46,151.82,170493796,151.38
2024-02-27,AMZN,36.86,37.22,36.4,36.63,106795832,36.47
2024-02-27,GOOGL,105.33,105.55,105.13,105.19,19541951,104.94
2024-02-27,MSFT,259.11,260.18,257.44,259.36,56144364,259.15
2024-02-27,TSLA,246.1,248.15,242.89,245.66,191147988,245.28
2024-02-28,AAPL,154.2,155.57,151.29,152.68,67224743,152.49
2024-02-28,AMZN,36.03,36.68,35.52,36.05,116701302,36.05
2024-02-28,GOOGL,103.03,104.01,102.3,102.68,26719355,102.36
2024-02-28,MSFT,257.45,259.36,255.46,256.15,37412244,255.79
2024-02-28,TSLA,253.86,256.24,251.01,252.25,178183681,251.89
2024-02-29,AAPL,147.87,148.21,147.44,147.93,78497753,147.55
2024-02-29,AMZN,35.21,35.63,34.74,35.59,79360880,35.48
2024-02-29,GOOGL,103.67,104.08,103.34,103.79,49591898,103.75
2024-02-29,MSFT,257.8,261.19,255.99,259.2,20904964,259.06
2024-02-29,TSLA,256.62,259.06,255.45,255.55,108502962,255.19
2024-03-01,AAPL,150.97,154.46,148.85,151.95,170476230,151.57
2024-03-01,AMZN,35.19,35.44,35.07,35.36,83535480,35.28
2024-03-01,GOOGL,104.86,106.46,103.65,104.15,38020951,103.68
2024-03-01,MSFT,259.43,261.35,256.17,258.37,23297204,258.27
2024-03-01,TSLA,252.4,253.33,250.93,251.49,162967754,251.25
2024-03-04,AAPL,150.6,153.18,148.36,150.37,110361936,150.03
2024-03-04,AMZN,35.37,35.51,35.25,35.49,76122223,35.44
2024-03-04,GOOGL,99.55,101.39,98.73,99.66,34871759,99.45
2024-03-04,MSFT,259.64,262.69,255.94,261.75,56884554,261.54
2024-03-04,TSLA,253.66,258.32,250.68,256.42,185623192,255.53
2024-03-05,AAPL,146.68,147.67,145.7,145.71,56350961,145.07
2024-03-05,AMZN,35.52,35.88,35.14,35.17,74381438,35.14
2024-03-05,GOOGL,98.22,98.51,98.07,98.36,32991875,98.11
2024-03-05,MSFT,266.79,269.9,260.5,264.3,62212790,263.86
2024-03-05,TSLA,244.21,247.23,242.38,246.83,147244043,246.23
2024-03-06,AAPL,146.33,147.34,144.35,146.18,123861990,146.01
2024-03-06,AMZN,35.64,36.01,35.42,35.8,59518481,35.67
2024-03-06,GOOGL,99.75,100.1,99.18,99.92,43705362,99.52
2024-03-06,MSFT,259.51,263.42,256.72,261.19,23211013,260.88
2024-03-06,TSLA,251.26,252.45,249.43,250.92,185233015,250.18
2024-03-07,AAPL,151.04,151.39,150.45,150.66,154968578,150.04
2024-03-07,AMZN,35.24,35.83,34.79,35.67,71127165,35.53
2024-03-07,GOOGL,97.87,100.31,96.24,99.25,44712108,99.07
2024-03-07,MSFT,269.62,271.18,267.07,270.03,54724188,269.65
2024-03-07,TSLA,242.53,243.29,241.99,242.74,163347818,242.36
2024-03-08,AAPL,147.89,149.95,146.95,148.18,42958398,147.64
2024-03-08,AMZN,35.11,35.62,34.21,34.84,63157679,34.74
2024-03-08,GOOGL,98.54,98.7,98.39,98.64,18821314,98.64
2024-03-08,MSFT,269.31,270.0,268.13,268.94,43430353,268.89
2024-03-08,TSLA,244.2,246.33,243.1,245.04,100814216,244.34
2024-03-11,AAPL,147.25,148.13,145.81,147.04,113090229,146.31
2024-03-11,AMZN,34.17,34.34,34.06,34.24,89784995,34.08
2024-03-11,GOOGL,97.66,98.82,95.85,98.13,51864914,97.81
2024-03-11,MSFT,263.48,266.94,261.82,264.86,17818080,264.58
2024-03-11,TSLA,243.13,244.48,241.48,243.32,163690458,242.43
2024-03-12,AAPL,143.22,144.51,141.43,142.01,135808623,141.81
2024-03-12,AMZN,33.46,33.98,32.99,33.94,110524587,33.77
2024-03-12,GOOGL,98.02,98.93,97.25,98.92,52228983,98.68
2024-03-12,MSFT,265.85,270.36,263.88,268.17,29615265,267.12
2024-03-12,TSLA,248.9,250.79,246.32,247.22,55194834,246.99
2024-03-13,AAPL,139.97,140.9,139.49,140.16,138384036,140.14
2024-03-13,AMZN,34.63,35.28,34.2,34.74,101245948,34.58
2024-03-13,GOOGL,102.5,103.0,101.48,102.53,40533843,102.44
2024-03-13,MSFT,272.31,273.65,270.75,271.27,46651879,271.03
2024-03-13,TSLA,247.87,249.24,246.86,248.76,120642026,248.71
2024-03-14,AAPL,143.63,145.12,141.88,142.02,100592714,141.97
2024-03-14,AMZN,34.56,35.15,34.16,34.41,72068028,34.39
2024-03-14,GOOGL,100.04,100.8,98.34,100.41,24341675,99.99
2024-03-14,MSFT,263.54,264.36,261.82,262.7,51698575,262.15
2024-03-14,TSLA,248.72,249.72,247.59,249.2,185131205,248.12
2024-03-15,AAPL,143.13,143.73,142.32,143.72,146034541,143.42
2024-03-15,AMZN,34.95,35.43,34.53,35.21,113672181,35.12
2024-03-15,GOOGL,96.2,96.32,96.02,96.05,48656726,95.9
2024-03-15,MSFT,252.59,253.29,251.87,252.57,51350270,252.26
2024-03-15,TSLA,250.4,254.34,248.68,251.9,96048419,250.84
2024-03-18,AAPL,143.56,144.51,141.88,143.38,50359960,142.73
2024-03-18,AMZN,35.32,36.28,34.6,35.74,44892605,35.57
2024-03-18,GOOGL,95.7,97.41,94.58,96.4,12907209,96.17
2024-03-18,MSFT,250.58,251.93,249.14,251.33,29285387,250.48
2024-03-18,TSLA,248.89,254.01,246.09,249.23,57382221,248.23
2024-03-19,AAPL,141.76,145.13,139.45,143.63,161521244,143.58
2024-03-19,AMZN,35.19,35.54,34.81,35.11,31610728,35.08
2024-03-19,GOOGL,98.06,98.7,97.67,97.92,54755450,97.81
2024-03-19,MSFT,249.38,250.74,247.19,250.5,64302169,249.87
2024-03-19,TSLA,253.86,254.76,252.85,253.95,77526434,253.12
2024-03-20,AAPL,144.92,146.41,143.5,146.01,49651974,145.96
2024-03-20,AMZN,34.74,35.15,34.32,35.0,45569805,34.85
2024-03-20,GOOGL,97.89,99.14,96.56,98.16,39426300,97.97
2024-03-20,MSFT,254.57,255.64,252.67,252.85,56783409,252.18
2024-03-20,TSLA,251.63,255.04,248.3,252.29,98038918,251.91
2024-03-21,AAPL,145.2,147.13,143.64,144.21,34718846,143.56
2024-03-21,AMZN,34.73,34.96,34.49,34.92,87991724,34.77
2024-03-21,GOOGL,96.83,97.61,96.29,97.33,17768227,96.92
2024-03-21,MSFT,255.46,258.36,251.6,253.09,12892942,251.98
2024-03-21,TSLA,250.37,251.94,249.21,249.72,194534516,249.07
2024-03-22,AAPL,148.45,149.43,147.12,149.36,133366770,148.98
2024-03-22,AMZN,34.52,34.79,34.01,34.75,26245915,34.67
2024-03-22,GOOGL,92.25,94.08,91.36,93.95,52590614,93.84
2024-03-22,MSFT,254.63,257.4,250.31,255.41,30413042,255.09
2024-03-22,TSLA,244.87,245.44,244.57,244.72,107118056,244.03
2024-03-25,AAPL,145.79,146.6,145.04,146.56,60710837,146.05
2024-03-25,AMZN,34.45,34.99,34.16,34.73,38490953,34.63
2024-03-25,GOOGL,92.86,93.28,91.92,92.68,43645229,92.48
2024-03-25,MSFT,246.43,251.5,242.55,245.41,64107020,245.13
2024-03-25,TSLA,247.34,249.2,244.77,244.99,99453274,244.56
2024-03-26,AAPL,146.81,147.67,145.47,146.93,79119850,146.37
2024-03-26,AMZN,34.9,35.92,34.4,35.18,98643042,35.05
2024-03-26,GOOGL,96.59,96.88,96.46,96.67,41060500,96.24
2024-03-26,MSFT,243.51,244.35,242.49,243.14,45293521,242.26
2024-03-26,TSLA,248.09,254.12,241.7,248.43,98175385,248.19
2024-03-27,AAPL,143.8,145.03,143.14,144.17,97340541,143.82
2024-03-27,AMZN,35.49,35.84,34.81,35.05,46141820,34.99
2024-03-27,GOOGL,97.37,97.87,96.36,97.27,24241353,96.89
2024-03-27,MSFT,241.86,245.22,240.28,241.06,39916405,240.28
2024-03-27,TSLA,247.07,248.76,245.99,246.02,54164068,245.26
2024-03-28,AAPL,146.58,149.4,145.01,146.87,73641668,146.36
2024-03-28,AMZN,34.85,35.23,34.55,35.15,118812434,35.02
2024-03-28,GOOGL,95.74,96.94,94.06,94.85,49160874,94.75
2024-03-28,MSFT,244.0,244.17,243.77,243.98,43361234,243.37
2024-03-28,TSLA,245.62,247.82,243.16,244.29,116609460,244.04
2024-03-29,AAPL,145.71,147.95,143.86,144.34,135603713,143.86
2024-03-29,AMZN,34.42,34.65,34.23,34.52,104352413,34.43
2024-03-29,GOOGL,92.61,93.34,92.24,93.26,47910988,92.95
2024-03-29,MSFT,240.63,244.45,237.5,240.52,45028287,239.52
2024-03-29,TSLA,245.02,246.3,242.86,243.01,110645584,242.53
2024-04-01,AAPL,146.71,148.46,144.2,145.31,44690226,145.19
2024-04-01,AMZN,33.77,34.27,33.14,33.83,44779786,33.73
2024-04-01,GOOGL,95.82,96.11,95.26,95.62,25253687,95.32
2024-04-01,MSFT,245.25,246.59,242.32,242.35,13106542,241.38
2024-04-01,TSLA,243.05,244.9,239.86,242.24,91359013,241.59
2024-04-02,AAPL,144.86,146.26,142.48,145.04,90191818,144.48
2024-04-02,AMZN,33.61,34.15,33.27,33.91,65244399,33.77
2024-04-02,GOOGL,98.78,99.03,98.23,98.39,21794225,98.35
2024-04-02,MSFT,235.66,240.58,232.58,234.75,62295813,234.33
2024-04-02,TSLA,245.73,245.95,245.27,245.65,94882624,244.61
2024-04-03,AAPL,152.28,154.1,148.42,152.77,161923369,152.67
2024-04-03,AMZN,33.98,34.2,33.63,33.77,115475599,33.77
2024-04-03,GOOGL,97.45,98.2,96.34,97.26,45883898,96.89
2024-04-03,MSFT,233.5,235.52,232.15,233.31,61229388,232.25
2024-04-03,TSLA,247.03,248.28,244.71,245.66,142065115,245.43
2024-04-04,AAPL,156.47,157.16,155.78,156.65,153900967,156.26
2024-04-04,AMZN,33.56,33.71,33.22,33.33,62854134,33.19
2024-04-04,GOOGL,98.21,99.51,97.56,98.8,35892176,98.79
2024-04-04,MSFT,237.61,238.25,236.12,238.07,41138111,237.78
2024-04-04,TSLA,250.97,253.54,247.32,248.11,90955720,247.81
2024-04-05,AAPL,154.28,155.77,153.42,155.01,82595254,154.44
2024-04-05,AMZN,32.39,32.51,32.23,32.45,100027144,32.43
2024-04-05,GOOGL,97.46,98.33,96.54,98.04,22578754,97.63
2024-04-05,MSFT,236.85,238.81,235.72,238.13,34624431,237.44
2024-04-05,TSLA,250.26,253.03,245.25,249.75,181876425,248.54
2024-04-08,AAPL,152.63,154.94,150.77,152.52,111957918,151.83
2024-04-08,AMZN,32.61,32.84,32.31,32.69,104836699,32.59
2024-04-08,GOOGL,93.57,94.61,92.35,93.05,37259732,92.64
2024-04-08,MSFT,240.46,241.63,238.54,241.24,28209759,240.55
2024-04-08,TSLA,246.87,251.35,242.06,243.04,146750770,242.27
2024-04-09,AAPL,150.54,153.32,148.8,151.18,159393197,150.89
2024-04-09,AMZN,33.66,34.1,33.17,33.7,27191943,33.66
2024-04-09,GOOGL,92.7,93.38,92.02,93.13,33493771,92.75
2024-04-09,MSFT,247.91,249.58,245.52,247.88,15186683,247.31
2024-04-09,TSLA,240.19,244.83,236.69,241.06,135599606,240.51
2024-04-10,AAPL,155.0,155.93,153.05,153.58,140729821,152.97
2024-04-10,AMZN,34.16,34.45,33.56,33.91,105873015,33.89
2024-04-10,GOOGL,93.91,94.51,93.18,94.19,41309125,93.87
2024-04-10,MSFT,252.16,252.76,251.9,252.25,55986338,251.89
2024-04-10,TSLA,233.15,236.42,231.43,234.92,113935907,234.59
2024-04-11,AAPL,156.03,157.6,154.6,156.55,135172581,156.07
2024-04-11,AMZN,33.28,33.48,32.97,33.06,116370443,32.91
2024-04-11,GOOGL,95.42,96.04,94.28,95.8,44348209,95.74
2024-04-11,MSFT,255.44,255.64,255.14,255.24,48136334,255.0
2024-04-11,TSLA,241.34,242.82,239.1,241.88,172016736,241.51
2024-04-12,AAPL,158.77,159.82,156.42,158.75,76726539,158.33
2024-04-12,AMZN,33.27,33.44,32.99,33.17,113981889,33.13
2024-04-12,GOOGL,96.22,96.61,95.53,95.62,24723020,95.31
2024-04-12,MSFT,258.72,260.44,257.61,258.89,26349505,258.66
2024-04-12,TSLA,233.54,236.43,230.96,231.7,80290176,231.27
2024-04-15,AAPL,160.77,163.94,159.25,160.15,175772657,159.95
2024-04-15,AMZN,31.49,31.85,31.14,31.56,109635809,31.53
2024-04-15,GOOGL,97.06,97.55,96.28,97.35,20648959,97.32
2024-04-15,MSFT,258.52,263.16,255.08,258.87,14709653,258.2
2024-04-15,TSLA,233.91,235.82,230.7,232.09,102926268,231.0
2024-04-16,AAPL,161.79,162.68,160.2,161.95,48183148,161.42
2024-04-16,AMZN,31.24,31.39,30.92,31.32,90781204,31.21
2024-04-16,GOOGL,100.36,100.54,100.0,100.02,49466738,99.55
2024-04-16,MSFT,261.12,262.19,259.8,260.36,57062502,259.92
2024-04-16,TSLA,230.59,231.55,229.95,231.13,122432864,230.71
2024-04-17,AAPL,161.44,161.88,160.66,161.27,130894562,160.89
2024-04-17,AMZN,32.68,32.77,32.59,32.68,86693480,32.61
2024-04-17,GOOGL,97.33,99.08,96.31,98.46,42849923,98.05
2024-04-17,MSFT,255.49,256.33,254.96,255.71,56062739,255.69
2024-04-17,TSLA,230.07,230.65,228.88,230.21,129282843,229.54
2024-04-18,AAPL,160.99,162.81,159.88,162.23,73018785,161.83
2024-04-18,AMZN,32.03,32.32,31.39,31.81,106951850,31.73
2024-04-18,GOOGL,101.16,102.28,98.73,100.8,15244600,100.65
2024-04-18,MSFT,256.77,261.48,253.24,257.87,13102326,256.83
2024-04-18,TSLA,227.77,227.89,227.54,227.58,122234728,226.95
2024-04-19,AAPL,166.22,166.62,165.58,166.34,59615377,165.55
2024-04-19,AMZN,32.93,33.46,32.65,32.65,120989165,32.57
2024-04-19,GOOGL,99.58,101.15,98.86,100.6,16115832,100.25
2024-04-19,MSFT,252.97,253.57,252.35,252.75,39648715,252.25
2024-04-19,TSLA,227.58,228.18,226.51,227.88,190634464,226.85
2024-04-22,AAPL,170.09,172.14,168.31,170.48,158189211,169.88
2024-04-22,AMZN,31.9,32.21,31.4,32.13,26774697,32.05
2024-04-22,GOOGL,101.09,102.29,100.18,101.94,24392616,101.59
2024-04-22,MSFT,254.14,256.01,252.44,253.57,49808293,253.1
2024-04-22,TSLA,226.57,227.34,225.56,227.18,70382701,226.21
2024-04-23,AAPL,165.63,167.11,162.69,164.77,70300265,164.33
2024-04-23,AMZN,32.95,33.08,32.87,32.97,105276269,32.85
2024-04-23,GOOGL,101.82,103.42,100.49,102.98,16709039,102.48
2024-04-23,MSFT,255.73,257.66,252.11,254.94,20151558,253.77
2024-04-23,TSLA,225.72,228.78,222.07,226.66,64841280,226.25
2024-04-24,AAPL,165.95,166.37,164.97,165.11,65898643,164.89
2024-04-24,AMZN,32.63,33.02,32.38,32.99,89398440,32.98
2024-04-24,GOOGL,102.45,102.71,102.06,102.45,27354641,101.97
2024-04-24,MSFT,255.23,260.51,251.9,255.56,24242736,254.83
2024-04-24,TSLA,227.34,230.25,225.16,227.24,98094706,226.79
2024-04-25,AAPL,165.02,165.59,164.25,165.1,74336487,164.74
2024-04-25,AMZN,32.66,32.84,32.38,32.58,118935618,32.54
2024-04-25,GOOGL,102.11,103.31,101.32,102.91,50260652,102.41
2024-04-25,MSFT,254.63,258.88,251.46,256.32,23193298,255.56
2024-04-25,TSLA,228.7,230.38,225.22,228.82,176919692,228.52
2024-04-26,AAPL,165.36,166.83,164.09,165.12,65447364,164.74
2024-04-26,AMZN,32.7,33.2,32.38,32.96,87192950,32.81
2024-04-26,GOOGL,103.57,105.07,102.85,104.13,48613513,103.77
2024-04-26,MSFT,251.56,254.74,249.86,252.79,63205072,251.64
2024-04-26,TSLA,224.49,226.21,222.35,224.55,161152585,224.4
2024-04-29,AAPL,166.62,168.11,164.37,165.29,47896769,164.85
2024-04-29,AMZN,32.43,32.47,32.4,32.45,26560543,32.33
2024-04-29,GOOGL,105.53,106.16,104.27,106.06,11959596,105.94
2024-04-29,MSFT,255.45,256.36,254.84,255.56,25219822,254.68
2024-04-29,TSLA,229.58,232.62,226.44,228.86,106334469,228.4
2024-04-30,AAPL,161.91,162.9,161.23,162.59,107977921,162.19
2024-04-30,AMZN,31.39,31.81,31.0,31.38,50786759,31.27
2024-04-30,GOOGL,103.88,104.82,102.01,102.66,40102888,102.38
2024-04-30,MSFT,254.9,255.72,254.23,254.43,25304796,253.93
2024-04-30,TSLA,223.5,225.16,219.83,223.62,155575441,223.61
2024-05-01,AAPL,162.83,164.44,159.42,162.9,143914770,162.32
2024-05-01,AMZN,31.28,31.66,30.8,30.98,119955996,30.84
2024-05-01,GOOGL,102.89,103.87,101.38,101.95,51395238,101.66
2024-05-01,MSFT,252.96,255.61,248.75,254.57,15886970,254.52
2024-05-01,TSLA,224.76,228.47,219.75,223.91,144339881,223.6
2024-05-02,AAPL,166.78,167.82,165.01,167.36,150495881,166.68
2024-05-02,AMZN,30.74,30.92,30.57,30.77,113963551,30.62
2024-05-02,GOOGL,103.34,105.42,101.52,103.7,16884810,103.42
2024-05-02,MSFT,252.59,254.92,247.43,249.72,62537458,249.27
2024-05-02,TSLA,221.51,222.52,220.4,221.62,133734792,220.84
2024-05-03,AAPL,164.54,166.22,162.12,164.2,65094950,163.38
2024-05-03,AMZN,30.76,31.22,30.5,30.75,29678341,30.69
2024-05-03,GOOGL,101.03,102.01,100.06,100.82,17435705,100.52
2024-05-03,MSFT,247.64,249.61,244.7,244.94,26742600,244.87
2024-05-03,TSLA,217.68,220.92,211.89,217.3,164189775,216.57
2024-05-06,AAPL,161.01,162.74,160.11,161.15,66202321,160.65
2024-05-06,AMZN,30.66,31.06,30.46,30.78,39386653,30.76
2024-05-06,GOOGL,100.69,101.74,100.01,100.09,45826772,99.63
2024-05-06,MSFT,241.14,242.41,238.44,239.6,53427234,238.64
2024-05-06,TSLA,217.21,218.62,215.02,215.5,87733766,214.99
2024-05-07,AAPL,158.29,159.5,157.18,159.44,122179254,158.76
2024-05-07,AMZN,31.34,31.58,31.0,31.24,92153198,31.23
2024-05-07,GOOGL,104.09,105.41,103.44,103.6,32632027,103.34
2024-05-07,MSFT,241.29,244.09,234.96,240.58,15219600,240.13
2024-05-07,TSLA,213.39,217.17,211.64,215.57,137241166,215.32
2024-05-08,AAPL,156.11,156.82,155.63,156.18,86748079,156.08
2024-05-08,AMZN,31.61,31.92,31.45,31.81,39355950,31.78
2024-05-08,GOOGL,105.78,106.62,104.74,105.53,35962535,105.22
2024-05-08,MSFT,247.38,249.2,244.5,248.8,25323247,248.05
2024-05-08,TSLA,211.35,212.85,209.96,211.84,125422591,211.14
2024-05-09,AAPL,154.15,155.09,152.58,152.76,169467821,152.7
2024-05-09,AMZN,31.7,31.96,31.39,31.75,59887272,31.59
2024-05-09,GOOGL,108.73,109.3,108.38,108.54,50759744,108.03
2024-05-09,MSFT,241.55,243.53,238.21,242.43,25208734,242.02
2024-05-09,TSLA,211.43,211.71,210.81,211.58,173773207,211.44
2024-05-10,AAPL,156.64,157.61,155.87,157.56,98965086,157.31
2024-05-10,AMZN,30.97,31.1,30.72,30.85,38219137,30.73
2024-05-10,GOOGL,106.83,107.69,105.2,106.41,47284813,106.22
2024-05-10,MSFT,241.7,245.11,240.01,240.78,51410728,240.17
2024-05-10,TSLA,216.59,217.39,214.99,215.44,55097569,214.92
2024-05-13,AAPL,156.47,157.52,155.91,156.97,73936157,156.66
2024-05-13,AMZN,30.0,30.55,29.43,30.43,76913131,30.42
2024-05-13,GOOGL,107.63,108.01,106.97,107.06,32469181,106.9
2024-05-13,MSFT,243.17,246.66,240.79,243.47,44447244,242.5
2024-05-13,TSLA,216.91,218.14,214.1,215.16,197960988,214.85
2024-05-14,AAPL,153.23,156.17,151.86,156.13,82180828,155.49
2024-05-14,AMZN,30.38,30.58,30.06,30.1,31775293,29.99
2024-05-14,GOOGL,111.11,112.84,110.26,110.86,26080691,110.69
2024-05-14,MSFT,246.01,248.64,244.32,248.35,45759084,248.28
2024-05-14,TSLA,209.2,213.1,207.49,211.03,97067772,210.08
2024-05-15,AAPL,155.78,158.67,149.58,154.73,62921858,154.35
2024-05-15,AMZN,29.78,29.94,29.55,29.65,99907755,29.62
2024-05-15,GOOGL,107.01,109.6,105.46,106.88,41288864,106.39
2024-05-15,MSFT,244.78,248.92,240.59,247.93,61311966,247.65
2024-05-15,TSLA,209.41,210.42,208.77,210.41,46504635,209.62
2024-05-16,AAPL,153.76,155.01,151.21,154.27,86427443,153.86
2024-05-16,AMZN,30.08,30.73,29.48,29.78,118106864,29.77
2024-05-16,GOOGL,109.63,110.35,108.39,108.76,23964850,108.25
2024-05-16,MSFT,242.05,242.78,241.69,242.73,63598654,241.52
2024-05-16,TSLA,207.96,209.74,205.91,208.94,36092989,208.38
2024-05-17,AAPL,154.92,156.33,153.4,154.89,108652677,154.18
2024-05-17,AMZN,29.01,29.2,28.85,29.11,106414643,29.07
2024-05-17,GOOGL,108.44,108.72,108.28,108.56,44843505,108.19
2024-05-17,MSFT,237.25,238.41,236.58,236.72,48337876,235.97
2024-05-17,TSLA,205.39,208.8,203.36,205.78,160451967,204.8
2024-05-20,AAPL,152.48,155.25,150.82,153.55,99598620,153.33
2024-05-20,AMZN,28.68,28.9,28.47,28.57,107676790,28.48
2024-05-20,GOOGL,106.84,108.22,105.08,107.63,37050823,107.59
2024-05-20,MSFT,228.17,231.37,224.74,230.18,19664234,229.84
2024-05-20,TSLA,208.05,209.52,205.12,206.79,64835660,206.36
2024-05-21,AAPL,147.25,148.2,145.28,147.02,128731257,146.34
2024-05-21,AMZN,28.94,29.36,28.46,29.19,26014100,29.12
2024-05-21,GOOGL,106.85,107.56,105.5,107.51,13505219,107.01
2024-05-21,MSFT,228.46,230.45,227.27,228.8,14227778,228.36
2024-05-21,TSLA,207.98,209.6,205.21,206.49,162378259,205.74
2024-05-22,AAPL,143.32,144.54,142.7,142.86,174398102,142.83
2024-05-22,AMZN,29.61,30.02,28.84,29.01,61942735,28.96
2024-05-22,GOOGL,109.08,110.47,107.77,108.79,37611913,108.38
2024-05-22,MSFT,226.86,227.85,224.64,226.06,27760709,225.95
2024-05-22,TSLA,207.28,210.05,202.98,206.19,148182481,205.25
2024-05-23,AAPL,144.75,146.22,142.93,145.52,143524748,144.82
2024-05-23,AMZN,29.31,29.47,29.13,29.46,30329047,29.36
2024-05-23,GOOGL,107.77,108.77,105.66,107.64,40363377,107.52
2024-05-23,MSFT,227.73,229.15,225.67,227.93,60171962,226.97
2024-05-23,TSLA,204.49,205.89,203.65,205.0,55828306,204.32
2024-05-24,AAPL,140.77,142.3,139.57,140.2,82107487,139.82
2024-05-24,AMZN,29.58,29.95,28.88,29.52,68349801,29.4
2024-05-24,GOOGL,104.6,106.01,103.28,105.0,48102643,104.99
2024-05-24,MSFT,226.84,229.15,223.36,228.01,50552109,226.9
2024-05-24,TSLA,202.11,203.1,201.34,202.24,82373139,201.59
2024-05-27,AAPL,137.9,138.9,137.37,138.38,168262086,138.2
2024-05-27,AMZN,29.77,30.08,29.6,29.75,84098351,29.61
2024-05-27,GOOGL,103.94,105.08,103.33,104.64,49179901,104.13
2024-05-27,MSFT,229.34,231.19,227.06,227.59,12652522,227.26
2024-05-27,TSLA,200.52,203.56,198.09,199.74,106023006,199.45
2024-05-28,AAPL,138.97,140.63,136.14,138.32,47396460,137.98
2024-05-28,AMZN,30.28,30.58,29.88,30.05,45224016,29.94
2024-05-28,GOOGL,103.23,103.55,102.6,102.85,53754791,102.59
2024-05-28,MSFT,231.98,234.12,227.79,229.84,19910942,228.99
2024-05-28,TSLA,206.12,207.08,204.14,204.4,152268586,204.39
2024-05-29,AAPL,141.17,143.03,139.63,140.21,80999597,139.94
2024-05-29,AMZN,27.97,28.53,27.73,28.39,88362451,28.33
2024-05-29,GOOGL,103.71,104.69,103.08,103.83,41886698,103.33
2024-05-29,MSFT,233.1,236.59,230.9,233.92,47982417,232.97
2024-05-29,TSLA,200.62,202.92,198.86,202.67,115391348,201.96
2024-05-30,AAPL,144.46,145.1,143.36,145.09,89910518,144.44
2024-05-30,AMZN,28.29,28.56,27.98,28.47,80950392,28.46
2024-05-30,GOOGL,103.46,104.8,102.38,104.11,46267519,103.87
2024-05-30,MSFT,233.87,237.32,231.0,237.04,28212546,236.98
2024-05-30,TSLA,201.35,204.89,198.85,202.84,63459161,202.6
2024-05-31,AAPL,140.62,143.04,139.48,141.13,63841749,140.62
2024-05-31,AMZN,28.41,28.84,28.18,28.54,106465223,28.52
2024-05-31,GOOGL,106.41,106.54,106.14,106.37,12701634,106.04
2024-05-31,MSFT,249.98,250.48,248.9,249.34,17743803,249.15
2024-05-31,TSLA,207.07,207.99,206.28,207.09,152854182,206.22
2024-06-03,AAPL,143.91,145.35,143.12,143.39,167905600,143.25
2024-06-03,AMZN,29.1,29.4,28.89,29.07,47801085,28.97
2024-06-03,GOOGL,103.98,104.2,103.64,104.15,40194751,103.94
2024-06-03,MSFT,252.78,254.51,249.67,251.35,26660345,250.6
2024-06-03,TSLA,208.53,211.52,204.7,209.01,158276075,208.55
2024-06-04,AAPL,142.56,144.6,140.49,142.5,50410362,142.32
2024-06-04,AMZN,28.78,29.03,28.52,28.55,51506226,28.54
2024-06-04,GOOGL,105.15,106.2,104.66,105.47,20832059,105.12
2024-06-04,MSFT,249.27,250.0,247.82,249.15,26922321,248.62
2024-06-04,TSLA,203.97,206.03,202.13,204.57,102471152,203.86
2024-06-05,AAPL,141.58,143.57,139.95,141.05,103676945,140.59
2024-06-05,AMZN,28.3,28.48,28.1,28.2,26555124,28.19
2024-06-05,GOOGL,105.33,106.03,104.22,104.69,53932222,104.29
2024-06-05,MSFT,250.09,251.58,248.81,250.54,38300639,249.28
2024-06-05,TSLA,213.37,216.0,210.47,213.2,40852241,212.19
2024-06-06,AAPL,140.42,142.06,137.67,139.67,103065322,139.11
2024-06-06,AMZN,28.15,28.53,27.66,28.09,87469783,27.99
2024-06-06,GOOGL,107.46,108.09,106.4,107.67,39321365,107.36
2024-06-06,MSFT,250.37,254.47,245.49,249.87,41010523,248.82
2024-06-06,TSLA,218.08,218.31,217.68,217.7,36720572,216.91
2024-06-07,AAPL,140.91,142.9,139.59,141.39,162090716,140.75
2024-06-07,AMZN,28.2,28.56,27.85,28.18,85923911,28.04
2024-06-07,GOOGL,107.81,108.23,107.09,108.2,44604280,107.81
2024-06-07,MSFT,249.51,252.56,247.25,250.48,30507650,249.39
2024-06-07,TSLA,211.46,215.83,208.99,215.39,42882895,214.85
2024-06-10,AAPL,141.82,142.73,140.99,142.44,42296435,142.0
2024-06-10,AMZN,28.31,28.47,28.12,28.36,112689111,28.33
2024-06-10,GOOGL,110.88,111.92,109.21,110.53,52198186,110.41
2024-06-10,MSFT,242.02,244.79,238.85,242.22,26907754,241.62
2024-06-10,TSLA,212.47,213.91,211.32,212.48,143637740,211.62
2024-06-11,AAPL,143.13,145.2,141.56,144.04,117731224,143.95
2024-06-11,AMZN,28.84,29.41,28.52,29.08,68546600,28.98
2024-06-11,GOOGL,107.45,108.5,105.71,107.75,27413248,107.66
2024-06-11,MSFT,246.41,247.16,245.25,245.98,38622318,245.94
2024-06-11,TSLA,219.91,225.39,214.78,219.72,100395223,219.44
2024-06-12,AAPL,143.5,144.63,142.91,143.75,127732317,143.23
2024-06-12,AMZN,29.73,30.34,29.39,29.67,23720220,29.58
2024-06-12,GOOGL,108.41,109.56,107.53,108.07,29805971,107.87
2024-06-12,MSFT,238.25,238.89,237.08,237.36,58802811,236.89
2024-06-12,TSLA,224.99,228.46,219.53,224.71,59020048,224.16
2024-06-13,AAPL,141.22,141.67,141.01,141.59,101637398,141.24
2024-06-13,AMZN,29.49,29.88,29.19,29.26,39748603,29.2
2024-06-13,GOOGL,110.46,112.26,108.59,108.67,51726804,108.17
2024-06-13,MSFT,235.06,238.15,230.34,233.58,34227738,232.97
2024-06-13,TSLA,228.88,229.2,228.17,228.22,165472690,227.61
2024-06-14,AAPL,139.0,140.23,137.06,139.58,108428086,139.29
2024-06-14,AMZN,29.03,29.54,28.71,29.46,24826970,29.36
2024-06-14,GOOGL,108.29,109.13,107.62,108.83,30890132,108.46
2024-06-14,MSFT,236.92,237.9,235.8,236.86,60915629,236.76
2024-06-14,TSLA,220.65,221.72,218.99,220.39,58465566,219.73
2024-06-17,AAPL,136.35,137.96,135.42,136.91,67898530,136.38
2024-06-17,AMZN,30.26,30.32,30.15,30.25,120341929,30.2
2024-06-17,GOOGL,110.87,111.7,110.3,111.23,25115422,111.14
2024-06-17,MSFT,242.1,243.63,239.88,241.73,17459315,241.6
2024-06-17,TSLA,224.36,226.08,222.97,223.25,50164068,223.21
2024-06-18,AAPL,143.51,145.11,141.76,143.65,68720525,143.12
2024-06-18,AMZN,30.87,31.01,30.76,30.85,23109333,30.85
2024-06-18,GOOGL,112.54,113.37,112.01,113.02,19861523,112.94
2024-06-18,MSFT,243.18,246.35,239.75,243.66,15216595,243.3
2024-06-18,TSLA,226.25,229.72,224.32,225.98,122851379,225.78
2024-06-19,AAPL,145.08,146.21,143.28,144.97,97565851,144.75
2024-06-19,AMZN,31.62,31.71,31.54,31.69,75451637,31.56
2024-06-19,GOOGL,112.22,113.1,110.85,112.46,46626224,112.19
2024-06-19,MSFT,248.34,250.62,243.1,246.06,43881587,245.71
2024-06-19,TSLA,222.07,223.63,219.08,221.62,157987998,221.09
2024-06-20,AAPL,141.78,142.77,139.7,142.15,41900137,141.8
2024-06-20,AMZN,32.16,32.44,32.0,32.4,56262783,32.27
2024-06-20,GOOGL,111.52,112.27,111.09,111.92,41892954,111.66
2024-06-20,MSFT,252.66,253.49,250.71,253.03,36828850,252.66
2024-06-20,TSLA,222.78,223.88,221.97,222.76,94194201,222.02
2024-06-21,AAPL,135.21,137.68,134.1,137.51,77075651,137.39
2024-06-21,AMZN,32.71,32.97,32.11,32.82,24099704,32.7
2024-06-21,GOOGL,111.36,112.05,110.54,110.98,42277226,110.63
2024-06-21,MSFT,257.48,260.26,254.89,258.68,64335032,257.43
2024-06-21,TSLA,220.33,221.41,218.41,219.77,175038160,219.21
2024-06-24,AAPL,133.53,136.18,131.33,132.92,152322182,132.9
2024-06-24,AMZN,33.56,34.11,33.21,33.76,48162020,33.63
2024-06-24,GOOGL,110.68,111.49,109.26,111.23,24559631,110.82
2024-06-24,MSFT,260.88,264.44,254.88,257.94,27011094,257.5
2024-06-24,TSLA,221.54,222.97,219.04,220.53,145660854,220.52
2024-06-25,AAPL,131.81,133.64,128.58,130.42,93474366,130.13
2024-06-25,AMZN,32.23,32.32,32.18,32.27,102194452,32.18
2024-06-25,GOOGL,113.27,114.02,112.65,112.68,50440274,112.25
2024-06-25,MSFT,254.25,255.5,252.28,253.96,16786428,252.79
2024-06-25,TSLA,223.9,225.3,222.61,224.01,52768371,222.97
2024-06-26,AAPL,132.22,133.58,130.07,132.25,62960686,132.06
2024-06-26,AMZN,33.61,33.69,33.47,33.58,91596325,33.5
2024-06-26,GOOGL,118.08,118.65,117.21,117.73,36799717,117.5
2024-06-26,MSFT,239.99,242.65,237.39,242.63,30076217,241.65
2024-06-26,TSLA,225.91,226.81,225.36,226.12,83936948,225.94
2024-06-27,AAPL,131.84,133.54,130.85,132.63,32379030,132.26
2024-06-27,AMZN,33.59,34.11,33.01,33.36,49396794,33.2
2024-06-27,GOOGL,119.79,120.79,118.15,119.11,25695576,118.96
2024-06-27,MSFT,246.16,248.86,241.53,244.92,59236596,244.56
2024-06-27,TSLA,224.18,227.81,218.56,220.56,74761016,220.37
2024-06-28,AAPL,135.44,137.71,133.92,134.45,64605863,134.11
2024-06-28,AMZN,33.36,33.75,33.14,33.56,69672415,33.51
2024-06-28,GOOGL,121.66,121.92,121.1,121.83,54156007,121.4
2024-06-28,MSFT,243.57,243.86,243.38,243.41,31200513,242.37
2024-06-28,TSLA,218.08,220.39,215.46,217.75,149495057,217.44
2024-07-01,AAPL,134.77,136.2,133.78,133.79,56437554,133.6
2024-07-01,AMZN,34.34,34.73,33.6,34.22,90513830,34.11
2024-07-01,GOOGL,120.24,120.47,120.06,120.33,15074675,120.3
2024-07-01,MSFT,242.99,245.17,241.51,243.43,36247888,242.4
2024-07-01,TSLA,221.93,223.31,220.41,220.55,177975022,219.92
2024-07-02,AAPL,133.17,135.78,131.72,133.32,171129635,133.2
2024-07-02,AMZN,35.51,35.74,35.14,35.48,85454642,35.37
2024-07-02,GOOGL,123.56,125.25,122.23,122.6,22181373,122.36
2024-07-02,MSFT,247.5,251.33,244.98,248.61,49362808,248.28
2024-07-02,TSLA,221.82,222.84,221.22,222.06,65247670,221.49
2024-07-03,AAPL,135.28,136.43,134.66,135.52,51926513,135.35
2024-07-03,AMZN,36.52,36.88,36.23,36.32,84406826,36.23
2024-07-03,GOOGL,124.92,125.71,123.15,125.48,23674940,125.05
2024-07-03,MSFT,245.48,246.78,244.78,246.04,21163492,245.22
2024-07-03,TSLA,216.01,216.57,215.02,216.31,187823807,215.32
2024-07-04,AAPL,138.92,139.47,138.17,139.2,34643224,138.72
2024-07-04,AMZN,36.56,36.92,36.12,36.18,46780589,36.01
2024-07-04,GOOGL,124.52,124.63,124.42,124.43,15020604,124.06
2024-07-04,MSFT,250.08,250.46,249.31,249.91,52675024,249.65
2024-07-04,TSLA,215.1,216.51,212.86,214.41,46333772,213.51
2024-07-05,AAPL,143.36,144.83,141.37,142.89,146113760,142.4
2024-07-05,AMZN,35.94,36.25,35.75,35.86,38487383,35.72
2024-07-05,GOOGL,123.75,125.9,121.29,123.8,48533333,123.37
2024-07-05,MSFT,248.9,252.16,242.18,250.72,32425819,249.52
2024-07-05,TSLA,214.94,217.71,209.74,215.1,192124224,214.97
2024-07-08,AAPL,139.54,141.48,138.31,140.98,70806567,140.44
2024-07-08,AMZN,35.82,36.02,35.65,35.79,35471910,35.71
2024-07-08,GOOGL,118.43,119.7,117.51,119.33,23280671,118.95
2024-07-08,MSFT,254.28,257.23,248.52,252.68,17935136,252.48
2024-07-08,TSLA,216.05,218.36,213.52,216.22,93778645,215.52
2024-07-09,AAPL,141.21,142.17,140.67,140.9,171803004,140.86
2024-07-09,AMZN,35.59,35.97,35.36,35.78,46085915,35.65
2024-07-09,GOOGL,117.03,117.38,116.34,116.54,12088196,116.15
2024-07-09,MSFT,255.39,258.0,252.21,255.76,19113128,255.04
2024-07-09,TSLA,216.45,218.11,213.14,215.66,189590125,215.45
2024-07-10,AAPL,140.03,140.87,138.12,140.31,57981030,140.15
2024-07-10,AMZN,35.32,35.48,35.12,35.31,41413964,35.22
2024-07-10,GOOGL,118.74,119.62,117.98,118.21,47748321,117.99
2024-07-10,MSFT,258.25,258.93,257.41,257.82,61306761,257.65
2024-07-10,TSLA,212.53,215.0,207.3,211.19,159141805,210.44
2024-07-11,AAPL,142.39,143.77,141.18,142.04,146312371,141.66
2024-07-11,AMZN,35.75,35.81,35.72,35.74,65941084,35.6
2024-07-11,GOOGL,117.26,118.3,116.35,116.51,29190916,116.46
2024-07-11,MSFT,256.33,257.37,254.31,255.99,28825118,255.87
2024-07-11,TSLA,203.15,205.91,198.55,202.75,51439960,202.44
2024-07-12,AAPL,140.96,142.53,139.71,142.5,88561133,142.29
2024-07-12,AMZN,34.87,35.14,34.64,34.93,62370977,34.9
2024-07-12,GOOGL,117.69,119.44,116.17,117.05,20066174,116.89
2024-07-12,MSFT,263.3,267.81,258.44,263.9,31220042,263.63
2024-07-12,TSLA,199.47,200.7,197.69,199.8,62314785,199.78
2024-07-15,AAPL,138.48,138.99,137.69,138.88,44845744,138.33
2024-07-15,AMZN,34.92,35.3,34.3,34.99,34734882,34.99
2024-07-15,GOOGL,118.63,120.63,115.4,117.15,52667326,117.09
2024-07-15,MSFT,255.23,259.78,252.3,255.39,64357065,254.95
2024-07-15,TSLA,204.22,205.74,201.99,204.2,57999579,203.85
2024-07-16,AAPL,137.77,137.91,137.71,137.91,70094665,137.57
2024-07-16,AMZN,34.18,34.71,33.85,34.67,94885299,34.56
2024-07-16,GOOGL,118.18,119.56,115.91,118.3,36780270,118.03
2024-07-16,MSFT,254.21,260.69,250.32,258.34,30812462,258.27
2024-07-16,TSLA,203.52,204.74,201.92,203.62,81143268,202.92
2024-07-17,AAPL,134.38,135.01,133.59,133.8,91721955,133.75
2024-07-17,AMZN,34.81,35.01,34.67,34.77,54197937,34.77
2024-07-17,GOOGL,118.28,119.59,117.64,118.48,10333913,118.42
2024-07-17,MSFT,265.86,267.07,263.08,264.61,28324498,264.19
2024-07-17,TSLA,205.61,206.96,202.78,204.26,182744758,204.13
2024-07-18,AAPL,132.53,133.27,131.71,132.32,145713000,132.15
2024-07-18,AMZN,34.95,35.01,34.91,34.91,22767309,34.78
2024-07-18,GOOGL,118.06,119.74,115.1,118.55,37416083,118.32
2024-07-18,MSFT,267.63,270.93,264.66,266.05,43545405,265.98
2024-07-18,TSLA,203.49,204.3,202.53,203.4,88990485,203.21
2024-07-19,AAPL,131.37,132.0,130.29,130.43,68266884,130.28
2024-07-19,AMZN,33.39,33.9,32.95,33.7,94416692,33.56
2024-07-19,GOOGL,120.18,121.14,119.51,120.4,40173111,119.92
2024-07-19,MSFT,264.66,266.86,262.09,265.62,32252596,264.82
2024-07-19,TSLA,202.66,204.16,200.94,203.77,67576811,203.31
2024-07-22,AAPL,129.85,130.79,129.1,130.6,82832684,130.36
2024-07-22,AMZN,33.97,34.32,33.23,34.0,63987120,33.83
2024-07-22,GOOGL,118.74,119.56,118.29,118.67,32896965,118.62
2024-07-22,MSFT,266.75,270.65,262.57,266.89,64547501,266.51
2024-07-22,TSLA,200.44,201.63,197.89,198.85,166185780,198.61
2024-07-23,AAPL,135.43,137.4,134.23,136.08,103134153,135.94
2024-07-23,AMZN,32.91,33.7,32.23,33.24,98662509,33.22
2024-07-23,GOOGL,120.81,123.22,119.46,121.56,34468253,121.18
2024-07-23,MSFT,269.34,270.69,267.82,267.95,19292591,267.34
2024-07-23,TSLA,198.04,198.44,197.81,198.31,143198240,197.93
2024-07-24,AAPL,143.22,145.44,141.3,142.49,160939430,141.89
2024-07-24,AMZN,32.16,32.31,32.07,32.31,78425754,32.19
2024-07-24,GOOGL,122.77,126.43,120.79,124.79,26176948,124.2
2024-07-24,MSFT,271.53,272.81,270.38,270.68,34760809,269.71
2024-07-24,TSLA,197.12,198.29,196.55,196.77,116670976,196.3
2024-07-25,AAPL,145.82,146.96,143.93,145.52,155694040,145.52
2024-07-25,AMZN,33.66,33.87,33.55,33.61,115631963,33.6
2024-07-25,GOOGL,125.21,126.39,124.24,125.93,15214059,125.43
2024-07-25,MSFT,270.02,273.89,268.15,272.25,57295542,271.14
2024-07-25,TSLA,199.05,201.3,197.95,199.95,150264692,199.08
2024-07-26,AAPL,149.3,150.11,147.89,148.29,84942758,147.99
2024-07-26,AMZN,33.55,33.85,33.03,33.55,27782465,33.4
2024-07-26,GOOGL,125.57,125.98,124.9,125.85,36368613,125.6
2024-07-26,MSFT,271.08,272.73,269.79,272.08,55327113,271.37
2024-07-26,TSLA,197.64,201.2,193.62,199.3,194453785,199.22
2024-07-29,AAPL,148.47,149.71,145.73,145.83,40025915,145.52
2024-07-29,AMZN,34.09,34.32,33.94,34.12,86190360,34.1
2024-07-29,GOOGL,125.6,126.24,124.5,124.57,24310288,124.16
2024-07-29,MSFT,272.53,273.64,270.27,273.11,65060934,272.36
2024-07-29,TSLA,194.46,196.57,193.28,195.75,131882454,195.2
2024-07-30,AAPL,146.46,147.69,145.52,145.72,54311617,145.61
2024-07-30,AMZN,31.9,32.47,31.47,32.06,100479192,31.98
2024-07-30,GOOGL,127.02,128.4,126.14,127.2,53779209,126.62
2024-07-30,MSFT,278.84,279.95,277.55,279.16,51177007,277.87
2024-07-30,TSLA,193.05,195.29,190.31,194.86,161375273,194.34
2024-07-31,AAPL,144.47,144.98,143.62,143.68,131787938,142.97
2024-07-31,AMZN,31.81,32.23,31.54,31.55,87800963,31.46
2024-07-31,GOOGL,127.91,128.63,127.04,127.58,23036320,127.22
2024-07-31,MSFT,277.62,279.91,273.85,277.39,39494237,276.38
2024-07-31,TSLA,191.3,193.01,187.51,192.03,43304667,191.58
2024-08-01,AAPL,140.33,140.8,140.02,140.26,62220513,139.98
2024-08-01,AMZN,31.9,31.96,31.8,31.89,65544133,31.85
2024-08-01,GOOGL,128.01,128.6,127.43,127.46,29184385,127.28
2024-08-01,MSFT,285.46,288.83,283.05,283.41,61104228,282.6
2024-08-01,TSLA,187.8,190.32,185.16,189.62,40726588,189.22
2024-08-02,AAPL,136.24,137.98,134.33,135.67,92894211,135.38
2024-08-02,AMZN,31.08,31.28,30.77,30.84,86374635,30.82
2024-08-02,GOOGL,124.64,125.74,123.99,124.98,39574593,124.98
2024-08-02,MSFT,283.31,285.45,279.09,283.72,41454996,283.27
2024-08-02,TSLA,185.72,188.15,183.93,186.58,175079155,185.69
2024-08-05,AAPL,137.23,137.41,136.87,137.12,147759398,136.56
2024-08-05,AMZN,31.31,31.51,31.0,31.01,113031131,30.91
2024-08-05,GOOGL,122.76,124.95,120.85,123.26,24066111,123.21
2024-08-05,MSFT,286.48,287.67,284.74,285.07,13371640,284.96
2024-08-05,TSLA,183.81,186.42,180.04,182.83,157924780,182.09
2024-08-06,AAPL,135.68,137.89,134.57,136.18,148908084,135.99
2024-08-06,AMZN,30.77,30.95,30.56,30.62,99207145,30.59
2024-08-06,GOOGL,122.63,124.04,121.85,123.29,44451470,123.18
2024-08-06,MSFT,284.29,286.79,283.15,285.74,38054259,284.7
2024-08-06,TSLA,183.46,184.97,182.79,184.6,144231581,184.23
2024-08-07,AAPL,134.73,135.47,133.45,135.01,37989817,134.35
2024-08-07,AMZN,30.84,31.22,30.27,30.84,26710881,30.72
2024-08-07,GOOGL,122.92,124.06,121.62,121.65,28897022,121.17
2024-08-07,MSFT,281.78,283.96,280.36,283.89,46918728,283.72
2024-08-07,TSLA,183.28,185.93,177.62,180.47,149749699,180.08
2024-08-08,AAPL,138.47,139.56,137.27,137.88,164098241,137.46
2024-08-08,AMZN,30.54,30.94,30.26,30.47,64054184,30.45
2024-08-08,GOOGL,125.87,126.98,125.38,125.69,43727297,125.47
2024-08-08,MSFT,295.22,297.24,292.6,294.46,13826303,293.54
2024-08-08,TSLA,179.89,181.28,178.16,179.03,54563698,178.75
2024-08-09,AAPL,139.54,139.97,139.15,139.52,167139422,138.9
2024-08-09,AMZN,30.72,30.81,30.57,30.6,27397627,30.59
2024-08-09,GOOGL,124.38,124.61,124.02,124.52,45455334,123.92
2024-08-09,MSFT,301.46,304.05,300.13,303.84,21793859,303.06
2024-08-09,TSLA,179.52,180.79,178.82,180.64,114129455,180.35
2024-08-12,AAPL,138.99,140.26,136.66,137.49,119111477,137.22
2024-08-12,AMZN,30.82,31.11,30.53,30.57,62614604,30.42
2024-08-12,GOOGL,124.57,126.81,122.64,122.75,44776288,122.39
2024-08-12,MSFT,315.44,317.91,311.88,312.0,22868744,311.36
2024-08-12,TSLA,184.62,185.89,182.45,184.8,61442128,184.53
2024-08-13,AAPL,134.84,135.43,134.27,135.32,129506358,135.24
2024-08-13,AMZN,30.16,30.24,30.07,30.16,78650768,30.12
2024-08-13,GOOGL,121.57,122.47,121.07,121.52,16286958,120.94
2024-08-13,MSFT,311.68,312.8,309.75,311.76,64712385,311.15
2024-08-13,TSLA,185.37,185.9,184.74,185.17,36523079,184.98
2024-08-14,AAPL,134.45,136.61,133.0,134.57,79647740,134.08
2024-08-14,AMZN,30.78,31.15,30.08,30.68,51295209,30.64
2024-08-14,GOOGL,124.03,124.98,122.75,124.68,25284039,124.28
2024-08-14,MSFT,317.46,321.1,315.87,319.78,44547199,319.49
2024-08-14,TSLA,184.35,186.64,182.57,184.85,159695576,184.17
2024-08-15,AAPL,126.37,128.54,124.56,127.7,68188306,127.17
2024-08-15,AMZN,31.48,31.66,31.33,31.39,104957205,31.28
2024-08-15,GOOGL,128.65,130.75,127.44,128.99,10586137,128.72
2024-08-15,MSFT,326.92,329.23,325.33,327.02,59048500,326.45
2024-08-15,TSLA,186.86,190.02,184.7,186.04,50886381,185.61
2024-08-16,AAPL,128.78,130.04,126.86,128.08,128034375,127.59
2024-08-16,AMZN,30.51,31.4,29.99,30.31,71957071,30.23
2024-08-16,GOOGL,129.3,130.28,128.33,129.36,42327658,129.25
2024-08-16,MSFT,328.67,329.66,326.92,329.27,26120702,328.31
2024-08-16,TSLA,184.46,186.7,183.13,185.93,178717121,185.3
2024-08-19,AAPL,130.86,134.65,127.11,131.64,113425716,131.45
2024-08-19,AMZN,30.47,30.65,30.39,30.47,34088374,30.43
2024-08-19,GOOGL,131.26,133.03,130.13,131.95,30347783,131.87
2024-08-19,MSFT,330.38,335.22,323.99,329.88,18360675,328.33
2024-08-19,TSLA,186.07,187.69,183.45,186.12,137153287,186.01
2024-08-20,AAPL,129.24,130.0,128.82,129.54,41594431,129.53
2024-08-20,AMZN,30.99,31.33,30.78,30.98,36384762,30.85
2024-08-20,GOOGL,130.27,131.43,129.04,129.12,48736054,128.79
2024-08-20,MSFT,328.22,335.27,322.95,329.86,25929118,328.77
2024-08-20,TSLA,185.02,186.97,183.7,185.81,154880224,185.42
2024-08-21,AAPL,126.13,126.87,124.55,126.5,123332382,126.09
2024-08-21,AMZN,31.46,31.61,31.23,31.38,22182587,31.36
2024-08-21,GOOGL,131.9,132.73,131.41,131.81,28196929,131.48
2024-08-21,MSFT,330.32,332.52,327.36,328.0,19656363,326.94
2024-08-21,TSLA,186.35,189.31,184.38,186.82,182900147,186.54
2024-08-22,AAPL,127.58,128.86,125.07,126.41,157337666,126.13
2024-08-22,AMZN,31.61,31.75,31.44,31.51,64109948,31.37
2024-08-22,GOOGL,129.5,132.13,128.34,130.79,16576960,130.68
2024-08-22,MSFT,329.97,331.27,328.8,329.52,49285160,328.86
2024-08-22,TSLA,187.49,188.96,186.5,187.33,131431399,186.74
2024-08-23,AAPL,123.0,125.24,120.86,123.73,149898270,123.19
2024-08-23,AMZN,32.37,32.72,32.21,32.43,59196002,32.36
2024-08-23,GOOGL,128.8,130.9,126.71,128.88,50731396,128.64
2024-08-23,MSFT,324.86,327.89,323.33,327.38,45478779,326.32
2024-08-23,TSLA,186.32,188.07,183.72,185.08,122890917,184.82
2024-08-26,AAPL,122.1,122.74,121.7,122.55,85804277,122.14
2024-08-26,AMZN,33.49,33.99,32.81,33.25,80649958,33.14
2024-08-26,GOOGL,126.03,127.1,124.96,126.72,49784681,126.47
2024-08-26,MSFT,319.62,324.97,316.49,320.09,18032463,318.74
2024-08-26,TSLA,181.58,183.31,179.6,180.38,67792497,180.28
2024-08-27,AAPL,122.85,125.18,121.79,123.44,124716981,123.29
2024-08-27,AMZN,32.08,32.57,31.52,32.0,42305955,31.92
2024-08-27,GOOGL,119.74,122.18,118.63,120.89,51893781,120.86
2024-08-27,MSFT,315.81,318.25,313.21,316.3,14556186,316.08
2024-08-27,TSLA,186.56,188.01,185.87,186.4,74492331,186.01
2024-08-28,AAPL,123.53,123.98,122.88,123.32,165604648,122.91
2024-08-28,AMZN,32.59,32.89,32.43,32.48,102911160,32.37
2024-08-28,GOOGL,122.36,123.58,121.69,122.16,27604817,122.14
2024-08-28,MSFT,324.34,328.33,322.38,326.55,19386829,326.01
2024-08-28,TSLA,187.17,189.46,183.14,187.87,77722660,187.2
2024-08-29,AAPL,122.35,122.61,122.2,122.61,36106883,122.55
2024-08-29,AMZN,31.89,32.05,31.58,31.8,96629177,31.73
2024-08-29,GOOGL,124.72,125.96,124.09,124.63,25038272,124.22
2024-08-29,MSFT,334.23,337.79,330.63,333.06,36268249,331.8
2024-08-29,TSLA,187.39,190.0,184.94,188.18,173649355,187.34
2024-08-30,AAPL,121.4,122.07,120.51,121.63,32768836,121.62
2024-08-30,AMZN,30.93,31.19,30.78,30.86,114461236,30.73
2024-08-30,GOOGL,125.68,126.28,125.42,125.67,41303248,125.43
2024-08-30,MSFT,331.66,334.01,329.9,333.57,40297370,332.25
2024-08-30,TSLA,185.22,187.28,183.93,184.18,77591104,183.68
2024-09-02,AAPL,119.67,120.76,118.47,118.92,46361260,118.87
2024-09-02,AMZN,30.91,31.07,30.55,30.77,58291869,30.68
2024-09-02,GOOGL,124.26,126.81,122.68,124.89,42414409,124.78
2024-09-02,MSFT,336.84,341.02,334.16,339.11,45738984,338.61
2024-09-02,TSLA,187.59,187.88,187.39,187.84,168586792,187.65
2024-09-03,AAPL,120.19,120.8,119.52,120.24,142029392,120.01
2024-09-03,AMZN,31.44,31.6,31.24,31.46,43807736,31.31
2024-09-03,GOOGL,125.43,126.54,123.82,124.84,34214362,124.35
2024-09-03,MSFT,335.76,337.91,331.96,334.65,34732480,333.34
2024-09-03,TSLA,191.29,192.38,189.99,190.99,157701560,190.78
2024-09-04,AAPL,120.76,121.86,119.63,119.9,100706686,119.57
2024-09-04,AMZN,31.28,31.45,30.94,31.19,34848742,31.13
2024-09-04,GOOGL,124.61,126.99,122.66,123.71,13497038,123.34
2024-09-04,MSFT,337.46,341.97,335.07,341.44,59640708,340.78
2024-09-04,TSLA,195.67,195.81,195.61,195.74,39095318,195.68
2024-09-05,AAPL,120.58,121.99,119.53,121.77,69174776,121.18
2024-09-05,AMZN,31.98,32.29,31.51,31.8,72510427,31.73
2024-09-05,GOOGL,120.51,121.21,119.94,120.19,15620675,119.83
2024-09-05,MSFT,333.0,336.74,329.76,334.63,29151545,333.69
2024-09-05,TSLA,198.16,201.41,195.08,198.69,79059437,198.28
2024-09-06,AAPL,118.75,119.27,118.05,118.64,140310304,118.35
2024-09-06,AMZN,31.74,31.83,31.56,31.59,45314231,31.48
2024-09-06,GOOGL,119.28,121.38,117.03,120.59,22374600,120.31
2024-09-06,MSFT,338.39,343.61,327.39,333.79,51692086,333.19
2024-09-06,TSLA,196.27,198.18,194.29,196.25,88721619,196.12
2024-09-09,AAPL,116.03,117.38,115.05,116.67,173544068,116.24
2024-09-09,AMZN,31.73,31.83,31.63,31.68,104476196,31.57
2024-09-09,GOOGL,116.22,116.43,116.05,116.29,52630233,116.2
2024-09-09,MSFT,332.71,333.76,332.2,332.77,20268515,331.35
2024-09-09,TSLA,201.32,204.53,197.3,200.46,185093728,199.96
2024-09-10,AAPL,116.4,118.07,114.25,116.13,103571405,115.57
2024-09-10,AMZN,31.47,31.66,31.38,31.47,76600600,31.39
2024-09-10,GOOGL,119.64,121.04,117.82,118.97,54136746,118.75
2024-09-10,MSFT,325.89,326.99,324.99,325.95,15759617,325.28
2024-09-10,TSLA,200.16,203.47,198.34,199.3,39454765,198.85
2024-09-11,AAPL,120.97,122.73,119.43,120.56,141050562,120.09
2024-09-11,AMZN,30.61,31.04,30.03,30.92,76100536,30.83
2024-09-11,GOOGL,118.46,119.36,117.08,118.27,54163464,118.13
2024-09-11,MSFT,332.56,333.85,330.44,332.53,41374717,331.11
2024-09-11,TSLA,197.82,198.29,197.39,198.28,92387741,197.92
2024-09-12,AAPL,119.25,120.04,117.9,119.38,87126685,119.13
2024-09-12,AMZN,30.62,30.8,30.46,30.66,113487333,30.54
2024-09-12,GOOGL,118.1,120.02,114.37,117.9,34824103,117.46
2024-09-12,MSFT,331.03,332.56,327.94,328.57,28058157,328.42
2024-09-12,TSLA,192.53,195.14,189.67,192.56,152405979,192.51
2024-09-13,AAPL,118.37,119.94,117.45,118.6,171981823,118.37
2024-09-13,AMZN,31.49,31.76,31.21,31.54,110979126,31.49
2024-09-13,GOOGL,120.53,123.36,119.05,119.41,28221297,119.3
2024-09-13,MSFT,319.9,323.27,317.39,319.69,19364140,318.62
2024-09-13,TSLA,187.98,189.52,185.64,187.92,108903973,187.71
2024-09-16,AAPL,116.89,117.54,116.41,116.52,56137505,116.1
2024-09-16,AMZN,31.19,31.31,30.97,31.3,94885553,31.3
2024-09-16,GOOGL,119.22,120.29,118.39,118.55,53093633,118.08
2024-09-16,MSFT,327.24,328.88,324.89,325.36,49520158,324.87
2024-09-16,TSLA,186.67,188.01,186.04,186.92,147081122,186.69
2024-09-17,AAPL,113.4,114.2,112.94,112.96,46764973,112.74
2024-09-17,AMZN,31.28,31.55,31.11,31.17,45861896,31.08
2024-09-17,GOOGL,117.59,117.93,116.86,116.87,32726294,116.56
2024-09-17,MSFT,324.85,327.16,323.18,325.78,52025545,324.52
2024-09-17,TSLA,180.29,182.89,177.3,181.86,47922851,181.6
2024-09-18,AAPL,113.3,113.92,113.0,113.44,150242159,113.16
2024-09-18,AMZN,32.21,32.32,32.08,32.09,62441178,31.96
2024-09-18,GOOGL,118.65,120.42,116.79,117.64,30364959,117.08
2024-09-18,MSFT,325.49,329.71,322.38,326.31,64017029,326.28
2024-09-18,TSLA,188.39,190.53,187.3,189.41,162779916,189.04
2024-09-19,AAPL,114.27,115.1,113.16,114.66,175064224,114.22
2024-09-19,AMZN,32.58,32.85,32.3,32.42,91965949,32.27
2024-09-19,GOOGL,116.36,116.89,115.55,115.92,53057171,115.72
2024-09-19,MSFT,322.58,325.09,320.87,322.14,39832515,321.9
2024-09-19,TSLA,193.12,195.79,191.43,193.49,169826949,192.9
2024-09-20,AAPL,114.61,116.24,112.79,113.24,111693856,112.69
2024-09-20,AMZN,33.22,33.58,32.73,33.07,27281424,32.94
2024-09-20,GOOGL,117.43,118.61,116.31,118.07,50291269,117.81
2024-09-20,MSFT,323.31,325.42,319.7,322.31,55599574,321.97
2024-09-20,TSLA,199.87,203.81,196.99,198.68,46769847,198.17
2024-09-23,AAPL,112.02,112.64,111.49,111.57,121988835,111.45
2024-09-23,AMZN,32.55,32.74,32.15,32.39,100835576,32.37
2024-09-23,GOOGL,120.08,121.52,118.45,120.26,51012754,120.17
2024-09-23,MSFT,316.15,317.62,312.82,316.58,65399928,315.95
2024-09-23,TSLA,198.82,199.79,197.28,199.25,82533910,199.1
2024-09-24,AAPL,112.98,113.82,111.39,111.81,66592711,111.4
2024-09-24,AMZN,32.18,32.39,31.81,31.9,61595725,31.9
2024-09-24,GOOGL,119.99,122.93,118.52,120.34,31134201,120.19
2024-09-24,MSFT,315.73,317.64,313.21,317.41,63845524,316.93
2024-09-24,TSLA,193.58,195.08,192.43,192.72,45410941,191.91
2024-09-25,AAPL,114.32,115.89,113.31,113.92,161801591,113.82
2024-09-25,AMZN,32.2,32.29,32.07,32.11,43076229,32.07
2024-09-25,GOOGL,117.12,118.58,116.31,117.63,14644881,117.41
2024-09-25,MSFT,313.74,317.92,311.6,316.64,21119632,316.61
2024-09-25,TSLA,197.62,200.05,196.51,199.44,83116640,198.89
2024-09-26,AAPL,118.09,119.69,114.91,118.3,50088229,117.95
2024-09-26,AMZN,32.53,32.76,32.13,32.48,62920209,32.41
2024-09-26,GOOGL,119.96,120.97,117.87,118.43,50234219,117.87
2024-09-26,MSFT,314.97,314.98,314.95,314.96,41616739,313.55
2024-09-26,TSLA,196.94,198.62,195.64,197.17,153247739,196.41
2024-09-27,AAPL,115.58,117.17,114.09,117.13,106720092,116.63
2024-09-27,AMZN,33.2,33.78,32.75,32.99,92925056,32.93
2024-09-27,GOOGL,119.49,120.53,118.45,119.57,45136658,119.1
2024-09-27,MSFT,316.55,320.66,313.2,318.52,60535048,317.73
2024-09-27,TSLA,202.62,203.97,201.43,201.97,37588179,201.11
2024-09-30,AAPL,113.55,113.85,113.17,113.74,136773441,113.56
2024-09-30,AMZN,32.38,32.9,32.1,32.57,120794206,32.42
2024-09-30,GOOGL,119.72,121.24,118.59,120.47,42441964,120.33
2024-09-30,MSFT,324.46,326.96,321.96,326.11,23978256,325.79
2024-09-30,TSLA,204.57,207.21,202.43,204.88,184020330,204.61
2024-10-01,AAPL,117.85,120.13,115.99,116.85,124167026,116.55
2024-10-01,AMZN,32.64,33.4,32.29,32.74,91735467,32.69
2024-10-01,GOOGL,119.91,120.97,118.82,120.11,50068741,119.51
2024-10-01,MSFT,326.79,328.0,325.99,326.63,21056915,325.81
2024-10-01,TSLA,205.74,207.79,203.05,206.86,118415633,206.59
2024-10-02,AAPL,115.14,116.71,114.44,116.46,159964544,116.01
2024-10-02,AMZN,32.5,32.57,32.37,32.44,51734630,32.3
2024-10-02,GOOGL,122.16,124.11,121.01,123.65,50853994,123.43
2024-10-02,MSFT,311.98,317.99,308.68,317.91,43302440,317.45
2024-10-02,TSLA,214.39,215.75,211.77,212.13,190457089,211.9
2024-10-03,AAPL,118.43,118.73,117.98,118.48,61010455,118.02
2024-10-03,AMZN,31.94,32.09,31.59,31.83,66314491,31.83
2024-10-03,GOOGL,124.51,126.84,123.5,126.7,26456523,126.15
2024-10-03,MSFT,312.42,318.74,308.94,315.04,38972285,314.87
2024-10-03,TSLA,208.29,210.5,206.97,209.57,141646054,209.33
2024-10-04,AAPL,114.84,115.87,114.25,115.75,61546328,115.63
2024-10-04,AMZN,32.07,32.42,31.37,31.82,54617119,31.73
2024-10-04,GOOGL,121.19,123.04,119.85,122.72,31052455,122.24
2024-10-04,MSFT,305.62,307.76,304.09,307.23,60341798,305.97
2024-10-04,TSLA,198.93,203.97,195.55,200.76,101406165,200.37
2024-10-07,AAPL,113.42,113.64,113.25,113.34,49086421,113.09
2024-10-07,AMZN,31.72,31.95,31.62,31.89,114619810,31.85
2024-10-07,GOOGL,123.27,124.48,120.61,122.84,22683293,122.58
2024-10-07,MSFT,315.96,320.25,312.34,313.45,14154726,312.24
2024-10-07,TSLA,203.56,206.12,200.78,205.08,109140606,204.3
2024-10-08,AAPL,112.7,113.79,111.54,113.58,45139257,113.4
2024-10-08,AMZN,31.6,32.17,31.23,31.94,89306444,31.87
2024-10-08,GOOGL,125.09,125.27,124.85,124.88,19391518,124.51
2024-10-08,MSFT,315.94,317.35,312.97,313.85,61093240,313.04
2024-10-08,TSLA,199.99,202.31,198.75,201.98,185928234,201.67
2024-10-09,AAPL,116.99,118.17,115.1,115.65,59898406,115.23
2024-10-09,AMZN,31.59,32.0,30.97,31.48,66824565,31.32
2024-10-09,GOOGL,122.3,124.08,121.48,122.18,49485181,121.75
2024-10-09,MSFT,320.67,324.89,315.07,321.37,38911174,321.08
2024-10-09,TSLA,199.49,201.7,198.28,200.05,153912207,199.62
2024-10-10,AAPL,111.46,111.58,111.26,111.37,115609245,111.25
2024-10-10,AMZN,32.12,32.61,31.85,32.14,44302045,32.05
2024-10-10,GOOGL,124.19,125.73,123.2,125.47,21685395,125.22
2024-10-10,MSFT,318.03,322.28,314.17,318.36,64041611,317.76
2024-10-10,TSLA,208.28,208.87,207.51,207.73,154852217,207.33
2024-10-11,AAPL,113.83,115.01,113.01,113.69,110638228,113.24
2024-10-11,AMZN,31.06,31.32,30.76,31.13,42046973,30.99
2024-10-11,GOOGL,124.22,126.12,120.64,125.04,40987084,124.59
2024-10-11,MSFT,320.04,325.57,316.97,323.08,40064571,321.87
2024-10-11,TSLA,213.59,214.99,211.8,212.71,160528805,211.85
2024-10-14,AAPL,109.72,110.01,109.08,109.66,34865813,109.49
2024-10-14,AMZN,31.38,31.63,31.27,31.48,85647308,31.34
2024-10-14,GOOGL,129.53,131.32,125.67,128.09,17888990,127.5
2024-10-14,MSFT,327.44,331.84,325.05,326.69,55796318,325.84
2024-10-14,TSLA,202.32,203.47,201.56,203.16,103866814,202.54
2024-10-15,AAPL,108.79,109.52,108.47,108.66,116655539,108.39
2024-10-15,AMZN,31.96,32.27,31.56,32.13,24835820,32.12
2024-10-15,GOOGL,127.96,129.87,127.03,128.2,36812570,127.57
2024-10-15,MSFT,324.29,327.29,322.29,326.84,24073938,326.77
2024-10-15,TSLA,201.45,202.57,200.17,200.45,39539066,199.71
2024-10-16,AAPL,111.71,112.5,110.37,110.95,38044072,110.66
2024-10-16,AMZN,31.76,32.28,31.45,32.05,39819638,31.91
2024-10-16,GOOGL,132.82,133.45,132.36,132.67,52292198,132.17
2024-10-16,MSFT,323.91,324.87,322.17,324.34,31300330,323.64
2024-10-16,TSLA,205.47,207.73,202.38,207.67,81972321,207.41
2024-10-17,AAPL,111.75,113.48,110.16,111.32,87323962,111.0
2024-10-17,AMZN,32.3,32.79,31.77,32.21,55784013,32.16
2024-10-17,GOOGL,136.69,137.52,135.12,135.14,11810818,135.08
2024-10-17,MSFT,319.2,324.57,312.48,315.64,37557699,314.09
2024-10-17,TSLA,211.72,213.09,208.61,209.78,183190928,209.35
2024-10-18,AAPL,110.94,112.37,109.8,111.27,93980754,110.95
2024-10-18,AMZN,32.78,32.89,32.6,32.88,75681919,32.87
2024-10-18,GOOGL,139.11,139.47,138.8,139.09,47474067,138.86
2024-10-18,MSFT,311.59,315.51,306.14,315.25,34183012,314.83
2024-10-18,TSLA,208.64,211.49,207.32,210.0,112240378,209.2
2024-10-21,AAPL,112.61,113.03,111.88,112.14,47695998,111.64
2024-10-21,AMZN,32.74,32.92,32.55,32.82,35696076,32.71
2024-10-21,GOOGL,137.93,138.43,137.07,137.11,16636778,136.8
2024-10-21,MSFT,308.85,310.55,305.95,309.2,60029974,308.55
2024-10-21,TSLA,202.78,206.39,201.16,205.41,102377516,205.16
2024-10-22,AAPL,109.83,110.59,109.03,110.38,33039672,110.0
2024-10-22,AMZN,32.43,32.47,32.4,32.4,37525783,32.32
2024-10-22,GOOGL,133.93,134.54,132.68,133.37,45308796,133.14
2024-10-22,MSFT,303.79,306.14,302.37,304.32,63435804,304.17
2024-10-22,TSLA,205.39,207.29,201.59,203.99,161892940,203.4
2024-10-23,AAPL,110.42,111.33,108.38,111.08,157870946,110.73
2024-10-23,AMZN,33.0,33.49,32.02,32.78,41850920,32.75
2024-10-23,GOOGL,129.62,131.35,127.28,131.09,42387662,130.8
2024-10-23,MSFT,292.56,293.3,291.38,293.08,25251165,292.38
2024-10-23,TSLA,204.42,208.41,199.86,205.57,175338671,204.75
2024-10-24,AAPL,113.64,114.16,112.63,112.87,76565347,112.86
2024-10-24,AMZN,32.48,32.64,32.39,32.59,103369205,32.54
2024-10-24,GOOGL,130.95,132.58,129.72,130.94,51486745,130.87
2024-10-24,MSFT,285.39,287.75,283.6,286.38,59355225,286.19
2024-10-24,TSLA,199.7,203.88,197.87,203.11,53506734,202.18
2024-10-25,AAPL,113.41,113.62,113.19,113.48,100814299,113.04
2024-10-25,AMZN,32.57,33.0,31.96,32.44,90298391,32.42
2024-10-25,GOOGL,129.12,130.01,128.01,129.86,42277733,129.22
2024-10-25,MSFT,275.21,279.64,270.55,275.76,47238822,274.45
2024-10-25,TSLA,202.14,204.25,197.27,200.8,77160779,199.94
2024-10-28,AAPL,111.52,112.47,109.49,111.66,36122891,111.21
2024-10-28,AMZN,32.72,33.35,31.95,32.61,49104542,32.57
2024-10-28,GOOGL,133.5,134.6,132.87,134.15,13389401,133.91
2024-10-28,MSFT,277.43,280.14,271.64,274.13,28177844,273.93
2024-10-28,TSLA,197.27,197.53,196.78,196.91,175457717,196.02
2024-10-29,AAPL,111.44,113.05,110.39,112.39,102754268,112.32
2024-10-29,AMZN,33.09,33.37,32.93,33.19,112995584,33.08
2024-10-29,GOOGL,135.92,136.75,134.71,135.58,22230044,135.58
2024-10-29,MSFT,268.72,269.99,268.03,268.05,64578309,267.3
2024-10-29,TSLA,194.04,195.61,192.77,195.54,149898075,195.04
2024-10-30,AAPL,114.3,115.96,113.33,113.69,145236903,113.27
2024-10-30,AMZN,33.85,33.99,33.77,33.95,109599135,33.92
2024-10-30,GOOGL,137.92,139.01,137.14,138.12,53889959,138.12
2024-10-30,MSFT,267.18,269.83,263.38,267.86,45458579,267.08
2024-10-30,TSLA,196.52,197.89,194.69,195.69,63378521,195.43
2024-10-31,AAPL,113.67,115.03,111.22,112.58,50222402,112.34
2024-10-31,AMZN,34.18,34.5,33.76,34.11,35170051,34.03
2024-10-31,GOOGL,140.32,141.52,138.67,139.49,52512855,139.01
2024-10-31,MSFT,268.51,268.68,268.21,268.61,47268077,268.34
2024-10-31,TSLA,199.11,200.7,197.12,200.32,139273596,199.99
2024-11-01,AAPL,113.92,114.54,113.31,113.5,165548888,113.23
2024-11-01,AMZN,34.15,34.4,33.97,34.08,100629154,34.05
2024-11-01,GOOGL,139.67,141.08,138.88,139.58,52566753,139.24
2024-11-01,MSFT,269.94,271.43,269.19,270.02,24907613,269.42
2024-11-01,TSLA,201.96,204.99,200.21,200.56,116767374,200.31
2024-11-04,AAPL,117.21,119.04,114.74,115.33,47391206,115.22
2024-11-04,AMZN,34.77,35.1,34.38,34.94,86675943,34.77
2024-11-04,GOOGL,139.49,140.02,138.84,139.08,32696762,139.06
2024-11-04,MSFT,270.31,274.85,268.0,271.53,28799356,271.22
2024-11-04,TSLA,200.43,202.17,198.72,200.7,81566962,200.14
2024-11-05,AAPL,113.36,113.95,113.06,113.8,123264181,113.73
2024-11-05,AMZN,35.08,35.19,34.9,35.09,75675619,35.02
2024-11-05,GOOGL,144.44,145.55,142.25,143.69,23231338,143.24
2024-11-05,MSFT,264.52,268.84,258.89,264.37,31349456,263.08
2024-11-05,TSLA,207.6,210.15,206.07,207.63,130851932,206.71
2024-11-06,AAPL,116.81,118.04,115.81,116.42,118622984,116.19
2024-11-06,AMZN,34.57,34.67,34.45,34.56,77751041,34.52
2024-11-06,GOOGL,141.94,142.66,140.5,141.17,13533004,141.05
2024-11-06,MSFT,259.0,262.84,257.26,258.27,37425519,257.24
2024-11-06,TSLA,207.43,208.77,205.83,206.43,147717959,205.63
2024-11-07,AAPL,116.91,118.4,113.45,118.04,103064052,117.56
2024-11-07,AMZN,35.72,36.3,35.22,35.86,97483153,35.76
2024-11-07,GOOGL,141.05,143.18,138.95,139.87,41401138,139.2
2024-11-07,MSFT,248.95,251.38,244.07,250.27,32196022,249.23
2024-11-07,TSLA,207.59,208.93,206.63,207.23,103480407,206.62
2024-11-08,AAPL,119.86,120.65,118.63,118.71,145555774,118.54
2024-11-08,AMZN,34.98,35.24,34.73,35.23,85999264,35.08
2024-11-08,GOOGL,136.62,137.2,136.07,136.96,29293783,136.8
2024-11-08,MSFT,252.42,255.48,248.55,253.34,12247753,253.15
2024-11-08,TSLA,209.86,210.67,209.44,209.92,133068569,209.29
2024-11-11,AAPL,120.18,120.63,119.93,120.04,172487115,119.96
2024-11-11,AMZN,35.89,36.23,35.6,35.78,77717251,35.68
2024-11-11,GOOGL,140.01,141.77,139.14,139.31,18621728,138.99
2024-11-11,MSFT,251.44,252.72,248.97,251.8,29096719,250.95
2024-11-11,TSLA,209.84,211.98,207.69,209.67,117321080,209.0
2024-11-12,AAPL,121.42,123.3,119.41,120.27,39373714,120.12
2024-11-12,AMZN,36.05,36.93,35.46,35.82,41870611,35.77
2024-11-12,GOOGL,137.4,139.08,135.33,136.35,40832771,135.75
2024-11-12,MSFT,253.73,255.85,250.8,254.82,46968572,254.4
2024-11-12,TSLA,209.02,211.74,205.88,209.76,108478045,209.26
2024-11-13,AAPL,121.49,125.2,119.32,125.08,72134774,124.55
2024-11-13,AMZN,35.53,35.8,35.2,35.55,52477284,35.5
2024-11-13,GOOGL,133.92,134.34,133.34,134.07,33589347,133.55
2024-11-13,MSFT,261.46,263.57,260.53,263.02,15264422,261.86
2024-11-13,TSLA,210.35,211.64,207.65,208.62,148300347,207.89
2024-11-14,AAPL,127.79,128.63,126.81,127.9,119865714,127.36
2024-11-14,AMZN,34.69,35.28,33.65,35.23,112393682,35.22
2024-11-14,GOOGL,133.73,135.51,132.53,134.92,41043323,134.46
2024-11-14,MSFT,273.6,275.58,271.85,272.93,21646667,272.63
2024-11-14,TSLA,203.08,203.36,202.44,203.13,67102336,203.13
2024-11-15,AAPL,129.65,130.37,128.15,129.38,150896688,129.18
2024-11-15,AMZN,35.79,36.51,35.43,35.73,70303685,35.71
2024-11-15,GOOGL,130.39,131.43,129.93,130.75,22082861,130.22
2024-11-15,MSFT,272.24,274.76,269.57,271.6,65733953,270.44
2024-11-15,TSLA,203.73,204.93,201.84,203.94,112436936,202.97
2024-11-18,AAPL,126.69,127.37,125.94,127.14,58987225,126.79
2024-11-18,AMZN,35.18,35.29,35.12,35.25,60836965,35.14
2024-11-18,GOOGL,126.93,127.45,126.21,127.39,36031191,127.38
2024-11-18,MSFT,269.21,271.79,268.06,271.76,64500038,271.71
2024-11-18,TSLA,208.59,211.57,204.83,208.2,67621400,207.42
2024-11-19,AAPL,123.55,124.83,122.59,123.39,152766630,122.84
2024-11-19,AMZN,34.53,34.66,34.29,34.4,90577919,34.34
2024-11-19,GOOGL,128.94,130.16,127.09,129.23,53050399,128.6
2024-11-19,MSFT,273.54,274.66,272.86,274.24,25318950,273.94
2024-11-19,TSLA,215.01,215.14,214.87,214.87,125701575,214.46
2024-11-20,AAPL,124.31,124.81,124.06,124.43,124415658,124.1
2024-11-20,AMZN,33.73,34.1,33.01,33.46,88073893,33.36
2024-11-20,GOOGL,124.96,126.11,123.66,125.81,34793299,125.78
2024-11-20,MSFT,272.23,274.83,268.73,270.19,22500229,269.98
2024-11-20,TSLA,215.55,218.79,213.88,213.96,69757464,213.68
2024-11-21,AAPL,124.44,125.01,123.9,123.91,81597638,123.72
2024-11-21,AMZN,33.97,34.62,33.61,33.92,109457776,33.75
2024-11-21,GOOGL,132.04,133.26,131.12,131.4,29714530,131.05
2024-11-21,MSFT,266.52,271.72,263.84,266.96,37817366,266.07
2024-11-21,TSLA,216.03,217.92,212.56,216.57,70714790,215.69
2024-11-22,AAPL,120.22,120.67,119.21,119.83,70398491,119.66
2024-11-22,AMZN,35.29,35.56,35.09,35.13,71326117,35.04
2024-11-22,GOOGL,129.8,131.83,127.27,129.57,25831806,129.13
2024-11-22,MSFT,260.11,261.62,259.35,260.48,22925434,259.31
2024-11-22,TSLA,209.36,209.91,209.03,209.84,62860382,209.7
2024-11-25,AAPL,124.07,124.78,123.03,123.35,169158747,123.25
2024-11-25,AMZN,34.64,34.82,34.54,34.66,61787133,34.64
2024-11-25,GOOGL,134.19,135.42,133.36,133.84,11895748,133.22
2024-11-25,MSFT,261.92,262.02,261.84,261.98,30338746,261.1
2024-11-25,TSLA,206.71,207.0,206.05,206.41,81645173,205.92
2024-11-26,AAPL,124.23,125.79,122.97,123.36,34914017,123.07
2024-11-26,AMZN,34.95,35.26,34.74,34.79,38840521,34.67
2024-11-26,GOOGL,136.96,137.69,135.52,135.69,45607817,135.21
2024-11-26,MSFT,259.26,261.9,257.07,259.61,34688095,258.71
2024-11-26,TSLA,208.34,210.7,206.95,210.12,85771436,209.35
2024-11-27,AAPL,131.06,131.96,130.26,130.9,83916740,130.77
2024-11-27,AMZN,34.78,35.15,34.36,34.91,81245300,34.77
2024-11-27,GOOGL,133.57,134.41,133.16,134.05,54732518,133.96
2024-11-27,MSFT,263.83,265.6,262.57,263.84,59707106,263.09
2024-11-27,TSLA,209.55,211.59,206.47,210.16,159276396,210.12
2024-11-28,AAPL,130.54,132.47,127.11,128.45,148053654,127.89
2024-11-28,AMZN,34.93,35.3,34.66,34.72,61019662,34.66
2024-11-28,GOOGL,138.19,139.7,137.27,139.0,31131131,138.94
2024-11-28,MSFT,259.63,261.88,257.11,261.06,32131926,260.99
2024-11-28,TSLA,214.92,216.46,213.29,214.69,142543081,214.13
2024-11-29,AAPL,128.44,129.92,127.0,127.29,83182882,126.81
2024-11-29,AMZN,34.75,34.87,34.64,34.73,50385965,34.67
2024-11-29,GOOGL,140.02,140.56,139.33,140.51,40904167,139.84
2024-11-29,MSFT,262.82,263.56,262.44,262.56,53334619,261.75
2024-11-29,TSLA,210.86,213.97,207.58,211.11,76116339,210.6
2024-12-02,AAPL,127.07,128.71,125.99,127.13,39120430,127.03
2024-12-02,AMZN,34.48,34.91,34.26,34.34,54640055,34.28
2024-12-02,GOOGL,145.68,147.84,144.44,144.92,34085770,144.86
2024-12-02,MSFT,263.44,264.96,260.34,264.72,21253279,264.52
2024-12-02,TSLA,205.53,206.97,204.61,206.54,92190655,206.41
2024-12-03,AAPL,124.29,125.36,123.0,123.79,55982564,123.5
2024-12-03,AMZN,35.39,35.78,34.79,34.9,69580896,34.89
2024-12-03,GOOGL,149.92,150.86,148.37,150.41,22680347,150.13
2024-12-03,MSFT,258.36,260.5,256.57,259.76,55963039,258.47
2024-12-03,TSLA,205.84,207.33,202.6,203.63,103371822,203.56
2024-12-04,AAPL,122.98,125.4,121.88,122.96,37364558,122.36
2024-12-04,AMZN,34.42,34.77,34.1,34.34,27103546,34.19
2024-12-04,GOOGL,146.16,147.4,144.02,146.55,48093378,146.06
2024-12-04,MSFT,254.18,256.99,251.76,254.75,29835963,254.59
2024-12-04,TSLA,200.74,201.7,200.25,201.12,67994307,200.73
2024-12-05,AAPL,121.64,122.74,120.63,121.09,105855094,120.91
2024-12-05,AMZN,34.3,34.6,33.66,33.76,32173293,33.75
2024-12-05,GOOGL,146.97,147.87,145.66,146.77,52677299,146.05
2024-12-05,MSFT,256.21,257.52,254.66,256.79,13422080,256.42
2024-12-05,TSLA,208.78,209.85,206.71,208.0,165218961,207.45
2024-12-06,AAPL,124.33,125.02,123.58,124.12,79084777,123.77
2024-12-06,AMZN,33.81,34.2,33.62,33.9,116298307,33.74
2024-12-06,GOOGL,152.56,153.52,150.45,152.06,37686941,151.42
2024-12-06,MSFT,258.69,261.7,256.94,259.06,45925496,258.0
2024-12-06,TSLA,203.27,205.76,202.17,203.81,128342697,203.62
2024-12-09,AAPL,125.43,127.25,122.76,123.96,133654872,123.67
2024-12-09,AMZN,33.38,33.67,32.94,33.58,116160159,33.49
2024-12-09,GOOGL,154.54,157.1,151.08,153.61,27708130,153.43
2024-12-09,MSFT,260.16,261.01,258.91,259.83,27162595,259.39
2024-12-09,TSLA,213.19,215.17,209.45,210.67,113458697,209.62
2024-12-10,AAPL,129.15,130.09,128.3,128.88,91437882,128.73
2024-12-10,AMZN,33.7,34.46,33.36,34.08,65716162,34.05
2024-12-10,GOOGL,153.67,155.17,152.71,154.81,34080859,154.47
2024-12-10,MSFT,268.72,270.23,265.46,269.66,45924000,268.38
2024-12-10,TSLA,200.07,201.76,197.62,200.6,181976127,199.88
2024-12-11,AAPL,126.99,127.46,125.98,127.25,39795354,126.99
2024-12-11,AMZN,34.77,34.94,34.47,34.5,107481156,34.35
2024-12-11,GOOGL,157.85,158.39,157.55,158.08,38010334,157.55
2024-12-11,MSFT,271.41,276.86,268.2,271.03,58353582,270.86
2024-12-11,TSLA,208.83,209.93,207.32,209.74,154812028,209.54
2024-12-12,AAPL,129.26,131.96,127.9,129.11,113022193,128.78
2024-12-12,AMZN,33.85,33.98,33.56,33.65,91127974,33.6
2024-12-12,GOOGL,154.08,154.35,153.49,153.95,35856831,153.27
2024-12-12,MSFT,270.32,271.47,268.13,268.4,38298890,267.65
2024-12-12,TSLA,208.67,210.35,206.05,208.18,172467592,207.65
2024-12-13,AAPL,130.14,131.04,128.37,129.71,90963786,129.68
2024-12-13,AMZN,33.48,33.69,33.07,33.15,117193450,33.01
2024-12-13,GOOGL,155.64,158.21,153.75,156.87,16932735,156.75
2024-12-13,MSFT,258.03,263.8,252.56,260.07,60419000,259.18
2024-12-13,TSLA,204.63,204.77,204.47,204.74,55673386,204.34
2024-12-16,AAPL,131.04,132.2,130.38,131.55,94696073,131.16
2024-12-16,AMZN,32.8,33.15,32.33,32.99,81194529,32.84
2024-12-16,GOOGL,155.98,157.09,154.86,156.48,10526618,155.93
2024-12-16,MSFT,265.35,268.35,260.83,262.94,17514539,261.88
2024-12-16,TSLA,209.11,209.85,208.25,209.12,133637257,208.92
2024-12-17,AAPL,136.71,138.54,135.76,135.87,155593952,135.4
2024-12-17,AMZN,31.99,32.46,31.78,32.34,63035823,32.26
2024-12-17,GOOGL,154.85,155.49,154.34,155.14,31292427,154.8
2024-12-17,MSFT,260.83,262.09,259.52,260.51,22119408,259.62
2024-12-17,TSLA,204.14,206.8,202.26,205.95,74265431,205.75
2024-12-18,AAPL,140.19,141.3,139.2,139.98,165707178,139.69
2024-12-18,AMZN,32.53,32.89,32.18,32.49,26766743,32.37
2024-12-18,GOOGL,154.02,154.69,153.07,153.73,13906205,152.98
2024-12-18,MSFT,260.52,262.51,257.66,260.98,53976903,260.33
2024-12-18,TSLA,208.21,209.44,205.94,207.56,57826165,206.63
2024-12-19,AAPL,142.5,143.28,140.96,142.62,161738743,142.6
2024-12-19,AMZN,31.09,31.22,30.81,31.21,120557744,31.2
2024-12-19,GOOGL,156.02,157.16,154.72,155.22,19595568,154.52
2024-12-19,MSFT,255.19,261.12,251.75,257.86,26775586,257.41
2024-12-19,TSLA,209.55,211.43,208.48,210.64,151583195,210.22
2024-12-20,AAPL,138.96,139.75,137.16,139.19,100008458,138.88
2024-12-20,AMZN,30.81,31.05,30.61,30.7,68852806,30.59
2024-12-20,GOOGL,158.06,160.08,155.24,158.25,46447525,157.94
2024-12-20,MSFT,256.35,259.02,252.03,258.73,38030964,258.58
2024-12-20,TSLA,216.24,217.48,215.4,216.72,191827103,215.66
2024-12-23,AAPL,134.33,134.78,133.64,134.24,122121919,133.85
2024-12-23,AMZN,30.86,30.91,30.82,30.87,32756151,30.87
2024-12-23,GOOGL,153.32,153.91,152.0,153.3,50751306,153.2
2024-12-23,MSFT,255.25,258.13,249.7,254.7,21650271,254.08
2024-12-23,TSLA,218.55,220.95,216.17,216.76,108403186,216.18
2024-12-24,AAPL,135.34,136.04,134.37,135.05,110874546,134.78
2024-12-24,AMZN,30.82,31.27,30.54,30.94,114531967,30.87
2024-12-24,GOOGL,156.37,157.8,155.41,156.24,52922528,155.81
2024-12-24,MSFT,249.92,251.17,248.24,250.1,16197670,249.67
2024-12-24,TSLA,213.57,214.46,211.72,214.42,59932532,213.65
2024-12-25,AAPL,135.37,136.39,134.04,134.95,163220885,134.55
2024-12-25,AMZN,31.32,31.49,31.11,31.42,56929495,31.37
2024-12-25,GOOGL,156.8,160.32,155.0,158.74,43316405,158.58
2024-12-25,MSFT,252.8,255.75,250.98,253.32,62423076,252.73
2024-12-25,TSLA,209.85,211.87,207.7,209.54,90215042,209.3
2024-12-26,AAPL,133.51,134.49,131.69,133.55,139757907,133.46
2024-12-26,AMZN,31.61,31.75,31.52,31.59,67039670,31.48
2024-12-26,GOOGL,156.53,157.55,154.76,156.33,27567746,155.55
2024-12-26,MSFT,251.24,253.03,249.89,252.68,27239024,252.1
2024-12-26,TSLA,207.42,208.83,206.69,208.55,64649829,207.57
2024-12-27,AAPL,137.33,137.89,136.86,137.5,105626587,137.45
2024-12-27,AMZN,32.89,33.0,32.73,32.87,118545960,32.78
2024-12-27,GOOGL,150.57,151.87,147.82,151.84,52346543,151.22
2024-12-27,MSFT,243.9,247.83,237.22,241.06,29125307,239.86
2024-12-27,TSLA,202.77,203.05,202.51,202.83,157190124,202.74
2024-12-30,AAPL,134.58,136.03,133.55,135.27,120527017,135.21
2024-12-30,AMZN,33.16,33.67,32.82,32.97,94104340,32.92
2024-12-30,GOOGL,150.91,151.46,150.55,150.75,14156040,150.27
2024-12-30,MSFT,240.45,241.3,240.01,240.8,49893259,239.62
2024-12-30,TSLA,191.96,197.58,188.84,194.09,113034798,193.42
2024-12-31,AAPL,135.66,136.06,135.41,135.56,107555131,135.26
2024-12-31,AMZN,32.48,32.63,32.33,32.57,88116296,32.52
2024-12-31,GOOGL,147.03,148.05,144.74,147.9,15593708,147.43
2024-12-31,MSFT,240.85,242.35,240.13,240.98,29541103,240.23
2024-12-31,TSLA,201.42,202.8,198.36,199.2,118307562,199.11
