Marital_Status,Application_Mode,Application_Order,Course,Daytime_Evening_Attendance,Previous_Qualification,Previous_Qualification_Grade,Nacionality,Mothers_Qualification,Fathers_Qualification,Mothers_Occupation,Fathers_Occupation,Admission_Grade,Displaced,Educational_Special_Needs,Debtor,Tuition_Fees_Up_to_Date,Gender,Scholarship_Holder,Age_at_Enrollment,International,Curricular_Units_1st_Sem_Credited,Curricular_Units_1st_Sem_Enrolled,Curricular_Units_1st_Sem_Evaluations,Curricular_Units_1st_Sem_Approved,Curricular_Units_1st_Sem_Grade,Curricular_Units_1st_Sem_Without_Evaluations,Curricular_Units_2nd_Sem_Credited,Curricular_Units_2nd_Sem_Enrolled,Curricular_Units_2nd_Sem_Evaluations,Curricular_Units_2nd_Sem_Approved,Curricular_Units_2nd_Sem_Grade,Curricular_Units_2nd_Sem_Without_Evaluations,Unemployment_Rate,Inflation_Rate,GDP,Target
1,17,6,9130,0,12,126.8,8,19,28,5,8,131.9,1,0,1,1,0,0,35,1,11,0,26,13,4.7,4,5,7,18,4,5.5,7,14.7,3.4,2.67,Graduate
6,16,8,9119,0,12,102.0,20,6,2,4,18,140.2,1,0,0,1,0,1,29,0,14,7,12,8,11.4,5,12,6,3,11,13.0,7,14.9,2.6,1.92,Graduate
2,15,9,9130,1,10,130.3,5,10,1,6,4,122.4,1,0,0,1,1,0,50,0,7,19,20,8,10.2,2,11,17,1,12,13.9,2,12.0,2.4,-1.97,Dropout
2,10,1,9070,1,10,132.0,2,12,9,12,14,128.3,0,0,0,1,1,0,49,0,5,16,25,10,0.4,8,7,12,25,5,11.1,1,11.2,-0.7,-1.71,Graduate
1,10,5,9003,1,2,148.9,12,17,22,7,10,111.1,0,0,0,1,0,0,32,0,11,6,1,3,15.9,6,10,10,11,0,3.0,5,15.9,2.3,0.37,Dropout
1,10,2,9119,1,3,107.9,2,27,27,0,18,125.7,0,0,0,1,1,1,46,0,7,2,27,2,9.6,3,8,4,1,2,13.2,8,8.7,1.6,0.46,Dropout
1,1,5,33,1,10,122.6,6,2,9,9,5,117.3,0,0,0,1,0,0,19,0,3,15,0,3,10.5,2,0,7,7,9,0.2,7,12.8,-0.0,2.53,Graduate
4,7,2,9085,1,5,122.1,19,25,7,19,9,124.9,0,0,0,0,1,1,43,0,4,4,26,8,2.7,9,1,19,14,1,1.0,2,12.6,1.8,-3.84,Graduate
2,15,7,9130,1,9,129.2,12,28,2,19,15,124.0,0,0,0,1,1,0,36,0,13,8,2,6,14.5,6,7,1,29,0,1.7,1,15.6,-0.3,2.93,Enrolled
2,2,3,9119,1,10,131.4,13,17,5,0,4,122.9,1,0,0,1,0,1,48,0,2,2,7,14,9.6,4,13,3,0,5,4.5,3,7.8,1.4,2.52,Dropout
1,16,9,171,0,6,136.6,17,5,17,19,17,154.4,1,0,0,1,1,1,37,0,6,11,17,3,1.6,1,3,14,3,3,8.0,0,15.5,0.1,-0.22,Graduate
6,2,5,9119,1,5,101.6,12,19,8,13,18,150.0,1,0,1,0,1,0,21,0,10,17,4,8,12.6,5,6,12,29,14,9.7,2,13.9,-0.8,-3.18,Graduate
3,2,8,9085,1,10,132.6,3,4,3,14,9,145.4,1,0,0,0,1,1,18,0,6,11,13,8,8.8,2,4,16,15,5,9.3,1,8.2,0.9,0.64,Graduate
1,2,1,9070,1,1,133.7,8,30,3,5,9,150.3,0,0,0,1,1,0,38,0,5,7,19,12,6.0,6,13,17,22,14,13.1,0,8.8,0.9,0.64,Enrolled
1,16,1,9003,1,1,131.1,16,32,1,19,11,145.5,1,0,0,0,1,0,23,1,3,1,13,0,16.6,9,11,19,5,13,2.3,8,9.5,1.5,-3.38,Graduate
1,10,6,33,0,1,127.3,4,27,24,1,2,126.7,1,0,0,1,1,1,26,0,6,5,8,8,14.8,4,3,8,28,3,10.9,9,13.1,3.5,3.0,Enrolled
1,2,1,171,1,3,78.7,13,32,30,6,3,125.4,0,0,0,1,0,0,17,0,11,14,9,7,0.8,6,8,4,26,3,8.5,0,13.7,-0.4,0.69,Graduate
1,16,1,9119,0,14,138.5,8,11,26,19,11,130.1,1,0,0,1,0,0,32,0,11,1,20,2,12.6,3,3,3,11,3,12.2,5,13.6,0.2,0.05,Dropout
1,16,3,9238,1,6,115.4,1,13,3,18,6,124.3,1,0,0,1,1,0,44,0,2,10,12,7,3.1,0,11,13,29,6,17.5,5,12.9,1.2,0.32,Graduate
1,7,8,8014,0,6,139.2,3,17,13,4,11,113.5,1,0,0,1,1,0,36,0,12,0,0,3,0.3,0,13,16,8,7,6.7,5,8.2,0.8,-0.06,Graduate
2,16,7,9070,1,5,148.8,1,30,12,7,2,130.9,1,0,1,1,1,0,42,0,5,12,22,1,3.9,6,12,14,14,13,4.4,8,7.4,1.7,-3.37,Graduate
1,10,1,9130,1,9,104.9,15,18,20,2,17,106.6,1,0,0,1,1,0,31,0,11,10,24,5,0.9,8,9,15,23,4,15.4,5,9.5,2.8,1.75,Graduate
1,2,7,9130,1,5,138.7,18,30,8,12,18,128.8,1,0,0,1,1,1,46,0,3,14,21,1,11.5,5,5,2,27,13,5.3,6,12.4,1.1,-4.03,Dropout
1,16,3,9085,1,2,111.5,20,26,2,5,4,114.1,0,0,0,1,1,0,28,0,4,11,25,6,13.6,2,4,12,1,0,15.5,2,10.2,0.6,2.18,Graduate
1,1,1,9070,1,4,129.4,3,16,11,13,13,125.9,1,0,1,1,1,0,18,0,5,17,7,0,3.2,8,3,8,9,5,1.0,9,14.6,0.2,-2.96,Graduate
3,16,9,171,1,1,128.1,15,11,21,6,7,129.5,0,0,0,1,0,0,26,0,6,11,8,3,3.8,8,6,1,9,11,1.1,1,14.4,2.7,-1.72,Graduate
1,5,6,9147,1,9,141.3,5,4,6,10,14,122.4,1,0,0,1,1,0,43,0,13,16,10,7,2.4,0,9,15,25,10,11.3,7,9.0,-0.4,-1.27,Graduate
1,5,5,33,1,4,139.1,21,15,19,8,15,105.7,0,0,0,1,1,0,37,0,6,19,28,6,10.1,9,3,0,21,14,5.1,3,12.9,1.4,-0.73,Graduate
2,5,9,171,1,4,133.9,10,12,30,9,17,111.6,1,0,0,1,1,1,32,0,6,18,22,12,8.8,4,10,7,16,0,7.1,1,14.5,0.9,-0.52,Dropout
1,16,4,33,0,4,105.3,7,27,20,19,10,133.0,1,0,0,1,0,0,53,0,4,5,4,6,0.1,2,5,3,13,12,0.3,9,15.1,2.0,0.74,Graduate
2,10,0,9003,1,3,92.3,8,4,10,16,1,119.8,1,0,0,1,0,0,38,0,11,3,18,14,6.7,8,2,1,18,2,9.4,3,10.8,1.6,-0.63,Dropout
1,2,1,9003,1,10,143.7,3,21,24,7,9,134.3,1,0,0,1,0,1,38,0,13,15,19,6,1.6,6,10,14,14,5,0.3,4,15.2,0.8,1.65,Graduate
1,15,7,9070,1,4,141.2,18,2,33,5,10,127.1,0,0,0,1,1,1,33,0,9,13,19,9,10.4,3,13,4,14,3,15.4,8,13.7,-0.3,-3.21,Graduate
5,15,0,9070,1,10,115.0,17,28,29,10,4,124.4,0,0,0,1,0,0,33,0,6,1,15,10,8.5,4,9,0,14,10,12.2,7,9.7,-0.2,-1.69,Graduate
6,15,2,9130,1,12,135.2,16,34,30,2,16,131.5,1,0,0,1,1,0,42,0,4,9,22,10,8.3,8,12,16,7,14,7.9,1,10.1,2.3,-2.2,Enrolled
3,10,1,8014,0,1,126.9,13,33,6,5,0,118.2,1,0,0,1,1,0,53,0,4,10,8,6,13.2,3,9,2,25,1,11.5,0,8.3,1.4,-1.69,Dropout
1,7,4,9085,1,4,146.3,4,8,14,16,13,132.2,1,1,0,1,1,0,54,0,2,9,13,10,8.3,6,14,13,13,7,8.5,0,10.4,2.7,-2.54,Dropout
1,17,3,8014,0,6,131.3,3,8,3,6,14,121.5,1,0,0,1,1,1,54,0,8,15,17,6,8.8,4,11,10,0,5,2.9,0,10.3,3.4,2.53,Graduate
2,1,6,171,0,10,143.5,11,22,24,5,6,160.0,1,0,0,1,1,0,19,0,11,11,27,6,11.4,0,4,13,0,2,9.6,2,12.6,2.2,-0.34,Graduate
1,1,4,9130,1,6,120.8,2,27,19,12,7,112.3,1,0,0,1,1,0,25,0,8,7,29,4,5.4,0,8,8,16,7,16.5,5,9.8,3.3,0.66,Dropout
1,5,7,33,1,6,134.3,18,28,34,13,15,122.4,1,0,1,1,1,0,17,0,0,1,25,6,16.9,5,12,1,4,1,11.4,7,10.8,-0.7,1.64,Dropout
1,5,3,9147,1,14,123.8,4,11,9,18,12,122.9,0,0,0,1,0,0,35,0,3,10,15,4,5.1,1,4,5,12,12,14.8,5,8.2,1.6,-1.75,Enrolled
1,16,5,9119,1,4,120.7,17,27,30,7,4,109.4,1,0,0,1,1,0,30,0,10,5,17,12,16.4,4,14,16,22,12,4.5,3,13.6,0.4,2.55,Dropout
5,15,3,9238,0,12,95.1,6,1,32,12,2,136.4,0,0,0,0,1,0,54,0,12,4,19,6,14.6,1,9,2,13,14,7.5,2,7.4,0.1,-0.66,Enrolled
1,16,1,9003,1,9,143.9,10,28,13,19,12,121.4,0,0,0,1,1,0,18,0,10,2,15,3,16.3,9,6,4,19,7,5.0,5,13.7,0.5,0.77,Dropout
2,17,0,8014,1,6,156.2,11,27,18,8,18,96.1,1,1,0,1,0,0,23,0,2,11,23,11,3.3,0,10,15,15,8,13.6,8,8.6,2.9,-3.86,Graduate
1,15,0,9085,1,1,109.2,5,8,22,4,11,136.0,1,0,0,1,1,0,54,0,14,11,25,7,4.2,7,1,3,14,5,11.5,3,15.8,2.0,-0.86,Dropout
1,5,7,9147,1,2,140.4,18,24,4,10,18,118.7,1,0,0,1,1,0,44,0,3,1,15,6,15.3,3,0,3,8,10,10.3,2,15.9,2.7,-1.84,Dropout
1,2,3,9147,0,6,139.8,10,24,23,6,16,125.6,0,0,0,1,0,0,26,0,1,9,16,5,17.2,9,10,2,21,11,0.1,4,15.9,1.4,-3.79,Graduate
1,7,4,9003,1,1,122.3,9,22,7,5,10,135.8,1,0,0,1,1,0,41,0,14,8,26,11,13.6,4,12,19,20,7,15.4,5,7.1,0.4,-1.4,Dropout
6,16,7,9238,1,5,118.9,16,10,11,11,2,122.3,1,0,0,1,1,0,38,0,5,7,5,5,11.5,5,7,12,20,13,16.4,6,9.0,1.3,2.29,Graduate
3,7,6,9070,1,1,147.7,10,4,34,11,1,122.2,1,0,0,1,0,0,27,0,5,14,29,4,14.6,5,1,14,5,14,12.6,3,12.0,0.2,2.7,Graduate
5,7,7,9147,1,3,146.1,10,8,5,5,13,159.0,0,0,0,1,0,0,54,0,13,8,26,1,0.7,3,8,16,27,9,15.9,1,13.6,3.7,0.26,Dropout
4,7,7,171,1,9,136.8,4,15,25,3,16,99.0,1,0,0,1,1,1,26,0,6,5,16,5,15.4,1,9,10,17,7,15.1,7,14.3,2.7,3.38,Dropout
2,5,5,171,1,5,122.2,21,8,28,12,1,110.3,1,0,0,1,1,0,34,0,12,11,24,7,5.1,1,4,5,2,14,14.7,5,8.2,-0.5,2.93,Graduate
5,1,9,9070,1,14,146.3,14,29,14,11,17,112.8,1,0,0,1,1,0,21,1,13,11,20,1,1.0,0,3,9,18,7,13.3,8,14.7,3.7,1.01,Graduate
1,5,1,33,1,1,117.5,8,14,27,14,14,150.3,0,0,0,1,0,1,27,0,5,13,18,5,12.3,4,1,0,13,0,1.1,7,13.3,-0.1,-2.54,Graduate
1,7,5,9130,0,1,151.3,1,32,16,7,11,118.6,0,0,0,0,1,0,43,0,12,17,16,1,13.6,5,7,5,24,9,2.3,6,9.6,2.2,-3.14,Graduate
1,5,0,9070,1,10,154.5,16,7,27,12,15,130.1,0,0,1,1,0,0,43,0,7,16,3,7,11.3,9,1,18,19,9,15.2,6,7.1,0.9,0.94,Graduate
1,7,0,9238,1,12,147.7,17,33,2,10,15,120.8,1,0,0,1,1,1,52,1,3,7,9,13,6.3,1,11,12,13,10,7.2,2,15.2,1.6,-0.98,Graduate
1,10,2,171,1,9,135.1,10,27,19,10,6,134.8,0,0,0,1,1,0,29,0,13,4,21,14,2.1,2,9,6,14,1,13.6,3,8.8,2.4,-3.69,Enrolled
1,15,2,9147,1,3,91.8,6,1,23,10,5,126.8,1,0,0,0,1,0,44,0,1,8,23,3,13.8,2,8,12,21,13,3.6,1,10.3,0.6,2.77,Dropout
3,1,4,171,1,6,127.2,7,6,14,18,13,130.3,1,0,0,1,0,1,18,0,9,6,24,11,0.9,6,2,3,12,1,11.7,8,14.7,-0.3,-3.67,Graduate
1,10,0,9119,1,3,156.5,18,2,26,16,7,143.7,0,0,0,1,0,1,23,0,6,19,14,9,13.7,7,8,5,0,14,4.4,7,13.0,2.2,1.93,Graduate
1,2,9,9130,1,14,144.1,2,7,8,0,19,132.7,0,0,0,0,0,0,48,0,13,4,19,7,17.2,1,3,14,22,7,7.8,1,8.2,-0.7,0.05,Dropout
1,5,5,9085,1,4,136.5,21,8,27,12,18,117.4,0,0,1,1,1,0,22,0,0,18,20,12,17.9,4,8,11,5,3,5.2,4,15.8,0.2,-0.84,Graduate
1,2,6,9119,1,4,119.8,9,29,28,19,18,131.1,0,0,0,1,0,0,35,0,0,9,7,5,7.1,6,8,17,22,2,8.1,0,9.9,-0.8,1.08,Dropout
3,16,9,33,1,3,145.4,5,16,4,8,11,158.4,1,0,1,1,0,0,31,0,13,3,15,7,2.0,7,4,5,25,11,17.7,5,12.4,2.5,-0.4,Graduate
1,5,2,9003,1,14,106.4,8,29,11,10,8,134.3,0,0,0,1,1,0,39,1,10,2,15,9,1.7,9,3,4,18,14,12.0,4,12.7,3.2,0.42,Enrolled
6,17,3,9119,1,6,127.4,5,31,24,8,8,129.0,1,0,0,1,0,0,40,0,13,3,18,13,8.8,2,2,11,16,8,15.5,1,12.1,0.7,0.33,Dropout
3,17,9,33,0,5,156.1,15,22,28,16,4,109.2,0,0,0,0,0,0,44,0,4,19,19,9,14.3,5,10,16,20,4,8.7,2,12.2,0.6,0.49,Dropout
1,15,9,33,1,12,117.9,8,10,18,6,13,136.4,1,0,0,1,1,1,40,0,4,13,25,8,0.9,8,9,9,21,13,0.3,3,9.2,-0.4,3.44,Dropout
1,10,9,9085,1,12,139.1,5,4,21,7,0,138.3,1,0,0,1,0,0,38,0,4,7,27,11,3.0,3,14,7,25,1,12.9,1,15.6,-0.6,-1.84,Graduate
3,15,9,9003,1,3,103.6,5,25,26,1,2,131.1,0,0,0,1,1,0,22,0,2,4,5,6,10.6,5,3,15,3,10,17.4,3,11.4,0.3,-1.73,Graduate
2,16,9,8014,0,12,120.2,20,13,3,13,10,128.5,1,0,0,1,0,1,20,0,13,4,4,0,1.5,3,5,14,7,12,5.2,1,8.3,3.1,-1.32,Enrolled
2,7,2,9070,1,3,132.7,17,17,13,9,3,163.8,0,0,0,1,0,0,50,0,5,10,14,0,15.8,4,7,13,10,9,11.9,2,14.6,1.9,2.77,Graduate
3,15,0,9147,1,4,135.3,9,8,28,8,19,138.1,1,0,1,0,1,1,43,1,14,5,7,10,9.1,2,11,17,18,1,7.8,0,8.3,-0.7,0.13,Dropout
1,15,7,9238,1,1,161.0,2,23,14,0,0,143.1,1,0,1,1,0,0,38,0,1,4,9,0,7.0,3,2,15,26,4,9.7,2,14.8,1.9,2.97,Graduate
1,17,9,9238,1,5,122.4,1,7,1,11,5,127.9,1,0,0,1,1,0,32,0,9,0,10,12,0.2,2,9,7,7,0,1.2,7,12.0,-0.6,1.67,Graduate
1,7,9,9238,1,12,138.9,21,32,28,13,9,125.3,1,0,0,1,1,1,48,0,7,13,1,1,2.0,3,8,0,14,11,13.6,0,7.4,1.1,-2.16,Graduate
4,17,1,8014,1,2,138.5,11,24,11,18,3,135.2,0,0,0,1,1,0,21,0,7,16,11,10,14.9,5,10,6,20,13,15.4,9,8.1,3.4,0.26,Graduate
2,5,0,9070,1,4,121.2,15,1,4,10,16,125.3,0,0,0,0,1,0,49,0,4,1,24,14,12.6,1,5,3,8,7,1.3,4,15.5,2.0,-3.45,Dropout
1,7,7,9238,0,14,144.3,1,27,34,8,4,126.3,0,0,0,1,1,0,51,0,5,2,16,12,0.4,9,14,5,28,11,9.9,3,8.2,2.0,0.17,Graduate
1,10,6,9070,0,2,140.0,7,6,1,16,1,133.0,0,0,0,0,1,0,21,0,1,5,17,10,17.5,0,3,14,26,4,13.7,0,12.3,2.2,-2.62,Dropout
1,15,6,9147,1,10,125.9,19,31,10,19,0,120.3,0,0,0,1,1,0,39,0,4,17,7,14,6.4,7,2,10,24,5,17.7,6,9.8,-0.2,-0.95,Dropout
1,17,3,9238,1,12,132.9,15,12,17,5,15,129.9,1,0,0,0,1,1,53,0,7,11,7,14,10.9,2,4,9,4,6,5.9,4,14.2,-0.4,0.3,Enrolled
2,7,8,9003,1,3,115.6,6,26,7,5,6,128.0,1,0,1,1,1,1,48,0,9,5,13,10,13.0,3,7,6,26,6,6.1,9,14.1,0.9,-2.6,Dropout
2,16,5,33,1,12,116.7,20,25,13,19,2,139.6,1,0,0,1,1,0,30,0,13,1,23,2,17.2,3,6,13,10,6,15.8,1,14.2,0.1,1.64,Dropout
4,16,1,9238,1,6,129.7,10,4,22,9,13,119.1,1,0,1,1,1,0,49,0,13,17,1,5,16.0,3,6,5,3,10,12.6,4,8.9,-0.7,-0.43,Graduate
1,15,0,9070,1,6,141.2,12,6,1,9,18,101.0,1,0,0,1,0,0,21,0,6,12,7,8,10.8,7,12,4,12,8,17.2,1,13.4,0.7,2.55,Graduate
1,10,0,33,1,9,125.0,13,13,28,16,15,123.0,0,1,0,1,1,0,51,0,11,15,20,14,2.5,3,10,19,19,8,8.7,3,7.8,1.4,-1.71,Enrolled
2,2,8,9085,1,5,120.8,15,25,33,13,5,132.2,0,0,0,1,0,0,54,0,14,12,19,7,15.2,2,12,14,16,5,11.2,6,7.7,-0.6,1.74,Graduate
3,17,3,9238,1,6,126.5,19,31,13,4,0,139.5,0,0,0,1,1,0,38,0,14,16,1,12,14.7,5,13,17,22,4,1.4,9,10.7,3.6,-3.88,Dropout
2,10,4,9238,1,1,142.4,17,22,1,2,6,118.0,1,1,1,1,0,0,22,0,8,3,24,2,11.5,1,6,0,3,7,17.4,7,12.4,2.6,0.12,Graduate
3,1,2,9119,1,3,109.7,13,21,25,10,10,134.0,1,0,0,1,0,0,50,0,11,5,18,14,17.8,9,4,19,21,4,6.6,4,9.8,2.5,2.34,Enrolled
1,1,3,33,1,12,142.9,2,15,21,18,17,141.8,1,0,0,1,1,0,20,0,8,13,13,10,9.5,8,7,10,6,11,10.2,6,9.7,3.2,2.23,Enrolled
1,1,7,9238,1,5,137.7,18,3,33,19,8,136.8,0,0,1,1,0,1,18,0,7,18,11,1,3.8,4,7,0,21,2,10.5,4,7.7,1.9,0.22,Dropout
1,15,3,9003,0,5,109.7,11,26,34,18,2,116.7,1,0,0,1,1,1,25,0,1,12,4,14,4.6,6,10,16,10,3,8.2,8,8.8,1.2,0.64,Graduate
1,16,8,9147,1,10,126.5,5,17,3,13,7,118.1,0,0,0,1,1,0,46,0,14,10,19,13,7.3,0,8,17,1,12,14.2,9,12.5,1.4,1.74,Graduate
1,5,8,33,1,2,139.5,4,8,30,14,7,132.7,1,0,1,1,0,0,53,0,3,14,24,13,7.6,1,12,5,24,12,10.5,8,13.1,0.1,0.05,Graduate
1,17,5,9147,1,9,101.3,2,11,3,2,0,148.1,1,0,0,1,0,1,35,0,12,15,19,13,15.0,2,3,17,15,8,4.1,7,15.2,0.9,2.01,Dropout
2,16,1,9130,1,12,114.5,16,24,18,2,9,127.2,0,0,0,1,0,0,25,0,3,0,20,6,16.0,3,3,6,29,2,6.2,1,10.4,2.8,0.5,Graduate
1,5,9,9070,1,9,107.2,7,8,23,8,14,124.9,0,0,0,1,1,0,21,0,7,16,28,8,6.9,9,5,14,4,4,17.2,5,9.1,1.5,-2.92,Graduate
1,5,6,9085,1,5,121.3,8,30,8,10,9,109.2,1,0,0,0,1,0,32,0,1,15,10,11,17.0,2,11,14,11,8,15.1,8,13.5,0.0,1.75,Graduate
5,16,8,9119,1,6,145.6,8,1,9,14,7,122.3,1,0,0,1,1,0,42,0,9,4,23,7,16.7,1,6,3,12,3,17.4,5,13.1,3.1,-1.35,Enrolled
1,17,5,9003,0,4,142.0,2,34,2,16,1,117.7,0,0,0,0,0,0,23,0,8,15,19,4,7.4,5,10,19,1,3,4.5,6,9.5,2.1,2.63,Dropout
1,15,2,9085,1,9,122.4,15,20,2,11,17,127.4,1,0,0,1,0,0,18,0,11,13,10,1,15.6,0,8,5,0,0,8.0,6,13.9,1.9,-1.15,Dropout
3,10,6,9119,0,1,145.4,5,34,27,16,1,107.3,1,0,0,1,0,0,30,0,1,3,17,11,2.0,7,3,7,10,9,1.3,3,8.8,3.6,-2.22,Graduate
1,5,4,9085,1,4,140.0,19,34,5,8,18,122.7,0,0,0,1,1,1,47,0,3,10,26,11,9.2,0,1,6,19,11,8.3,9,10.1,3.4,-1.77,Dropout
1,2,0,9085,1,3,149.1,10,13,1,12,8,113.9,0,0,1,1,0,0,38,0,2,2,9,13,12.8,9,6,4,3,1,4.2,7,9.2,-0.1,-2.68,Graduate
1,16,2,171,0,4,128.7,9,6,22,7,9,139.2,0,0,0,1,0,0,49,0,9,18,15,12,6.2,1,6,5,24,0,7.5,9,12.8,2.5,-0.67,Dropout
1,16,4,9070,1,1,138.1,20,25,10,5,3,115.8,0,0,0,1,1,0,47,0,7,1,17,4,0.4,2,4,6,17,2,5.5,1,11.4,3.3,1.6,Graduate
5,1,6,8014,1,2,180.6,8,27,24,6,0,119.6,0,0,0,1,1,1,35,0,0,12,25,5,1.0,3,14,8,16,12,0.8,2,13.6,3.1,0.94,Graduate
3,10,2,9119,1,12,125.4,5,31,15,0,10,130.7,0,0,0,0,1,1,22,0,6,12,8,6,16.1,4,13,1,7,11,4.8,9,8.0,3.2,2.54,Enrolled
2,1,5,9003,1,9,129.0,19,3,33,9,1,121.1,0,0,1,1,1,0,26,0,6,8,29,11,9.3,3,7,15,27,12,9.4,7,9.3,2.8,-3.9,Enrolled
4,16,4,33,1,6,127.6,13,28,23,14,3,157.7,0,0,0,1,1,1,28,0,14,6,28,8,2.7,5,14,1,10,1,1.5,2,11.4,3.6,1.69,Dropout
3,16,0,9085,0,2,128.6,14,4,14,13,14,139.1,1,0,0,1,1,1,42,0,8,11,25,5,16.2,2,10,8,19,3,11.3,8,7.5,0.4,0.55,Enrolled
1,5,9,9085,0,1,138.4,8,17,18,3,19,127.2,1,0,0,1,1,0,20,0,12,15,5,4,17.0,7,12,5,1,2,12.4,5,13.6,-0.1,3.24,Graduate
4,10,5,9119,1,2,130.9,16,34,25,3,12,131.8,0,0,1,1,0,1,21,0,9,17,11,6,5.9,1,8,8,23,2,6.9,9,9.5,-0.5,2.23,Graduate
1,7,7,9130,1,9,109.5,5,20,22,8,0,96.4,1,0,0,1,1,1,46,0,7,15,0,2,10.5,8,5,7,12,7,16.4,8,12.4,2.9,-1.94,Graduate
3,2,0,8014,0,2,130.3,1,13,7,14,1,143.0,0,0,0,1,0,0,40,0,5,4,9,8,5.9,6,6,7,12,14,1.5,1,15.1,1.2,2.48,Enrolled
4,17,1,9085,1,3,122.1,19,5,26,11,5,133.7,1,0,0,1,1,1,51,0,5,11,1,4,13.1,7,8,4,15,2,11.3,1,9.3,0.4,2.57,Dropout
1,5,3,9238,1,10,104.1,19,24,24,8,6,126.0,1,0,0,0,1,0,21,0,5,0,12,14,17.1,5,11,13,23,10,13.2,2,13.7,2.2,2.18,Enrolled
1,16,1,171,1,9,147.2,17,17,13,2,18,134.4,1,0,1,1,1,1,21,0,4,9,8,10,0.5,4,7,8,0,4,14.1,3,12.7,-0.8,-0.08,Graduate
1,17,8,9147,0,12,122.0,21,31,6,14,3,135.9,1,0,0,1,1,0,24,0,13,8,7,13,8.5,4,5,10,19,7,8.1,7,8.6,0.1,2.37,Dropout
1,5,9,171,1,4,135.8,10,28,21,10,17,121.6,1,0,0,1,1,0,51,0,0,17,24,12,14.4,6,1,1,9,4,4.8,2,13.6,0.9,-1.67,Graduate
3,2,7,8014,1,9,82.7,5,1,7,5,8,131.9,0,0,0,1,1,1,17,0,1,3,29,12,12.4,3,14,8,25,6,17.3,0,7.6,0.2,-1.42,Dropout
4,16,7,9238,0,1,137.5,7,2,18,14,10,140.6,1,0,0,1,1,1,18,0,10,0,26,13,3.3,0,1,2,12,9,16.7,7,11.7,0.7,0.85,Enrolled
1,2,3,171,0,2,125.3,16,33,15,6,4,132.9,1,0,0,1,1,0,23,0,11,19,11,8,7.1,5,3,5,20,4,17.7,2,8.1,-0.1,-3.85,Graduate
1,17,4,9147,1,9,106.7,3,29,8,18,0,123.7,1,0,0,0,1,0,31,0,5,12,12,13,8.4,4,10,18,0,9,13.0,3,13.2,-0.8,0.87,Graduate
1,7,3,33,1,2,121.7,12,4,16,13,1,130.9,0,0,0,0,1,0,30,0,1,4,5,2,13.4,6,12,9,14,7,14.1,0,9.7,1.4,-1.63,Graduate
1,5,8,9070,1,6,119.7,14,18,3,3,2,145.0,1,0,0,1,1,1,29,0,4,17,18,7,8.3,0,6,1,21,4,16.7,4,14.3,-0.5,2.72,Enrolled
1,15,1,33,1,14,141.3,20,24,9,0,16,137.2,1,0,1,1,1,0,45,0,9,5,26,6,5.7,6,3,17,16,1,8.0,0,11.4,2.4,-0.93,Graduate
1,5,7,9070,1,12,131.4,1,32,26,12,1,111.9,1,0,0,1,1,1,18,1,0,19,19,14,7.5,9,7,7,17,14,2.9,9,7.7,-0.5,1.61,Graduate
5,1,1,9130,1,5,107.2,7,9,26,10,0,134.6,0,0,0,1,1,1,23,0,0,4,13,3,17.4,1,5,8,24,8,10.1,0,12.4,2.6,-2.0,Dropout
1,10,0,9130,1,14,136.6,18,16,30,17,1,132.9,0,0,0,1,1,0,26,0,5,11,22,9,0.8,6,2,16,7,10,8.6,8,7.1,-0.5,-1.57,Dropout
1,10,9,9130,1,9,98.9,4,21,27,8,7,142.1,0,0,0,1,1,0,36,0,0,11,12,5,6.0,9,0,1,10,5,14.0,8,9.6,3.6,-2.66,Graduate
2,1,2,171,1,1,113.1,16,30,16,10,12,127.4,0,0,0,0,1,0,41,0,3,12,29,3,3.6,1,8,8,19,14,13.3,0,9.4,0.8,-2.24,Graduate
1,16,8,9130,1,10,130.2,11,3,4,5,13,122.2,0,0,0,1,0,0,42,1,1,4,23,2,7.2,2,13,1,15,3,5.0,9,15.8,0.6,-3.24,Graduate
6,10,2,9070,1,12,120.6,18,33,19,15,11,109.2,0,0,0,0,1,0,22,0,8,19,29,13,10.5,6,0,14,10,4,1.8,2,9.2,0.6,0.61,Graduate
6,2,8,33,1,5,147.9,16,31,34,4,8,118.0,1,0,0,1,0,0,20,0,0,16,15,5,3.5,1,7,2,24,10,10.3,4,13.1,0.3,2.3,Enrolled
1,17,6,9119,1,6,132.5,7,14,6,0,18,142.7,1,0,1,1,1,1,24,1,2,3,27,14,7.7,3,10,7,15,12,12.2,0,9.3,-0.0,-1.91,Graduate
1,17,9,9085,1,10,139.4,21,6,15,13,19,129.6,1,0,0,0,1,0,29,0,6,6,28,6,14.9,8,2,6,18,9,9.1,3,7.7,2.9,-1.77,Dropout
1,10,0,9070,1,4,140.0,3,5,10,18,6,125.7,1,0,0,1,1,0,53,0,0,3,14,7,11.6,5,4,12,0,13,12.0,3,7.6,1.3,2.82,Graduate
1,10,9,33,1,2,123.4,5,29,6,5,9,143.8,1,0,0,1,0,1,24,0,12,13,9,1,12.2,7,5,11,20,12,13.5,3,15.3,-0.4,-3.37,Graduate
1,1,4,33,1,14,114.0,18,21,6,11,2,141.2,0,0,0,1,1,0,45,0,0,14,13,7,16.9,8,5,18,27,7,8.0,1,7.9,2.9,-3.37,Dropout
2,16,8,9085,1,10,129.3,17,12,15,6,18,117.4,1,0,0,1,1,0,43,0,12,18,8,0,7.4,8,8,12,23,2,9.0,6,14.5,3.1,1.77,Enrolled
1,7,2,9238,0,2,143.0,1,23,29,9,16,142.6,1,0,0,0,0,0,25,0,5,16,9,9,18.0,6,3,16,21,2,11.4,3,11.9,3.4,-2.16,Graduate
1,10,8,9119,1,5,126.5,16,14,25,9,7,105.4,0,0,0,0,1,0,30,0,11,17,7,7,6.9,9,5,14,13,6,11.1,9,10.9,-0.6,-0.04,Enrolled
1,15,4,9238,0,6,138.9,15,10,19,12,17,133.0,0,0,1,1,0,0,27,0,5,0,17,7,3.3,1,2,13,19,12,8.7,5,16.0,1.3,-0.59,Dropout
5,10,8,9238,1,5,129.6,13,27,14,6,6,131.4,0,0,0,1,1,0,41,0,3,8,17,0,14.5,5,5,18,9,11,4.6,8,15.0,1.9,0.14,Enrolled
1,7,9,33,1,6,106.7,7,2,3,18,6,141.9,1,0,0,1,1,0,39,0,9,15,11,0,9.2,7,9,2,16,11,12.3,4,9.1,3.0,-3.41,Graduate
1,1,5,9147,1,6,108.0,3,14,14,0,19,132.0,0,0,0,1,1,1,26,0,2,19,20,6,6.2,3,12,17,13,0,7.0,4,12.4,2.0,-1.19,Graduate
1,7,8,9003,1,3,153.4,13,7,21,14,15,123.8,1,0,0,1,1,1,23,0,9,5,17,5,4.4,8,0,16,0,8,8.2,4,8.4,1.3,0.79,Dropout
6,1,6,9070,1,3,112.5,16,17,11,13,14,124.8,0,0,0,1,0,0,29,0,0,16,16,3,14.8,7,14,19,21,8,9.5,4,12.4,2.6,-2.37,Graduate
1,2,6,171,1,12,120.4,1,20,10,12,13,162.0,1,0,0,1,0,1,38,0,7,13,25,1,10.2,0,11,4,20,1,8.4,4,8.1,1.3,-2.92,Graduate
2,1,7,9238,1,3,143.8,1,8,15,6,15,128.1,1,0,0,1,1,1,34,0,7,17,10,8,11.2,7,12,10,20,3,11.9,8,12.6,0.5,-0.74,Graduate
3,2,6,9130,1,3,112.1,16,20,30,11,8,134.8,1,0,1,1,1,0,25,0,6,3,10,1,8.3,8,8,13,24,8,9.3,1,15.8,1.8,3.08,Enrolled
1,2,8,171,1,2,119.7,2,5,17,7,9,100.7,1,0,0,1,0,0,38,0,3,5,19,10,3.9,0,13,19,6,3,5.4,8,12.2,1.5,3.12,Graduate
2,1,8,8014,1,9,126.8,18,13,29,14,14,116.2,0,0,0,1,1,0,25,0,12,18,29,13,6.1,8,3,6,4,7,17.2,8,8.1,1.4,2.37,Dropout
1,15,5,9147,1,14,124.9,21,17,17,16,9,133.7,1,0,1,1,0,0,30,0,1,11,13,3,2.3,0,10,17,3,12,17.8,8,14.2,0.1,-2.11,Enrolled
2,5,6,171,0,14,115.4,18,6,33,11,1,106.0,1,0,0,0,1,0,28,0,6,14,0,2,6.1,9,13,4,15,12,1.3,9,10.0,3.0,1.19,Graduate
2,1,1,9085,1,4,127.1,5,19,21,12,4,134.1,1,0,0,1,1,0,33,0,7,4,19,1,16.4,6,9,1,19,12,12.1,5,7.8,-0.5,3.22,Dropout
1,10,8,9003,1,1,140.2,5,25,14,7,7,117.6,1,0,0,1,1,0,33,0,11,15,14,6,10.3,1,7,17,16,2,16.0,7,12.9,-0.6,1.08,Graduate
1,15,0,9119,1,6,128.2,8,3,10,9,5,113.6,0,0,0,1,1,0,40,0,12,9,27,4,0.8,3,8,8,29,3,17.1,9,14.5,-0.2,0.57,Enrolled
3,15,0,9085,1,5,120.1,9,28,23,6,5,117.5,1,0,0,1,1,1,29,0,4,12,19,9,13.8,7,7,2,1,13,14.6,3,11.3,-0.3,-3.17,Dropout
1,10,2,9238,0,2,144.2,14,26,14,1,0,146.9,0,0,0,0,0,1,52,0,8,9,5,8,13.8,7,12,5,7,12,16.1,4,15.4,3.2,1.6,Graduate
1,5,5,9147,1,6,155.6,13,8,22,15,15,131.3,0,0,0,0,1,0,34,0,9,4,25,3,13.7,9,13,6,6,0,6.4,7,13.1,2.8,1.75,Dropout
1,15,4,9147,0,1,144.3,18,15,28,3,17,115.2,1,0,0,0,1,0,46,0,7,16,4,12,11.1,6,14,14,19,12,15.0,9,12.6,0.5,-2.76,Graduate
2,2,1,9238,0,3,113.2,4,1,9,5,2,137.1,0,0,0,1,0,1,53,0,13,18,12,1,0.6,3,14,3,27,3,11.0,0,10.2,0.4,-1.04,Graduate
2,17,8,9003,1,4,113.5,18,23,23,6,6,137.8,1,0,0,1,0,1,17,0,12,19,8,11,6.9,3,4,5,0,13,7.7,7,9.8,1.0,0.24,Graduate
1,5,9,33,1,3,136.6,20,16,7,18,11,122.0,1,0,0,1,1,1,30,0,3,16,9,5,5.9,5,6,3,3,5,14.6,8,9.5,1.5,-2.18,Graduate
1,16,3,171,1,6,132.6,15,4,24,3,9,139.5,1,0,0,1,1,0,26,0,9,0,7,0,0.4,9,3,19,11,9,4.0,8,15.6,0.7,3.38,Dropout
1,10,3,9130,1,4,111.6,7,8,9,9,9,140.1,1,0,0,1,1,0,21,0,8,19,5,14,1.5,4,4,18,14,12,17.1,4,12.9,3.3,-2.8,Enrolled
2,5,4,9238,1,1,134.3,13,10,7,3,8,138.1,1,0,0,1,0,1,38,0,0,19,12,1,7.6,8,13,4,24,10,8.3,3,12.3,-0.6,3.24,Graduate
1,1,7,9130,1,5,131.5,2,30,23,19,10,118.2,1,0,0,1,1,1,45,0,11,6,26,6,15.9,4,6,11,14,10,15.3,8,9.9,3.5,-2.81,Dropout
2,17,9,171,0,5,152.2,9,16,25,4,18,111.7,1,0,0,1,1,1,48,0,13,5,21,10,17.3,5,12,0,19,6,4.4,0,10.2,1.8,-0.31,Enrolled
1,5,3,9003,1,12,123.5,5,30,22,13,7,105.0,1,0,1,0,1,1,47,0,12,0,5,6,13.4,7,2,6,16,5,16.1,5,9.5,3.5,3.41,Enrolled
5,2,4,33,1,10,150.8,1,10,7,10,17,118.5,0,0,0,1,1,0,53,0,8,10,19,13,4.1,9,0,8,9,3,9.8,9,8.4,2.3,-2.58,Graduate
1,17,3,9119,1,10,151.5,19,11,6,1,3,122.2,1,0,0,1,1,0,49,0,0,16,13,13,16.6,3,2,2,13,14,4.9,5,15.3,-0.1,1.52,Enrolled
1,1,5,9003,1,5,119.9,20,34,22,8,1,123.3,1,0,0,1,1,0,46,0,4,13,20,4,17.6,9,14,9,28,11,10.8,2,12.2,2.3,-0.2,Enrolled
1,7,2,9130,0,10,135.3,19,16,33,11,12,126.4,1,0,0,1,1,0,49,0,12,11,29,5,7.7,9,4,10,23,13,1.3,4,13.6,3.6,-0.87,Graduate
5,10,7,9147,1,14,126.8,13,19,21,0,13,149.5,1,0,1,1,1,0,26,0,4,17,3,3,9.4,1,1,1,8,7,6.5,8,11.3,1.4,-0.91,Enrolled
4,17,5,9147,1,9,126.2,6,4,11,14,19,122.6,1,0,0,1,1,1,51,0,7,18,1,1,6.2,1,8,14,14,6,9.5,9,7.5,3.1,0.16,Dropout
1,10,9,8014,1,1,133.7,10,31,13,5,14,126.4,0,0,0,1,1,0,44,0,10,17,20,13,15.3,9,1,0,11,14,9.5,8,11.2,3.7,1.75,Graduate
2,5,4,9070,1,9,118.2,11,34,3,16,12,103.4,1,0,0,1,1,0,25,0,10,16,27,11,5.4,4,4,14,18,0,11.1,6,7.4,0.7,-1.59,Enrolled
3,15,1,9085,1,10,106.1,16,26,13,14,5,156.0,1,0,0,1,0,1,27,0,4,1,28,12,2.0,1,5,12,12,0,0.8,4,15.5,1.1,3.48,Graduate
2,1,9,9085,1,3,122.0,1,6,34,13,19,109.9,0,0,1,1,1,0,43,0,12,15,28,6,8.2,1,13,8,17,10,13.8,6,10.1,0.4,2.81,Graduate
1,7,9,9238,1,12,147.7,19,33,28,18,5,117.8,1,0,0,1,1,1,48,0,11,16,0,13,3.1,3,0,19,20,12,1.7,9,8.4,3.4,-0.34,Dropout
1,1,6,9130,0,10,127.0,5,27,34,8,0,136.0,1,0,0,1,1,0,37,0,7,9,13,10,7.8,6,9,16,0,8,16.9,1,9.0,2.0,-0.01,Graduate
1,10,1,9085,1,2,129.7,6,12,32,2,14,130.2,0,0,0,1,1,0,28,0,0,6,24,13,10.5,0,1,9,19,8,9.9,7,15.2,2.6,1.42,Enrolled
4,1,0,9085,1,6,141.9,6,8,23,14,5,148.4,0,0,0,1,0,0,23,0,9,4,15,13,14.4,4,3,0,21,8,17.6,6,8.9,0.1,-1.83,Dropout
5,7,6,9003,1,4,106.0,5,9,24,16,14,136.4,1,0,0,1,1,0,38,0,13,7,25,13,12.5,2,8,8,29,7,3.3,7,8.2,1.1,-0.28,Graduate
2,15,4,9119,0,3,136.6,6,1,1,1,14,125.9,0,0,0,1,1,0,48,0,2,11,27,9,13.3,2,13,18,6,14,14.0,1,12.6,2.1,-1.46,Dropout
1,5,0,9130,0,6,155.0,13,5,24,3,13,140.6,1,0,0,1,0,0,19,0,6,2,13,4,10.6,7,5,5,11,8,10.5,5,7.8,2.5,-0.84,Graduate
1,2,3,8014,1,14,131.4,1,7,3,13,9,142.1,0,0,0,1,1,0,28,0,14,0,8,8,1.5,3,1,19,17,0,15.0,1,11.2,2.2,2.01,Graduate
2,1,3,9119,1,12,101.2,1,18,17,10,7,118.4,1,0,0,0,1,0,29,0,5,3,8,6,15.8,5,0,18,28,12,0.9,7,13.1,2.4,-0.22,Enrolled
4,17,9,8014,1,2,128.9,14,24,7,11,3,139.5,1,0,0,0,0,1,38,0,10,10,1,13,12.6,9,11,11,9,1,6.6,1,8.3,2.0,2.26,Graduate
4,2,6,9130,1,14,139.2,8,26,10,15,5,124.1,0,0,0,1,1,0,54,0,4,4,10,1,14.2,0,7,10,13,8,11.9,0,14.0,0.1,-2.6,Enrolled
3,10,8,33,1,14,131.7,9,10,19,11,19,125.7,1,0,0,1,0,0,44,0,6,7,18,13,16.9,1,0,13,15,3,5.2,9,10.9,1.7,0.96,Graduate
2,5,1,33,1,14,134.1,10,12,24,1,16,128.9,1,0,0,1,0,1,21,0,14,1,28,0,17.4,7,1,11,24,9,16.4,8,13.4,3.2,2.46,Graduate
1,16,0,9085,0,5,135.9,6,22,9,6,6,122.0,1,0,0,1,1,0,46,0,12,5,23,2,17.3,5,1,12,28,10,13.9,5,9.3,-0.3,-2.65,Graduate
1,5,1,9238,1,6,116.0,9,27,15,2,11,121.4,0,0,1,1,1,0,48,0,4,3,17,10,4.9,7,11,6,11,4,6.7,5,10.9,0.3,-0.43,Enrolled
4,1,6,9147,1,4,117.9,18,3,22,2,3,139.8,1,0,0,1,0,0,36,0,6,18,11,13,15.3,6,6,2,1,0,2.7,5,11.3,1.2,2.79,Graduate
2,17,9,9003,1,9,124.5,15,18,17,12,13,107.1,0,0,0,1,0,0,36,0,9,10,5,7,17.3,5,2,6,20,13,12.1,0,9.7,-0.5,3.14,Dropout
1,15,5,9085,1,2,135.9,4,5,19,6,3,113.2,1,0,1,1,0,0,25,0,2,8,8,5,12.7,2,5,15,6,10,13.0,7,14.1,0.9,1.73,Enrolled
1,5,3,9070,1,9,112.2,2,14,9,4,15,135.8,0,0,0,0,1,0,23,0,5,4,6,13,12.9,4,14,0,29,1,4.9,3,8.6,1.1,0.92,Dropout
2,1,0,33,1,2,160.8,6,25,19,4,0,126.1,1,0,0,1,1,0,23,0,1,17,2,1,15.9,6,14,14,15,1,1.6,0,13.0,2.9,-2.75,Graduate
1,1,0,9085,0,1,93.6,17,31,8,19,17,139.9,0,0,0,1,0,0,42,0,0,2,7,6,5.2,3,12,11,26,4,2.4,0,15.4,3.6,3.33,Graduate
1,2,4,9147,1,5,104.4,7,21,6,5,18,131.7,1,0,0,1,1,0,49,0,1,7,8,11,3.5,5,12,10,24,4,15.8,0,14.5,0.1,-3.94,Dropout
1,5,0,8014,0,2,138.3,20,20,21,12,9,109.7,0,0,0,1,1,1,47,0,3,5,20,7,7.9,0,14,0,14,8,6.8,6,13.9,0.1,0.03,Graduate
2,1,6,8014,1,10,137.0,15,14,29,6,4,127.8,1,0,0,1,1,0,30,0,10,7,14,11,17.1,1,9,2,6,11,14.4,5,8.3,3.3,-2.65,Graduate
2,2,0,171,1,10,128.9,21,20,34,1,12,133.9,1,0,0,1,1,1,51,0,9,16,7,11,1.1,7,14,10,21,4,7.2,6,13.8,3.2,3.1,Graduate
1,17,0,9003,1,1,140.1,2,30,12,8,5,130.0,0,1,0,1,1,0,46,0,5,1,23,3,8.0,5,0,5,21,9,13.8,6,10.4,3.5,0.95,Dropout
2,7,1,9238,1,4,138.5,21,20,32,18,3,120.9,1,0,0,1,1,0,51,0,10,4,16,13,12.4,9,6,12,15,7,15.1,4,7.9,3.0,2.59,Graduate
1,17,9,8014,1,12,130.0,12,7,6,1,15,123.4,0,0,0,0,0,0,35,0,4,13,17,7,11.7,5,14,17,4,7,5.9,6,13.3,1.7,-0.78,Graduate
1,16,2,171,1,5,134.0,10,5,17,12,7,119.7,1,0,0,1,1,0,25,0,7,0,27,12,14.6,7,2,13,8,2,17.9,1,7.6,1.8,1.53,Dropout
2,2,0,33,1,14,82.9,17,31,32,7,15,109.8,1,0,0,1,1,1,34,0,1,19,22,9,4.9,7,11,13,27,2,3.2,0,10.4,1.1,1.27,Graduate
2,2,8,8014,1,6,128.0,18,29,8,15,10,108.0,1,0,0,1,1,1,17,0,2,7,0,13,4.2,0,4,4,26,2,10.1,9,14.7,-0.8,2.46,Dropout
3,1,9,9238,1,3,129.3,16,15,29,0,0,132.1,0,0,0,1,1,0,33,0,1,11,29,3,14.9,8,2,11,9,4,12.0,4,13.2,1.4,-3.73,Enrolled
2,10,7,9085,1,5,158.7,10,25,31,10,17,115.7,0,0,0,1,0,0,38,0,9,16,13,2,14.9,3,3,2,19,0,2.8,0,11.7,3.2,0.01,Graduate
2,10,4,9147,1,1,117.6,8,13,19,7,3,134.5,0,0,0,1,1,1,28,0,1,1,3,7,4.5,1,9,10,29,9,0.6,6,14.9,-0.3,1.65,Enrolled
1,15,1,9070,1,10,129.5,21,24,9,19,10,119.3,1,0,0,1,1,1,34,0,3,2,6,1,7.9,2,3,0,17,14,2.1,1,13.7,0.1,3.38,Dropout
1,10,4,8014,1,6,151.4,13,15,28,0,19,109.9,1,0,0,1,1,0,18,0,11,6,13,3,8.1,6,10,15,16,7,2.6,4,11.2,-0.0,1.29,Graduate
1,2,5,9070,1,2,138.4,16,24,31,6,9,121.7,1,0,0,1,0,0,40,0,1,1,9,6,9.2,8,14,6,29,12,11.5,2,13.7,-0.7,0.47,Graduate
1,15,0,9070,1,4,130.4,8,26,19,8,15,154.2,1,0,0,1,0,0,20,0,14,18,20,0,15.1,6,14,2,3,4,17.5,0,14.9,-0.2,-0.16,Graduate
6,17,3,9070,0,4,144.4,12,19,33,1,9,125.8,1,0,0,1,1,1,39,0,1,19,1,1,10.9,0,14,2,13,3,8.9,9,8.3,1.2,-1.66,Enrolled
1,1,8,9119,1,12,118.1,17,24,26,18,4,135.4,1,0,0,1,1,1,20,0,2,10,2,11,9.3,5,3,16,16,10,14.3,2,8.8,2.8,-3.03,Graduate
4,17,1,9070,1,12,155.9,16,19,1,5,17,129.2,0,1,0,1,1,0,37,0,12,10,7,4,5.2,5,8,17,24,9,1.9,3,13.5,-0.6,2.92,Graduate
2,5,4,9119,1,5,139.6,9,17,11,4,10,108.7,1,0,0,1,1,1,43,0,0,15,15,8,0.7,4,10,14,28,2,6.3,8,8.5,1.1,-2.66,Graduate
3,16,0,9147,1,3,105.6,19,5,2,12,2,145.8,0,0,1,1,1,1,27,0,4,13,28,0,16.5,0,12,5,12,0,2.8,3,8.5,3.0,1.38,Graduate
1,16,3,9070,1,1,120.9,17,4,13,9,8,123.8,1,0,0,0,1,0,40,0,10,5,0,2,12.9,4,4,2,7,8,12.4,6,12.9,3.4,1.91,Graduate
2,2,3,171,0,6,97.6,8,22,34,0,14,110.0,1,0,0,1,1,0,43,0,3,1,11,5,1.3,4,9,15,3,12,17.3,5,11.8,-0.5,2.44,Dropout
1,2,5,9070,0,10,141.9,12,10,34,17,18,120.3,1,0,1,1,1,0,52,0,10,9,12,6,5.4,7,10,8,1,8,5.9,0,13.8,2.2,-1.64,Enrolled
1,15,9,9130,1,1,138.5,9,21,32,13,18,124.3,0,0,0,1,1,0,43,0,10,6,20,5,11.6,4,8,2,29,1,5.5,4,9.9,2.3,2.64,Graduate
2,1,8,9003,0,1,123.1,6,25,12,11,4,136.7,0,0,1,1,1,0,44,0,0,19,14,11,3.8,4,7,19,9,4,7.9,4,12.5,3.6,-0.23,Graduate
1,7,2,171,1,9,148.0,10,6,33,5,5,118.2,1,0,0,1,1,0,50,0,5,5,2,11,1.9,8,4,16,25,1,1.9,9,15.1,-0.7,-2.72,Graduate
1,2,8,9238,1,9,128.7,9,30,18,13,3,161.1,1,0,0,1,1,1,18,0,6,8,8,6,9.9,5,8,14,10,7,13.7,3,15.1,2.8,-3.28,Dropout
2,7,5,8014,1,2,169.4,4,29,5,16,11,114.8,1,0,0,1,1,0,42,0,12,0,5,7,5.9,8,10,9,5,10,16.5,1,12.9,2.0,-3.36,Enrolled
1,17,6,9147,1,3,112.0,11,11,19,6,4,135.0,1,0,1,1,1,0,31,0,14,3,4,9,14.9,9,10,17,5,0,1.6,8,7.2,-0.5,0.87,Dropout
5,7,9,9147,1,2,139.6,21,11,31,2,2,101.3,0,0,0,1,1,0,40,0,3,0,2,13,17.1,8,13,0,18,8,6.5,0,11.8,0.7,1.41,Graduate
6,10,1,9130,1,6,124.0,6,27,27,16,9,125.4,0,0,0,1,1,0,35,0,2,7,19,14,10.6,3,7,4,18,4,15.7,7,7.6,1.7,-0.58,Graduate
5,1,9,9130,1,10,119.8,18,19,15,9,12,131.8,0,0,0,0,1,0,23,0,8,7,11,10,12.8,2,8,0,22,6,2.8,5,15.9,-0.6,-2.7,Graduate
1,16,5,9130,1,10,127.4,4,22,4,2,3,112.4,0,0,0,1,1,1,33,0,10,8,7,5,17.7,6,12,3,10,2,12.4,8,16.0,2.4,3.12,Dropout
1,16,5,9130,1,1,135.5,12,28,19,15,7,146.5,0,0,0,0,1,1,20,0,14,11,13,0,4.1,3,9,10,22,5,3.5,3,8.0,3.1,-0.91,Graduate
5,7,1,9130,1,12,130.9,9,4,21,5,0,132.6,0,0,0,1,0,0,52,0,2,16,16,12,16.3,5,13,12,9,13,13.1,8,11.1,1.7,-3.48,Enrolled
1,16,1,33,1,10,140.2,15,19,1,3,19,122.9,1,0,0,0,1,0,46,0,4,11,13,13,10.1,5,5,9,24,8,11.8,2,14.8,2.3,-2.22,Enrolled
6,17,1,9085,1,12,139.1,9,17,20,19,1,132.5,0,0,0,1,0,0,30,0,4,10,22,3,3.4,7,12,11,29,14,17.2,3,8.0,2.0,0.51,Graduate
6,1,9,9147,1,12,151.8,6,23,22,8,3,119.3,0,0,1,1,1,0,36,0,6,15,16,0,5.2,8,11,19,5,8,10.0,8,12.0,-0.5,-0.46,Enrolled
4,10,0,9130,1,6,112.0,11,28,13,6,0,143.3,1,0,0,1,0,0,45,0,0,1,0,11,12.4,6,5,17,28,9,8.2,1,8.8,0.6,-0.25,Graduate
1,1,4,8014,0,3,106.6,7,11,1,15,6,140.2,0,0,0,0,1,0,42,0,10,14,3,13,16.6,5,7,8,13,0,9.3,1,11.4,3.0,-2.0,Enrolled
1,2,7,33,1,1,129.0,14,14,15,5,4,131.9,0,0,0,1,1,0,35,0,2,5,17,11,2.1,0,11,9,9,12,10.8,6,8.8,2.7,-4.05,Graduate
4,7,1,171,1,10,118.1,16,13,15,11,12,135.0,0,0,0,1,0,0,24,0,2,10,0,4,11.5,3,2,10,4,1,17.4,4,11.8,0.7,-2.99,Enrolled
1,1,4,171,1,14,143.1,15,24,14,2,12,107.8,1,0,0,0,1,0,54,0,14,4,23,7,6.8,1,9,2,25,9,1.1,0,10.7,1.5,3.05,Enrolled
1,17,7,9119,1,3,114.0,20,16,5,11,7,146.1,1,0,0,1,0,1,36,0,9,13,25,12,5.8,5,3,11,8,4,10.5,3,10.5,3.4,0.39,Graduate
2,16,9,9085,1,9,121.8,9,28,6,19,16,125.7,1,0,0,1,1,0,17,0,9,15,9,12,3.2,1,0,14,17,4,9.2,2,8.4,3.6,-2.81,Dropout
5,5,4,171,1,14,125.0,19,30,31,13,9,140.3,0,0,0,1,1,0,32,0,7,2,6,1,16.0,4,14,0,12,7,17.4,0,12.9,2.8,-2.64,Graduate
2,1,1,9130,1,6,156.5,12,27,26,13,9,136.7,1,0,0,1,1,1,17,0,2,2,24,4,6.6,6,12,8,17,10,14.1,4,7.6,0.4,2.88,Graduate
2,7,2,9147,0,3,161.6,11,17,25,8,1,140.1,0,0,0,0,0,1,51,0,6,14,17,13,8.0,5,9,2,26,14,15.7,2,15.4,-0.4,-2.43,Dropout
1,10,5,9119,1,6,112.9,8,26,15,3,5,113.4,0,0,0,1,1,0,24,0,12,8,25,12,3.7,3,1,6,19,4,1.4,3,7.5,3.2,-3.41,Dropout
2,16,4,9003,0,3,97.1,3,7,6,19,0,115.0,1,0,0,1,0,0,24,0,14,16,9,5,10.9,4,5,3,3,10,15.4,2,10.7,2.2,3.06,Graduate
6,10,3,33,1,12,121.4,19,15,1,14,17,156.2,1,0,0,1,1,1,18,0,8,3,5,12,7.9,5,1,1,9,11,13.6,1,9.6,3.0,-2.22,Dropout
1,7,3,9003,0,1,129.4,3,16,7,6,2,107.2,0,0,0,1,0,0,44,0,7,6,2,12,3.5,7,2,0,25,11,9.0,4,12.0,-0.5,2.52,Dropout
1,16,4,9003,1,10,129.4,3,21,4,19,6,112.7,1,0,0,0,1,0,47,0,5,11,4,14,5.6,9,10,7,9,14,5.7,2,7.2,1.7,1.85,Graduate
4,2,1,9130,1,5,128.7,6,17,1,18,15,127.6,0,0,0,1,1,0,32,0,13,15,8,2,7.0,3,0,13,19,13,6.4,6,11.0,3.1,-1.57,Dropout
2,16,8,9003,1,4,142.2,11,26,2,5,2,127.6,0,1,0,1,1,0,27,0,4,0,2,13,1.4,5,8,11,20,5,11.7,2,13.8,-0.5,3.34,Dropout
2,2,1,9003,1,1,124.0,20,20,34,18,5,120.0,0,0,0,1,0,0,30,0,6,4,24,13,0.9,8,10,0,26,0,1.7,4,14.3,3.4,3.01,Graduate
2,10,9,171,1,12,133.2,14,20,13,6,3,135.0,1,0,0,1,1,1,53,0,8,5,14,1,17.9,8,11,13,18,5,4.4,0,15.4,2.2,-1.75,Enrolled
1,10,1,9238,0,12,139.7,2,23,17,0,15,138.7,0,0,0,1,0,0,49,0,11,14,15,3,16.7,8,4,7,17,3,11.9,2,8.0,0.9,-2.38,Graduate
1,7,9,9119,1,5,133.3,12,5,10,6,2,126.8,1,0,1,1,1,0,24,0,5,16,28,9,10.7,3,4,7,11,9,5.3,0,12.0,2.2,-3.67,Dropout
3,2,8,9003,1,12,140.1,16,9,3,2,3,123.5,0,0,0,1,0,0,50,0,10,15,7,14,4.4,6,9,4,12,9,14.2,5,10.6,2.4,2.91,Dropout
3,10,2,9085,0,14,104.4,3,23,4,5,10,126.7,1,0,1,1,1,0,29,1,14,14,9,9,4.2,5,8,11,3,0,13.3,6,12.8,2.1,2.61,Graduate
4,2,9,8014,1,12,131.7,21,18,25,5,16,120.5,0,0,1,1,1,0,32,0,10,19,10,9,7.9,3,11,4,26,13,9.1,9,14.5,2.5,1.12,Enrolled
5,10,6,9119,1,9,133.4,16,29,29,10,18,104.9,0,0,0,1,0,1,52,0,1,11,24,12,7.0,9,4,8,10,13,14.2,0,12.4,-0.2,2.87,Dropout
1,16,3,9085,0,10,127.5,10,11,1,1,7,130.9,1,0,1,1,0,0,37,0,14,10,17,7,13.2,7,1,15,8,3,2.9,5,9.1,1.6,-1.88,Graduate
1,1,5,8014,1,1,121.0,20,8,30,5,13,137.0,1,0,0,1,1,1,33,0,7,3,3,1,7.3,6,1,3,27,13,14.7,7,9.9,0.6,-3.26,Graduate
3,17,3,9003,0,4,136.9,5,27,10,17,15,125.0,0,0,0,1,1,1,50,0,3,12,2,2,17.2,8,8,5,19,11,3.6,2,15.0,-0.2,1.85,Dropout
2,5,9,9238,1,14,131.8,13,2,29,13,18,97.6,1,0,0,1,1,1,34,0,5,10,21,11,4.6,8,6,3,10,14,12.4,2,13.0,2.4,3.33,Dropout
2,17,6,9070,1,14,129.2,12,23,32,11,15,119.6,0,0,0,1,1,0,52,0,13,18,7,1,0.5,5,4,0,9,9,12.5,2,12.4,1.9,-2.13,Dropout
3,16,0,9147,1,4,125.1,1,21,1,8,9,138.8,1,0,0,1,1,0,52,0,1,8,26,11,10.9,5,4,12,27,10,11.0,3,8.3,3.7,-2.38,Dropout
4,15,2,9085,1,12,125.7,20,10,17,12,14,108.3,1,0,1,1,0,0,21,0,12,9,22,0,17.8,8,11,12,9,13,9.8,3,10.1,3.0,3.05,Enrolled
1,17,2,9003,1,3,118.5,11,4,12,19,3,136.0,0,0,0,1,0,0,44,0,5,0,11,0,15.3,7,6,16,16,0,15.9,9,9.9,1.0,1.39,Graduate
1,1,0,9119,1,14,122.9,19,21,2,0,3,121.2,1,0,0,1,0,0,21,0,1,0,1,9,0.1,7,7,12,26,7,12.0,8,7.2,2.7,-1.92,Graduate
1,15,5,171,1,14,115.9,15,12,9,7,12,126.8,0,0,1,1,0,0,20,0,0,13,20,2,10.4,5,13,10,27,14,6.4,4,15.4,0.0,0.18,Dropout
2,10,8,9003,1,1,124.2,18,14,12,8,11,118.1,0,0,0,1,1,0,19,0,10,15,3,0,8.2,2,8,17,9,8,14.1,3,10.0,1.3,-0.44,Dropout
1,5,7,9070,0,5,135.5,16,20,25,16,14,112.2,1,0,0,1,1,0,49,1,4,9,11,7,13.8,1,5,14,27,12,3.9,8,7.9,1.0,1.5,Enrolled
1,5,6,9003,0,9,142.3,7,8,22,12,12,145.6,0,0,0,1,1,0,19,0,3,19,16,0,4.5,9,0,12,7,14,6.2,9,11.4,1.9,-0.85,Graduate
1,10,9,9003,1,4,129.2,10,27,33,3,5,137.6,0,0,0,1,0,0,24,0,10,0,26,2,4.4,3,2,11,2,5,14.0,3,11.0,2.8,-0.98,Dropout
1,10,7,9147,1,12,128.8,16,21,21,5,13,135.4,0,0,0,1,1,0,39,0,12,12,14,12,5.7,4,12,3,14,4,17.4,0,14.7,1.3,2.38,Dropout
2,2,5,171,1,6,132.2,17,15,22,12,2,138.8,1,0,0,1,0,1,22,0,14,6,4,9,4.4,1,10,0,14,11,16.4,6,14.2,3.1,1.29,Graduate
1,10,8,9085,1,6,144.8,7,12,28,16,7,133.5,0,0,0,1,1,0,43,0,3,19,20,13,0.4,8,14,0,0,8,5.5,9,14.0,2.6,1.39,Dropout
1,7,2,9130,1,3,126.6,11,34,4,18,11,139.3,0,0,0,1,1,1,38,0,0,16,15,8,11.3,5,14,11,16,4,15.3,8,15.4,0.4,-2.0,Dropout
3,17,9,9130,1,14,136.9,17,8,26,7,13,118.4,0,0,0,1,1,0,50,1,8,16,20,2,11.0,0,11,0,20,4,9.8,7,10.4,1.6,-0.61,Graduate
1,10,9,9119,1,14,135.6,5,30,23,16,4,144.9,0,0,0,1,1,1,17,0,11,12,18,8,15.3,2,1,13,26,0,7.9,8,12.3,3.0,0.44,Dropout
1,7,8,9238,1,5,120.6,1,3,23,16,1,143.7,1,0,0,1,0,0,52,0,13,5,28,11,12.6,0,7,0,3,14,9.2,3,13.0,2.6,-2.1,Enrolled
1,10,3,9003,0,14,140.6,3,30,8,14,9,131.9,0,0,0,1,0,1,43,0,10,5,16,14,11.5,3,0,8,22,6,12.6,9,11.2,2.9,3.46,Dropout
3,2,6,9119,1,6,98.9,16,29,32,0,2,123.3,1,0,0,1,1,0,25,1,7,8,25,0,4.2,8,12,15,22,0,8.5,3,9.2,0.4,-0.66,Graduate
1,7,8,9238,1,4,145.9,15,1,1,1,9,111.1,1,0,0,1,1,1,41,0,0,16,22,5,13.3,3,14,11,8,2,1.1,0,15.1,2.7,-1.27,Graduate
2,17,1,9085,1,3,112.1,4,16,30,19,8,130.0,0,0,0,1,0,0,30,0,4,7,24,6,15.4,6,6,15,27,2,0.8,5,15.1,1.0,2.38,Graduate
1,1,1,9085,1,5,127.9,12,31,28,9,16,148.9,0,0,0,0,1,1,34,1,10,5,9,3,8.0,7,2,8,26,1,8.6,1,13.9,3.5,-2.19,Dropout
1,7,8,171,1,9,142.4,1,10,17,15,5,111.9,1,0,0,1,1,0,34,0,11,10,5,13,9.7,9,1,2,18,5,8.0,8,10.1,1.3,2.01,Graduate
1,16,2,9130,1,6,123.6,17,30,23,3,8,140.2,1,0,0,1,1,0,43,0,8,12,26,12,14.1,7,3,10,9,9,14.5,0,7.0,3.2,3.08,Graduate
1,2,8,9130,1,2,133.5,15,26,24,7,2,120.9,1,0,0,1,1,0,25,0,0,8,19,10,8.4,8,7,5,13,2,4.0,6,11.4,2.2,1.39,Enrolled
2,15,4,9119,1,1,142.7,20,12,22,15,6,122.0,1,0,1,1,0,0,28,0,9,19,27,12,12.0,0,4,19,9,14,10.5,9,11.7,3.4,-0.29,Graduate
2,17,5,9147,1,5,157.7,20,5,5,6,11,111.7,1,1,1,1,1,0,34,1,9,12,4,3,3.9,6,12,6,10,6,11.2,7,11.4,1.7,-3.12,Graduate
6,7,1,9130,1,5,129.8,10,9,25,4,17,117.2,1,0,0,1,0,0,30,0,2,18,28,8,10.5,4,8,0,17,3,3.2,4,7.9,0.3,1.24,Dropout
1,16,7,9147,1,6,132.7,11,11,7,7,9,135.4,1,0,0,1,1,1,26,0,10,13,2,12,0.7,8,8,18,0,10,3.2,0,14.1,2.1,2.26,Graduate
1,16,8,9147,1,3,130.6,18,23,22,2,1,137.0,0,0,0,1,0,0,36,0,11,17,3,3,3.8,4,10,5,1,2,13.1,0,11.8,0.4,-0.92,Enrolled
3,17,1,9085,1,1,126.7,2,17,34,2,16,130.1,1,0,0,1,0,0,38,0,11,18,9,12,16.6,1,2,2,17,2,4.1,4,9.0,3.0,1.73,Enrolled
1,17,5,171,1,4,109.8,6,13,20,17,2,120.5,0,0,0,1,0,1,50,0,3,5,2,6,10.7,4,11,12,5,3,4.4,0,15.6,-0.4,0.03,Graduate
1,16,5,9119,1,4,113.2,16,17,17,3,0,112.7,0,0,0,1,1,0,54,0,1,18,11,5,8.2,8,1,9,16,3,4.5,8,9.7,0.3,1.82,Enrolled
1,10,7,8014,1,14,129.8,7,23,4,3,7,127.8,1,0,0,1,0,1,21,0,8,3,25,3,9.4,0,3,16,23,6,12.3,9,10.4,2.7,-2.03,Dropout
1,16,9,9119,0,2,135.1,19,9,18,14,12,122.3,0,0,0,1,0,0,46,0,0,16,28,7,0.0,6,6,19,20,6,11.9,8,10.6,1.1,-4.02,Dropout
6,10,4,9147,1,10,148.9,12,18,28,14,10,129.7,0,0,0,0,0,0,17,0,3,4,14,8,8.3,2,12,4,13,9,17.2,8,10.6,-0.1,3.48,Dropout
3,15,8,9238,1,6,126.9,18,18,16,3,7,122.8,0,0,0,1,0,0,42,0,9,0,22,4,2.6,9,2,8,0,12,8.4,6,12.8,3.7,-2.79,Graduate
2,2,0,9238,1,3,152.9,10,30,8,1,19,123.2,0,0,0,1,1,1,23,0,11,11,12,14,15.4,3,6,1,11,7,3.9,9,9.6,1.3,2.59,Graduate
1,5,8,171,1,1,111.9,7,26,18,2,0,129.1,0,0,0,0,1,1,23,0,12,3,3,7,7.4,3,13,1,22,3,7.7,8,15.1,1.4,-3.39,Graduate
1,10,9,9085,1,3,133.2,4,18,29,9,1,131.6,1,0,0,1,1,0,21,0,2,19,25,10,4.2,9,3,16,7,13,9.4,6,12.2,0.8,0.88,Dropout
1,16,6,9085,1,10,126.0,17,21,16,0,17,142.9,0,0,0,1,1,0,36,0,9,13,21,12,9.2,1,11,17,11,0,3.5,0,14.9,-0.5,-3.64,Graduate
1,16,3,9147,0,4,110.3,17,33,30,17,17,122.6,1,0,0,1,0,1,44,0,8,6,7,3,6.6,2,0,1,16,14,13.8,9,15.3,0.3,1.02,Dropout
1,1,2,9147,1,3,104.6,4,14,34,4,8,134.1,1,0,0,1,0,0,39,0,12,10,26,9,8.3,2,3,8,1,2,1.7,4,13.9,0.5,-3.26,Dropout
2,16,9,9070,1,4,123.5,21,10,30,8,6,150.4,1,0,0,1,1,0,24,0,10,15,27,8,13.1,6,9,7,24,10,0.5,2,9.2,1.8,0.52,Dropout
2,2,5,9070,1,4,124.6,5,28,21,19,8,134.4,0,0,1,1,1,0,32,0,2,9,7,6,9.2,9,11,9,25,0,3.0,0,10.0,3.4,-1.32,Dropout
1,7,0,9147,1,2,116.7,1,14,22,5,9,142.1,1,0,0,0,1,1,22,0,6,19,11,12,16.5,7,9,5,17,10,0.6,8,9.1,-0.2,-0.08,Dropout
6,7,2,9130,1,4,141.4,19,19,25,18,1,118.9,0,0,0,1,1,0,27,0,10,14,21,7,4.6,7,1,7,27,9,2.1,2,11.1,3.6,-3.68,Dropout
2,16,1,9119,0,12,123.9,11,26,22,8,4,117.6,1,0,0,1,1,0,29,0,1,4,13,11,5.9,8,13,2,27,7,1.4,6,11.6,1.3,-1.38,Graduate
2,1,8,9130,1,4,115.2,1,10,28,17,16,124.9,0,0,0,1,0,0,18,0,7,13,8,10,14.0,1,6,9,12,12,12.4,3,10.0,1.8,1.85,Enrolled
2,10,2,9085,0,1,126.5,8,17,33,14,1,126.3,1,0,0,1,1,0,18,0,1,1,5,0,14.1,9,4,4,22,8,13.1,9,14.9,-0.6,1.81,Graduate
1,2,1,8014,1,1,120.5,4,34,2,14,19,140.9,1,0,0,1,0,0,29,0,9,8,8,5,17.6,7,3,1,3,1,5.9,6,10.6,3.0,0.94,Graduate
1,1,3,9119,1,1,154.7,15,14,4,13,9,117.5,1,0,0,1,1,0,35,0,8,8,21,0,11.3,5,2,12,23,1,3.6,7,13.3,3.1,3.13,Graduate
1,10,1,9130,1,5,125.3,17,26,16,2,0,125.8,1,0,1,1,1,0,49,0,8,6,24,10,10.3,3,12,14,24,7,13.8,1,14.5,2.6,0.96,Dropout
3,2,0,9130,1,6,116.2,18,34,12,7,11,141.0,0,0,0,1,1,0,53,0,8,7,7,10,10.6,3,0,0,23,5,2.9,1,8.4,-0.1,-1.45,Enrolled
1,16,5,33,1,6,154.7,3,19,17,18,14,129.8,1,0,1,1,0,0,41,0,12,4,6,6,6.5,8,3,12,3,1,7.0,0,13.4,1.0,1.05,Graduate
1,7,9,9119,1,6,140.9,18,24,16,10,5,126.9,1,0,0,1,1,0,54,0,12,0,7,3,6.9,3,6,12,1,12,10.3,6,8.4,3.5,-1.36,Graduate
1,2,7,8014,1,12,131.6,7,31,23,3,13,130.1,0,0,0,1,1,0,34,0,5,15,3,12,5.0,1,7,19,1,9,9.9,1,13.9,1.1,0.52,Dropout
1,16,9,171,0,1,118.1,17,6,8,14,13,112.3,0,0,0,1,1,0,45,0,6,11,22,6,10.7,4,4,6,26,13,7.7,2,12.1,0.8,1.01,Graduate
4,15,9,171,1,14,141.5,18,20,9,9,14,112.1,0,0,0,1,1,0,53,1,11,9,17,0,15.1,1,8,12,0,11,10.0,5,11.6,-0.4,-0.61,Enrolled
2,5,1,9130,1,6,108.0,20,34,14,19,0,106.4,0,0,0,1,0,0,27,0,13,9,2,14,11.4,4,14,6,4,4,12.0,1,11.8,-0.4,3.39,Dropout
1,2,8,9147,1,10,140.4,8,22,9,10,16,129.7,1,0,1,1,0,0,39,0,3,10,18,9,8.5,6,5,3,5,11,4.4,8,10.6,1.1,-3.31,Graduate
1,5,2,8014,0,10,133.8,11,7,26,8,10,138.9,1,0,0,1,1,1,39,0,10,18,20,2,1.1,1,12,13,29,5,7.0,0,7.4,1.6,-0.22,Graduate
1,2,7,8014,1,3,144.9,3,33,3,16,14,137.0,0,0,1,1,0,0,51,0,10,18,3,2,4.5,8,4,1,22,5,12.4,6,12.0,2.9,2.72,Graduate
1,5,7,9085,0,5,94.6,7,6,10,8,19,141.9,0,0,0,1,0,1,19,0,1,2,16,8,15.2,0,12,14,12,13,2.3,2,7.2,3.3,-0.73,Enrolled
1,15,2,9238,1,14,116.2,15,16,25,8,15,145.9,1,0,0,1,1,1,34,0,2,14,10,5,7.1,9,5,4,21,9,6.2,3,15.2,1.0,0.58,Enrolled
1,7,2,33,1,4,115.0,10,8,4,8,8,128.9,1,0,1,1,1,0,25,0,2,4,22,10,15.9,8,6,2,11,12,0.6,4,9.2,3.0,-0.95,Dropout
1,17,5,9085,1,1,113.2,12,23,30,1,11,126.2,0,0,0,1,0,0,36,0,12,15,25,10,4.4,3,1,15,2,11,3.8,3,12.8,1.6,3.18,Graduate
2,10,0,8014,1,12,136.4,12,18,11,12,1,146.2,1,0,1,0,1,0,40,0,0,12,1,6,10.4,2,7,16,29,6,7.4,0,12.0,3.6,3.33,Graduate
2,5,3,9003,1,5,125.6,19,14,19,0,14,117.9,1,0,0,1,1,0,33,0,2,12,7,7,17.3,9,7,5,3,14,4.8,8,12.6,3.4,-2.64,Dropout
1,15,0,9147,1,2,116.9,19,15,13,5,8,111.7,0,0,1,1,0,0,28,0,14,12,19,4,10.0,2,3,2,15,3,14.1,8,9.9,2.4,3.01,Enrolled
1,5,2,8014,1,2,113.5,15,5,3,5,15,122.6,0,0,0,1,0,0,49,0,3,15,15,11,3.8,8,0,5,7,2,7.4,1,11.0,0.1,-0.17,Enrolled
2,7,8,33,1,9,115.6,21,15,14,15,16,121.1,1,0,0,0,0,1,22,0,3,3,29,3,4.1,6,5,19,11,2,5.8,9,13.7,3.4,0.29,Graduate
1,5,4,8014,1,4,143.0,21,11,10,11,19,127.6,0,0,0,1,0,0,46,0,2,9,9,2,2.8,1,7,0,4,10,17.0,8,10.5,-0.3,3.08,Dropout
4,15,4,9119,1,1,129.0,5,2,27,14,3,115.9,1,0,0,1,0,0,22,0,9,12,20,5,0.4,2,7,15,22,12,11.4,5,9.6,2.9,1.52,Dropout
2,16,3,9119,1,5,142.5,13,23,24,6,7,131.8,1,0,0,1,1,0,39,0,3,2,3,9,12.5,0,14,17,25,3,12.8,1,7.3,1.4,0.71,Graduate
1,15,2,9070,1,2,170.0,9,24,16,1,6,119.6,0,0,0,1,1,0,23,0,10,9,19,13,14.1,4,11,16,6,0,15.6,7,11.3,2.0,2.59,Graduate
1,17,4,33,0,9,129.7,10,18,10,11,5,143.0,0,0,0,1,0,0,42,0,3,4,5,10,14.8,4,5,4,13,12,5.5,9,13.3,3.1,0.92,Graduate
2,17,3,9130,1,12,108.7,8,4,27,19,4,111.5,1,0,0,1,1,0,19,0,2,7,14,6,1.3,8,4,12,18,13,9.9,0,9.6,2.8,-3.48,Graduate
1,17,7,9238,1,1,127.9,9,15,7,1,9,125.2,1,0,0,0,1,0,41,0,4,0,15,1,17.0,9,1,1,22,9,7.4,9,14.8,-0.5,1.21,Dropout
2,1,3,9130,1,2,158.2,6,12,28,3,2,122.6,0,0,0,1,1,0,19,0,11,18,20,1,11.1,2,7,8,26,14,5.2,2,8.0,0.9,3.07,Enrolled
5,7,7,9238,1,6,146.3,18,3,26,2,19,130.0,1,0,0,1,1,0,31,0,2,7,12,9,1.6,5,10,9,24,0,0.2,4,10.4,3.6,-0.03,Dropout
2,16,5,9238,1,10,120.3,10,32,18,1,16,139.0,1,0,1,1,1,1,20,0,14,0,21,1,1.5,8,12,17,4,6,2.5,0,13.7,0.8,0.02,Graduate
1,1,4,9238,1,9,125.4,15,21,13,17,15,130.5,0,0,0,1,1,0,54,0,7,11,17,14,9.2,2,10,17,20,1,14.6,5,15.7,2.8,-1.96,Dropout
2,7,3,171,1,12,141.6,13,6,8,2,10,125.3,1,0,0,1,1,1,37,0,12,3,15,7,4.4,6,9,18,10,12,2.5,1,10.4,2.5,0.2,Enrolled
1,16,3,9238,0,2,137.2,11,2,27,9,12,136.0,0,0,0,1,1,1,46,0,10,4,0,0,4.3,1,1,12,3,5,16.3,9,13.7,3.5,3.04,Graduate
1,5,3,8014,1,12,141.8,2,9,14,11,17,138.0,1,0,0,1,1,0,23,0,2,19,26,2,0.2,5,10,5,8,5,4.9,5,13.2,3.5,-1.92,Dropout
5,16,8,9003,1,4,126.4,8,12,6,3,13,130.5,1,0,0,1,1,0,29,0,9,0,14,13,8.7,6,9,0,7,13,8.3,7,15.4,1.3,3.27,Graduate
1,15,3,33,1,3,135.8,18,24,20,19,1,132.0,1,0,1,1,1,1,23,0,2,14,11,6,1.6,7,10,17,10,2,15.6,4,11.5,0.2,1.31,Graduate
6,1,8,9003,1,9,125.4,3,14,28,6,11,135.4,0,0,0,1,0,0,39,0,7,0,11,0,1.4,1,1,18,24,4,6.2,6,12.3,0.6,-2.4,Graduate
5,5,9,9070,1,5,150.9,3,12,23,19,9,105.6,1,0,0,1,0,0,23,0,11,2,2,1,2.9,0,10,15,23,5,4.1,6,8.5,0.5,1.27,Graduate
1,15,5,8014,0,5,107.1,21,27,12,18,6,122.4,1,0,1,1,0,1,26,0,0,15,25,4,0.2,7,2,18,15,9,0.6,3,9.4,2.0,-0.85,Dropout
1,7,9,9238,1,2,107.2,7,10,24,7,1,131.9,1,0,0,0,0,1,30,0,14,10,23,3,1.9,6,13,6,23,10,17.1,6,12.7,0.9,0.38,Graduate
1,16,6,171,0,6,119.3,18,2,22,2,17,123.2,1,0,0,1,1,0,21,0,14,14,26,2,10.7,7,3,5,23,12,7.3,9,12.0,3.1,2.46,Graduate
1,15,9,9085,1,6,119.8,21,31,26,14,16,123.3,1,0,0,1,1,1,35,0,10,7,0,10,4.6,2,7,11,10,13,16.0,3,11.0,0.6,-2.43,Dropout
1,5,2,9130,1,4,107.1,21,28,22,7,15,131.9,1,0,1,1,1,1,53,0,3,10,7,7,1.2,6,9,13,11,14,7.8,3,13.3,3.7,-0.67,Enrolled
2,1,7,9119,1,5,104.4,9,16,7,17,1,132.2,0,0,0,1,1,0,49,0,2,6,17,8,2.4,6,3,6,13,10,15.9,9,9.2,2.2,-0.74,Graduate
1,1,2,33,0,9,146.0,18,1,15,13,10,133.1,1,0,1,1,1,0,30,0,0,6,11,1,0.8,3,14,16,23,12,1.9,9,13.3,0.8,1.16,Graduate
1,17,0,9003,1,10,127.5,1,22,30,18,18,116.7,0,0,0,1,0,0,19,0,0,9,26,9,14.0,8,6,12,16,5,7.9,0,8.7,1.8,-3.54,Enrolled
3,16,9,8014,1,6,126.4,4,1,4,3,6,108.6,1,0,0,1,0,0,23,1,6,18,10,5,10.1,4,3,19,9,3,8.0,0,11.5,0.8,-2.65,Dropout
1,15,4,9085,1,5,130.8,4,31,6,2,16,137.5,1,0,0,1,1,0,46,0,10,19,9,8,8.5,7,2,4,27,1,17.5,0,8.0,1.5,-0.73,Graduate
3,17,1,9147,1,3,154.0,17,22,2,8,14,117.3,1,0,0,1,0,0,43,0,3,3,3,6,15.7,9,12,5,4,11,8.9,4,11.7,1.6,0.06,Dropout
1,5,9,9147,1,9,131.7,2,34,31,9,8,116.5,1,0,0,1,0,0,52,1,4,13,10,5,1.4,4,13,12,25,1,1.9,3,14.4,2.6,-3.73,Dropout
1,17,5,9119,1,10,128.3,15,12,24,7,11,115.3,1,0,0,1,1,0,54,0,1,1,28,14,0.7,1,13,9,7,14,16.3,2,11.4,1.2,-0.7,Dropout
2,2,9,9147,1,3,120.4,13,23,31,19,7,142.0,1,0,0,1,1,1,27,0,14,8,26,10,7.6,1,10,2,8,3,17.1,5,10.0,3.5,0.64,Graduate
2,7,8,9130,1,5,139.0,9,28,25,1,1,129.8,1,0,0,1,1,0,52,0,2,1,14,8,4.8,9,14,2,17,12,7.3,6,8.2,-0.4,-3.03,Graduate
4,17,0,9070,1,2,129.0,7,12,8,0,16,131.5,0,0,0,1,1,0,32,0,11,16,2,11,8.6,4,1,7,24,13,14.3,1,10.2,0.6,-0.72,Graduate
2,7,3,9147,1,14,154.8,12,27,12,3,15,136.0,1,0,0,1,1,0,33,0,0,9,16,14,16.3,3,2,6,19,4,1.3,1,14.7,2.6,1.54,Graduate
3,5,0,9119,1,14,127.6,12,23,2,15,15,126.4,1,0,1,1,1,0,35,0,14,4,7,6,8.0,8,6,17,7,1,7.3,7,10.5,1.9,-3.38,Dropout
1,2,0,9070,0,4,145.1,14,1,15,4,2,140.2,1,0,1,1,0,0,51,0,3,3,0,10,3.1,4,8,13,6,7,9.2,4,8.7,-0.2,0.63,Dropout
1,1,7,9130,1,4,119.3,15,2,32,17,18,111.4,0,0,0,1,1,0,54,0,10,18,6,1,14.4,1,9,6,15,9,15.7,4,15.0,2.9,-1.16,Graduate
3,16,1,9119,1,10,119.2,1,31,11,13,15,112.9,0,0,0,1,0,1,18,0,7,6,18,6,7.0,6,4,10,28,12,1.8,6,15.4,2.2,-0.65,Graduate
3,10,0,9147,1,3,102.6,9,2,17,12,10,112.2,1,0,0,0,1,0,43,0,11,8,2,5,13.6,8,8,19,8,13,7.3,4,15.6,1.8,-1.33,Graduate
6,10,7,9238,1,5,141.9,16,25,21,15,8,132.5,0,0,0,1,0,0,17,0,11,19,8,13,2.5,0,10,9,6,11,9.2,5,11.7,3.1,-3.42,Graduate
1,16,3,33,1,5,129.4,9,19,22,14,13,133.6,0,0,0,1,1,0,18,0,10,2,12,12,6.1,5,10,9,13,4,12.0,8,12.1,3.0,0.47,Enrolled
1,5,2,9147,1,2,139.6,16,28,33,18,1,120.9,0,0,1,1,1,1,31,0,10,5,7,13,0.4,7,7,16,24,6,1.9,8,9.7,0.6,-0.84,Graduate
3,2,3,9119,0,12,155.4,2,6,29,3,12,124.0,1,0,1,1,1,0,17,0,12,4,27,13,4.2,2,4,15,4,5,5.1,8,10.0,1.7,2.3,Dropout
1,2,4,33,1,4,117.3,10,19,15,18,4,143.5,1,0,0,1,0,0,22,0,2,12,25,12,11.6,3,2,9,18,5,0.8,5,11.6,3.1,1.48,Graduate
5,7,0,33,0,12,115.0,18,17,21,12,19,118.0,1,0,1,1,1,0,46,0,13,12,18,10,5.3,3,7,5,1,2,2.7,8,8.5,-0.5,0.33,Enrolled
4,1,0,9070,1,12,118.2,13,6,2,10,13,130.8,0,0,0,1,0,0,43,0,0,1,11,2,2.5,5,12,0,18,9,8.9,9,15.7,0.7,-2.27,Graduate
1,15,2,9130,0,2,98.4,2,15,3,17,0,118.1,0,0,0,1,1,0,33,0,3,17,26,9,1.0,8,8,4,1,2,4.2,2,13.2,0.9,-0.39,Graduate
3,17,5,9147,1,12,127.1,13,22,25,10,5,141.2,0,0,0,1,0,0,40,0,8,4,8,12,10.8,8,4,11,23,1,8.6,5,7.4,0.4,1.83,Graduate
3,2,0,9085,1,12,143.3,3,34,13,0,10,135.2,1,0,0,1,1,0,38,0,13,13,5,0,1.4,8,7,7,9,0,14.2,7,9.3,1.5,-3.17,Dropout
1,16,1,9238,0,2,130.7,15,5,24,14,16,108.8,1,0,0,1,0,1,31,0,9,18,2,0,14.4,7,4,5,17,6,6.8,1,9.7,2.8,-3.16,Graduate
5,15,6,9130,0,6,106.4,3,23,31,9,13,123.6,0,0,0,1,1,1,37,0,7,18,6,14,6.4,5,9,15,23,12,13.0,1,7.1,1.4,-2.4,Dropout
1,10,0,9085,1,12,124.6,10,5,15,3,13,100.0,0,0,0,1,1,0,43,0,14,12,3,8,5.5,2,5,9,12,9,13.8,7,15.9,-0.6,2.65,Graduate
3,15,6,9085,1,4,131.9,6,10,6,5,19,138.7,0,0,0,1,1,0,32,0,9,9,5,8,11.2,5,3,2,4,10,9.7,0,9.5,3.0,-0.21,Graduate
1,1,3,9003,0,2,144.4,14,4,10,1,6,153.6,1,0,0,1,0,0,30,0,2,16,1,13,10.0,5,1,5,0,13,4.9,8,7.5,0.1,3.33,Graduate
4,16,9,9070,1,9,141.9,9,12,9,16,18,98.7,1,0,0,1,0,0,20,0,3,13,24,12,17.8,3,3,1,14,9,14.4,2,14.9,1.1,2.65,Dropout
1,1,5,171,1,12,124.8,18,10,5,11,5,108.4,1,0,1,0,0,0,40,0,14,0,28,4,0.9,9,8,3,20,12,6.8,0,8.0,-0.7,-2.31,Dropout
1,15,7,8014,1,6,124.8,8,30,19,4,12,129.2,1,0,0,1,1,0,29,0,10,0,18,1,15.3,3,0,6,6,11,10.6,0,11.1,1.2,3.4,Dropout
5,17,8,8014,1,4,138.9,6,24,20,18,9,126.8,0,0,1,1,0,0,21,0,4,2,15,2,10.8,6,2,11,7,3,8.9,6,10.3,0.9,-0.35,Dropout
1,5,5,9070,1,1,121.1,15,5,33,5,18,121.7,1,0,0,1,0,1,49,0,14,6,9,12,15.9,1,5,9,29,5,11.3,1,7.7,0.5,2.53,Graduate
1,2,8,9070,1,4,142.8,14,13,31,16,9,104.4,0,0,0,1,0,0,53,0,6,9,3,12,12.5,1,6,12,15,4,15.3,1,7.3,3.4,-0.46,Dropout
6,16,3,9085,1,3,120.1,15,9,13,18,4,131.2,0,0,0,1,1,1,24,0,0,1,13,10,13.7,8,7,18,6,9,6.4,1,9.4,2.3,3.1,Enrolled
6,5,5,9070,1,9,153.3,20,18,6,19,12,138.5,0,0,0,1,1,0,35,0,2,4,24,11,14.2,3,9,7,17,6,16.5,1,10.2,3.3,1.57,Graduate
2,15,7,9085,1,14,133.5,6,31,8,2,16,164.0,0,0,0,1,1,1,26,1,12,14,6,5,0.3,2,2,16,27,2,2.0,8,13.7,1.3,-0.06,Graduate
2,2,8,9130,1,5,100.6,12,24,10,7,4,144.0,0,0,0,1,1,1,35,0,0,0,1,7,15.1,1,10,7,13,9,4.7,5,13.5,1.5,1.24,Graduate
1,7,2,171,0,3,139.6,10,4,4,4,6,110.1,1,0,0,1,1,0,47,0,2,18,28,8,12.2,7,11,17,16,11,16.6,5,11.2,3.5,-2.34,Graduate
1,5,1,9003,1,2,133.8,19,26,14,4,19,126.8,0,0,0,1,1,0,30,0,10,0,26,5,17.1,0,1,19,22,14,1.2,9,8.9,1.3,2.41,Graduate
1,5,5,9085,1,2,137.3,8,10,4,16,6,134.7,1,0,1,0,1,1,41,0,10,13,16,4,2.4,0,9,7,24,2,8.3,1,14.6,-0.7,-1.99,Enrolled
2,15,3,9070,1,5,163.8,5,9,24,18,14,118.1,1,0,0,1,0,0,24,0,12,5,15,12,16.6,4,2,15,22,10,4.7,3,12.8,2.1,0.43,Enrolled
3,10,0,33,1,10,126.1,10,1,21,18,14,137.1,1,0,0,1,0,1,20,0,5,12,6,13,15.4,7,10,15,23,10,14.2,5,10.1,0.1,3.44,Graduate
3,15,7,9147,1,10,106.7,11,16,10,9,0,136.1,0,0,0,0,1,0,21,0,8,10,17,0,4.1,9,2,9,20,12,1.6,5,14.8,3.5,-3.66,Enrolled
3,5,8,8014,1,5,149.0,20,13,25,2,11,143.1,1,0,1,1,0,0,52,0,5,8,14,12,2.2,3,11,12,21,0,2.3,5,14.4,-0.5,-2.75,Graduate
1,2,8,171,1,2,103.3,14,14,6,12,1,137.4,1,0,0,1,1,0,22,0,7,6,27,10,11.3,7,5,4,25,3,2.8,3,7.0,3.2,1.14,Graduate
1,17,1,9147,1,4,118.8,14,23,16,15,17,130.7,0,0,0,1,1,0,46,0,13,6,27,6,12.2,8,3,11,3,7,5.7,8,14.8,-0.1,0.76,Graduate
1,10,8,9119,1,9,130.6,2,18,28,11,14,118.7,1,0,0,1,1,1,54,0,3,10,29,12,12.8,0,4,14,22,10,15.4,9,11.8,0.4,1.42,Enrolled
1,15,6,9070,1,6,116.5,17,28,33,16,6,110.2,1,0,0,1,1,0,53,0,14,4,13,9,15.2,4,14,5,28,7,15.8,6,15.3,-0.1,-3.91,Dropout
1,17,4,9085,1,14,129.0,15,20,30,1,8,129.8,1,0,0,1,1,0,35,0,4,10,5,4,10.0,5,0,8,6,6,3.6,0,13.9,0.7,1.11,Dropout
4,16,6,9003,0,9,128.0,3,1,25,15,2,121.8,1,0,0,1,0,0,34,0,12,11,12,0,5.1,6,1,2,23,10,9.4,7,8.3,-0.3,3.07,Dropout
1,15,8,33,1,5,153.0,3,12,13,10,9,123.0,0,0,0,1,0,1,37,0,7,19,5,10,15.4,9,14,16,16,6,12.0,2,10.1,0.9,-1.02,Graduate
1,5,7,9003,1,2,93.7,3,27,15,0,1,141.6,0,0,0,1,0,0,53,0,12,0,26,4,7.8,8,9,9,21,13,7.4,0,9.8,0.6,-0.35,Graduate
1,17,5,9147,1,10,131.3,3,13,30,11,11,144.8,0,0,0,1,0,0,33,0,0,7,20,13,7.8,2,0,1,10,12,17.1,3,13.3,2.5,1.24,Graduate
3,5,3,33,0,2,116.2,18,4,14,5,6,110.9,0,0,0,0,0,1,47,0,7,0,1,3,8.9,2,5,6,4,4,9.9,3,11.8,2.0,2.61,Graduate
2,7,0,9238,1,10,121.6,6,25,4,18,4,124.3,1,0,0,1,0,0,37,0,13,4,13,10,15.0,7,7,3,22,1,7.8,1,9.4,2.3,1.64,Dropout
1,17,5,8014,0,9,140.2,14,6,1,4,3,121.4,1,0,0,1,0,0,27,0,14,9,8,10,17.5,1,6,9,24,0,11.2,8,13.9,1.4,3.22,Graduate
1,17,2,9070,1,3,137.8,3,22,3,2,0,131.1,1,0,0,1,1,0,32,0,1,1,16,13,3.1,9,10,6,8,14,14.8,1,12.9,3.0,1.54,Dropout
2,15,5,9119,1,4,135.1,1,3,4,17,14,97.5,0,0,0,1,1,0,25,0,5,0,9,3,2.2,5,13,11,15,2,4.7,4,14.1,0.8,-1.89,Enrolled
1,5,5,9147,1,9,111.1,10,15,14,17,8,108.0,0,0,0,1,1,0,39,0,3,3,16,7,5.2,4,13,14,18,5,16.6,4,13.7,1.0,2.72,Graduate
3,16,3,9085,1,4,147.8,13,11,25,11,5,125.5,1,0,0,1,0,0,39,0,11,2,29,12,16.3,1,14,15,7,8,5.7,5,12.5,-0.4,-0.21,Dropout
2,1,1,8014,1,12,116.9,9,34,3,17,13,137.2,0,1,0,1,1,1,19,0,11,6,1,1,9.5,1,9,2,3,4,11.4,2,8.5,3.7,2.89,Graduate
1,10,8,9119,1,9,150.8,2,27,7,9,1,128.0,0,0,0,1,0,1,22,0,9,4,13,13,0.1,0,9,0,4,9,12.9,6,8.8,1.2,-3.56,Graduate
1,1,1,9003,1,1,120.3,10,23,8,3,11,135.7,1,0,0,1,1,0,36,0,12,7,23,8,10.5,1,2,14,18,6,16.2,4,14.1,3.3,0.84,Graduate
6,10,2,8014,1,1,145.5,12,17,7,19,5,129.6,1,0,0,1,0,1,31,0,9,2,20,14,9.9,1,1,14,8,8,11.3,5,14.7,3.0,-3.96,Dropout
1,16,9,9119,1,4,131.5,19,23,25,18,12,143.6,1,0,0,0,1,0,46,0,3,18,2,2,1.4,5,13,10,4,7,16.9,5,11.5,0.4,-2.93,Dropout
1,17,0,9119,1,12,104.9,3,34,17,3,3,146.3,1,0,0,1,0,0,48,0,4,1,27,5,2.7,1,14,1,13,2,12.8,6,15.9,1.5,-1.77,Enrolled
3,17,6,9003,1,4,124.7,19,21,26,10,15,117.1,1,0,0,1,1,0,22,0,0,8,19,1,1.7,2,3,3,15,6,14.3,6,9.7,1.8,1.54,Graduate
5,15,0,9119,1,5,155.5,1,33,4,2,10,138.5,1,0,0,0,1,0,47,0,3,19,3,8,9.4,3,0,16,13,1,14.0,3,13.6,3.0,-0.88,Enrolled
6,7,8,171,1,1,142.4,15,5,18,14,5,133.6,0,0,0,1,1,0,32,0,7,17,8,0,9.6,9,11,11,22,5,10.8,0,13.0,-0.4,-0.71,Graduate
3,5,0,33,0,2,123.5,13,17,4,15,4,159.6,1,0,0,1,1,0,45,0,12,6,12,14,8.3,2,11,15,0,10,16.0,0,13.7,2.9,-1.82,Graduate
1,5,4,171,1,4,149.6,7,1,17,11,0,116.6,0,0,0,1,0,1,38,0,8,18,20,12,8.1,0,7,0,18,10,6.1,0,10.7,-0.3,2.32,Graduate
1,5,6,9003,0,4,134.2,2,7,17,17,18,125.5,1,0,0,1,0,0,44,0,1,8,19,7,10.4,2,9,9,17,0,3.8,2,9.2,1.2,3.23,Graduate
3,15,2,9130,0,14,154.6,20,3,25,5,6,113.6,1,0,0,1,0,0,31,0,5,19,6,13,11.9,9,11,12,25,14,3.0,1,10.6,3.1,3.38,Dropout
2,10,8,8014,1,6,128.8,11,26,3,14,17,114.4,0,0,0,1,1,0,37,0,4,6,21,9,17.3,8,12,17,9,11,9.5,4,8.7,0.3,-0.11,Graduate
1,17,7,9238,1,6,125.6,16,16,12,1,9,132.0,1,0,0,1,0,0,24,0,7,15,12,13,9.8,5,3,14,9,14,16.6,4,8.0,-0.6,-3.73,Graduate
5,16,2,9085,1,10,144.8,14,16,27,11,9,129.7,0,0,0,1,1,0,17,1,7,13,17,10,4.8,2,1,9,12,3,10.4,4,13.2,-0.6,-3.32,Graduate
1,5,4,9085,1,12,133.8,15,14,17,9,16,134.0,1,0,0,0,1,0,46,0,14,8,27,2,17.5,1,7,14,13,2,15.8,2,15.9,0.0,2.54,Dropout
1,1,6,9147,1,1,138.4,20,26,22,3,6,133.8,1,0,0,1,1,0,18,0,12,6,19,5,1.9,8,2,3,23,8,2.6,3,13.0,1.6,0.46,Graduate
1,5,3,9147,0,1,117.1,19,27,16,7,0,123.9,1,0,0,1,0,1,40,1,7,12,18,12,5.6,5,10,4,23,6,13.0,9,8.2,3.2,-2.69,Dropout
1,17,4,9003,1,6,147.6,7,17,29,14,11,123.8,1,0,0,1,1,0,21,0,9,13,27,2,16.2,9,13,6,17,10,17.7,4,11.7,2.4,0.0,Graduate
1,15,2,9147,1,4,144.7,9,4,14,18,16,114.4,0,0,0,1,0,0,28,0,0,0,24,5,17.0,1,9,12,13,1,9.8,2,12.4,2.8,0.6,Dropout
1,16,8,9085,0,4,150.3,4,17,7,15,15,117.9,1,0,0,1,0,0,21,0,13,12,21,0,11.6,8,11,14,23,4,14.3,5,13.6,0.3,2.43,Graduate
1,7,9,171,1,1,109.6,6,33,28,12,19,126.3,1,0,0,1,1,0,50,0,9,1,1,6,0.3,5,0,11,15,6,9.5,7,14.0,0.9,0.94,Graduate
2,16,8,9238,1,12,112.6,10,30,13,14,14,129.6,1,1,0,0,0,0,30,0,3,6,20,5,8.0,9,3,18,15,14,15.6,5,8.8,1.6,-0.4,Graduate
2,1,6,9085,1,3,118.8,3,21,16,13,18,136.2,1,0,0,1,0,0,28,0,10,12,5,14,16.8,1,14,0,21,7,10.6,6,9.9,0.9,0.5,Dropout
2,5,9,171,1,5,126.4,21,17,21,14,19,134.9,0,0,0,1,1,0,43,0,1,14,0,6,16.0,6,11,17,9,12,3.5,2,11.9,2.6,-3.05,Graduate
6,5,1,9130,1,14,110.0,1,11,4,11,16,147.2,1,0,0,1,1,0,18,0,3,12,9,4,16.1,9,8,5,20,3,4.2,1,7.0,3.6,-2.21,Dropout
1,2,6,9003,1,1,139.6,6,30,15,10,3,114.4,1,0,0,1,1,1,52,0,12,18,13,7,5.3,9,11,12,2,4,6.4,1,8.8,2.7,-0.05,Dropout
1,10,6,9070,1,10,123.4,5,18,26,2,3,124.0,1,0,0,1,0,0,54,0,5,8,21,8,14.8,1,14,6,19,11,17.4,0,15.6,3.4,-2.44,Enrolled
4,1,4,9130,1,3,148.8,15,20,7,13,2,115.5,1,0,0,1,0,0,19,0,3,9,2,14,12.1,6,3,2,2,5,11.3,6,10.2,3.6,3.4,Graduate
1,2,8,9130,1,1,161.5,11,34,18,1,7,143.6,0,0,1,0,1,0,52,0,4,13,23,8,16.1,5,6,11,4,14,8.7,0,13.7,0.6,0.09,Graduate
6,16,2,9085,1,14,121.1,20,28,25,17,8,120.5,0,0,0,1,1,1,24,0,2,9,11,5,11.5,6,4,4,26,13,6.6,0,11.3,2.0,-2.98,Enrolled
1,7,3,9003,0,6,118.5,13,9,21,2,1,142.0,0,0,1,1,0,0,18,0,10,2,4,7,6.8,5,4,1,9,11,15.8,0,16.0,2.6,2.93,Graduate
6,10,0,33,0,1,141.2,6,31,8,8,18,145.9,0,0,1,1,1,1,45,0,1,16,21,11,11.4,3,14,19,25,9,5.5,0,15.1,2.0,1.31,Graduate
1,1,5,9119,1,3,131.5,5,16,20,10,17,132.4,1,0,1,1,1,0,41,0,6,9,19,6,6.4,0,13,7,4,7,8.5,9,9.6,1.9,-3.77,Graduate
4,5,3,9130,1,5,135.5,2,31,18,2,15,130.8,1,0,1,1,1,1,20,0,5,10,0,11,0.0,9,9,1,27,14,2.5,5,14.2,0.9,-1.31,Graduate
1,16,0,9147,1,4,149.9,17,29,19,4,17,127.5,1,0,0,1,0,1,26,0,2,18,3,13,14.7,3,11,14,15,1,6.8,2,12.0,1.6,-0.84,Enrolled
6,1,1,171,0,9,125.9,12,13,3,8,17,122.9,1,0,0,1,1,0,33,0,13,17,25,4,15.3,0,13,0,9,13,15.8,1,9.8,0.7,-0.05,Dropout
1,5,2,33,1,6,114.0,12,23,18,9,11,121.3,1,0,0,1,1,0,17,0,9,0,15,6,13.5,5,14,1,3,11,1.3,2,11.6,0.2,-1.67,Dropout
2,17,8,9003,1,3,111.5,14,14,27,5,1,125.1,0,0,0,0,1,0,19,0,8,19,19,0,4.1,4,2,2,17,12,0.7,7,10.0,0.9,1.4,Dropout
6,10,7,9070,1,10,127.3,7,2,15,5,0,150.7,0,0,0,1,1,0,54,0,5,18,3,4,2.4,3,10,1,4,12,7.8,9,8.6,1.0,0.07,Graduate
1,17,6,9238,1,10,124.7,14,12,21,10,15,113.5,0,0,1,1,1,0,46,0,4,15,18,3,3.1,7,1,12,8,11,12.0,3,11.2,-0.2,-3.7,Dropout
2,17,3,33,1,2,143.0,7,28,22,16,16,129.7,1,0,1,1,1,1,21,0,7,9,11,4,9.0,1,4,0,0,7,0.7,6,10.8,1.4,-3.46,Enrolled
2,5,0,9070,0,9,150.9,9,32,8,1,0,136.2,0,0,0,1,0,1,27,0,1,2,2,6,4.8,6,1,18,3,14,8.5,1,9.8,2.1,-1.57,Graduate
1,7,7,9085,1,1,150.8,14,24,11,8,2,123.3,1,0,0,1,1,1,25,0,5,13,14,9,15.8,5,7,5,20,10,0.7,9,12.6,-0.3,0.87,Graduate
2,16,3,8014,1,2,119.5,21,29,12,17,19,132.4,0,0,0,0,1,1,30,0,5,13,16,4,9.8,4,6,5,24,2,12.0,1,8.2,1.6,0.85,Graduate
2,15,2,9119,1,10,118.0,17,18,27,4,15,107.4,0,0,0,1,1,0,35,0,6,11,23,14,8.1,7,1,6,27,7,12.7,6,15.8,-0.4,-2.65,Graduate
5,5,8,9085,1,1,102.8,17,3,2,5,13,144.2,0,0,0,1,1,0,29,0,2,3,22,1,15.7,0,10,9,1,13,16.2,1,8.9,3.1,2.7,Graduate
1,7,9,9003,1,2,130.0,21,13,31,3,15,141.7,1,0,1,0,1,0,37,0,5,3,10,4,1.5,8,14,13,9,9,17.0,2,12.5,1.0,-0.17,Enrolled
1,15,3,8014,1,1,143.3,13,13,8,8,8,125.7,1,0,1,1,0,0,18,0,2,3,15,1,15.7,8,4,9,26,9,14.2,0,10.6,0.3,0.33,Graduate
6,16,3,9070,1,5,119.4,18,29,20,4,1,115.6,1,0,0,1,1,0,46,0,13,0,18,1,14.4,9,4,1,22,12,9.3,3,7.1,0.9,1.92,Dropout
4,17,8,8014,1,9,107.8,19,2,8,3,12,137.3,1,0,0,1,0,1,39,0,12,15,14,7,12.4,7,3,18,12,4,3.8,8,8.9,2.1,-3.19,Graduate
1,10,1,9238,0,6,158.3,17,28,4,8,4,112.1,0,0,0,1,1,0,43,0,7,13,6,1,2.0,8,6,17,29,4,12.4,9,12.0,1.3,-0.09,Graduate
2,10,4,9147,1,6,119.4,6,4,31,17,19,113.9,1,0,0,0,1,1,17,0,4,8,8,1,0.9,4,1,19,16,6,17.6,5,10.1,1.9,1.2,Dropout
1,16,3,9147,0,6,128.3,12,5,32,10,16,126.3,0,0,0,1,0,0,23,0,5,12,10,14,3.0,1,5,10,7,13,15.6,7,14.5,1.9,-2.51,Graduate
1,16,8,9085,1,10,123.0,6,5,13,15,5,146.7,0,0,1,1,1,1,18,0,8,1,22,10,4.9,3,11,14,1,5,10.6,6,13.1,2.3,-2.75,Enrolled
1,1,4,9085,1,5,110.0,3,8,22,1,16,135.3,1,0,0,1,1,0,39,0,8,12,19,10,11.1,1,8,13,0,3,16.5,7,8.4,3.4,3.03,Dropout
1,7,8,9003,1,14,143.5,15,34,26,15,1,118.6,0,0,0,1,0,0,47,0,10,6,14,13,1.4,1,10,14,19,14,6.7,0,15.4,2.1,1.84,Dropout
2,17,8,9003,0,9,103.8,3,25,17,18,6,105.1,0,0,1,1,0,0,45,0,4,13,0,14,3.3,4,0,0,24,1,10.3,0,9.2,-0.1,-3.86,Graduate
1,7,1,171,1,3,146.9,15,27,29,9,16,127.5,0,0,0,1,1,0,30,0,9,18,24,12,3.6,0,0,11,3,9,8.9,7,7.5,1.3,-1.01,Graduate
6,16,8,9238,1,12,134.0,1,7,27,3,7,130.3,1,0,0,1,1,0,21,0,6,5,7,11,12.1,9,14,8,4,2,9.3,5,11.4,0.1,-2.67,Enrolled
6,2,2,9003,1,14,126.0,21,32,22,11,0,126.1,1,0,0,1,1,0,27,0,5,13,18,0,6.2,9,0,17,26,13,17.5,9,10.9,-0.2,-1.66,Graduate
2,2,3,9130,1,3,126.2,3,21,18,8,18,150.5,0,0,0,1,1,1,49,0,13,11,26,2,5.0,4,5,16,13,0,4.3,5,11.4,2.6,-1.89,Dropout
1,15,0,9238,1,6,136.8,5,18,5,12,4,125.3,1,0,0,1,0,1,45,0,9,13,25,9,0.5,0,12,2,13,1,0.8,7,7.7,-0.1,3.5,Enrolled
1,15,0,171,1,3,120.4,14,2,12,4,4,97.3,1,0,0,1,1,1,22,0,12,9,8,10,1.7,2,6,14,1,9,0.1,3,9.7,2.7,3.32,Dropout
3,2,0,9147,1,1,132.7,4,5,2,1,0,121.7,1,0,0,1,0,0,23,0,3,15,20,14,9.9,6,11,16,25,0,3.7,0,15.3,1.6,-3.38,Graduate
2,16,8,33,1,1,116.7,9,28,7,2,9,132.9,1,0,1,1,0,0,26,0,0,14,19,9,11.4,7,3,1,25,7,10.2,6,14.2,1.1,-2.24,Enrolled
1,16,7,171,1,3,97.7,18,31,26,7,9,132.0,0,0,0,1,1,0,36,0,14,3,21,11,13.4,0,9,13,11,0,14.1,1,8.3,3.1,1.84,Dropout
5,15,4,171,1,4,139.3,10,24,15,5,2,124.7,0,0,0,1,1,0,25,0,3,7,13,6,9.0,9,9,8,1,14,4.4,6,9.6,3.3,0.73,Graduate
3,5,4,9085,1,2,166.6,8,33,33,4,11,122.6,1,0,0,1,1,0,33,0,1,5,10,10,4.8,8,7,15,12,0,3.3,7,13.7,0.2,-3.47,Graduate
5,16,8,9119,1,12,138.5,13,12,3,3,11,101.0,1,0,0,1,1,0,52,0,12,10,6,0,5.3,5,1,17,24,9,7.1,5,14.7,2.8,-3.68,Graduate
2,2,2,8014,1,10,129.3,2,9,2,19,6,128.1,1,0,1,1,1,0,22,0,7,7,5,0,11.7,8,8,7,27,4,12.7,9,8.3,1.9,-2.81,Dropout
2,7,2,9147,1,3,124.1,20,15,17,15,15,122.6,0,0,1,1,0,0,17,0,1,11,24,6,7.7,9,5,5,21,1,3.9,1,12.4,1.4,-0.78,Enrolled
1,16,6,9070,1,9,124.5,20,23,1,7,19,130.2,1,0,0,0,1,0,27,0,8,15,0,2,2.9,1,10,15,21,13,11.5,6,11.0,0.3,2.49,Graduate
5,17,8,9070,1,4,124.0,7,22,17,11,2,133.4,1,0,0,1,1,0,33,0,9,3,15,5,0.1,1,5,13,7,14,8.6,8,11.4,2.8,-1.24,Graduate
4,16,5,9003,1,5,133.0,11,10,2,4,6,143.1,1,0,0,1,0,0,25,0,13,9,3,6,4.7,5,10,5,18,11,2.1,9,14.1,3.2,-1.91,Enrolled
1,5,1,9147,1,4,94.2,5,28,33,4,13,114.6,0,0,0,1,1,0,32,0,5,1,16,10,13.6,0,2,19,15,10,7.7,0,12.3,2.5,-1.79,Graduate
1,15,0,9130,1,12,91.6,18,29,29,12,3,110.2,1,0,0,1,0,0,43,0,4,15,12,0,12.0,1,11,16,26,5,5.1,5,12.0,0.4,0.69,Graduate
1,16,1,9003,1,9,136.8,8,5,6,10,9,119.5,0,0,0,1,0,0,21,0,12,3,25,3,1.8,4,12,6,21,11,10.1,6,10.4,-0.5,-1.26,Graduate
3,10,0,9003,0,4,127.0,10,4,24,10,1,117.4,0,0,0,1,0,0,54,0,12,17,22,12,8.0,5,5,15,10,8,12.4,3,9.9,1.4,-0.61,Dropout
6,1,9,171,1,10,115.2,2,15,11,18,15,116.3,1,0,0,1,0,0,24,0,8,12,3,2,2.6,4,2,5,22,1,17.1,6,13.6,0.4,-0.97,Graduate
1,2,9,9147,1,2,114.8,3,30,5,6,2,145.8,0,0,0,1,0,1,25,0,14,18,12,10,8.5,2,5,12,0,9,11.9,2,15.2,0.7,-1.15,Graduate
2,17,8,8014,1,9,121.6,5,26,30,16,14,128.9,1,1,1,1,0,0,29,0,1,12,16,8,2.0,5,10,17,16,10,1.8,9,7.2,0.7,-2.82,Dropout
1,17,9,9003,1,1,123.7,16,23,10,4,7,152.6,0,0,0,1,1,0,19,0,0,18,14,7,12.2,8,4,15,5,7,10.7,8,11.3,0.1,2.95,Graduate
6,17,7,9119,1,10,151.4,10,29,27,5,15,127.0,1,0,0,1,0,0,43,0,8,8,16,6,10.5,3,1,0,21,2,13.6,0,12.1,3.6,-3.03,Enrolled
3,10,6,9238,1,6,113.9,11,22,27,17,10,111.8,1,0,0,1,1,0,53,0,9,3,23,8,4.7,2,11,11,23,2,8.2,3,9.6,3.1,0.42,Dropout
3,17,2,9130,1,5,141.5,19,18,24,17,10,116.5,0,0,1,1,0,0,36,0,3,3,10,14,17.9,9,13,13,1,7,10.8,7,7.8,-0.4,-3.61,Enrolled
1,17,7,9130,0,12,138.9,16,33,3,8,10,140.3,1,0,0,1,1,0,49,0,1,0,19,8,10.6,6,14,6,24,10,7.4,2,8.5,3.0,-2.69,Dropout
1,15,1,9003,1,12,126.9,12,7,26,17,0,112.3,0,0,0,1,0,0,29,0,5,0,9,0,4.8,7,14,19,25,11,2.6,5,13.4,-0.7,-1.58,Dropout
1,7,1,9119,1,3,141.5,2,34,18,18,1,134.3,1,0,0,1,1,0,40,0,0,14,18,10,6.4,7,11,1,6,11,4.3,2,9.0,2.9,-2.57,Graduate
1,1,9,9238,1,12,136.6,11,10,3,16,19,122.4,0,0,1,1,0,0,40,0,10,11,29,14,16.5,9,4,12,28,2,9.2,1,10.6,0.1,-1.16,Dropout
4,10,2,33,1,12,111.2,1,24,25,8,0,114.9,0,1,0,0,0,0,36,0,3,10,24,9,3.7,8,0,11,0,13,13.0,7,7.1,1.3,1.19,Enrolled
3,1,6,9085,1,2,121.1,5,25,13,0,18,145.0,1,0,0,1,1,0,43,0,14,8,1,6,3.7,6,7,18,15,2,9.7,3,8.5,0.6,0.84,Graduate
6,2,0,9085,1,5,135.8,21,27,25,19,19,119.3,0,0,0,1,1,0,34,0,11,12,11,6,10.3,5,3,1,12,11,10.0,8,14.3,1.8,0.1,Graduate
6,15,7,9085,1,2,121.0,14,6,24,17,9,116.2,1,0,0,1,0,0,44,0,10,16,20,8,6.0,4,8,8,2,9,7.5,6,11.7,1.2,-1.76,Enrolled
2,16,6,171,1,1,139.2,18,8,16,12,18,126.0,0,0,0,1,1,0,52,0,14,17,1,5,5.5,4,1,14,20,1,3.9,6,7.9,-0.6,2.34,Dropout
3,7,3,9130,1,9,147.4,7,21,11,7,10,120.4,1,1,0,1,0,0,49,0,3,12,2,11,7.4,9,6,3,23,12,6.4,9,7.7,2.6,2.44,Enrolled
5,15,4,9070,1,4,129.6,5,19,21,13,11,155.8,0,0,0,1,0,0,48,0,9,1,4,11,15.0,0,6,14,26,1,3.2,6,15.3,1.4,-2.4,Dropout
3,1,9,9070,1,5,120.9,8,34,31,2,9,140.8,0,0,0,1,0,0,23,0,10,3,12,5,15.1,6,5,13,6,9,12.1,3,10.3,0.1,3.27,Graduate
1,10,0,171,1,4,119.2,21,23,15,3,6,119.3,0,0,0,1,1,1,31,0,6,9,1,13,12.0,5,3,16,17,5,11.8,0,13.9,1.9,-2.82,Enrolled
1,2,3,9003,1,6,124.5,15,13,1,10,7,120.8,0,0,0,1,1,0,30,0,2,17,22,14,10.4,6,11,4,6,4,12.8,2,10.9,0.0,-2.1,Graduate
1,2,0,9147,1,2,123.5,5,28,28,6,10,100.7,1,0,0,1,1,0,51,0,10,13,13,2,0.3,9,9,12,22,5,2.0,9,8.1,1.6,1.45,Enrolled
6,15,0,9147,0,10,143.0,13,6,33,4,17,128.8,1,0,0,1,1,0,47,0,7,15,17,0,10.2,8,2,6,11,12,6.6,9,11.7,1.1,1.41,Dropout
2,16,9,9085,0,4,121.2,19,12,3,1,15,117.3,1,0,0,0,0,1,47,0,1,18,10,12,17.2,8,7,0,7,6,13.0,3,7.9,1.6,-2.27,Dropout
1,10,0,9147,1,10,127.4,2,3,15,5,0,128.1,0,0,0,1,1,0,42,0,3,1,25,5,15.1,1,2,12,20,3,14.7,8,14.8,1.8,-0.13,Graduate
2,16,6,9003,1,3,141.7,5,20,33,19,5,101.4,0,0,1,1,0,0,41,0,7,8,27,0,2.6,2,5,3,5,6,17.8,1,7.4,-0.6,-3.86,Graduate
2,16,6,33,1,5,125.1,5,8,32,4,16,126.7,1,0,0,1,1,0,22,0,3,1,14,10,17.5,9,1,12,13,6,17.0,7,13.3,2.1,0.29,Dropout
1,17,3,171,1,3,123.3,6,26,23,14,12,149.1,1,0,0,1,1,0,43,0,13,19,20,13,3.9,8,7,12,19,10,2.3,7,15.8,0.5,2.94,Graduate
1,10,1,33,1,9,143.1,16,28,26,10,9,127.7,1,0,0,0,1,0,48,0,4,7,4,4,2.2,2,7,2,27,11,14.1,0,15.0,0.7,-2.72,Dropout
2,1,2,9130,1,3,147.4,2,2,17,4,9,116.9,0,0,1,1,1,0,28,0,9,19,2,2,5.2,3,4,7,1,2,11.9,0,15.2,2.7,-3.95,Dropout
1,15,7,9147,1,10,130.6,5,7,9,17,0,126.7,1,0,0,1,1,0,46,0,14,16,17,9,2.5,4,0,8,13,1,0.4,3,9.3,0.0,1.85,Graduate
3,15,7,9238,1,12,154.9,15,25,5,7,6,126.2,0,0,0,0,1,1,40,0,7,11,7,11,4.0,9,12,6,2,2,16.3,6,11.2,0.7,3.09,Enrolled
1,17,5,9085,0,2,132.5,1,32,29,10,19,155.5,1,0,0,1,0,0,40,0,7,6,5,13,5.6,5,4,4,24,4,8.9,0,9.1,-0.5,-1.97,Graduate
4,5,9,171,1,3,143.1,19,12,6,16,8,122.7,1,0,0,1,1,0,38,0,11,8,25,10,10.6,9,13,3,14,4,13.9,4,13.2,3.5,2.66,Graduate
2,15,8,9085,1,9,159.3,3,11,21,13,10,111.4,1,0,0,1,1,1,20,1,4,12,12,8,11.0,9,3,2,17,13,9.9,7,12.9,0.2,-0.61,Enrolled
2,2,8,9147,1,5,120.6,19,10,23,1,19,127.3,0,0,1,1,1,0,35,0,12,15,20,0,9.6,1,7,7,7,10,5.9,4,9.7,3.1,1.93,Dropout
4,1,3,8014,1,14,122.2,15,4,2,6,1,129.5,1,0,0,1,1,0,41,0,5,14,18,10,5.4,5,8,3,7,10,8.8,5,10.7,1.9,-1.78,Graduate
1,10,0,9147,1,9,142.0,3,2,9,17,0,134.3,1,0,0,1,0,0,21,0,8,1,9,11,17.2,2,14,10,5,10,15.0,0,10.4,1.1,2.97,Graduate
1,15,0,171,1,2,127.6,8,28,13,0,11,136.8,0,0,0,1,1,1,20,0,1,14,0,2,5.3,6,4,9,27,1,3.8,3,13.3,1.8,-3.51,Graduate
1,1,9,9070,1,4,115.9,15,14,34,14,6,152.4,1,0,0,1,0,0,45,0,12,11,9,2,7.2,8,10,1,8,6,9.9,7,7.2,1.8,2.59,Graduate
3,17,4,171,1,1,124.8,1,29,16,0,18,119.3,1,0,0,1,1,0,25,0,2,11,10,0,7.6,4,12,13,24,1,11.3,5,15.3,1.9,-1.52,Dropout
2,15,1,9119,1,5,108.8,6,2,5,16,4,118.1,0,0,0,1,1,0,54,0,10,10,4,0,0.4,7,7,7,6,9,10.5,2,8.3,0.7,-4.03,Enrolled
2,10,5,9238,1,10,130.4,17,34,1,6,11,102.9,0,0,0,1,1,0,50,0,14,8,28,14,7.7,5,10,5,2,9,7.1,1,9.8,3.2,-1.81,Enrolled
1,7,6,9147,1,1,132.4,16,33,22,15,13,135.6,0,0,0,0,0,1,24,0,8,2,0,8,6.1,7,2,2,15,7,3.0,2,7.4,2.7,2.08,Dropout
1,10,0,9119,0,9,146.3,13,20,26,1,6,115.5,1,0,0,1,1,0,27,0,13,1,0,14,1.3,3,0,16,19,7,4.7,8,11.0,3.6,-3.33,Dropout
1,10,5,9070,0,9,147.7,1,30,34,14,7,138.6,1,0,1,1,1,1,50,0,12,19,18,13,14.6,6,3,9,6,8,8.2,8,13.6,3.0,0.97,Enrolled
1,10,7,9003,1,9,125.2,3,26,21,19,13,120.6,1,0,0,1,0,1,48,0,2,3,17,11,12.8,8,2,14,17,0,3.7,3,14.1,0.8,2.41,Graduate
2,15,4,9003,1,1,161.6,6,20,7,10,11,149.4,0,0,0,1,0,0,48,0,4,15,4,0,5.1,6,13,7,18,3,13.1,3,10.3,0.6,-1.72,Enrolled
1,5,6,9238,1,3,113.9,20,1,25,1,8,108.4,1,0,0,1,0,1,21,0,2,14,29,14,4.7,1,5,6,1,14,5.0,1,10.4,1.3,-0.74,Graduate
1,10,9,9130,1,2,109.0,21,1,12,10,9,140.3,0,0,0,1,0,1,48,0,14,14,11,12,16.3,4,9,6,28,2,3.6,6,10.1,-0.5,-3.97,Graduate
5,17,5,9238,1,5,111.4,3,25,31,15,9,138.7,1,0,0,0,0,0,21,0,9,10,27,12,3.4,8,11,12,27,1,6.4,0,9.0,1.0,-2.42,Graduate
1,2,3,9238,1,2,112.4,15,33,27,1,0,133.8,1,0,0,1,1,0,48,0,3,9,27,2,15.7,0,1,3,14,1,4.1,4,13.4,-0.7,-2.56,Dropout
1,2,6,9238,1,5,141.4,15,23,22,18,5,112.5,1,0,0,1,1,0,17,0,2,4,4,2,1.4,3,13,17,22,4,12.7,1,15.0,-0.0,2.27,Graduate
3,17,9,9238,0,5,155.2,11,11,34,15,13,133.9,0,0,0,1,1,0,22,0,9,16,22,9,15.1,8,6,6,29,14,14.4,8,10.7,0.6,2.69,Dropout
1,1,8,9238,1,4,155.8,6,15,17,7,8,128.6,0,0,0,1,0,0,41,0,3,14,4,7,9.7,8,10,2,3,6,7.6,6,13.5,2.1,0.01,Graduate
2,5,9,33,1,9,101.7,6,14,11,19,11,103.2,1,0,1,1,0,0,43,0,0,9,22,4,14.0,9,2,13,7,6,11.9,9,11.4,3.6,0.35,Dropout
4,1,9,9070,1,14,142.9,9,1,29,4,18,147.3,1,0,0,1,1,0,30,0,11,14,23,3,1.7,4,0,0,18,0,3.6,3,8.2,-0.1,-3.55,Enrolled
5,17,6,171,0,6,152.9,14,33,34,7,19,122.5,1,0,0,1,1,1,25,0,7,10,27,6,7.6,0,9,0,29,7,6.0,2,11.6,-0.4,0.14,Dropout
1,2,4,9147,1,2,145.0,11,6,26,13,11,146.3,0,0,0,1,1,0,44,0,9,16,16,6,8.1,8,14,15,25,5,2.8,5,9.4,3.4,-2.12,Graduate
5,16,6,9119,1,4,120.5,6,23,32,13,12,126.1,1,0,0,1,1,0,40,0,13,11,3,2,9.3,0,4,13,8,13,3.8,7,13.0,1.4,-1.17,Enrolled
1,2,2,9238,1,9,132.5,18,26,5,17,2,139.8,1,0,0,1,1,0,25,0,10,9,16,2,11.3,9,12,7,10,14,8.5,5,11.0,2.0,-0.51,Graduate
1,7,1,9130,1,12,115.7,20,3,20,4,10,115.8,1,0,1,0,0,1,52,0,6,15,26,3,7.0,4,11,0,27,9,11.6,9,13.1,-0.7,0.36,Graduate
1,10,4,9085,0,12,141.2,15,6,7,9,1,129.8,1,0,0,1,0,0,53,0,5,10,29,14,8.1,2,3,3,29,7,2.6,2,11.3,0.7,-0.17,Enrolled
6,16,3,9147,1,3,108.0,9,25,23,14,17,128.9,0,0,0,1,0,1,50,0,6,4,11,12,6.7,0,13,3,27,10,9.5,2,13.9,1.5,-3.12,Enrolled
1,2,4,9085,0,1,140.3,11,17,1,12,17,122.8,1,0,0,1,0,0,19,0,7,13,21,14,12.6,3,2,3,6,12,8.3,4,16.0,0.4,-0.36,Dropout
1,15,7,9119,1,12,119.3,2,28,3,8,8,115.7,0,0,0,1,1,0,37,0,0,9,19,1,16.4,0,9,14,0,11,0.2,9,14.7,2.8,-1.96,Graduate
2,15,3,9119,1,10,135.4,6,32,3,8,0,87.1,0,0,0,0,1,0,53,0,12,16,24,11,2.1,9,0,15,22,14,15.7,2,13.4,1.9,2.57,Dropout
1,1,8,9147,1,9,126.2,14,29,6,18,15,116.0,0,0,0,1,0,1,52,0,6,12,16,1,5.2,0,0,9,17,3,10.4,0,9.2,3.5,-2.83,Graduate
1,16,6,9130,1,6,124.6,14,23,31,8,0,136.1,0,0,0,1,1,0,18,0,13,18,13,9,4.0,5,11,3,3,14,4.7,3,12.1,2.3,0.89,Dropout
1,1,9,33,1,14,144.2,13,16,27,4,19,108.9,1,0,0,1,0,0,33,0,8,17,22,13,16.9,6,14,13,7,5,10.7,2,12.7,-0.1,2.01,Dropout
1,10,6,9003,1,9,152.9,5,32,29,5,4,111.6,1,0,0,1,1,0,45,0,3,17,23,6,10.7,3,12,12,18,0,16.7,5,13.6,1.6,-3.44,Dropout
1,10,7,9119,1,12,117.0,9,26,15,9,16,108.3,1,0,0,0,1,0,41,1,1,3,16,14,2.6,6,10,1,1,10,0.4,4,8.7,-0.1,0.15,Graduate
1,7,5,9130,1,6,132.8,11,33,5,9,7,129.7,1,0,0,1,0,0,37,0,0,6,26,2,7.2,2,10,0,9,10,17.1,1,11.7,3.1,-2.27,Dropout
2,17,7,9119,1,14,113.7,7,19,3,5,5,115.4,1,0,0,1,1,0,35,0,7,17,19,4,8.5,9,13,15,3,3,11.8,1,11.2,0.7,-2.66,Dropout
1,17,2,8014,1,3,123.1,2,17,25,0,0,142.9,1,0,0,1,0,0,45,0,8,12,13,1,11.2,3,14,15,28,5,9.7,9,9.4,1.2,-2.26,Graduate
1,5,9,9003,1,3,119.1,12,14,32,19,12,136.6,1,0,0,1,1,0,19,0,10,6,16,11,3.9,4,12,6,10,9,7.1,1,11.9,3.1,-1.51,Dropout
4,1,9,9119,1,4,111.1,5,18,21,12,17,129.6,0,0,0,1,1,0,28,0,11,11,21,12,9.0,2,1,7,3,6,2.4,7,15.2,0.4,2.28,Enrolled
1,10,0,9130,0,14,145.9,2,21,17,7,3,131.0,0,0,0,1,0,1,42,0,2,16,13,0,14.4,5,4,3,2,9,0.3,1,13.9,1.3,-1.71,Graduate
2,17,5,9119,1,14,131.6,14,28,9,12,14,117.1,1,1,0,1,1,0,47,0,7,7,26,8,11.9,0,3,13,27,12,7.8,0,12.0,2.7,3.41,Enrolled
1,1,0,9085,1,10,121.8,7,20,26,5,13,117.1,0,0,0,1,1,0,24,0,13,2,14,13,1.9,1,5,10,21,4,9.9,5,13.6,-0.5,-3.99,Graduate
1,10,8,9147,1,14,129.1,5,6,22,18,15,136.2,0,0,0,1,0,0,51,0,14,12,18,3,16.4,6,14,16,28,2,17.8,4,14.1,0.4,2.16,Graduate
1,2,1,9147,0,12,147.9,4,26,23,11,4,138.9,0,0,1,1,1,1,21,0,14,6,4,8,6.1,9,12,0,25,8,9.5,2,13.5,-0.3,-2.91,Graduate
1,1,1,9119,1,10,145.4,10,6,11,14,0,136.1,0,0,0,1,1,0,43,0,7,5,16,4,7.6,4,10,16,20,9,12.7,3,14.7,2.6,1.77,Graduate
1,2,6,9130,1,14,138.4,16,26,10,7,3,120.9,1,0,0,1,1,0,42,0,10,2,0,4,12.5,4,0,1,18,13,11.4,9,14.0,-0.1,0.74,Dropout
1,1,1,9085,1,2,120.0,6,17,23,10,16,121.9,1,0,0,1,1,0,43,0,11,17,6,2,8.3,6,9,17,25,7,15.8,7,14.4,3.5,0.42,Graduate
1,5,9,33,1,4,131.8,21,2,5,8,5,114.9,1,0,0,0,0,0,29,0,0,3,5,4,10.6,4,7,2,5,9,8.8,1,11.7,0.9,-2.46,Dropout
1,7,7,33,1,4,113.6,6,21,26,18,3,137.0,1,0,0,1,1,0,39,0,7,15,24,9,8.6,9,11,12,23,0,3.2,4,11.5,1.6,1.28,Graduate
1,15,5,9085,1,2,128.7,9,7,4,10,6,101.5,0,0,0,1,0,0,17,0,1,16,14,14,5.5,9,0,16,3,1,4.3,4,10.2,0.2,-0.3,Graduate
1,17,6,171,0,10,144.7,1,20,27,5,0,98.3,1,0,0,1,0,0,44,0,1,9,20,5,7.9,3,12,14,13,14,6.5,3,11.4,3.0,2.92,Dropout
1,15,6,9130,1,3,147.4,16,3,34,14,9,100.9,1,0,0,0,1,0,31,0,11,12,16,10,5.6,6,0,2,15,1,3.4,1,13.3,0.3,-2.42,Graduate
1,15,5,33,1,2,120.4,17,19,3,16,12,99.1,0,0,0,1,1,0,29,0,3,2,23,1,8.1,9,1,4,6,8,14.3,4,9.8,1.4,2.5,Dropout
2,2,9,171,1,9,142.5,13,30,32,11,8,144.6,1,0,0,1,1,0,21,0,9,12,0,4,3.6,6,1,4,6,5,6.7,0,9.0,3.5,1.56,Graduate
1,16,8,9130,1,1,139.4,6,11,26,1,13,137.2,0,0,0,1,1,0,42,0,6,1,10,10,1.1,4,13,5,4,8,6.9,5,14.9,1.3,-3.34,Dropout
3,10,8,9085,1,6,126.4,2,13,18,3,0,111.4,0,0,0,1,0,0,23,0,1,16,0,6,12.6,7,1,15,28,7,9.0,3,7.2,1.5,-0.04,Graduate
2,15,6,9238,1,3,141.2,8,33,7,2,8,125.6,0,0,0,1,1,0,51,0,13,16,27,11,2.3,8,14,1,3,5,5.2,5,15.4,3.1,1.22,Graduate
1,5,8,171,1,3,148.4,4,2,13,1,5,146.1,1,0,0,1,1,0,38,0,4,7,9,14,14.8,4,13,5,27,5,2.3,7,14.7,3.2,-3.45,Graduate
4,15,9,171,1,5,142.8,9,23,6,18,9,133.5,1,0,0,1,1,0,25,0,3,10,8,7,6.6,0,5,12,22,5,13.2,5,12.9,2.4,-1.28,Graduate
5,1,2,9119,1,3,114.2,7,20,31,4,10,154.5,0,0,0,1,0,0,17,0,5,2,26,14,4.5,3,2,4,21,4,10.6,5,13.8,-0.7,1.68,Graduate
1,2,2,9070,1,4,125.8,21,30,4,16,6,125.5,1,0,0,1,0,0,31,0,2,17,22,3,7.4,7,9,19,22,12,3.4,6,12.4,2.5,-0.71,Enrolled
1,16,0,9070,1,3,136.0,1,15,4,15,19,118.5,0,0,1,1,1,1,46,0,8,6,4,11,2.7,9,14,15,20,0,1.1,0,12.2,2.6,-2.47,Dropout
3,1,4,9130,0,9,117.9,14,2,8,15,11,112.9,0,0,0,0,1,0,19,0,0,5,20,5,15.3,6,11,15,10,5,9.7,9,12.8,0.8,-2.88,Enrolled
2,16,3,9119,1,3,153.4,2,30,11,11,11,127.3,0,0,1,1,0,0,22,0,12,3,29,2,3.0,9,12,6,15,0,12.0,9,7.0,2.1,2.21,Graduate
1,1,1,9147,1,14,134.7,8,25,2,3,13,139.2,1,0,0,1,1,0,47,0,7,8,13,4,8.9,8,11,19,7,7,4.2,6,14.5,0.4,-3.55,Graduate
1,1,8,9003,1,4,123.2,11,4,18,16,9,128.3,0,0,0,1,0,0,21,0,5,8,25,12,2.9,1,4,10,20,10,7.0,7,14.3,0.7,-3.14,Dropout
1,17,2,9238,1,2,122.3,5,1,18,18,15,122.3,0,0,0,1,0,0,20,0,3,2,23,13,0.8,2,6,2,22,13,15.8,5,11.4,0.8,2.27,Enrolled
1,7,7,9003,1,2,119.6,18,8,22,1,3,143.3,0,0,0,1,1,0,41,0,8,16,2,5,14.4,7,2,14,4,6,9.1,8,9.1,3.1,1.02,Enrolled
2,7,5,171,1,12,140.6,12,14,12,4,13,133.9,1,0,0,1,1,0,27,0,0,3,16,10,10.0,6,14,16,14,3,15.5,1,10.0,3.4,-2.28,Enrolled
1,10,4,8014,1,1,142.4,21,11,17,0,1,125.5,1,0,0,0,0,0,30,1,8,9,20,2,1.4,6,10,2,10,13,9.8,6,10.8,2.4,-2.8,Enrolled
1,2,0,33,1,1,120.0,20,24,17,13,1,117.0,1,0,0,1,1,0,41,0,1,12,20,8,16.1,8,3,1,11,6,11.0,1,8.4,0.0,-3.21,Dropout
2,5,3,33,1,14,152.0,19,24,29,8,10,123.7,1,0,0,1,0,0,43,0,12,16,11,0,7.1,6,6,13,26,6,10.5,7,12.5,2.4,-3.69,Enrolled
1,5,2,9119,1,1,124.2,5,32,16,16,10,133.1,0,0,0,1,0,1,45,0,5,17,6,13,7.7,8,9,4,21,6,2.5,6,8.4,0.4,-2.46,Graduate
1,5,0,9070,1,3,118.0,7,25,11,11,5,116.9,1,0,0,1,1,0,17,0,10,4,25,13,8.9,1,14,3,23,3,0.9,3,13.1,-0.2,1.75,Dropout
2,17,4,8014,1,2,137.2,2,28,22,19,2,111.0,0,0,0,1,1,1,21,0,7,15,11,2,4.0,8,10,11,2,13,12.9,7,12.1,1.5,0.59,Graduate
4,1,5,9119,1,3,112.0,17,16,30,11,8,120.8,0,0,0,1,0,0,37,0,1,16,23,7,9.9,4,4,6,14,8,10.9,4,14.5,3.3,1.38,Graduate
1,7,1,171,1,5,109.5,13,16,8,14,2,126.4,1,0,0,1,1,1,53,0,11,17,22,3,4.5,3,13,10,15,4,6.3,0,10.6,0.9,3.31,Enrolled
1,2,2,8014,0,12,115.7,11,12,18,15,0,144.7,1,0,0,0,1,0,50,0,14,15,6,4,15.0,3,12,19,25,1,10.6,3,15.2,2.1,-0.83,Dropout
1,1,5,33,0,2,118.2,5,12,16,17,1,111.9,0,1,0,1,1,1,18,0,14,3,12,3,14.9,5,13,1,28,10,9.8,3,12.9,2.6,2.95,Graduate
1,16,3,9130,1,1,141.2,13,34,20,13,14,129.9,1,0,1,1,1,0,34,0,14,18,13,1,8.6,1,3,1,26,6,13.2,0,7.0,3.0,-3.48,Enrolled
1,7,8,171,1,6,110.6,13,20,8,11,10,123.4,1,0,1,1,0,0,31,0,4,15,24,6,9.6,8,11,9,14,13,10.4,9,10.9,-0.6,1.91,Enrolled
1,7,4,9119,1,3,135.5,8,15,30,10,7,124.0,1,0,0,1,1,1,49,0,9,12,16,1,17.9,3,6,17,6,4,11.9,2,15.7,1.5,0.65,Dropout
1,15,3,9147,1,9,142.6,11,22,29,14,15,147.0,0,0,1,1,1,1,27,0,9,3,15,6,14.3,2,1,16,16,5,9.8,5,15.6,3.2,0.78,Graduate
1,15,1,9085,0,6,151.7,8,16,13,7,16,128.1,0,0,0,1,1,0,45,1,12,1,27,9,1.1,5,1,5,4,6,2.9,8,12.1,0.5,-4.05,Dropout
1,17,5,171,0,9,122.6,10,24,17,16,2,115.1,1,0,0,1,0,1,45,0,13,10,7,11,3.1,2,11,10,7,2,15.4,5,13.0,-0.5,-2.52,Graduate
1,2,9,171,1,5,123.8,11,3,17,7,7,138.6,1,0,0,1,1,0,24,0,3,11,8,6,10.7,5,0,16,8,4,7.2,1,9.1,0.9,3.16,Dropout
1,16,1,9147,1,1,160.5,1,1,9,3,6,137.6,1,0,0,1,1,0,17,0,4,13,17,13,6.7,0,0,14,0,5,3.7,1,9.9,2.4,0.87,Enrolled
1,2,6,9238,1,3,150.3,7,17,2,9,2,114.0,1,0,0,1,0,1,46,0,12,11,3,5,14.5,3,14,9,2,14,17.4,9,10.6,3.6,2.87,Graduate
1,2,2,9130,1,3,125.9,8,21,24,5,6,111.5,1,0,0,1,0,0,26,0,11,10,7,8,11.5,5,12,3,0,1,11.8,0,10.7,1.7,-2.99,Graduate
4,17,8,9147,1,9,147.2,6,13,21,5,4,132.3,1,0,0,1,1,0,22,0,9,3,23,1,17.8,2,9,12,15,8,16.6,3,13.4,3.4,0.06,Graduate
2,17,4,9003,1,3,133.7,14,2,2,16,0,126.6,0,0,0,1,1,0,17,0,3,9,18,10,0.2,2,8,0,27,3,4.4,0,7.7,3.4,-2.14,Graduate
2,1,7,9003,1,5,130.2,20,2,5,7,4,120.9,1,0,0,1,1,1,25,0,14,12,16,7,7.9,6,9,14,28,0,11.7,6,7.4,2.9,3.27,Dropout
3,10,5,171,1,4,167.2,7,25,17,12,2,140.7,1,0,0,1,1,0,32,0,2,1,22,7,7.3,9,12,4,24,7,7.8,8,11.7,1.2,1.74,Graduate
1,17,9,9238,1,4,146.1,3,28,24,14,17,119.3,1,0,0,1,0,0,19,0,3,7,0,4,7.8,6,2,5,10,12,0.8,7,12.2,2.5,3.25,Graduate
1,2,7,33,1,9,158.3,2,26,8,3,18,132.5,1,0,0,0,1,0,18,0,10,1,29,5,15.9,4,11,6,25,12,8.5,6,10.5,3.3,-3.81,Graduate
1,15,2,9238,1,1,114.1,18,28,30,14,9,142.3,0,0,0,1,0,0,24,0,4,7,6,14,7.3,0,6,7,23,2,6.2,1,13.7,3.0,-2.36,Graduate
2,10,2,9003,0,9,157.0,3,33,22,13,3,122.6,0,0,0,1,0,0,46,0,14,19,23,8,14.3,7,9,11,26,1,1.6,1,8.5,1.7,2.87,Graduate
2,1,4,9238,1,10,127.7,14,18,24,10,12,103.2,1,0,0,1,1,0,34,0,0,6,18,1,11.4,2,4,14,3,11,13.5,2,15.9,3.2,-2.86,Enrolled
1,10,9,9238,1,3,127.5,18,14,26,19,0,121.8,1,0,0,1,0,0,19,0,12,16,9,13,8.8,0,0,2,1,10,9.9,7,10.2,3.0,1.03,Graduate
1,5,2,9130,1,3,135.8,13,9,8,16,3,129.5,0,0,1,0,0,1,22,0,10,6,27,6,12.5,0,12,8,3,6,0.6,1,10.0,-0.2,2.94,Graduate
1,16,7,171,0,4,137.7,8,30,12,9,8,140.0,1,0,0,1,1,1,29,0,3,9,27,4,4.1,8,7,10,9,9,4.4,9,10.5,0.5,-3.97,Graduate
1,10,9,9130,1,6,145.8,4,3,14,5,16,120.2,1,0,0,0,1,1,31,0,10,5,13,12,2.6,8,1,19,17,9,17.4,1,14.5,3.0,-0.01,Enrolled
2,2,7,33,1,9,143.3,15,34,30,5,10,149.4,0,0,0,1,1,0,38,0,8,4,1,7,17.4,7,6,11,25,0,13.0,3,9.0,2.6,0.54,Enrolled
2,1,1,33,1,1,120.2,12,33,31,0,6,110.1,1,0,0,1,1,0,35,0,7,6,29,8,7.0,3,14,7,16,8,16.6,5,11.1,0.9,1.8,Graduate
1,16,3,9003,1,4,115.1,14,27,28,4,6,129.1,0,0,0,1,0,1,24,0,4,12,19,3,5.5,8,4,13,12,1,10.0,1,9.4,1.6,1.81,Enrolled
6,2,9,9119,1,9,127.1,20,9,27,3,12,123.9,0,0,0,0,0,1,30,0,2,0,16,12,4.8,2,11,15,7,3,14.9,8,7.4,3.6,0.1,Enrolled
2,16,0,9147,1,2,129.8,7,13,1,10,18,144.5,0,0,0,1,1,0,39,0,1,1,1,13,11.2,2,5,2,11,3,9.2,8,10.3,0.9,2.65,Dropout
1,15,3,9070,1,1,131.3,12,30,14,16,16,107.8,1,0,0,1,0,0,41,0,7,13,8,6,17.9,7,4,0,9,12,8.8,0,7.7,0.2,-2.06,Graduate
1,5,3,171,1,1,150.5,9,16,10,6,17,132.5,1,0,0,1,1,1,49,0,12,12,14,0,16.1,8,5,17,0,4,3.6,0,15.7,2.3,-0.94,Enrolled
1,15,9,9119,1,14,132.8,10,26,7,19,12,123.8,1,0,0,1,1,0,17,0,7,19,23,9,7.2,1,13,12,10,10,14.2,9,8.3,-0.0,0.96,Graduate
1,2,8,171,1,6,169.6,8,5,14,2,16,146.9,0,0,0,1,0,1,17,0,4,10,24,0,16.1,5,4,11,14,1,9.2,8,15.9,-0.4,2.04,Graduate
1,2,2,9147,1,5,151.7,20,27,27,1,17,116.2,0,0,0,1,1,0,33,0,10,2,13,11,8.2,2,3,4,28,13,3.3,0,11.1,3.2,-1.51,Dropout
1,2,1,9147,1,1,125.5,2,15,11,7,19,132.4,1,0,0,1,0,0,34,0,10,8,16,1,2.0,1,5,6,26,5,8.0,6,8.5,3.2,-1.45,Dropout
1,7,8,8014,1,14,103.4,16,28,10,4,1,116.1,0,0,0,1,0,0,41,0,6,1,26,3,3.4,6,4,5,17,3,8.5,4,9.4,2.7,-0.54,Graduate
1,5,8,9130,1,3,165.8,21,3,7,4,18,129.4,1,0,0,1,1,0,31,0,0,9,9,12,4.4,7,1,8,9,6,0.6,9,10.5,-0.7,-1.88,Dropout
4,16,0,9003,1,9,125.8,18,1,17,9,14,122.2,0,0,0,1,1,0,43,0,14,14,5,13,16.5,3,6,3,16,12,13.3,5,13.1,0.1,-1.51,Enrolled
1,17,5,8014,1,12,143.9,20,1,12,11,8,122.0,0,0,0,1,1,0,46,0,5,16,0,8,17.6,9,5,3,19,4,0.4,3,13.4,2.8,0.7,Dropout
1,2,9,33,0,12,120.0,10,6,7,16,13,101.2,0,0,0,1,1,0,25,0,9,5,22,14,4.1,3,8,2,17,12,10.0,1,9.0,2.8,-2.4,Enrolled
1,2,7,9070,1,6,154.0,6,11,24,13,18,132.4,1,0,1,1,1,0,41,0,10,10,9,6,7.3,6,0,5,17,12,11.6,2,8.8,1.4,-0.16,Graduate
6,16,2,9003,0,3,142.7,6,16,34,4,7,112.9,0,0,0,1,0,0,50,0,8,2,4,6,17.7,8,0,10,11,11,0.8,9,15.2,3.0,3.24,Dropout
1,17,8,33,0,1,113.7,20,33,1,4,11,112.5,0,0,0,1,1,0,27,0,10,6,7,10,15.2,7,11,4,16,5,5.8,7,11.1,3.0,2.86,Graduate
1,15,1,9238,1,3,100.7,13,24,29,5,16,106.8,1,0,0,1,0,0,31,1,6,11,13,5,8.0,0,11,10,20,9,13.9,1,10.2,2.9,-1.12,Graduate
6,15,5,9130,1,14,132.8,19,32,26,14,11,113.3,1,0,0,0,0,1,45,0,4,14,5,14,8.1,0,13,7,9,13,2.6,6,12.6,2.6,-2.07,Graduate
4,2,0,9130,1,2,137.5,17,10,10,4,14,133.5,1,0,0,0,1,0,46,0,5,7,0,3,15.8,4,14,13,10,5,8.9,2,11.9,2.9,3.44,Graduate
3,1,6,9130,1,5,141.4,2,25,1,7,4,132.9,0,0,0,1,1,0,27,0,13,14,27,8,0.5,1,5,17,20,10,2.0,1,15.0,-0.3,-2.42,Dropout
1,7,2,8014,1,10,118.3,18,10,17,0,1,135.6,0,0,0,1,0,0,17,0,12,1,12,10,16.8,8,5,19,28,10,17.3,9,8.4,1.5,2.14,Graduate
1,15,6,9085,1,5,120.3,7,13,9,2,19,113.6,1,0,0,1,1,0,33,0,14,12,11,10,1.6,7,13,0,12,12,4.2,3,11.1,1.2,3.17,Graduate
2,1,3,9119,1,1,101.7,14,1,23,18,17,129.8,0,0,0,1,1,0,27,0,6,11,6,5,16.2,7,14,9,16,14,7.9,8,8.8,-0.5,3.5,Graduate
5,7,8,9147,1,3,121.7,15,14,29,14,2,119.0,0,0,0,1,1,0,45,0,12,4,12,0,1.2,1,3,18,15,6,7.6,6,8.0,3.7,-0.78,Graduate
2,2,4,9070,1,5,105.5,8,21,2,3,4,139.4,0,0,0,1,0,1,28,0,5,9,21,5,17.4,1,9,6,2,14,10.8,8,9.6,1.6,-0.85,Graduate
2,5,2,9147,1,9,119.3,9,1,18,1,1,132.5,1,0,0,1,1,0,46,0,4,4,13,9,0.2,5,5,12,11,10,5.9,4,7.6,2.9,1.03,Graduate
1,10,7,9085,0,5,134.9,21,20,28,16,8,118.5,0,0,0,0,0,0,43,0,11,6,2,2,17.4,3,2,15,8,4,8.6,0,12.4,1.1,-1.05,Graduate
3,10,5,9238,0,14,134.7,11,5,7,11,4,140.5,1,0,0,0,0,0,52,0,12,14,23,0,1.1,8,5,17,16,3,16.6,2,14.7,0.6,-2.28,Graduate
1,2,1,9238,1,5,119.9,3,32,11,19,16,133.6,1,0,1,1,1,0,31,0,1,3,2,0,2.3,3,1,5,25,13,1.0,1,9.7,1.5,-1.76,Graduate
1,15,2,9238,1,9,134.1,20,1,7,7,19,109.0,1,0,0,1,1,0,25,0,12,15,14,1,17.3,7,7,6,20,9,0.3,8,12.7,-0.1,-3.42,Graduate
1,1,7,9003,1,10,152.2,14,2,24,4,14,105.3,1,0,0,0,1,1,47,0,11,14,12,5,14.3,5,5,15,20,8,18.0,1,8.2,0.0,-2.29,Dropout
1,5,9,33,0,10,125.8,8,31,15,9,12,109.5,1,0,0,1,0,0,41,0,10,12,7,8,15.1,3,8,5,13,11,8.4,6,9.1,-0.5,-2.66,Graduate
1,16,6,33,1,9,110.8,3,26,31,18,8,148.4,1,0,0,1,1,1,31,0,2,12,13,11,7.8,6,14,10,11,10,6.0,4,13.1,3.1,-0.56,Enrolled
1,7,9,9238,1,3,141.8,18,9,19,8,1,113.8,0,0,0,1,0,1,50,0,3,1,20,11,1.4,3,8,6,3,5,3.9,1,15.3,1.6,3.35,Graduate
2,2,5,9070,0,2,146.4,14,30,10,15,1,151.4,1,0,0,1,1,0,32,0,4,15,25,1,2.7,0,2,17,21,6,12.2,2,7.2,3.6,1.08,Dropout
1,5,0,8014,1,1,119.6,20,8,8,0,10,113.1,1,0,0,0,1,0,39,0,0,5,2,4,16.6,9,5,2,7,7,11.3,7,12.8,2.9,-2.62,Dropout
2,17,8,9070,0,6,119.7,8,5,1,14,2,111.7,0,0,0,1,1,0,49,0,9,8,7,7,6.9,0,14,16,8,0,4.7,1,13.3,1.7,2.81,Graduate
1,5,2,9070,1,12,100.3,17,4,2,1,2,138.4,1,0,1,1,1,0,45,0,12,12,13,0,13.6,7,5,15,22,14,4.4,4,12.4,1.6,-2.87,Enrolled
1,15,4,33,1,3,123.1,8,21,29,13,9,139.0,1,0,0,1,1,0,48,0,11,4,17,3,12.4,6,3,18,16,2,15.0,4,10.8,1.5,-0.08,Graduate
1,17,6,9130,1,5,116.2,5,33,10,15,1,134.2,1,0,0,1,1,0,48,0,6,4,11,11,8.5,8,8,18,15,7,13.3,7,15.9,-0.5,0.78,Graduate
1,7,6,9070,0,12,107.2,12,26,9,9,0,135.8,1,0,1,1,1,0,32,0,13,16,10,0,15.5,4,5,10,18,11,13.8,4,9.5,-0.6,-1.32,Enrolled
1,17,2,9070,1,12,124.5,2,11,31,11,5,116.6,0,0,0,1,1,0,31,0,7,18,9,5,11.8,5,7,0,13,10,8.2,2,11.2,1.4,1.98,Graduate
1,5,3,9147,1,9,129.9,17,21,32,12,5,137.8,0,0,0,1,0,0,37,0,12,17,0,13,13.3,9,1,13,1,10,5.6,2,13.1,3.2,-3.04,Graduate
1,15,9,9130,1,4,127.2,13,22,2,19,10,130.1,1,0,0,1,0,0,44,0,11,14,7,8,15.1,7,12,18,27,13,9.0,3,7.0,2.1,-0.08,Dropout
6,17,6,33,1,2,125.1,14,7,24,8,15,122.3,1,0,0,1,1,1,30,0,6,4,23,7,4.0,2,10,10,24,7,10.7,2,10.3,1.6,-1.5,Dropout
1,1,7,8014,0,2,152.9,9,13,6,1,0,128.2,0,0,1,1,1,1,37,0,4,15,3,5,5.3,2,12,19,8,9,13.0,0,10.5,2.0,-3.98,Graduate
3,15,1,9119,1,4,134.6,9,20,8,18,4,140.8,0,0,0,1,1,0,40,0,0,0,22,2,13.6,9,7,16,9,7,8.3,8,7.1,0.6,-0.51,Enrolled
1,1,8,33,1,1,139.8,9,15,25,14,9,132.1,0,0,0,1,0,1,51,0,13,2,18,14,14.9,9,2,1,19,13,12.5,7,7.2,0.8,-1.03,Dropout
2,1,6,33,1,4,157.2,20,34,25,14,5,98.9,1,0,0,1,1,0,54,0,8,16,8,1,10.8,9,2,16,4,2,9.4,2,15.9,2.5,-2.7,Graduate
3,17,7,9070,1,6,144.8,6,25,11,0,10,138.6,0,0,0,1,1,0,23,0,1,10,28,7,17.9,0,1,5,1,11,2.9,0,8.0,0.1,-1.18,Graduate
2,17,5,9147,1,6,125.9,12,29,1,17,15,137.6,0,0,0,1,1,1,47,0,9,6,0,10,15.8,1,8,15,21,10,1.4,7,9.1,-0.0,-2.79,Enrolled
1,16,5,9085,1,9,102.2,10,28,23,6,19,122.1,1,0,0,1,1,0,38,0,11,16,28,1,14.4,1,3,8,19,6,10.1,0,8.2,1.5,-0.72,Graduate
1,16,8,9238,1,5,124.4,5,14,3,9,12,128.5,0,0,0,1,1,0,41,0,0,7,23,10,4.4,6,6,8,25,14,8.3,2,11.6,2.5,-0.86,Graduate
1,5,3,171,1,12,151.8,18,4,1,8,11,128.5,0,0,0,1,1,0,20,1,1,18,22,13,6.0,7,8,9,29,9,6.9,1,13.6,0.6,0.59,Graduate
5,15,4,9147,0,2,144.7,7,7,12,18,17,101.3,1,0,0,1,1,1,49,0,3,1,23,1,6.5,0,12,9,15,5,10.3,2,7.7,1.1,-1.97,Graduate
3,16,8,9085,1,2,124.5,13,13,31,10,12,121.8,1,0,0,1,0,0,52,0,13,4,12,8,1.7,0,0,5,6,9,12.6,8,12.3,1.7,-2.56,Enrolled
6,1,0,9070,1,4,128.8,1,17,29,3,4,122.3,0,0,0,1,1,0,42,0,1,18,28,5,13.2,4,12,0,15,10,4.2,6,10.2,3.2,1.35,Enrolled
1,16,3,9070,1,4,131.9,6,29,28,0,12,124.9,1,0,1,1,1,1,45,0,5,13,20,1,7.4,0,13,2,1,5,9.8,6,11.4,2.0,1.89,Graduate
2,7,6,8014,1,4,120.8,21,17,21,11,12,120.2,0,0,0,1,0,0,22,0,7,7,11,11,11.2,1,13,6,28,3,3.9,8,9.4,3.0,-3.67,Graduate
5,5,8,9085,1,1,121.7,21,19,11,0,18,135.6,1,0,0,1,1,0,35,0,8,17,23,4,12.8,2,11,8,19,13,11.5,8,14.8,0.9,-0.1,Dropout
1,15,9,9003,1,4,120.3,8,26,26,16,18,116.5,0,1,0,0,0,0,41,0,7,2,29,11,0.2,0,7,13,2,13,10.0,1,11.1,1.8,-0.43,Graduate
1,15,5,9238,1,5,137.4,9,9,11,19,12,138.8,1,0,0,0,1,0,26,0,13,2,6,9,0.9,8,11,14,6,14,12.6,0,8.4,2.1,-0.74,Dropout
2,10,7,171,1,12,114.2,7,2,5,8,10,135.0,0,0,0,1,1,0,52,1,12,15,22,9,6.0,3,13,18,10,9,15.0,6,14.1,3.3,-3.89,Dropout
2,15,8,8014,1,3,151.6,10,20,7,7,15,144.7,0,1,0,1,1,1,26,0,10,5,20,14,11.8,5,2,9,24,1,5.9,6,13.8,2.8,0.05,Graduate
3,5,9,9147,1,3,129.9,8,23,31,3,13,149.5,1,0,0,1,1,0,32,0,7,16,6,6,8.6,5,0,15,4,1,16.1,7,11.4,-0.1,0.77,Dropout
1,7,3,9147,1,5,113.4,2,18,8,7,9,149.6,1,0,0,1,1,0,31,0,8,4,12,9,16.9,2,1,0,20,13,1.4,1,13.5,2.2,2.15,Graduate
3,15,0,9085,1,14,145.4,18,26,27,9,1,111.6,1,0,0,1,1,0,50,0,13,14,12,4,4.6,7,13,6,17,6,11.4,0,12.4,-0.6,1.82,Enrolled
1,10,7,9238,1,6,152.5,15,25,21,17,7,131.5,1,0,0,1,0,1,31,0,7,0,26,12,1.9,5,1,10,3,2,5.5,2,8.5,3.7,-2.43,Dropout
1,5,1,9238,1,3,177.1,6,17,30,14,7,117.7,0,0,0,1,1,1,17,1,1,0,29,10,2.1,5,3,14,10,9,13.5,2,16.0,1.0,3.0,Dropout
1,1,0,9147,0,1,150.6,14,10,14,18,19,169.6,1,0,0,1,1,1,22,0,6,11,25,9,4.1,0,11,12,20,2,0.1,9,14.0,2.2,-3.45,Enrolled
3,2,6,9003,1,14,116.9,18,25,1,19,13,135.0,1,0,0,1,0,1,35,0,2,19,16,10,4.3,6,6,18,10,10,14.9,4,13.0,0.0,0.11,Graduate
2,2,9,9070,1,10,133.2,3,28,24,10,13,145.4,0,0,0,1,0,0,22,0,0,3,23,3,6.8,3,4,10,9,10,15.0,7,14.5,2.7,-2.37,Graduate
1,1,8,9238,1,1,167.9,1,26,6,3,17,132.7,1,0,0,1,1,0,20,0,14,10,24,4,10.2,7,8,12,10,5,8.7,0,15.4,2.3,1.1,Dropout
1,16,8,9085,1,2,118.3,1,12,6,8,14,92.7,1,0,0,1,0,1,26,0,9,9,14,8,4.5,2,13,7,18,10,16.7,2,12.2,0.8,2.1,Enrolled
4,15,2,9147,1,3,111.0,14,19,5,7,15,116.8,1,0,0,1,0,0,25,0,8,7,25,4,9.3,3,4,9,21,11,7.5,5,12.3,0.8,2.1,Dropout
1,17,5,9070,1,6,124.2,1,23,15,15,13,118.1,1,0,0,1,1,1,17,0,7,15,3,10,8.6,0,2,15,6,12,16.3,3,7.2,2.3,-2.04,Enrolled
3,2,6,9130,1,4,114.8,1,14,8,12,9,121.9,1,0,0,1,0,0,33,0,13,11,20,0,5.6,0,5,16,24,13,0.0,9,10.7,0.9,-0.97,Dropout
1,16,9,33,1,4,120.9,4,17,5,4,1,131.7,1,0,0,0,1,0,44,0,13,2,6,5,7.8,2,0,16,16,3,7.3,8,11.6,3.5,-1.32,Graduate
1,2,8,9070,0,12,120.1,12,15,31,12,4,133.5,0,0,0,1,0,1,28,0,5,12,5,8,6.9,8,6,12,28,2,1.1,1,9.1,0.7,-3.37,Enrolled
1,1,1,9238,1,6,140.7,15,21,31,18,2,92.8,1,0,1,1,0,0,32,0,11,9,5,0,17.1,5,13,12,6,5,3.4,2,10.2,0.4,1.99,Enrolled
1,15,7,33,1,2,110.6,4,30,8,1,6,123.9,0,0,0,1,1,1,30,0,1,19,10,4,1.2,1,11,14,29,13,7.9,1,10.3,2.6,-1.44,Graduate
2,15,6,9238,0,9,132.0,10,19,6,11,11,120.7,0,0,0,1,1,0,22,0,10,2,6,7,13.8,1,11,11,1,0,12.3,1,10.3,-0.3,-0.88,Dropout
1,16,3,9085,1,3,118.5,11,32,23,8,9,145.0,0,0,0,1,1,0,46,0,0,18,8,1,5.6,6,0,10,23,10,5.6,9,15.6,1.7,1.09,Enrolled
1,1,1,9119,1,12,138.2,6,29,16,0,10,134.7,1,0,0,1,1,0,42,0,9,10,1,14,3.3,4,2,0,3,13,4.2,3,12.3,2.0,0.69,Dropout
4,16,7,9070,1,6,139.9,10,22,8,13,16,124.6,0,0,0,1,0,0,36,0,5,10,20,0,15.7,9,12,2,20,0,15.3,2,9.8,0.6,2.27,Dropout
1,15,4,33,1,10,143.4,12,20,4,6,3,129.9,0,0,0,1,0,0,21,0,4,9,6,3,8.5,2,2,17,9,7,1.0,7,9.7,3.5,-0.73,Graduate
1,17,5,9085,1,1,143.4,3,1,32,16,5,105.1,1,0,0,1,1,0,31,0,1,13,0,3,9.2,3,5,11,19,7,15.2,5,14.6,1.1,2.67,Graduate
5,15,6,9238,1,2,120.7,15,19,3,13,6,135.6,1,0,0,1,1,0,47,0,0,16,6,0,7.5,0,1,0,23,8,0.5,0,12.8,0.5,3.42,Graduate
2,5,9,9070,0,6,129.9,16,26,16,16,4,121.9,1,0,0,1,1,0,34,0,12,19,8,11,7.3,2,0,19,20,2,0.2,5,14.7,2.3,-1.39,Enrolled
1,17,0,9085,1,3,152.0,10,7,34,1,5,116.5,0,0,0,1,1,1,29,0,2,16,24,7,12.5,3,3,1,26,4,16.9,2,12.8,2.4,-2.82,Dropout
5,16,7,9238,1,1,136.6,11,34,13,8,16,144.1,0,0,0,1,0,1,27,0,4,4,15,3,13.7,8,9,17,26,5,6.1,2,15.2,1.1,-2.79,Enrolled
2,5,3,9119,0,6,143.3,16,6,33,14,13,130.6,0,0,0,1,1,0,28,0,8,18,22,3,14.2,9,2,0,26,2,3.0,3,10.6,0.0,-1.13,Graduate
1,1,8,9119,1,5,111.7,17,22,22,15,10,118.3,1,0,0,1,0,0,35,0,7,7,12,2,9.5,4,10,2,14,10,3.3,7,14.6,2.0,-0.93,Enrolled
1,7,0,171,1,12,144.3,14,9,31,8,4,119.1,0,0,0,1,1,0,35,0,12,8,27,7,12.6,7,11,9,27,13,11.6,6,8.6,0.3,3.22,Graduate
3,2,1,8014,1,6,101.7,16,29,24,3,1,131.8,0,0,0,0,1,0,17,0,13,16,25,7,14.0,4,1,15,13,7,14.9,2,13.0,0.2,2.42,Enrolled
2,5,5,9085,0,5,107.1,14,17,3,14,13,130.7,1,0,0,1,0,0,30,0,8,15,5,2,12.3,4,13,14,18,14,8.1,0,10.3,1.8,3.32,Dropout
1,2,9,8014,1,1,116.5,6,13,33,9,15,127.4,1,0,0,0,0,0,33,0,4,11,13,13,3.5,7,6,2,23,2,4.1,5,11.7,3.6,0.3,Graduate
4,10,0,171,0,1,136.4,10,17,30,6,1,111.4,0,0,1,1,1,0,18,0,3,12,13,11,12.8,2,10,12,4,8,5.6,0,13.6,2.3,-3.78,Enrolled
3,1,3,9003,1,1,139.0,17,10,26,5,16,113.3,1,0,0,1,1,0,54,0,2,15,25,6,11.7,4,14,6,16,4,3.6,4,12.1,2.8,-1.51,Dropout
1,7,7,9070,1,9,117.8,10,25,34,14,15,117.3,0,0,0,1,0,1,37,0,2,11,16,14,1.7,4,4,10,9,12,3.4,3,13.6,2.4,2.45,Enrolled
1,10,9,9238,1,6,101.1,21,18,22,1,8,124.5,0,0,1,1,1,0,36,0,10,3,29,1,11.6,0,4,2,8,13,10.1,5,7.3,0.9,0.01,Enrolled
1,10,4,9147,1,5,144.3,10,15,30,14,19,126.5,0,0,0,0,1,0,39,0,3,6,21,14,15.8,2,4,2,4,9,9.5,1,10.6,3.3,0.64,Graduate
2,15,8,8014,0,4,138.8,14,27,25,17,19,124.9,1,0,0,1,1,0,46,1,10,13,19,3,7.4,3,6,14,21,6,12.1,1,15.6,2.8,0.61,Enrolled
1,10,5,8014,1,10,136.4,20,19,28,13,8,125.5,1,0,0,0,1,1,17,0,4,4,3,2,2.4,9,9,1,17,10,3.2,4,13.9,2.3,3.31,Graduate
2,1,0,9085,1,10,158.9,17,15,33,17,4,151.5,1,0,0,1,1,0,22,0,13,6,28,0,11.0,5,3,6,9,10,0.7,0,11.3,1.6,-0.01,Graduate
3,5,5,9070,1,5,132.3,9,7,23,2,3,138.0,1,0,0,1,1,0,31,0,9,9,1,14,4.3,5,14,1,9,10,10.2,2,13.4,0.8,1.24,Graduate
4,1,5,9085,1,4,115.1,15,16,26,19,6,142.4,1,0,0,1,1,0,33,0,13,17,29,7,9.8,4,0,17,19,11,15.8,9,7.2,1.2,-3.32,Dropout
1,5,5,9119,0,2,149.9,7,24,9,13,4,133.0,0,0,0,1,0,0,52,0,14,2,23,3,12.0,1,12,2,1,6,12.8,5,9.6,0.6,-0.68,Graduate
3,10,7,8014,1,9,123.9,2,23,8,5,2,127.9,1,0,0,1,1,0,42,0,11,12,15,12,9.2,3,13,17,20,10,4.0,0,15.1,3.3,2.68,Dropout
1,10,5,9070,1,5,128.4,4,11,33,13,7,132.3,1,0,0,1,1,0,18,0,6,12,24,10,5.6,4,3,17,17,13,7.6,1,11.5,0.7,1.39,Graduate
3,17,4,9130,1,3,122.0,20,24,15,1,15,129.9,1,0,0,1,1,0,27,0,11,16,0,2,15.4,6,2,18,17,4,3.9,1,15.6,3.4,-0.49,Enrolled
1,7,1,9003,1,12,117.5,18,5,8,15,5,137.5,0,0,0,1,1,0,26,0,8,15,11,10,2.4,5,0,7,21,14,3.0,9,9.4,1.2,1.5,Dropout
1,5,3,9238,1,12,123.7,11,30,21,15,8,114.3,1,0,0,1,1,0,20,0,11,18,6,8,0.8,1,10,17,27,7,15.8,8,14.5,3.0,-3.11,Graduate
3,10,9,171,1,14,152.8,5,16,3,16,19,136.4,1,0,0,1,1,0,35,0,10,8,15,4,14.9,7,7,11,18,14,2.7,6,7.2,0.3,2.03,Dropout
1,15,4,9003,1,10,114.0,8,20,9,15,17,129.2,1,0,0,1,0,0,42,0,11,16,22,12,0.6,9,5,11,14,0,12.5,1,7.0,3.5,2.04,Graduate
1,17,9,171,1,1,146.0,20,29,14,15,10,103.5,1,0,0,1,1,0,34,0,3,17,26,14,8.8,9,9,3,3,5,6.3,0,8.2,3.2,1.85,Dropout
2,2,3,8014,1,3,102.3,5,17,27,7,18,128.1,1,0,1,1,0,1,38,0,4,7,28,4,9.7,7,13,10,14,10,4.7,0,9.4,2.3,0.09,Graduate
2,17,1,9003,1,2,154.0,2,19,20,5,6,110.0,1,0,0,1,0,0,45,0,4,1,27,2,6.1,3,14,12,19,2,16.8,8,7.4,3.3,-3.78,Graduate
2,7,6,9003,1,4,155.6,5,26,4,17,9,120.0,1,0,0,1,0,0,31,0,13,15,22,11,5.0,0,6,14,5,10,15.9,4,8.9,2.0,2.07,Enrolled
2,1,9,9238,1,2,114.6,3,15,24,13,4,124.9,1,0,0,1,0,0,49,0,3,5,28,3,13.3,2,1,9,26,1,4.1,7,14.9,-0.7,-3.67,Graduate
1,7,9,9147,1,10,131.2,12,25,27,15,6,107.4,1,0,0,1,0,0,27,0,2,8,3,13,6.6,8,6,2,27,1,7.4,4,15.2,0.3,3.24,Enrolled
1,2,1,9238,0,1,139.7,19,15,12,7,5,126.3,1,0,1,1,1,1,36,0,6,17,27,12,2.2,5,9,9,0,13,12.7,1,8.1,-0.4,0.81,Graduate
1,17,0,9085,0,4,120.9,7,20,28,17,17,127.9,1,0,1,1,1,1,43,0,4,8,5,2,8.3,0,11,18,12,3,14.6,0,9.8,-0.5,-3.94,Dropout
1,5,4,9147,1,5,158.2,19,30,24,13,14,136.8,0,0,0,1,1,0,31,0,1,19,11,11,13.1,2,10,7,21,8,7.9,6,12.5,1.3,-3.25,Graduate
5,1,0,9003,1,14,130.3,4,21,31,16,9,121.1,0,0,0,0,0,1,19,0,12,2,26,14,5.5,7,6,3,22,10,16.5,6,12.9,3.6,0.73,Dropout
2,1,0,9147,1,4,122.2,14,6,3,7,5,130.6,1,0,0,0,0,0,32,0,8,3,25,1,2.4,1,1,14,3,0,7.5,8,7.3,1.0,3.49,Graduate
1,5,0,9147,1,10,131.2,19,11,30,15,0,125.8,0,0,1,1,1,1,44,0,0,7,24,3,6.1,8,9,18,2,2,1.9,5,15.2,3.6,-3.38,Dropout
1,16,5,9085,0,2,119.0,18,23,27,9,9,121.6,0,0,0,1,1,0,31,0,14,6,15,6,9.8,8,1,3,16,0,17.7,5,10.8,3.2,-3.55,Enrolled
5,16,8,9070,1,12,130.3,7,9,17,9,14,105.3,1,0,0,1,0,0,42,0,11,16,12,3,1.8,3,10,18,6,0,16.7,0,11.0,-0.0,1.06,Enrolled
1,7,9,8014,1,2,123.3,15,18,6,17,13,125.5,0,0,0,0,1,0,50,0,3,17,11,1,4.2,3,9,4,22,9,13.9,1,7.8,3.2,0.64,Graduate
2,10,0,9070,1,2,118.3,21,28,18,17,15,136.7,1,0,0,1,1,0,52,0,14,14,8,3,17.5,4,0,8,7,14,16.1,2,11.7,0.4,2.51,Dropout
1,16,4,8014,1,2,142.0,1,19,27,8,4,114.9,1,0,0,1,1,0,43,0,10,17,3,8,3.7,7,2,11,16,6,11.6,0,12.3,-0.6,2.47,Dropout
2,7,8,9070,0,14,104.6,12,30,17,0,13,124.2,0,0,0,1,1,0,30,0,13,14,1,13,1.1,3,6,17,26,7,7.2,9,11.1,-0.3,0.72,Graduate
1,16,8,9070,1,10,156.4,19,15,11,15,15,126.1,1,0,0,1,1,0,19,0,6,7,1,10,7.8,8,1,5,28,9,6.7,4,15.0,1.5,-1.79,Dropout
4,2,0,171,1,3,133.5,6,12,34,9,13,141.3,1,0,0,1,0,0,19,0,13,4,1,0,1.3,2,14,5,19,2,5.5,9,8.0,2.0,1.17,Dropout
5,15,7,9147,1,14,157.7,13,2,32,14,6,127.4,1,1,0,1,0,0,39,0,7,18,27,6,0.2,8,6,18,9,0,12.3,7,8.7,-0.7,-2.67,Graduate
2,10,0,9119,1,14,144.4,6,9,28,4,18,130.7,0,0,0,1,1,1,21,0,9,17,14,14,0.3,0,2,4,18,0,5.3,5,10.4,2.4,-3.28,Dropout
2,7,7,9085,1,10,109.8,13,1,22,16,3,126.9,1,0,0,1,1,0,18,0,10,11,0,8,5.3,7,4,4,13,12,6.2,7,12.5,-0.5,1.2,Dropout
5,15,0,9070,1,9,131.1,15,31,16,8,17,120.6,0,0,0,1,1,1,54,0,10,18,25,2,1.3,6,0,4,3,6,9.0,7,10.8,2.1,-0.85,Graduate
2,15,4,9003,0,14,103.1,16,28,12,5,14,112.3,0,0,0,1,1,0,52,0,5,4,22,13,3.5,9,13,16,28,8,8.0,8,14.7,-0.5,1.64,Dropout
1,17,7,9130,1,4,116.4,8,7,5,1,16,123.3,1,0,0,1,0,0,18,0,6,9,5,8,11.7,7,2,19,5,4,0.9,7,8.9,0.5,-3.47,Enrolled
2,16,5,171,1,9,127.9,13,16,26,12,0,132.1,1,0,0,1,1,0,31,0,8,15,4,11,5.2,1,8,13,24,0,7.7,4,9.2,3.2,3.45,Graduate
2,17,8,9130,1,10,119.4,13,14,26,17,14,128.6,1,0,1,1,1,0,18,0,5,2,18,12,10.4,9,3,15,13,11,8.8,5,15.0,3.5,-0.17,Graduate
1,5,0,33,1,6,122.9,20,33,13,19,15,146.2,1,0,0,1,1,0,52,0,6,4,26,12,7.4,6,9,12,27,10,10.0,5,11.2,-0.6,2.69,Enrolled
2,2,8,9238,1,6,120.0,20,6,24,3,10,139.3,1,0,0,1,1,0,44,0,13,19,26,8,15.9,3,5,8,7,1,15.6,8,12.9,2.9,-0.42,Graduate
5,2,0,33,1,3,163.4,12,21,3,9,8,143.1,0,0,1,1,0,0,30,0,1,11,10,4,12.5,0,3,13,29,3,6.3,5,10.4,1.9,-2.2,Graduate
5,2,9,8014,1,5,131.8,19,10,32,10,16,100.6,0,0,0,0,1,0,28,0,6,0,18,13,15.3,2,13,12,12,12,12.6,2,10.4,3.4,-1.62,Dropout
1,10,9,9070,1,14,139.4,17,32,23,12,14,147.5,0,0,0,1,0,1,46,0,6,2,26,8,9.3,4,3,14,19,8,16.5,3,8.3,0.9,2.74,Enrolled
1,1,2,9085,1,2,129.2,3,6,13,16,7,130.5,0,0,0,1,0,0,51,0,13,8,11,2,14.1,3,3,0,14,6,16.8,9,15.0,2.3,1.24,Graduate
6,10,0,9003,1,5,135.1,15,2,15,10,17,132.3,1,0,0,1,0,1,24,0,14,13,0,13,11.1,7,2,15,28,2,16.9,2,14.4,-0.4,-2.61,Dropout
3,7,2,9119,1,5,99.2,17,27,2,3,7,138.6,0,0,0,1,1,0,48,0,14,16,12,6,13.4,1,13,17,17,13,15.1,7,11.8,0.6,-1.4,Dropout
1,15,1,9119,0,9,155.1,6,14,11,13,2,127.3,1,0,1,1,1,0,36,0,1,15,14,5,12.3,7,14,17,21,8,10.0,6,7.3,1.3,-3.81,Graduate
5,15,1,171,1,4,119.2,19,23,16,2,18,113.1,1,0,0,0,0,1,31,0,4,17,0,1,5.4,9,5,10,20,14,12.7,7,9.0,1.1,0.8,Dropout
4,17,8,171,1,6,147.2,12,21,18,11,13,145.8,1,0,0,1,1,0,30,0,3,9,12,8,2.3,9,5,3,3,14,1.2,5,8.7,2.7,-1.24,Dropout
1,1,7,171,1,12,147.8,4,30,34,3,1,117.0,0,0,0,1,0,0,42,0,6,11,9,9,14.5,4,6,13,20,2,3.4,2,11.8,-0.4,-3.65,Dropout
2,7,0,171,1,4,103.0,21,25,10,15,0,114.2,0,0,0,0,1,0,41,1,3,4,13,3,1.4,1,14,11,24,1,17.8,4,8.4,-0.5,2.18,Dropout
1,1,3,9147,1,6,130.8,12,24,13,6,4,124.0,1,0,0,0,1,0,35,0,8,18,7,7,10.9,9,0,6,24,14,0.5,2,10.9,-0.4,-0.79,Graduate
1,15,0,9070,1,12,136.1,2,11,32,19,16,122.0,1,0,0,1,1,0,36,0,8,17,21,2,17.8,7,1,6,10,9,0.5,9,8.8,-0.8,1.6,Graduate
1,16,0,9130,1,14,131.6,7,4,8,18,0,127.0,0,0,0,1,0,0,42,1,12,10,13,4,3.3,0,10,14,8,10,4.3,4,9.6,0.5,0.49,Dropout
3,10,3,9070,1,1,130.0,16,13,7,17,15,125.7,0,0,0,1,1,0,48,0,4,7,4,13,13.4,4,9,18,24,5,10.2,8,9.7,3.3,-0.5,Dropout
1,2,1,9070,1,10,123.5,12,9,17,8,2,144.5,1,0,0,1,1,0,39,0,7,0,19,0,17.2,0,7,8,28,7,3.6,4,9.0,2.3,-3.27,Graduate
1,15,2,33,1,1,119.3,16,28,27,10,9,133.0,1,0,0,1,1,0,30,0,2,5,23,8,8.9,0,13,19,13,7,1.8,5,9.4,0.7,0.7,Graduate
1,5,8,9085,1,4,145.9,14,16,8,18,18,115.8,1,0,0,1,1,0,38,0,3,12,25,3,10.3,1,8,15,11,8,2.6,6,8.4,0.1,0.15,Graduate
1,2,1,9003,1,3,136.0,1,6,29,16,10,117.6,1,0,0,0,1,1,46,0,12,14,14,2,6.6,7,3,11,18,14,8.3,0,14.0,2.5,3.42,Graduate
5,15,3,8014,1,4,132.8,9,27,27,17,2,122.0,1,0,0,1,1,1,44,0,1,2,26,9,8.0,9,4,3,11,4,9.5,7,15.8,2.3,0.35,Graduate
1,10,0,9085,1,9,106.0,7,10,24,5,1,122.0,0,1,0,1,1,0,54,1,10,12,27,10,11.3,3,7,2,7,5,4.5,1,14.0,1.9,0.05,Graduate
1,1,1,171,1,12,126.1,5,23,16,2,2,120.3,1,0,0,1,1,0,46,1,2,16,11,11,15.7,4,9,16,1,14,17.2,7,10.3,3.1,3.06,Dropout
2,16,4,9130,1,12,129.2,10,21,26,13,14,112.7,1,0,0,1,0,0,19,0,11,16,24,9,17.1,0,10,17,0,11,14.6,3,13.8,2.0,-0.43,Dropout
1,16,9,33,1,14,142.6,10,26,31,8,19,130.8,1,0,0,1,1,0,51,0,11,10,15,1,9.8,8,3,15,27,13,8.5,0,7.6,0.8,-2.56,Dropout
1,2,0,9147,1,1,103.8,18,3,27,2,8,121.1,1,0,0,1,1,1,20,0,3,11,0,0,14.1,4,13,2,10,4,3.0,6,10.2,2.5,-1.08,Graduate
1,10,6,9130,1,14,113.6,7,7,26,1,14,114.6,0,0,1,0,1,0,50,0,8,2,17,7,13.3,9,9,11,25,1,16.0,8,10.6,0.3,-1.86,Graduate
1,16,3,33,1,1,157.0,18,27,15,18,1,133.3,0,0,0,1,0,1,27,0,14,5,3,8,4.4,1,10,10,15,7,2.8,8,7.1,2.0,-0.22,Dropout
1,16,5,9238,1,12,118.0,13,33,15,5,5,138.0,0,0,0,0,0,0,29,0,3,6,5,6,8.3,9,1,0,21,9,12.3,3,15.6,-0.6,2.62,Graduate
1,7,7,9147,1,4,102.2,11,4,23,2,4,123.8,0,0,0,1,1,0,18,0,0,19,25,10,12.3,6,7,3,12,8,11.3,7,11.2,1.1,-4.0,Graduate
1,5,5,171,1,3,119.5,10,26,25,8,5,150.2,1,0,0,1,0,0,52,0,12,18,18,9,2.3,9,7,13,4,11,15.9,6,15.9,-0.4,-0.06,Graduate
5,2,1,8014,1,12,118.1,9,8,4,17,4,155.8,1,0,1,1,0,0,46,0,14,2,29,8,15.9,5,7,5,3,10,5.7,3,9.5,3.5,0.25,Graduate
1,1,0,171,1,5,139.8,15,20,16,6,11,133.5,0,0,1,1,0,0,32,0,1,19,29,1,7.2,3,6,8,4,7,4.5,7,15.8,-0.1,-1.93,Graduate
2,16,7,9130,0,6,139.6,14,17,21,1,3,120.9,1,0,0,1,1,0,48,0,14,18,16,14,8.2,7,14,1,7,7,7.6,0,12.5,0.6,0.02,Dropout
2,7,7,171,1,1,115.5,3,5,17,0,13,130.5,1,0,0,1,1,0,31,0,6,12,11,9,15.7,9,14,13,7,9,15.9,8,10.7,0.4,2.71,Dropout
1,10,8,9238,1,1,124.3,14,9,3,4,13,111.1,0,0,0,0,1,0,39,0,14,3,2,4,3.1,9,6,7,26,5,2.5,3,14.5,0.6,2.48,Dropout
2,16,5,171,1,9,138.1,21,8,7,2,10,115.7,1,0,0,1,1,1,51,0,1,5,11,14,0.6,8,12,0,8,14,17.1,0,11.9,1.2,-2.56,Enrolled
1,17,0,33,1,14,138.6,16,7,12,6,0,105.1,1,0,0,1,0,0,33,0,10,14,26,8,5.1,6,10,18,12,14,11.9,8,14.4,0.4,-0.11,Dropout
6,5,8,9119,1,10,114.5,3,3,1,5,4,118.8,1,0,0,1,0,1,34,0,14,11,23,6,2.7,5,10,4,19,8,1.3,1,11.6,0.9,1.48,Dropout
1,1,2,171,1,10,116.1,8,8,6,0,4,111.0,1,0,0,1,0,0,48,0,2,10,28,7,17.7,6,13,2,23,13,10.9,1,10.8,0.4,3.15,Enrolled
1,10,5,9238,1,9,161.7,2,5,23,18,11,135.1,1,0,0,1,1,0,32,0,14,9,10,14,10.2,4,10,4,21,12,9.5,1,12.5,3.6,1.62,Graduate
1,10,9,9070,1,12,126.1,2,5,25,19,4,117.3,0,0,0,1,1,1,17,0,10,9,20,0,10.2,2,8,5,19,13,11.3,7,13.8,0.5,0.94,Graduate
6,2,9,9070,1,1,152.4,18,17,25,13,12,130.6,1,0,0,1,1,0,30,0,9,6,16,8,14.3,6,1,16,28,10,8.9,5,7.4,0.6,-2.21,Graduate
1,16,8,8014,1,2,133.4,7,27,3,9,10,136.7,1,0,0,1,1,1,18,0,2,4,4,5,4.7,3,0,7,14,14,14.4,7,10.6,0.9,-0.22,Dropout
2,2,2,8014,1,3,146.4,17,12,4,1,0,142.2,1,0,0,1,0,0,22,0,7,11,25,14,9.4,7,9,5,18,11,15.1,2,8.5,2.0,-1.05,Graduate
1,1,4,8014,1,5,139.4,6,28,30,10,11,122.4,0,0,0,1,1,0,42,0,6,2,7,12,2.6,4,12,15,19,1,10.1,8,15.5,3.6,-1.0,Graduate
2,17,4,9085,1,4,132.6,10,4,33,15,5,131.0,0,0,0,1,0,1,24,0,0,9,29,11,1.7,4,13,17,27,6,1.7,2,15.7,1.8,-2.15,Enrolled
1,16,9,9003,1,4,132.4,7,28,29,16,10,131.5,1,0,0,1,1,0,40,0,7,9,26,12,7.9,4,9,19,7,13,9.0,3,15.2,3.6,-1.53,Dropout
4,15,6,8014,1,10,111.4,4,25,4,4,11,143.5,0,0,0,1,0,1,47,0,2,5,24,5,16.4,5,14,3,3,14,1.7,1,11.6,0.8,1.57,Enrolled
1,16,3,171,1,10,127.5,11,3,14,17,5,137.2,1,0,1,1,0,0,37,0,4,14,5,11,7.9,3,3,14,29,5,0.4,1,13.8,3.3,-1.05,Graduate
1,17,3,8014,1,9,122.2,16,31,21,15,4,143.9,1,0,0,1,1,0,36,0,6,11,3,7,8.1,1,12,18,4,14,7.8,8,15.3,1.0,-3.58,Graduate
1,15,6,9003,0,1,125.1,17,12,7,9,17,105.4,1,0,0,1,0,0,18,0,2,5,26,2,15.6,5,10,13,25,3,17.5,1,14.8,2.0,-3.68,Dropout
1,10,8,9085,1,14,124.5,6,4,21,5,15,118.4,0,0,1,1,1,1,36,0,14,19,26,0,5.1,0,5,13,28,10,3.1,5,11.8,-0.6,-2.53,Graduate
2,2,3,9003,1,4,132.4,20,30,7,7,12,140.4,0,0,0,1,0,1,38,0,7,16,12,11,8.8,3,2,2,13,9,14.5,4,8.3,-0.8,-2.36,Graduate
1,5,3,9130,0,1,139.6,19,27,1,5,6,134.5,0,0,0,1,1,0,29,0,7,12,20,9,3.0,5,6,6,5,10,0.2,9,15.2,0.2,3.07,Dropout
3,16,5,8014,1,5,127.9,20,22,34,3,13,125.4,1,0,0,1,0,0,36,0,8,6,18,5,15.2,0,12,16,24,9,1.7,2,14.4,-0.6,0.33,Graduate
1,5,5,8014,1,3,144.3,21,1,23,4,0,120.8,1,0,0,1,0,0,47,0,5,7,6,14,0.7,5,14,3,3,2,15.1,9,10.6,1.1,1.99,Graduate
1,16,6,8014,0,3,123.8,18,20,3,5,11,137.3,0,0,0,1,1,1,39,0,1,19,10,7,7.4,5,8,12,25,6,6.9,5,11.2,1.2,-3.33,Graduate
1,10,0,9130,1,4,131.3,15,18,18,14,2,101.3,1,0,0,0,1,1,42,0,7,7,25,3,5.0,2,10,17,27,5,17.4,2,15.9,3.5,-3.14,Enrolled
1,2,2,9003,1,2,167.9,2,6,12,5,17,137.3,0,0,1,1,0,0,46,0,13,11,19,5,4.6,0,1,2,12,5,1.1,8,12.4,-0.0,-3.5,Graduate
2,1,8,33,1,9,112.0,19,12,14,18,10,128.2,1,0,0,1,1,0,25,0,14,9,9,3,4.4,2,10,5,19,0,6.0,5,8.5,1.2,0.73,Graduate
1,1,5,171,0,4,123.7,6,17,28,19,19,120.6,0,0,0,1,0,0,48,0,9,12,14,9,6.7,0,2,2,5,8,10.5,4,8.5,0.6,0.32,Graduate
1,1,5,9238,1,5,102.8,12,22,24,7,6,133.5,0,0,0,0,0,0,28,0,1,17,14,2,16.2,7,1,13,23,6,12.3,6,7.6,-0.5,-1.15,Graduate
4,16,4,171,1,2,133.4,1,18,24,12,9,122.0,1,0,1,0,1,0,28,0,8,10,22,5,12.8,6,6,7,1,12,9.1,5,12.3,-0.3,-3.48,Graduate
5,16,2,8014,0,6,130.2,11,10,3,3,18,127.4,1,0,0,1,1,0,43,0,1,3,9,0,16.0,2,2,1,10,10,15.2,8,7.2,3.1,-0.77,Dropout
1,5,4,9085,1,12,131.9,19,24,9,16,12,126.4,0,0,0,1,0,0,42,0,14,11,3,4,3.5,7,9,1,2,4,11.9,6,14.4,1.0,-1.11,Graduate
1,2,0,9130,1,10,116.3,4,20,24,13,13,136.7,0,0,0,1,1,0,30,0,6,13,0,5,15.3,3,10,13,6,0,16.9,0,9.9,2.6,-3.31,Enrolled
2,17,2,33,1,10,118.6,21,12,2,17,14,129.1,0,0,0,1,1,0,30,0,11,8,11,13,7.7,9,11,6,21,9,14.1,3,10.1,1.2,-1.39,Graduate
1,16,3,9147,1,2,130.8,19,4,28,14,5,102.2,1,0,0,1,1,1,27,0,2,2,8,5,17.7,1,6,11,8,10,17.4,4,13.8,3.3,2.28,Dropout
1,2,4,33,1,4,109.0,21,5,7,18,6,108.9,1,0,0,1,0,0,50,0,0,18,26,13,10.7,5,1,7,1,1,13.3,1,8.0,2.4,2.72,Dropout
1,5,9,9238,1,10,143.2,6,26,9,10,12,112.9,0,0,0,0,1,0,24,0,7,6,29,2,8.8,8,13,8,26,1,4.3,3,11.8,0.7,-2.17,Enrolled
2,16,8,171,1,1,109.1,8,16,33,6,15,132.9,1,0,1,0,0,0,31,0,10,5,25,12,16.7,6,5,17,9,4,9.3,0,10.3,3.1,-1.9,Graduate
2,1,3,8014,0,10,127.7,9,5,34,0,14,134.2,0,0,0,0,1,0,20,0,12,5,10,4,6.9,4,13,6,28,5,6.2,8,7.9,-0.4,-1.9,Graduate
1,1,2,9119,1,3,123.5,10,26,21,2,17,148.7,0,0,0,1,1,0,17,0,6,10,14,2,13.5,2,13,5,13,12,8.4,3,9.7,-0.5,0.68,Graduate
1,10,9,9147,1,10,122.5,10,19,29,18,2,113.8,0,0,0,1,0,1,51,0,2,9,6,11,8.5,4,2,1,3,8,8.7,8,12.7,1.7,-1.23,Graduate
1,15,0,8014,0,6,105.9,10,6,27,0,15,144.0,1,0,0,1,1,1,22,0,0,11,25,10,13.2,6,8,5,25,7,17.1,2,13.0,2.5,1.01,Dropout
2,7,9,9130,1,9,129.3,4,24,17,3,0,101.8,0,0,1,1,1,0,18,0,11,9,7,4,5.0,2,3,14,11,6,13.3,4,8.1,1.9,-4.01,Graduate
1,17,5,9147,1,2,111.9,18,31,23,10,0,127.2,1,0,0,1,1,0,35,0,11,17,4,2,7.3,1,13,16,13,14,13.7,5,15.4,2.2,0.61,Dropout
1,15,6,9238,0,1,132.1,12,31,21,6,18,130.2,0,0,0,1,0,1,47,0,9,4,1,1,6.2,5,14,3,12,14,16.3,4,8.7,0.4,-1.15,Enrolled
3,16,9,9119,1,6,118.6,11,7,8,6,5,130.1,1,0,0,1,0,0,35,0,3,11,1,13,15.6,7,5,4,24,9,0.2,1,13.0,3.2,0.69,Dropout
1,2,7,9003,1,3,129.2,16,10,9,13,10,123.0,1,0,0,1,1,0,39,0,4,17,9,14,16.7,6,11,12,28,6,13.3,9,9.9,3.6,2.87,Graduate
2,16,0,9003,1,4,102.8,19,22,33,14,6,128.5,0,0,0,1,0,0,25,0,12,14,16,7,13.2,3,8,12,5,3,13.4,7,13.3,0.9,3.23,Graduate
1,2,3,9003,1,12,143.7,11,14,4,4,2,110.9,1,0,0,1,0,0,35,0,2,18,12,3,14.8,3,13,12,11,1,8.8,0,14.3,1.0,0.11,Dropout
1,2,4,9085,1,3,146.4,4,28,18,13,5,138.2,0,0,0,1,0,0,29,0,4,6,8,7,6.4,3,7,18,12,14,5.5,0,7.7,1.2,-2.72,Graduate
1,15,1,9003,1,2,121.7,12,22,32,12,0,130.2,0,0,0,1,0,0,24,0,0,0,15,11,2.7,4,11,6,6,0,0.9,3,14.2,0.1,2.95,Dropout
2,7,0,9070,1,2,172.0,17,32,30,19,7,131.7,0,0,0,1,0,0,44,0,14,3,6,7,12.4,6,9,4,0,7,17.4,7,8.1,-0.2,-0.42,Graduate
4,10,7,9147,0,2,141.4,13,11,25,17,13,123.4,0,0,0,1,1,0,43,0,6,4,11,12,11.5,9,3,19,22,3,8.9,5,11.7,2.7,-1.33,Dropout
3,15,5,9119,1,6,126.1,4,14,33,0,3,122.7,0,0,0,0,1,0,54,0,1,11,3,5,4.7,8,4,10,27,9,2.1,7,10.0,1.9,-2.98,Graduate
1,7,4,9130,1,2,122.6,6,31,34,12,3,133.8,0,0,0,1,1,0,25,1,4,15,20,5,16.4,7,2,9,16,10,12.0,9,9.8,-0.1,2.86,Graduate
2,1,8,9070,1,9,118.3,7,4,2,19,15,147.7,0,0,1,1,1,1,31,0,9,4,3,3,6.4,0,11,8,29,14,14.1,5,8.4,1.4,3.25,Graduate
1,1,1,9070,1,9,121.1,8,22,13,6,10,108.9,0,0,0,1,0,0,50,0,13,15,2,5,14.7,7,2,0,29,1,16.6,9,13.1,3.7,3.23,Graduate
1,2,9,9119,0,9,128.4,2,29,23,5,6,108.2,1,0,0,1,1,1,41,0,1,2,8,12,2.3,0,6,14,29,12,8.8,5,9.7,1.6,-0.55,Graduate
4,5,7,9130,1,2,129.3,9,13,23,8,0,130.5,1,0,0,1,0,0,17,0,7,7,6,5,5.2,4,13,12,16,5,14.6,4,11.5,3.3,2.39,Graduate
1,16,9,9147,0,9,108.9,10,20,31,9,8,122.7,0,0,1,1,0,1,27,0,2,18,1,9,11.1,8,2,4,1,2,15.4,8,7.1,3.0,1.26,Dropout
1,16,8,171,1,14,150.3,19,19,2,2,5,128.6,1,0,0,1,0,1,31,0,0,16,10,4,4.4,3,9,13,29,14,3.8,6,12.4,-0.3,-0.52,Dropout
1,2,0,8014,1,10,141.8,1,15,2,6,12,126.7,1,0,0,1,1,0,42,0,5,10,17,9,17.2,5,9,3,12,14,7.6,1,13.1,1.0,2.22,Graduate
1,5,6,171,1,10,157.7,16,26,5,10,11,135.1,0,0,0,1,0,0,54,0,14,13,27,5,9.9,0,3,8,14,12,10.9,1,7.6,1.7,-0.5,Dropout
1,17,7,9238,1,2,135.5,18,20,14,11,18,123.3,0,0,0,1,1,0,49,0,10,2,6,14,13.2,0,4,7,22,14,9.7,2,11.8,2.1,1.9,Graduate
2,7,2,9119,0,5,145.7,8,6,23,11,16,111.3,1,0,1,1,1,0,51,0,12,16,14,9,10.1,5,12,7,13,1,17.9,9,13.4,0.5,3.16,Enrolled
1,17,3,171,1,6,111.2,10,15,1,12,0,116.7,1,0,1,1,1,0,43,0,13,3,24,11,7.3,6,9,8,5,6,6.7,8,8.3,-0.8,0.96,Dropout
4,17,2,171,1,12,139.0,11,4,15,7,8,124.9,1,0,0,1,1,0,28,0,7,18,19,11,14.8,6,13,2,22,3,15.6,5,7.4,0.6,3.02,Enrolled
3,1,6,171,0,6,103.1,17,6,30,3,7,110.7,1,0,0,1,1,0,36,0,6,11,21,4,0.4,7,9,8,9,12,3.5,6,8.7,1.7,-0.02,Graduate
1,17,8,9003,1,14,115.4,7,2,21,19,1,126.5,1,0,0,1,1,1,28,0,5,8,21,12,7.7,0,8,1,27,4,16.3,0,10.2,0.8,-2.33,Graduate
1,16,2,33,0,6,167.6,3,15,8,0,17,127.8,1,0,1,1,1,1,53,0,4,1,24,7,15.9,3,5,14,2,5,0.2,2,10.8,0.9,0.21,Dropout
1,15,5,171,1,14,124.8,7,12,7,5,3,122.3,1,0,0,1,1,0,22,0,7,4,17,3,1.5,1,2,9,29,6,13.1,6,7.7,3.0,0.08,Graduate
2,5,7,8014,1,14,129.7,6,7,34,1,0,129.7,1,0,0,0,1,0,36,0,9,9,9,7,3.7,2,10,12,3,6,8.4,5,15.8,1.1,-2.07,Dropout
1,7,5,9119,1,6,140.5,3,22,32,13,11,106.0,0,0,0,1,1,1,39,0,14,2,29,14,17.3,0,2,0,13,3,0.1,8,13.2,3.6,1.13,Enrolled
2,1,1,9238,1,12,129.4,8,8,33,17,15,114.6,1,0,0,1,0,1,31,0,13,18,17,7,17.3,9,5,7,9,11,16.1,5,8.2,-0.1,-2.88,Dropout
1,17,6,33,1,14,114.7,1,11,6,9,17,112.1,1,0,0,1,0,1,44,0,3,17,4,12,6.9,5,5,13,4,7,12.0,2,14.2,-0.4,-0.38,Dropout
2,15,1,9085,1,9,115.0,5,2,10,0,4,138.4,0,0,0,1,0,0,50,0,6,4,11,2,13.5,6,6,15,10,3,13.1,7,9.9,0.2,-2.19,Dropout
1,5,1,8014,1,1,142.0,19,30,26,2,15,157.0,0,0,1,1,1,0,24,0,1,2,28,4,11.3,3,8,0,19,3,11.0,8,10.4,-0.4,3.36,Graduate
1,2,1,8014,1,1,134.5,13,4,26,19,8,115.5,1,0,0,1,1,0,36,0,8,17,2,10,8.9,8,10,7,16,7,16.5,1,7.7,0.3,-2.54,Graduate
5,2,0,9003,1,4,142.5,11,25,19,3,8,123.9,1,0,0,1,1,1,22,0,7,13,20,6,14.7,3,12,0,17,12,14.7,1,10.8,1.6,3.12,Graduate
3,2,0,9003,1,2,138.8,11,21,4,17,1,118.0,1,0,0,1,0,0,42,0,11,2,22,12,11.7,9,13,0,22,8,5.3,4,7.7,0.4,2.97,Enrolled
1,16,6,9119,1,3,130.9,2,25,25,7,13,129.9,0,0,1,1,1,0,34,0,11,7,25,14,1.6,4,2,0,20,5,6.1,5,13.1,2.9,-1.36,Graduate
4,7,4,8014,1,9,130.2,9,9,8,8,10,119.1,0,0,0,1,1,1,30,0,3,17,16,10,15.1,0,5,3,2,1,2.3,6,10.1,0.8,-3.92,Graduate
1,2,2,9130,0,9,131.5,2,8,12,18,1,130.7,0,0,0,1,1,0,36,1,12,7,19,9,4.9,4,13,4,7,10,0.9,6,9.7,1.0,1.47,Graduate
4,16,0,9130,1,3,124.5,21,5,24,1,15,135.6,1,0,1,1,1,0,17,0,6,6,19,7,11.4,2,9,11,13,11,14.0,4,12.8,-0.4,-2.87,Graduate
3,10,9,9119,1,2,124.7,19,28,24,8,18,111.1,1,0,0,1,1,0,39,0,0,17,3,6,14.0,2,13,5,9,9,5.9,8,13.2,0.4,0.77,Graduate
1,16,5,171,1,1,137.5,12,2,17,2,12,130.5,1,0,0,1,0,0,32,0,4,9,2,6,16.2,6,8,6,29,7,9.7,2,12.7,-0.3,-2.55,Graduate
1,1,0,9070,1,12,151.6,9,21,25,1,16,103.7,1,0,1,1,0,0,35,0,1,8,19,0,16.7,2,11,0,12,9,12.7,1,14.1,0.2,-3.9,Dropout
1,16,8,9085,1,14,104.9,9,8,33,6,0,123.7,0,0,1,1,0,0,24,0,13,2,6,4,16.7,3,9,12,13,8,12.9,0,12.7,2.2,-3.79,Graduate
1,7,1,9238,1,3,165.8,10,34,27,16,18,122.8,0,0,1,1,0,0,40,0,1,8,13,13,11.8,3,0,14,25,8,15.6,8,15.5,0.9,0.79,Graduate
2,15,0,9003,1,12,140.4,5,23,2,16,15,124.0,1,0,0,1,0,0,32,0,1,15,18,12,11.2,2,10,11,14,7,14.6,4,12.1,-0.7,2.21,Dropout
1,17,6,9238,1,4,136.5,9,15,9,8,12,122.9,1,0,0,1,0,0,29,1,1,18,9,9,0.3,7,5,16,5,12,12.5,2,15.0,0.4,2.52,Graduate
1,16,5,9070,1,14,114.9,18,27,33,0,18,120.6,1,0,0,1,0,1,46,0,4,2,8,11,1.5,9,5,12,19,1,3.7,1,15.7,3.1,0.63,Dropout
3,2,5,9147,1,6,119.3,10,2,19,0,2,123.5,0,0,0,1,1,0,29,0,3,0,25,11,7.1,0,7,8,27,12,15.0,5,8.5,0.9,-1.5,Graduate
6,1,4,9119,0,9,139.2,17,28,5,7,2,130.1,1,0,1,1,0,0,37,0,0,17,12,14,14.3,8,10,12,0,4,2.0,1,13.1,1.7,0.27,Dropout
1,5,3,171,1,14,133.8,10,11,20,16,0,130.5,1,0,1,1,1,0,35,0,10,9,23,3,10.7,4,4,16,23,1,4.2,2,12.9,1.4,1.01,Graduate
1,2,3,33,1,6,110.6,14,21,24,7,2,128.5,0,0,1,1,1,0,43,0,5,7,7,9,4.2,9,10,18,18,0,6.0,3,14.8,3.6,0.63,Graduate
1,1,2,171,1,1,117.1,4,32,31,18,15,119.5,0,0,0,1,1,1,54,0,2,7,27,5,2.2,3,10,5,17,12,10.2,9,10.0,0.5,-2.27,Dropout
1,10,9,8014,0,6,118.9,10,32,4,3,7,141.0,1,0,0,1,1,0,54,0,7,10,4,14,8.4,6,2,17,15,3,17.0,2,10.5,2.4,0.57,Graduate
5,17,7,171,0,6,117.6,18,7,32,17,15,146.8,0,0,0,0,1,0,39,0,1,0,18,8,16.4,7,2,9,8,6,10.3,9,7.4,1.9,-0.92,Dropout
1,5,6,8014,1,5,134.1,5,22,14,12,12,110.3,1,0,0,1,0,0,32,0,7,4,1,11,1.0,7,4,9,18,13,11.8,3,13.9,2.0,-0.63,Dropout
2,10,8,9238,1,3,114.6,9,14,6,6,12,129.1,0,0,0,1,0,0,40,0,5,16,3,3,8.3,5,13,14,23,14,10.6,1,9.4,2.8,1.2,Dropout
1,15,0,9147,1,14,141.7,6,13,17,2,10,120.9,1,0,0,1,1,1,32,0,4,1,13,14,1.1,7,7,8,3,0,1.5,8,15.4,-0.0,0.91,Enrolled
2,1,6,9003,1,3,107.7,16,21,18,13,3,139.0,1,0,0,1,1,0,32,0,9,15,26,12,4.5,9,13,4,17,2,5.4,8,13.0,3.0,-2.55,Dropout
2,10,9,9147,1,14,144.6,16,22,8,8,3,126.8,1,0,1,1,1,0,27,0,5,1,25,9,17.2,0,7,15,19,4,16.7,0,10.0,-0.3,-4.05,Graduate
3,17,3,8014,1,9,175.9,11,34,12,2,14,127.7,0,0,0,1,1,1,42,0,12,13,1,6,1.9,3,7,18,3,9,4.3,0,14.4,2.2,2.41,Dropout
1,17,6,33,1,10,141.7,21,10,17,6,3,133.4,1,0,0,0,1,0,32,0,5,11,10,1,0.9,7,4,4,4,11,7.4,7,14.4,0.1,1.23,Dropout
1,15,0,9070,1,3,121.8,15,1,31,14,7,123.1,0,0,1,1,0,1,31,0,3,3,8,2,1.6,6,2,5,18,12,10.5,4,8.5,2.1,2.69,Dropout
1,17,4,9238,1,3,122.5,19,1,1,3,1,148.8,0,0,1,1,1,1,34,0,0,14,17,12,12.5,2,4,8,13,8,13.6,7,11.9,-0.3,-2.02,Graduate
5,1,2,9238,1,9,113.1,3,24,11,4,14,133.6,0,0,0,1,1,0,34,0,1,2,3,7,0.2,2,12,5,4,8,10.2,4,7.1,2.4,3.41,Graduate
4,1,4,171,1,14,146.2,16,3,16,8,13,139.1,0,0,0,1,1,0,51,0,7,8,28,2,7.1,1,13,14,5,9,8.0,9,10.1,0.6,-0.78,Dropout
2,17,3,9003,1,9,132.4,21,31,28,2,1,124.1,1,0,1,1,1,1,21,0,8,9,6,10,17.2,8,1,17,18,6,12.6,3,13.2,2.2,2.88,Dropout
2,10,1,171,1,12,102.9,20,13,9,15,2,125.4,1,0,1,1,0,0,18,0,3,4,2,8,1.2,3,3,4,1,6,11.0,4,10.0,1.7,0.8,Graduate
2,1,3,171,1,6,108.2,5,4,8,15,10,137.6,0,0,0,1,0,0,46,0,10,1,16,3,16.8,2,3,8,8,9,9.2,3,8.2,0.2,-1.97,Graduate
1,2,2,8014,1,9,103.6,9,23,25,18,6,136.2,1,0,0,1,0,1,47,0,13,5,25,9,2.1,6,6,9,27,11,10.6,6,12.2,1.6,-1.53,Enrolled
5,17,0,9070,1,14,141.4,5,6,10,8,15,110.8,0,0,0,1,1,0,41,0,14,12,28,2,2.3,8,11,10,23,13,7.3,5,15.7,-0.1,0.74,Enrolled
1,1,9,9003,0,1,115.0,4,34,3,19,6,128.7,0,0,0,1,1,1,47,0,7,5,5,13,10.9,2,12,15,21,2,9.2,7,10.7,3.7,1.08,Dropout
1,7,7,171,1,9,142.5,13,18,23,0,10,133.2,0,0,1,0,1,0,35,0,9,4,0,12,4.4,3,11,12,20,6,8.1,9,15.3,1.9,0.11,Graduate
1,15,4,9238,0,2,121.6,20,26,23,16,1,125.3,1,0,0,1,0,0,50,0,5,13,10,1,0.1,1,13,16,27,10,18.0,3,15.1,1.5,3.12,Graduate
1,17,3,171,1,9,141.9,17,33,4,11,7,131.9,1,0,0,0,1,1,34,0,14,18,1,11,13.5,8,9,7,10,0,1.0,6,13.0,3.3,0.89,Dropout
1,1,9,9085,1,3,126.1,20,33,23,8,6,125.9,0,0,0,1,1,0,49,0,10,4,5,1,6.7,1,11,10,3,0,11.9,4,7.6,0.6,-2.81,Graduate
2,7,4,9119,0,12,144.2,12,25,9,4,5,97.8,0,0,0,0,0,0,19,0,0,14,17,0,16.3,7,10,3,21,0,4.4,0,12.9,0.2,-3.66,Dropout
1,1,3,9238,1,5,118.1,20,17,4,14,15,110.0,1,0,0,1,0,0,34,0,5,8,14,3,5.0,6,7,3,13,8,6.7,2,12.3,2.1,2.2,Graduate
2,1,2,9085,0,9,119.0,20,3,34,12,10,139.7,1,0,0,1,0,0,52,0,6,15,29,6,12.0,6,7,15,15,3,3.4,0,12.2,3.3,-1.85,Dropout
1,10,4,9119,1,10,123.2,7,22,18,18,2,123.8,1,0,0,1,0,0,42,0,13,19,10,3,5.9,7,4,12,0,5,13.5,2,10.0,2.1,3.33,Enrolled
1,2,3,33,1,2,142.5,1,4,34,2,17,129.5,1,0,0,1,1,0,44,0,0,11,12,1,2.7,4,10,16,6,3,5.2,0,13.8,-0.7,1.49,Graduate
1,17,0,9085,1,1,113.8,16,28,34,1,8,127.0,1,0,0,0,1,0,48,0,10,19,4,13,17.5,5,8,5,1,7,11.8,3,14.9,3.1,-1.83,Dropout
1,15,2,8014,1,9,121.4,7,13,3,12,16,116.3,1,0,0,1,1,1,53,0,11,13,19,12,10.6,5,7,12,12,1,10.2,4,13.1,0.5,3.14,Dropout
2,17,9,33,1,6,126.3,2,30,19,6,1,120.9,1,0,1,1,0,0,23,0,8,17,7,10,15.1,7,12,17,27,4,7.7,2,8.3,3.1,-3.6,Graduate
1,2,9,9130,0,6,136.0,12,12,34,8,9,131.3,0,0,1,1,0,0,44,0,5,18,14,5,4.5,8,2,12,16,8,6.1,0,14.1,3.6,-0.27,Graduate
2,5,7,9003,1,2,124.1,11,3,26,9,9,132.6,0,0,0,1,1,1,48,0,7,6,17,10,7.1,3,8,9,16,4,12.6,5,8.4,2.1,-2.82,Enrolled
1,10,6,9238,1,3,138.7,8,21,31,0,16,155.4,1,0,0,1,0,1,52,0,7,18,10,13,8.6,9,7,2,1,10,9.7,9,14.2,0.5,2.94,Dropout
2,10,1,9130,1,4,118.8,1,1,27,15,7,120.8,1,0,0,1,0,0,38,0,12,5,1,14,11.3,5,9,2,10,1,0.8,7,12.5,0.2,-3.81,Graduate
5,2,0,9238,1,3,144.8,3,18,3,10,19,148.7,0,0,0,1,0,0,25,0,8,17,11,10,7.1,9,14,9,18,13,13.3,9,10.1,2.4,1.49,Graduate
2,16,2,9003,1,2,141.3,8,13,12,7,5,115.8,1,0,0,1,1,0,33,0,0,2,19,7,4.5,9,13,10,29,3,13.6,5,12.1,-0.6,2.47,Graduate
1,10,4,9003,1,3,121.4,8,7,23,12,10,133.4,0,0,0,1,1,0,26,0,12,10,16,1,3.4,8,2,11,18,14,7.5,4,14.4,2.1,-1.96,Dropout
1,17,9,9238,1,6,140.8,11,13,17,15,4,129.3,0,0,0,1,1,0,43,0,5,16,25,12,10.8,3,11,5,9,1,0.4,4,11.6,0.6,1.46,Enrolled
1,2,0,9003,1,12,113.6,21,17,16,2,9,125.4,0,0,0,1,0,0,33,0,8,3,18,1,4.5,7,1,13,24,1,3.4,1,11.3,-0.8,-3.4,Enrolled
2,10,2,9085,1,4,132.4,5,32,17,12,0,126.9,0,0,0,1,1,1,48,0,7,14,23,5,7.1,9,1,0,7,1,10.3,8,8.9,2.1,-2.85,Graduate
1,1,2,9147,1,6,118.2,8,29,15,16,7,118.9,0,0,0,1,0,0,27,0,3,4,8,2,0.6,4,7,15,16,10,13.6,9,10.3,1.8,3.2,Dropout
1,2,4,9070,0,1,134.7,21,30,26,5,3,138.8,0,0,0,1,1,0,41,0,4,10,13,2,4.6,5,8,1,25,14,1.5,6,11.7,1.6,-2.35,Enrolled
2,2,2,9238,1,6,127.5,9,11,2,9,6,116.0,1,0,0,1,1,1,33,0,8,16,2,7,8.7,6,7,10,25,3,12.1,4,8.0,0.3,-1.85,Dropout
1,17,8,9130,1,3,118.6,17,14,17,8,18,131.1,0,0,1,1,0,1,43,0,4,7,22,13,14.3,8,7,6,4,13,9.0,1,13.4,3.3,2.7,Graduate
3,7,0,9130,1,12,106.4,5,10,1,17,14,136.8,1,0,0,1,1,0,31,0,8,12,19,2,6.7,1,10,3,12,6,4.2,5,15.1,-0.7,-1.84,Graduate
1,10,3,9003,1,4,126.8,19,8,30,16,1,145.0,0,1,0,1,1,0,21,0,0,15,12,12,5.3,3,3,5,27,2,8.7,9,14.1,-0.3,-0.15,Graduate
1,10,9,9238,1,9,147.9,19,31,32,6,16,139.6,0,0,0,1,0,1,29,0,9,4,14,5,9.3,8,4,8,4,14,1.1,7,11.4,0.9,-1.81,Dropout
2,2,9,9147,1,4,134.3,2,6,30,1,15,134.4,1,0,0,0,1,0,22,0,8,18,28,0,0.9,1,12,3,22,4,11.9,1,7.1,0.9,1.34,Dropout
1,1,3,9147,1,6,106.5,19,19,4,10,13,118.7,1,0,0,1,0,0,36,0,9,18,26,2,6.4,6,2,6,22,9,2.3,4,11.1,-0.2,3.29,Graduate
2,1,0,9070,1,9,126.5,15,19,32,17,2,116.8,1,0,0,1,0,1,19,0,8,2,18,10,2.4,0,7,2,23,7,0.4,6,8.1,3.6,-3.18,Dropout
1,15,1,9085,1,2,147.8,8,12,1,2,18,112.2,0,0,0,1,0,0,44,0,5,7,20,4,4.6,0,2,18,1,4,0.5,2,13.7,3.6,2.0,Dropout
1,1,0,9070,1,14,125.4,8,18,19,13,7,111.0,1,0,1,1,1,0,19,0,6,13,24,9,7.0,4,6,19,1,4,12.8,3,8.1,2.7,0.26,Dropout
3,10,5,8014,1,6,115.4,1,3,33,19,16,127.0,0,0,0,1,0,0,49,0,5,7,28,13,1.0,6,5,11,17,10,4.4,8,8.1,0.6,0.04,Dropout
3,16,2,9130,1,10,156.2,14,9,19,12,17,117.5,1,0,0,1,0,1,18,0,3,18,3,11,14.4,7,5,1,8,13,9.5,6,11.6,0.7,0.63,Graduate
2,7,6,9147,1,6,113.8,11,6,27,16,0,142.6,0,0,1,1,0,0,53,0,6,14,7,3,4.9,1,0,16,9,5,0.8,9,9.2,3.2,2.16,Enrolled
1,2,4,9003,1,2,126.6,7,1,13,10,6,119.5,1,0,0,1,0,0,45,0,10,19,17,7,4.2,2,14,10,8,12,0.8,3,9.2,-0.8,1.3,Graduate
2,5,8,9147,1,4,120.8,18,29,27,6,3,128.2,1,0,0,1,0,0,30,0,1,12,26,4,6.2,5,12,0,23,14,15.3,4,15.6,-0.1,-0.25,Graduate
1,7,6,9147,1,1,139.8,15,30,14,2,2,123.6,1,0,0,1,1,0,23,0,2,12,24,0,6.6,3,11,14,13,8,12.7,6,9.6,0.5,-3.84,Dropout
1,17,3,9119,1,9,137.2,10,22,24,2,18,108.7,1,0,0,0,1,0,20,0,10,10,13,13,14.6,8,11,0,0,11,2.0,1,15.3,3.7,-1.02,Enrolled
5,17,4,9130,1,10,116.6,4,28,19,1,9,141.2,1,0,0,1,1,0,37,0,11,0,27,9,5.1,4,11,6,14,1,9.9,8,9.1,-0.6,2.74,Enrolled
1,16,4,8014,0,14,119.5,21,18,25,15,2,136.0,1,0,0,1,1,0,41,0,11,8,25,14,8.3,6,7,1,0,0,2.8,3,15.1,2.1,0.31,Graduate
6,5,4,9070,1,2,132.1,1,32,11,10,1,137.5,1,0,0,1,1,0,25,0,3,17,0,10,9.0,8,8,11,28,12,14.0,7,8.8,2.8,-1.16,Graduate
1,7,9,8014,1,14,133.3,14,5,9,13,4,134.7,0,0,0,1,1,1,28,1,2,0,7,9,5.5,2,3,5,10,11,12.0,5,8.6,-0.3,-3.56,Dropout
1,1,8,9119,1,5,126.6,20,34,6,2,16,117.1,0,0,0,1,0,0,28,0,8,4,7,0,14.1,0,14,5,7,5,17.0,8,9.5,-0.2,3.27,Enrolled
1,10,9,9085,1,10,125.4,20,31,29,6,4,117.4,1,0,0,1,1,1,21,0,12,14,18,13,11.2,3,3,3,1,8,10.2,7,10.8,0.5,-2.31,Dropout
4,16,2,8014,1,10,111.6,9,33,9,7,13,132.9,1,0,0,1,1,0,45,0,3,11,0,2,13.0,4,7,0,22,10,7.1,5,8.9,1.8,0.98,Graduate
2,5,5,9147,1,5,157.8,13,4,33,12,15,147.1,1,0,0,0,0,0,43,0,13,4,3,4,1.0,1,12,14,0,4,12.5,4,12.5,0.3,0.43,Graduate
3,16,7,33,1,10,139.6,17,14,23,18,13,132.0,0,0,0,1,1,0,36,0,9,18,28,12,14.8,8,5,12,5,8,10.7,5,11.2,1.5,-2.8,Graduate
2,7,8,9238,1,6,130.1,20,15,15,10,18,139.7,1,0,1,1,1,1,45,0,0,6,2,2,4.3,4,7,12,29,1,7.4,7,11.8,0.0,-2.47,Graduate
2,10,6,8014,1,5,144.6,4,20,11,0,12,120.2,0,0,0,1,1,0,35,0,11,7,17,10,1.7,4,6,7,25,4,7.6,3,13.0,2.6,3.06,Dropout
3,16,2,9238,1,4,126.9,5,20,23,18,11,141.3,1,0,0,1,1,1,52,0,13,15,5,4,11.9,0,7,16,20,11,2.7,9,11.2,1.0,3.48,Dropout
1,5,0,9119,0,5,117.8,18,4,26,12,15,121.5,0,0,0,1,1,0,49,0,11,17,18,0,3.9,0,14,16,23,11,8.6,4,7.8,0.1,-1.28,Enrolled
1,2,3,8014,1,4,135.2,17,18,1,16,16,130.1,0,0,0,1,1,1,24,0,13,2,11,0,7.3,9,13,11,29,8,2.8,4,10.2,2.8,-0.27,Graduate
1,7,5,8014,1,1,132.1,21,24,30,8,19,122.2,0,0,0,1,1,0,46,0,7,8,22,6,12.7,0,3,1,23,12,3.1,3,11.7,0.3,-0.13,Graduate
6,2,2,171,0,3,155.2,7,27,17,18,5,138.6,1,0,0,1,0,1,50,0,3,13,17,14,1.8,6,10,6,9,13,2.8,3,8.6,1.5,-3.1,Enrolled
5,1,0,9147,1,10,118.9,10,33,23,18,13,138.7,1,0,0,1,1,1,47,0,12,5,3,4,2.3,2,10,7,2,11,8.7,7,11.4,-0.6,3.31,Graduate
1,2,5,9003,1,9,115.6,9,25,5,5,15,107.8,0,0,0,1,1,0,17,0,8,0,7,1,12.0,4,1,10,18,13,8.8,6,8.1,0.6,-1.75,Graduate
2,2,0,9238,1,9,161.5,13,5,9,6,2,144.2,0,0,0,0,1,0,51,0,11,10,18,8,8.1,1,0,13,25,3,1.1,4,10.2,-0.0,-0.74,Graduate
5,15,8,9085,1,3,147.8,18,18,4,4,18,157.9,1,0,0,1,1,0,35,0,8,11,16,8,4.0,1,4,14,9,2,11.7,4,14.5,0.4,2.61,Graduate
1,7,0,171,1,12,139.6,12,20,7,7,6,122.4,1,0,0,1,1,0,34,0,8,17,27,8,9.3,0,9,3,23,6,2.9,4,7.4,3.6,1.26,Graduate
2,1,5,9147,1,6,119.7,8,6,1,13,4,125.4,1,0,0,1,1,0,33,0,10,5,20,3,11.1,7,9,0,10,10,8.3,6,7.3,0.9,-1.82,Enrolled
5,2,0,9119,1,10,136.3,18,27,16,17,19,143.1,0,0,0,1,1,0,47,0,8,14,22,3,7.3,7,8,12,7,13,11.0,7,10.6,-0.1,-3.58,Graduate
1,17,6,9238,0,10,110.6,5,28,25,19,9,127.9,0,0,0,1,1,0,36,0,12,1,20,10,3.1,4,7,8,21,4,1.0,5,15.2,3.6,-3.04,Graduate
2,10,2,9070,1,3,122.3,7,11,6,2,8,126.9,0,0,1,1,1,1,45,0,12,7,26,8,11.7,7,13,0,0,3,10.0,0,12.5,0.5,-1.1,Enrolled
1,5,5,9119,1,4,112.5,15,9,14,7,2,151.7,0,0,1,1,0,0,37,0,12,16,15,11,2.2,1,6,6,8,1,16.5,0,13.2,2.5,-0.7,Dropout
5,2,6,9003,1,6,118.7,3,28,11,13,9,109.4,1,0,0,1,1,0,25,0,12,11,5,0,11.8,4,0,10,23,11,2.4,1,12.0,3.2,-0.42,Enrolled
6,1,0,9238,1,2,112.1,18,19,1,13,15,116.7,0,0,0,1,1,0,46,0,6,1,25,7,4.9,8,9,4,6,1,16.5,5,14.0,0.8,-3.56,Graduate
5,2,0,9119,1,9,140.4,6,21,1,6,8,132.4,1,0,1,1,0,1,49,0,11,15,0,0,0.0,8,3,5,0,11,14.7,8,10.7,2.1,-3.76,Graduate
1,5,4,171,1,2,156.8,6,31,8,5,1,105.9,1,0,1,1,1,1,34,0,8,4,17,6,8.4,1,10,14,0,8,9.7,7,13.7,-0.6,0.66,Graduate
4,1,5,9119,1,5,144.6,20,7,32,5,5,122.2,0,0,0,1,1,0,26,0,6,5,27,13,5.6,6,1,1,11,6,2.3,2,15.4,1.0,-2.83,Graduate
3,7,8,9003,1,4,141.2,1,25,33,11,4,122.0,1,0,0,1,1,0,17,0,10,17,10,5,4.1,1,13,0,24,0,13.0,5,10.1,3.2,0.9,Dropout
1,1,0,9003,1,12,125.0,21,28,8,14,2,139.5,1,0,0,1,1,1,44,0,11,12,0,10,9.0,8,8,6,27,4,11.7,1,10.7,2.8,-2.92,Graduate
3,7,3,33,1,2,132.9,17,17,14,18,6,136.0,1,0,0,1,1,0,49,0,14,2,26,14,6.1,0,9,18,0,5,12.0,5,8.6,0.3,0.1,Graduate
1,1,9,8014,1,9,113.9,11,26,24,3,14,105.1,1,0,0,1,1,0,34,0,7,3,18,7,5.3,9,10,7,11,11,2.3,4,8.1,-0.7,-1.98,Graduate
2,17,7,9070,1,9,110.5,2,28,29,2,5,118.0,0,0,0,1,0,0,25,0,1,7,2,4,13.7,8,13,2,15,4,8.8,7,13.7,2.0,-2.54,Dropout
1,16,9,9070,1,9,108.2,9,17,25,12,3,118.0,1,0,0,1,0,1,44,0,11,0,25,12,1.5,3,12,11,0,10,11.8,9,12.3,-0.3,-2.39,Graduate
1,5,8,171,1,1,111.7,19,17,6,15,12,124.2,0,0,0,1,1,0,39,0,3,10,27,7,7.2,8,2,13,29,12,8.4,6,13.4,2.9,-0.82,Dropout
1,5,2,9003,1,10,140.3,6,33,1,12,4,112.7,1,0,0,1,0,0,42,0,3,6,19,5,4.4,6,12,0,5,11,10.6,1,8.5,1.3,0.03,Graduate
2,1,1,33,1,2,142.0,7,34,23,9,14,132.9,1,0,0,1,1,0,49,0,3,18,14,13,5.1,3,8,12,16,14,10.2,7,13.8,1.0,2.18,Dropout
1,16,3,9147,0,5,116.5,4,23,33,12,6,118.0,0,0,0,1,1,1,36,0,2,2,5,8,8.0,6,4,4,18,7,7.7,1,9.8,0.3,1.44,Dropout
2,2,1,33,1,2,134.4,3,30,14,7,6,134.7,0,0,0,1,1,1,32,0,12,9,1,2,16.6,9,11,14,12,6,2.7,5,12.6,1.7,-2.46,Enrolled
1,5,0,9085,1,5,147.1,2,27,28,11,9,127.0,0,0,0,1,1,0,35,0,0,3,28,3,11.9,9,1,1,10,3,14.6,3,14.6,2.9,-0.77,Dropout
1,17,2,9119,1,9,127.7,10,9,29,7,12,114.4,0,0,0,1,1,0,48,1,5,0,16,6,3.5,9,9,4,12,4,11.5,6,12.5,1.3,-3.82,Graduate
1,7,6,8014,1,6,118.8,10,20,23,8,10,145.0,1,0,0,1,1,0,27,0,4,6,13,14,10.3,5,3,12,29,2,11.5,7,8.5,-0.4,0.26,Graduate
3,7,0,33,1,5,123.8,17,23,10,9,0,145.4,1,0,0,1,1,0,42,0,14,9,16,1,2.8,5,5,15,1,6,1.0,0,11.5,1.7,1.27,Graduate
1,10,1,9119,0,4,151.5,16,19,27,6,19,130.8,0,0,0,0,1,0,17,0,10,2,25,5,15.9,6,7,3,22,8,13.6,3,9.3,0.7,1.56,Dropout
2,15,0,8014,1,10,129.0,1,4,8,2,10,123.9,0,0,0,1,0,1,54,0,2,10,2,7,7.6,3,2,5,19,1,3.9,7,12.0,1.5,-3.12,Graduate
4,16,7,9238,1,10,162.0,12,13,4,4,0,113.3,0,0,0,1,1,0,28,0,11,13,10,2,17.1,3,8,17,14,8,12.3,6,7.7,-0.4,-0.28,Graduate
2,15,4,9085,1,1,120.0,20,12,21,2,2,140.9,0,0,0,1,0,0,25,0,6,6,19,0,11.9,3,3,1,28,14,12.3,0,15.8,-0.5,2.62,Graduate
1,15,7,9085,1,14,122.4,20,9,21,17,7,137.7,0,0,0,1,1,1,24,0,5,13,1,4,15.0,8,14,11,4,3,1.6,3,12.6,2.5,-2.66,Dropout
1,7,2,9003,1,2,108.9,10,15,30,18,12,116.4,1,0,0,1,1,1,47,0,14,5,4,3,3.2,7,9,18,26,7,9.6,3,10.4,1.4,-3.51,Enrolled
4,17,6,9085,1,3,146.1,1,21,13,9,6,118.1,1,0,0,1,0,0,36,0,3,3,20,2,15.4,6,14,11,6,9,12.8,5,10.1,1.0,-2.09,Graduate
1,17,7,9238,1,1,131.4,16,15,3,8,2,132.9,1,0,0,1,1,0,35,0,8,0,8,5,3.4,4,12,5,10,14,14.0,6,12.2,3.5,-3.27,Enrolled
4,10,5,9003,1,3,116.5,11,5,20,6,19,111.7,0,0,0,1,1,0,48,0,3,6,22,4,17.6,4,6,14,17,2,7.4,6,13.0,0.1,-3.61,Dropout
1,15,6,9130,1,14,124.6,4,5,5,0,1,118.9,0,0,0,1,1,0,21,0,8,17,0,2,5.0,8,2,16,3,6,0.4,7,9.1,3.3,-2.36,Graduate
5,15,1,9147,1,10,137.3,3,25,22,9,17,113.5,1,1,0,0,1,0,47,0,2,0,14,1,12.3,6,10,3,11,7,12.6,5,12.0,2.9,-1.28,Dropout
3,1,7,171,1,4,117.6,13,24,2,1,4,113.9,0,1,0,0,0,0,38,0,13,8,6,2,9.8,4,11,10,8,3,5.6,0,14.7,1.6,1.57,Dropout
6,1,4,9119,1,9,135.1,21,31,25,5,17,117.6,1,0,1,1,1,0,36,0,13,3,26,13,8.6,4,9,3,2,8,4.3,7,14.3,1.2,-3.5,Dropout
1,1,6,9147,1,9,143.5,15,34,24,5,15,138.8,1,0,1,1,1,0,28,0,6,2,18,9,7.7,0,1,18,21,9,14.3,6,8.7,-0.2,3.32,Graduate
3,2,0,9147,1,5,123.5,10,14,5,7,6,104.2,0,0,0,1,0,0,35,0,6,17,9,3,6.9,7,8,8,19,9,6.8,6,10.4,0.9,-3.97,Graduate
1,15,4,9070,1,1,102.1,6,27,16,17,0,132.6,0,0,0,1,1,0,53,0,14,14,18,8,5.5,2,8,10,26,10,8.8,1,14.1,1.6,2.05,Dropout
1,17,0,33,1,14,125.9,11,4,15,6,8,130.4,1,0,0,1,0,1,18,0,0,2,26,5,10.7,6,11,13,25,8,6.9,0,9.8,0.8,-4.02,Enrolled
2,17,7,9085,1,4,122.4,1,23,13,17,14,139.6,1,0,0,0,1,1,20,0,0,19,3,14,17.7,0,5,2,26,9,16.3,0,13.9,3.3,-2.15,Graduate
4,2,3,9130,1,9,111.3,20,5,11,0,0,130.3,1,0,0,1,0,0,46,0,1,19,14,5,12.1,9,3,6,23,1,7.6,8,13.4,-0.6,3.0,Graduate
6,17,3,33,1,5,138.8,4,27,16,13,16,122.1,0,0,0,1,0,0,39,0,3,9,1,0,13.6,1,1,10,25,2,6.7,3,8.6,0.6,-0.77,Graduate
3,10,1,171,1,2,139.4,10,14,18,19,8,116.4,1,0,0,1,1,0,37,0,12,5,24,9,11.8,5,14,0,13,11,3.9,4,13.3,3.4,-1.48,Enrolled
1,16,4,33,1,10,133.3,15,7,25,6,14,139.9,0,0,0,1,1,0,21,0,1,9,21,3,9.3,5,6,8,17,11,8.0,4,14.5,-0.4,0.91,Enrolled
1,7,0,9070,0,2,123.5,1,18,4,19,9,133.5,1,0,1,0,0,0,23,0,9,5,25,10,14.7,5,13,8,4,13,8.9,3,15.2,1.3,1.75,Dropout
2,15,8,171,1,10,132.0,21,32,21,6,19,120.6,1,0,0,1,0,0,28,0,9,6,14,14,5.8,6,3,16,28,2,11.9,8,9.2,2.6,2.89,Graduate
1,17,4,9238,1,2,120.2,15,2,11,3,2,138.8,0,0,0,1,1,0,27,0,12,11,28,2,4.9,1,2,13,25,12,13.1,1,16.0,0.7,2.84,Graduate
1,7,5,9238,1,5,140.3,3,20,34,4,4,121.2,0,0,0,1,1,0,30,0,4,19,10,3,6.9,8,12,14,15,11,4.2,4,11.4,2.8,1.23,Enrolled
1,17,1,9003,1,4,123.4,1,29,30,0,1,127.0,1,0,0,1,0,0,19,0,1,10,21,1,10.4,1,9,9,11,1,17.0,9,9.3,-0.1,-3.72,Graduate
1,16,9,33,1,1,126.2,6,26,4,19,5,119.1,1,0,1,1,1,0,39,0,7,5,24,9,0.0,9,10,15,28,6,11.4,6,13.5,3.6,-1.72,Graduate
1,1,9,9119,1,10,127.5,19,1,14,2,15,133.9,1,0,0,1,1,0,19,0,5,19,17,8,15.0,0,12,11,3,6,1.8,9,13.4,2.1,-1.77,Dropout
1,15,0,9130,1,14,179.0,4,5,11,12,11,114.1,1,0,0,1,1,0,52,0,2,17,5,5,5.5,8,1,19,14,5,13.8,9,12.5,0.5,-1.63,Dropout
1,5,3,9070,1,3,114.7,12,14,4,6,16,123.1,1,0,0,0,0,0,40,0,1,15,13,0,10.8,8,1,9,24,4,12.6,3,8.3,-0.5,-3.25,Dropout
1,2,6,171,1,4,122.9,2,25,26,5,11,118.5,1,0,0,1,0,0,49,0,13,15,8,3,0.9,6,9,5,22,7,12.5,6,7.3,1.7,-3.75,Graduate
6,2,5,9130,1,4,106.0,17,9,3,5,16,130.4,1,0,0,1,0,0,48,0,14,0,6,10,7.8,5,10,18,5,7,14.1,0,13.6,1.8,-2.3,Dropout
1,15,9,33,1,5,133.8,6,30,4,1,6,132.1,0,0,0,0,1,0,46,0,13,14,26,4,1.2,0,6,8,7,3,11.5,7,10.1,1.2,0.36,Graduate
1,16,0,9119,1,3,156.0,12,19,26,15,15,112.6,0,0,0,1,1,1,52,0,8,2,24,1,0.2,9,7,18,18,2,0.3,9,7.9,3.4,-4.04,Graduate
2,1,0,33,1,12,126.6,15,8,11,5,17,132.3,1,0,0,1,1,0,19,0,0,7,0,6,14.2,9,9,18,2,0,11.9,3,15.4,0.7,2.66,Graduate
1,2,7,9085,1,4,120.4,17,16,11,7,7,107.8,1,0,0,0,1,0,22,0,5,0,8,3,7.3,9,3,6,14,6,14.4,2,15.3,1.8,2.91,Graduate
5,1,3,9085,1,14,129.1,1,8,20,10,17,155.5,1,0,0,0,0,0,48,0,6,19,21,4,14.7,0,11,8,28,12,9.9,2,12.8,-0.5,0.59,Graduate
3,10,4,9070,1,4,145.5,14,23,26,17,1,120.4,1,0,0,1,0,0,22,0,14,3,21,7,6.1,0,7,16,15,11,3.3,9,9.2,1.3,-3.67,Graduate
1,7,6,171,1,6,150.7,2,9,12,5,8,140.6,1,0,0,0,1,1,20,0,12,16,20,6,11.7,6,13,17,18,11,12.1,7,15.9,2.7,3.36,Dropout
1,16,7,171,1,10,114.3,4,32,29,13,15,129.6,0,0,0,1,1,0,20,0,8,14,27,11,1.7,6,14,7,27,5,0.8,2,9.2,2.6,0.63,Dropout
4,5,9,9147,1,9,139.9,20,34,14,14,16,130.1,0,0,0,1,1,1,29,0,6,14,1,2,3.4,2,10,12,10,13,8.3,1,7.1,1.4,-0.04,Dropout
5,7,6,9070,1,4,128.5,2,18,25,10,9,111.8,0,0,1,1,1,0,19,1,3,8,5,4,8.5,8,2,8,0,14,8.6,7,15.1,3.1,-0.45,Enrolled
1,7,1,9070,1,4,151.6,14,15,26,14,0,138.0,1,0,0,1,0,0,51,1,11,0,16,7,7.9,7,9,7,9,12,17.7,6,8.8,3.5,-3.07,Enrolled
2,10,3,9119,0,5,164.4,18,15,10,12,17,127.6,0,0,0,0,1,0,32,0,1,10,28,9,3.5,5,6,12,7,2,3.3,3,12.7,1.2,1.98,Dropout
1,2,9,9085,1,14,157.3,8,29,14,5,14,133.1,0,0,0,1,1,0,40,0,5,18,0,3,15.7,4,7,12,7,2,9.7,5,9.1,0.8,-0.31,Graduate
6,5,0,171,0,5,115.2,20,23,5,3,8,125.8,1,0,0,1,1,0,40,0,11,9,22,6,5.1,1,11,16,6,1,12.5,9,11.0,2.1,-3.91,Graduate
1,2,9,33,1,1,117.4,1,23,22,13,2,128.7,0,0,0,1,1,0,40,0,11,1,16,11,7.7,6,9,19,15,10,0.3,7,10.6,3.7,-2.9,Dropout
5,15,8,9070,1,10,155.4,16,1,11,12,15,115.5,1,0,0,1,1,0,54,0,13,10,14,8,6.1,7,13,4,18,14,16.3,7,10.4,-0.6,-1.89,Graduate
2,7,2,9003,0,14,128.4,7,22,29,9,14,125.0,1,0,0,0,0,0,21,0,9,18,11,10,17.9,0,13,15,28,7,12.6,1,9.9,0.8,2.86,Enrolled
2,15,2,8014,0,5,118.5,6,7,7,11,1,121.5,1,0,0,1,0,0,35,0,11,17,4,11,6.2,4,4,10,25,7,11.2,2,7.1,1.4,-0.58,Graduate
1,1,9,171,0,3,109.6,19,32,18,7,9,117.8,0,0,0,1,0,0,23,0,14,3,5,1,4.8,4,9,17,22,5,11.6,7,8.9,3.6,3.06,Enrolled
1,7,8,9238,1,3,132.1,10,28,31,19,3,128.7,0,0,0,1,0,1,46,0,10,7,3,4,16.3,5,5,8,15,7,2.1,8,15.9,2.9,-1.98,Dropout
1,2,9,171,1,4,123.8,6,32,20,4,18,131.7,1,0,0,1,1,1,41,0,6,14,4,0,2.8,5,13,2,13,7,17.2,2,7.1,0.5,3.39,Graduate
1,7,2,9003,1,9,135.9,10,33,7,1,16,130.3,0,0,0,1,1,1,17,0,13,8,17,5,16.5,7,11,9,27,8,8.0,1,7.6,2.7,3.17,Graduate
1,1,7,171,1,5,132.9,19,13,30,19,9,125.7,1,0,0,1,1,1,18,0,5,7,25,12,10.2,5,14,2,22,8,10.3,4,7.3,0.1,1.33,Dropout
3,10,1,9003,1,1,111.8,3,28,4,11,5,132.3,0,0,0,1,1,0,24,0,3,9,22,6,4.0,5,2,4,25,14,4.6,2,11.6,1.9,1.67,Graduate
1,15,2,8014,1,5,117.7,20,9,30,5,0,130.1,1,0,0,1,1,1,20,0,12,9,27,5,4.5,4,12,18,6,11,2.0,7,7.3,-0.6,-3.88,Graduate
1,17,1,9147,1,5,144.2,3,3,30,14,10,128.3,0,0,0,1,1,0,48,1,10,0,9,5,12.8,7,13,12,3,11,14.2,5,11.8,1.1,-2.32,Graduate
6,15,0,9119,1,6,145.5,20,17,30,17,15,129.2,0,0,0,0,1,0,54,0,6,4,16,5,0.7,6,3,3,20,2,10.6,9,9.9,2.6,-2.58,Dropout
4,2,1,8014,1,9,124.4,6,34,18,17,19,142.4,1,0,0,1,1,0,22,0,9,15,1,14,12.9,7,2,4,28,10,7.0,4,14.9,0.5,3.2,Dropout
5,7,7,9130,1,5,132.6,17,32,10,9,6,111.3,1,0,0,0,0,0,49,0,5,13,23,12,5.6,1,0,16,20,11,2.9,3,10.2,2.5,-0.97,Graduate
6,2,8,9147,1,2,114.4,18,9,14,6,2,122.9,1,0,0,0,0,0,53,0,5,1,9,7,14.5,6,12,1,19,5,7.3,0,14.4,0.7,0.49,Graduate
1,10,1,9119,1,2,129.2,10,1,23,9,13,131.4,0,0,0,1,0,0,26,0,1,8,17,8,2.2,6,13,10,16,6,0.1,1,13.3,-0.5,-2.02,Enrolled
1,7,6,9085,1,4,146.6,6,20,12,4,3,106.4,1,0,0,1,1,0,40,0,10,1,16,3,4.5,4,1,2,17,6,17.5,4,15.7,3.3,-2.13,Enrolled
3,17,4,9003,1,1,155.0,13,5,12,15,8,145.0,1,0,0,1,1,0,52,0,1,15,20,13,7.9,5,10,9,25,11,11.4,3,11.0,1.1,-0.89,Enrolled
2,7,2,9070,1,9,128.1,6,21,34,18,14,130.3,0,0,0,1,1,0,19,0,12,16,15,2,15.8,8,9,0,27,1,5.2,1,15.6,2.5,-1.66,Graduate
1,17,8,9130,1,1,125.3,12,5,26,2,11,139.4,0,0,0,1,1,0,53,0,5,2,1,6,5.1,2,6,6,17,11,15.6,4,12.8,1.9,1.63,Graduate
3,2,5,8014,1,3,108.5,14,4,6,6,15,141.6,0,0,0,1,1,0,43,0,0,5,25,7,15.2,9,9,12,13,4,1.7,3,10.4,2.2,0.65,Graduate
1,2,0,171,1,14,121.0,17,8,15,18,18,132.4,0,0,0,1,0,0,40,0,7,2,2,2,1.8,6,2,5,20,11,4.0,0,11.4,1.6,1.19,Dropout
1,1,4,8014,1,9,129.0,8,25,19,11,13,98.0,1,0,0,1,0,0,32,0,8,5,5,5,3.1,7,0,10,2,3,5.8,3,13.6,1.7,0.03,Dropout
1,16,6,9119,1,6,127.4,5,7,23,9,3,128.9,0,0,0,1,1,0,48,0,7,18,5,12,2.8,2,4,14,17,2,16.3,5,15.0,3.1,2.77,Graduate
2,16,3,9130,1,9,121.5,4,32,13,4,5,129.8,0,0,0,1,1,0,32,0,9,14,2,6,11.0,4,0,18,26,11,4.6,0,10.7,1.7,-3.57,Dropout
2,10,7,33,1,5,147.8,6,17,31,1,10,112.9,0,0,0,1,1,0,25,1,5,17,13,12,7.0,8,11,7,4,10,7.5,3,15.5,2.8,1.62,Graduate
1,16,9,9119,1,10,136.2,11,28,26,2,3,103.7,0,0,0,1,0,0,32,0,12,1,15,6,15.5,2,0,16,1,12,11.1,7,11.3,1.2,-2.24,Enrolled
4,1,4,9147,1,6,127.5,5,6,18,13,7,133.0,0,0,0,1,0,0,32,0,9,19,28,10,8.7,2,5,1,29,12,13.9,1,13.9,3.6,0.66,Graduate
1,15,8,8014,1,4,140.3,14,2,33,14,8,110.8,0,1,0,1,0,0,20,0,0,18,9,1,15.1,2,8,5,25,8,11.9,8,15.2,-0.5,2.95,Dropout
1,17,8,8014,1,1,129.6,10,31,32,19,1,153.8,0,0,0,1,1,0,27,0,12,16,25,13,4.3,9,0,11,2,14,12.3,9,9.0,0.9,-1.71,Graduate
4,7,8,9130,1,2,153.3,11,1,4,12,19,130.4,1,0,0,1,1,0,40,0,7,5,28,7,16.8,4,14,0,24,14,13.4,5,8.8,0.0,3.24,Dropout
6,2,0,9003,1,6,118.1,3,3,19,16,2,144.6,0,0,0,0,1,0,47,0,1,5,28,9,11.4,2,6,18,6,6,10.6,7,13.1,0.5,-2.73,Graduate
4,7,1,9130,1,4,134.9,8,13,7,19,5,127.4,1,0,0,1,1,0,40,0,3,4,2,12,9.1,9,1,6,11,0,9.1,8,12.7,-0.3,3.17,Dropout
3,7,2,9070,1,3,98.1,21,31,26,3,1,136.8,1,0,0,1,1,0,40,0,0,11,6,5,11.0,9,9,1,8,1,14.9,2,14.5,1.4,-3.75,Dropout
2,5,3,8014,1,9,124.1,5,29,23,18,7,127.7,1,0,0,1,1,0,40,0,0,13,13,5,16.5,5,7,3,22,5,12.8,8,11.9,-0.7,-1.57,Dropout
2,15,9,9003,1,9,132.3,20,33,34,14,19,140.1,1,0,0,1,1,1,52,0,4,9,21,2,6.2,4,6,17,19,2,8.6,5,13.5,1.8,1.23,Dropout
1,5,8,9003,1,2,125.2,21,10,7,14,7,100.5,1,0,0,1,1,0,48,0,11,10,14,5,4.4,6,10,13,25,8,15.3,7,8.5,3.4,2.33,Graduate
1,16,9,9130,1,10,113.4,10,9,11,8,2,138.5,1,0,0,1,1,1,31,0,11,11,0,8,4.4,3,1,16,29,12,3.2,6,11.9,-0.1,-2.79,Dropout
1,7,5,9085,1,1,119.6,8,1,8,2,16,135.7,0,0,1,1,1,0,38,0,14,7,4,5,17.5,2,10,18,25,7,15.9,0,7.1,2.2,3.01,Graduate
1,17,0,9119,1,14,114.9,21,32,13,1,10,125.0,1,0,0,1,0,1,50,0,13,0,26,3,6.1,7,8,5,21,4,3.1,5,13.1,0.4,-2.87,Graduate
2,2,8,9147,0,9,128.2,9,33,32,6,2,121.7,0,0,0,0,1,0,28,0,5,19,22,8,15.9,0,13,3,16,5,4.5,2,15.7,-0.1,2.51,Enrolled
1,17,5,9085,1,14,141.8,15,2,34,8,11,123.1,1,0,0,1,1,0,33,0,10,9,5,5,2.5,1,6,15,26,10,4.8,4,8.6,3.0,2.64,Graduate
1,7,3,8014,1,1,124.8,1,2,18,4,13,130.7,0,0,0,1,0,0,18,0,8,1,19,5,7.8,8,1,9,0,6,1.2,1,8.2,1.3,1.53,Graduate
1,15,3,8014,1,3,157.1,5,5,15,16,0,142.8,1,0,0,1,0,0,22,0,2,9,0,14,11.1,5,14,10,2,8,5.4,2,11.3,-0.5,2.68,Graduate
2,17,2,8014,1,3,133.4,15,10,24,2,11,120.1,1,0,1,0,1,0,47,0,11,15,10,13,17.3,6,1,11,20,14,5.0,7,11.0,1.6,-3.43,Graduate
1,5,6,9238,1,14,99.3,4,2,21,8,17,104.9,0,1,0,1,1,0,41,0,12,17,22,13,12.2,1,11,3,29,4,10.6,5,11.0,3.6,2.95,Graduate
4,2,2,171,1,2,135.0,19,25,18,7,3,159.3,0,0,0,1,0,0,44,0,1,4,28,13,0.0,9,4,15,5,13,10.8,4,9.6,2.8,-0.55,Dropout
1,7,1,33,1,14,129.2,10,18,14,8,2,135.7,1,0,0,1,1,0,42,0,13,11,3,13,13.7,1,4,14,9,11,9.9,2,8.2,1.7,-1.82,Graduate
1,10,9,9238,1,5,150.7,2,27,19,16,16,121.9,1,0,0,1,0,0,20,0,1,1,29,7,11.7,5,14,8,7,6,11.3,5,15.3,3.5,-4.01,Graduate
2,15,7,33,1,4,129.7,5,20,13,7,12,142.5,1,0,0,1,0,1,45,0,7,0,3,1,3.3,7,8,3,0,10,0.7,8,10.1,2.8,0.26,Enrolled
3,15,3,9003,1,6,126.2,18,34,16,13,16,139.1,0,0,0,1,1,1,31,0,8,1,20,1,11.2,4,0,3,0,14,12.6,1,10.7,1.2,-3.59,Dropout
1,10,7,8014,1,2,161.1,6,8,2,15,16,133.4,1,0,0,1,1,1,50,0,14,11,6,9,16.7,1,14,18,29,1,17.1,4,10.8,1.3,-3.97,Graduate
2,17,0,9070,1,4,98.4,10,4,34,17,18,120.8,0,0,0,1,1,0,49,0,7,10,28,14,0.1,7,4,1,9,4,11.4,7,8.2,3.4,-0.9,Graduate
2,7,4,9147,1,9,124.8,15,30,26,16,4,135.7,1,0,0,1,1,0,32,0,11,0,27,4,17.5,5,2,10,19,10,5.0,5,8.8,-0.6,-3.6,Graduate
1,15,8,9130,1,1,134.0,9,9,22,6,7,141.2,0,0,0,1,1,0,21,0,2,10,8,12,5.3,5,2,2,18,5,5.6,4,7.1,0.7,2.35,Dropout
4,2,0,9147,1,3,124.0,13,12,20,19,1,104.6,1,0,0,1,0,0,50,0,14,6,19,13,10.9,9,4,10,0,10,13.8,7,11.5,1.2,-3.71,Dropout
3,7,3,9070,1,1,98.5,18,14,29,14,8,129.9,0,0,0,1,0,0,38,0,12,7,28,8,5.0,3,11,5,1,3,2.0,1,12.0,0.1,0.2,Graduate
2,7,5,9130,1,2,136.1,7,6,18,6,6,130.9,1,0,0,1,1,0,53,0,9,14,16,0,13.2,0,1,1,22,4,6.7,4,8.9,-0.0,-0.06,Graduate
4,5,9,9003,1,12,123.1,2,23,29,1,15,130.5,1,0,0,1,1,0,26,0,9,2,13,14,9.3,8,3,14,16,1,3.4,0,10.8,1.5,0.19,Graduate
4,15,7,9070,1,14,128.0,16,4,27,1,11,127.6,1,0,0,1,1,0,47,0,7,18,18,0,4.7,2,3,7,19,5,3.6,9,13.2,1.8,-3.06,Graduate
2,15,2,8014,0,5,148.9,2,1,29,6,4,142.4,1,0,0,1,0,0,30,0,9,5,6,1,9.1,7,3,8,22,6,0.1,8,9.3,1.3,2.62,Enrolled
3,10,4,9070,1,4,134.6,4,9,6,18,5,124.3,1,0,0,0,1,0,50,0,13,2,25,14,6.3,6,1,4,23,1,16.0,7,10.3,1.0,0.88,Dropout
2,5,6,8014,1,4,120.7,2,9,25,5,16,127.0,0,0,1,1,1,0,35,0,10,12,25,14,4.5,1,2,8,18,2,5.7,3,13.3,2.4,1.86,Dropout
2,17,0,9070,0,10,135.9,17,15,21,11,14,131.1,0,0,0,1,0,0,53,0,13,16,14,3,10.7,6,10,0,26,8,7.0,0,12.4,2.5,2.36,Dropout
2,16,6,9070,1,3,123.6,6,24,31,14,9,124.7,1,0,0,1,1,0,37,0,5,0,22,6,11.5,6,2,17,18,4,0.5,1,11.6,-0.0,2.71,Graduate
3,17,7,9085,1,4,125.4,10,8,16,12,2,109.0,1,0,0,1,1,0,53,0,5,14,1,11,2.5,4,7,9,5,9,1.7,3,14.8,-0.5,1.41,Graduate
1,17,7,9147,1,2,141.4,14,28,14,6,6,129.8,0,0,0,1,0,0,40,0,13,4,26,2,16.7,2,7,7,7,7,4.0,6,7.6,-0.5,1.44,Graduate
4,5,8,33,1,6,120.4,15,17,6,6,1,129.9,0,0,0,1,1,1,48,1,8,19,21,2,0.1,2,13,16,27,9,3.1,6,11.7,2.5,-2.93,Graduate
4,15,5,9238,0,12,138.4,21,31,11,14,12,122.3,1,0,0,1,1,0,46,0,7,10,26,13,5.0,3,11,13,16,4,15.1,8,13.3,-0.7,-2.78,Graduate
1,7,5,9085,1,4,126.5,12,4,27,3,13,125.3,1,0,0,1,1,0,53,1,0,1,11,5,6.2,7,0,0,7,8,17.1,4,9.5,3.6,1.64,Dropout
3,5,1,33,1,6,122.4,19,14,5,2,3,85.7,1,0,0,1,1,0,54,0,6,2,15,9,1.2,7,3,10,1,3,16.8,2,9.6,2.4,-2.4,Dropout
1,10,2,9085,1,4,122.4,11,25,15,0,7,142.7,0,0,0,1,1,0,33,0,5,15,10,2,1.6,6,6,8,9,3,3.8,9,11.5,1.9,0.13,Graduate
1,5,3,171,1,2,120.8,1,7,16,6,4,138.7,1,0,1,1,0,0,52,0,4,0,10,6,15.3,5,0,9,18,4,2.3,9,10.1,-0.7,-2.0,Dropout
2,10,3,9130,0,6,131.3,8,31,18,8,11,109.6,1,0,0,1,1,1,47,0,2,9,28,6,6.5,2,1,2,8,14,11.9,2,10.8,-0.7,-2.13,Graduate
1,17,7,8014,1,9,125.9,6,20,33,0,11,118.2,0,0,0,1,0,0,33,0,0,5,2,3,6.6,9,4,16,12,6,5.0,3,13.2,1.3,-0.65,Graduate
3,16,0,9238,1,4,150.5,12,16,24,4,10,145.8,1,0,0,1,1,0,30,0,7,10,28,12,12.4,8,11,10,23,1,1.0,1,10.4,0.9,-2.81,Graduate
3,5,9,9085,0,9,116.7,20,22,7,14,1,112.0,1,0,0,1,1,0,22,0,14,1,27,9,13.0,8,6,3,1,0,10.1,1,7.2,0.5,2.34,Dropout
1,10,3,9085,1,10,138.1,16,19,14,3,4,133.2,1,0,0,0,0,0,46,0,11,10,25,4,12.7,0,6,0,1,1,4.8,2,7.8,-0.2,-2.94,Graduate
1,5,3,9003,1,3,147.1,18,2,30,9,12,120.6,1,0,0,1,1,0,35,0,2,13,6,10,8.4,5,14,17,0,2,5.7,2,11.6,0.4,1.83,Enrolled
1,16,0,9070,1,2,156.0,12,4,24,1,17,132.3,1,0,0,1,1,0,43,0,13,7,16,4,12.7,6,10,14,1,4,10.7,3,15.4,2.1,-0.51,Enrolled
2,17,2,171,1,5,117.8,20,34,15,6,16,127.7,0,0,0,1,1,0,53,0,6,14,1,0,16.6,9,8,10,21,12,12.6,0,9.6,1.0,-2.5,Graduate
6,5,4,9238,1,2,145.4,2,7,13,18,5,123.3,0,0,1,1,1,0,47,0,5,13,21,9,2.4,1,2,16,7,9,2.0,6,7.2,0.6,-1.47,Graduate
2,2,5,9238,0,14,133.1,7,14,19,5,18,132.1,0,0,0,1,1,0,32,1,1,5,27,9,10.3,8,11,16,4,2,0.9,4,14.3,3.4,-0.83,Graduate
1,10,8,9130,1,5,145.8,9,32,29,14,16,120.6,1,0,0,1,1,1,29,0,1,13,24,13,15.8,7,9,17,3,6,14.8,0,13.9,0.7,-1.95,Graduate
2,16,8,9238,1,14,120.3,18,17,22,19,16,103.8,0,0,0,1,1,1,31,0,10,17,1,2,17.4,3,1,13,10,7,4.8,4,14.8,3.3,2.07,Graduate
1,10,8,9119,1,6,128.3,9,14,2,11,17,114.9,1,0,0,1,1,0,42,0,2,16,27,11,1.6,8,0,7,19,0,9.5,3,11.2,-0.4,-1.39,Dropout
3,10,0,9238,1,10,124.5,8,17,13,10,14,113.4,0,0,0,1,0,0,45,0,2,8,19,12,17.1,8,10,3,14,5,14.1,7,7.7,2.9,-0.35,Enrolled
1,1,8,9085,1,6,123.2,1,32,18,2,19,106.1,0,0,0,1,1,1,17,0,1,19,28,12,13.1,0,12,17,2,0,1.0,6,8.3,1.5,-3.84,Graduate
3,16,7,9119,1,4,130.6,5,2,15,19,3,131.8,1,0,1,1,1,0,49,0,14,12,10,13,13.0,0,7,10,2,11,13.9,8,15.6,1.5,-2.36,Graduate
1,5,1,33,1,3,167.4,16,4,17,16,3,124.8,0,0,0,1,1,0,50,0,12,9,12,12,2.7,3,6,8,10,12,10.1,1,14.7,1.9,-3.44,Dropout
6,10,0,9070,1,2,140.0,14,30,13,6,4,131.6,0,0,0,1,1,1,50,1,13,14,20,4,10.4,6,13,7,3,2,1.9,9,12.5,2.2,2.82,Dropout
1,15,0,9119,0,1,124.7,13,30,22,17,14,133.8,1,0,0,0,0,0,50,0,7,10,17,10,6.5,9,8,11,20,11,12.2,7,7.5,2.9,2.46,Graduate
2,1,5,33,1,2,125.6,11,33,21,16,1,136.8,1,0,0,1,0,1,37,0,0,1,23,4,10.5,8,1,10,9,2,1.3,7,7.6,-0.6,-1.93,Dropout
5,2,8,171,1,2,138.4,20,1,26,15,10,132.3,0,0,1,1,0,0,23,0,2,10,27,13,13.3,4,8,4,23,12,5.6,0,8.6,0.6,-0.37,Enrolled
1,10,6,9147,1,5,127.2,13,33,4,1,2,114.3,0,0,0,1,0,1,17,0,0,1,2,5,3.3,1,9,9,9,2,9.6,9,12.9,1.3,-1.6,Graduate
5,17,4,8014,0,12,127.3,15,31,7,4,10,134.5,1,0,0,1,1,0,17,0,3,8,3,0,2.8,6,13,14,6,11,12.1,9,15.8,3.5,1.82,Graduate
2,10,1,9085,1,1,113.4,16,14,10,12,2,129.9,1,0,1,0,0,0,34,0,0,7,8,13,6.4,1,7,10,20,6,4.7,5,12.2,-0.5,-2.3,Graduate
1,1,0,9119,1,4,129.3,13,6,15,10,10,155.5,0,0,0,0,0,0,48,0,0,1,9,5,11.6,3,11,1,25,1,3.2,8,14.5,1.0,2.09,Dropout
1,5,1,9147,1,14,92.1,8,7,26,0,1,127.1,1,0,0,1,1,0,47,0,11,5,20,4,12.1,4,14,9,12,9,13.3,9,13.9,2.7,-2.7,Graduate
2,15,0,9070,1,9,103.5,18,24,16,2,19,132.0,0,0,0,0,0,0,34,0,3,1,18,8,11.0,7,3,2,3,13,7.4,8,9.4,3.4,-1.85,Enrolled
1,17,2,9003,0,14,124.7,19,4,34,17,19,125.8,1,0,0,1,1,0,32,0,5,7,15,12,15.3,3,11,7,22,9,3.7,0,12.2,2.8,2.67,Graduate
2,2,5,171,1,3,139.9,15,25,17,3,14,127.6,0,0,0,1,0,0,17,1,10,0,6,3,13.2,1,13,11,15,3,10.7,3,13.4,3.6,-1.9,Dropout
1,17,7,8014,1,10,154.2,10,3,16,8,7,126.8,1,0,1,1,1,0,27,0,5,5,29,5,9.1,8,9,14,10,5,7.1,6,9.9,1.6,2.83,Graduate
2,10,2,9070,1,3,136.0,4,28,34,10,1,121.3,0,0,0,1,0,0,46,0,11,0,10,14,8.7,5,3,14,17,12,11.2,3,12.5,2.5,-3.04,Graduate
1,5,9,171,1,10,138.0,6,23,29,16,17,129.3,0,0,0,1,0,0,44,0,3,13,10,6,14.4,0,3,6,22,6,14.1,7,8.2,3.2,0.72,Graduate
4,16,8,9003,1,2,131.7,8,13,18,10,7,135.1,0,0,0,1,1,0,42,0,6,3,16,12,15.9,3,4,14,15,4,0.4,8,14.2,1.1,-1.95,Graduate
6,15,9,33,1,5,142.6,7,22,11,2,11,121.5,0,0,0,1,1,0,39,0,7,19,28,1,15.3,1,12,12,14,1,6.4,8,9.8,-0.4,-1.63,Dropout
6,16,4,9003,1,4,133.2,12,25,12,18,5,137.9,0,0,1,1,1,0,26,0,1,15,18,5,8.9,9,10,9,23,0,6.3,1,9.7,-0.6,2.25,Graduate
2,15,6,9119,1,12,135.6,18,24,2,19,1,136.3,0,0,0,1,0,0,27,0,8,2,3,4,10.4,6,0,18,0,12,16.2,1,13.6,3.4,0.28,Graduate
1,2,7,8014,1,3,106.5,18,33,18,10,11,115.6,1,0,0,1,1,0,22,0,4,4,23,7,14.2,9,4,16,13,7,17.9,6,14.1,-0.8,-2.41,Dropout
3,7,2,9238,1,5,133.9,19,14,33,13,11,114.5,0,0,0,1,1,0,45,0,5,13,5,11,10.4,0,8,14,19,3,11.8,3,13.6,0.6,3.1,Graduate
1,15,1,9130,1,14,130.3,4,24,9,5,12,132.8,1,0,0,1,0,1,38,0,0,11,29,14,4.0,8,8,2,23,4,7.3,7,10.0,3.0,-0.99,Graduate
1,7,1,9085,1,12,123.8,1,22,15,18,8,119.4,1,0,0,1,1,0,30,0,12,5,18,12,16.0,7,8,17,6,3,7.9,7,15.3,1.0,2.6,Dropout
1,16,4,9085,0,6,124.9,5,23,28,14,14,113.4,1,0,0,1,0,0,22,1,14,13,29,13,8.9,3,14,4,23,13,11.9,8,12.4,0.1,2.84,Graduate
1,15,0,33,1,2,110.0,7,6,8,10,10,149.3,1,0,0,1,1,0,36,0,3,18,26,5,17.7,5,2,9,28,9,10.7,2,10.2,-0.2,-0.89,Graduate
3,2,1,9070,1,1,138.1,11,19,8,17,8,114.4,1,0,0,1,1,0,27,0,6,0,10,3,10.0,7,0,8,13,5,15.5,1,10.1,-0.6,-0.93,Dropout
2,1,8,8014,0,1,133.5,21,12,19,3,7,107.2,1,0,1,1,0,0,18,0,5,7,8,14,7.0,3,1,12,3,3,12.8,6,7.7,2.1,0.12,Enrolled
1,2,6,9238,1,9,131.0,21,26,4,18,19,116.8,1,0,0,0,1,0,41,0,14,6,28,0,3.8,1,6,1,7,2,2.4,2,8.5,0.7,0.76,Dropout
1,2,5,33,1,2,133.5,11,29,27,2,17,130.0,1,0,0,1,1,1,31,0,13,19,27,2,6.2,2,4,9,26,3,15.1,0,12.9,-0.7,-3.65,Dropout
6,1,8,9130,1,9,111.3,10,14,13,11,10,128.0,1,0,0,1,0,0,54,0,1,11,13,2,4.0,5,9,9,13,10,5.2,9,9.8,-0.4,-3.55,Graduate
1,1,6,9119,1,1,156.4,7,17,21,3,4,151.5,1,0,1,0,1,1,21,0,6,9,23,8,16.6,5,1,13,18,12,13.7,6,9.3,3.0,-2.16,Graduate
1,5,4,9119,1,4,144.1,16,30,26,11,3,117.0,1,0,0,0,0,0,31,0,13,5,25,5,10.8,1,6,19,14,6,1.0,9,7.0,-0.2,-0.79,Graduate
1,15,8,9238,1,14,139.3,1,7,23,0,4,130.1,0,0,0,1,1,1,42,0,8,5,26,6,14.8,1,13,7,18,14,5.6,9,14.6,1.4,0.9,Enrolled
3,16,5,9238,1,4,152.3,1,21,30,15,6,141.7,0,0,0,0,1,1,27,0,8,12,12,12,3.7,9,7,4,16,9,13.0,4,9.4,0.8,-2.57,Enrolled
2,5,5,9238,1,5,133.2,12,1,31,1,16,118.4,0,0,1,1,0,0,49,0,12,12,0,6,1.1,9,1,18,0,0,17.6,4,9.8,0.1,-1.75,Graduate
1,1,3,9003,1,14,125.8,16,4,31,2,17,136.1,0,0,0,0,1,0,53,0,13,7,27,1,7.5,3,7,18,0,14,7.2,5,15.9,-0.2,-0.97,Graduate
1,7,0,9085,1,1,134.1,5,8,16,15,0,103.2,1,0,0,1,1,0,52,0,2,16,20,1,16.9,4,0,8,27,2,4.4,3,11.3,2.1,-1.94,Graduate
2,16,4,9147,1,9,152.9,14,18,7,9,15,149.9,0,0,1,1,1,0,54,0,5,15,10,11,2.0,6,8,10,15,2,15.7,7,11.8,3.1,-1.14,Dropout
2,7,8,8014,1,2,116.6,18,8,17,8,8,139.9,1,0,0,1,1,0,27,0,0,17,15,4,14.2,5,8,4,18,14,15.1,7,7.5,1.9,-3.09,Enrolled
1,2,7,9147,1,2,152.7,9,31,24,13,11,118.2,1,0,0,1,1,0,51,0,3,4,12,13,1.1,3,3,8,25,8,9.8,3,11.6,0.9,-3.94,Graduate
6,10,7,9003,1,10,109.7,2,31,20,7,18,137.8,0,0,0,1,1,0,25,0,4,8,16,11,3.0,4,8,7,15,12,4.8,0,10.8,0.6,-2.57,Graduate
1,2,4,9070,1,12,138.0,12,28,27,1,10,144.1,0,0,0,1,1,0,27,0,8,16,9,12,13.1,9,4,10,20,14,5.6,7,14.8,0.8,-2.0,Enrolled
1,2,8,9119,1,6,145.2,10,3,2,10,5,110.2,0,0,1,1,1,0,49,0,2,5,24,12,3.8,7,0,17,14,5,8.8,5,11.7,0.8,1.92,Dropout
5,10,2,9085,1,1,139.7,2,15,1,1,3,119.2,1,0,0,1,1,0,49,0,8,4,13,12,0.4,9,13,7,25,9,17.7,3,14.8,1.5,1.63,Enrolled
1,15,2,9238,1,1,145.7,15,4,34,14,15,144.5,1,0,0,1,0,1,43,0,13,10,29,1,3.9,1,12,12,3,0,2.0,2,13.8,0.9,1.44,Graduate
2,1,0,9130,1,9,128.1,4,34,27,17,2,127.9,1,0,0,1,1,1,34,0,4,13,1,3,13.2,5,7,10,12,10,6.6,0,7.1,1.8,3.21,Graduate
1,7,8,9130,1,10,110.9,19,6,6,4,7,132.7,0,0,0,0,1,0,27,0,2,2,26,0,9.6,0,13,5,11,1,15.5,4,15.8,-0.3,-0.96,Enrolled
1,2,5,9130,1,3,145.8,4,4,27,6,15,127.9,0,0,0,1,0,0,46,0,1,17,15,8,9.9,5,12,15,18,6,17.3,1,7.7,0.4,-3.27,Graduate
6,10,1,8014,1,12,157.7,9,30,16,18,1,138.6,1,0,1,1,0,0,32,0,8,14,19,10,7.4,9,10,17,28,1,0.9,9,7.3,2.4,2.14,Graduate
1,5,7,9238,1,4,127.5,13,18,27,18,12,133.7,0,0,0,1,1,0,40,0,10,18,29,7,2.6,1,3,9,21,13,10.6,4,9.8,2.6,0.36,Dropout
4,2,8,9085,1,4,140.2,10,22,28,15,18,128.4,0,0,0,1,1,0,17,0,14,13,16,1,3.9,9,5,16,18,8,10.9,1,10.8,2.2,3.51,Dropout
1,7,8,9119,0,3,117.6,14,10,3,18,15,99.7,0,0,0,1,0,0,27,0,11,18,19,8,3.3,7,0,1,19,13,9.1,7,9.0,0.7,-1.49,Graduate
1,1,1,9147,1,10,116.5,3,29,31,16,18,135.3,1,0,0,1,1,0,22,0,12,17,24,6,12.7,0,13,17,21,1,0.8,8,11.5,1.2,2.56,Dropout
1,2,1,9238,1,12,131.6,3,23,3,12,7,136.5,0,0,1,1,1,0,28,0,10,3,11,8,15.2,1,9,10,29,14,5.7,2,15.7,0.0,2.45,Dropout
2,2,6,9238,1,1,119.1,20,4,24,7,1,110.9,1,0,0,0,0,1,42,0,12,7,15,3,4.3,6,0,1,18,3,7.9,3,12.0,3.5,3.38,Dropout
1,15,3,9003,1,2,131.4,16,19,26,10,0,111.8,0,0,0,1,1,1,35,0,5,19,25,10,3.1,9,8,1,9,1,8.8,0,8.0,3.1,3.39,Graduate
4,17,0,9070,1,1,175.5,9,26,28,17,16,133.7,1,0,0,1,1,1,17,0,5,3,20,14,4.5,7,13,17,10,7,17.4,0,15.2,3.4,3.45,Graduate
1,10,7,9130,0,4,119.4,14,7,9,10,17,129.5,0,0,0,0,1,0,50,0,14,11,20,3,16.9,2,4,8,29,10,5.5,0,8.0,1.8,2.86,Graduate
6,5,1,33,1,14,135.1,16,13,27,8,6,101.3,0,0,0,1,0,0,36,0,1,5,17,14,3.8,9,6,15,5,0,1.1,7,11.1,1.3,-2.08,Dropout
1,5,2,9085,1,9,103.6,9,3,3,13,8,116.3,1,0,0,1,0,0,28,0,7,8,9,1,12.4,8,5,16,1,14,2.2,0,11.2,3.1,-0.72,Graduate
4,16,4,9003,1,9,137.8,5,11,28,1,2,131.1,0,0,0,1,0,0,40,0,4,2,26,11,2.1,3,2,9,9,14,6.3,2,13.6,1.0,3.29,Graduate
3,1,2,9070,1,6,119.4,13,16,32,16,10,135.8,1,0,0,1,1,0,48,0,9,6,13,4,11.9,7,13,16,15,3,14.0,5,13.1,0.4,-1.04,Graduate
3,16,6,9070,1,5,134.4,15,20,7,15,15,119.4,1,0,0,1,1,1,49,0,5,13,5,13,4.4,9,14,5,26,7,10.9,1,12.5,1.5,2.89,Enrolled
3,7,6,171,1,4,134.0,4,23,7,4,8,125.1,0,0,0,1,1,0,26,0,8,19,16,11,15.1,5,9,0,19,1,14.1,9,12.7,-0.0,1.67,Graduate
3,1,1,9130,1,10,132.1,14,23,21,0,11,115.6,0,0,0,1,1,0,38,0,7,14,11,1,0.4,4,5,12,15,3,16.5,3,13.8,2.7,2.5,Graduate
2,2,6,171,1,9,115.8,20,32,32,8,13,144.2,1,0,0,1,1,1,30,0,8,11,9,6,9.0,8,0,5,26,0,2.2,5,8.6,1.2,1.67,Dropout
1,17,5,9003,1,14,125.7,20,3,20,2,3,129.3,1,0,1,0,1,1,20,0,6,3,27,10,11.9,1,13,18,5,2,9.5,7,15.8,2.1,-1.17,Graduate
1,2,9,9070,1,1,133.5,7,8,8,13,3,118.3,1,0,0,1,1,0,45,0,0,5,0,3,13.4,8,14,5,19,11,11.2,3,11.9,1.8,-2.0,Enrolled
5,5,8,33,1,6,126.4,4,14,4,17,10,112.0,1,0,0,1,0,0,22,0,11,2,3,8,16.2,4,9,18,1,8,7.5,3,13.5,1.8,1.26,Enrolled
2,7,8,9085,1,2,151.0,17,8,26,11,1,110.5,1,0,0,1,0,0,41,0,0,3,29,6,11.3,6,9,11,4,4,8.2,0,12.2,3.4,-3.4,Graduate
3,10,1,171,1,4,130.6,9,11,15,13,17,150.6,0,0,1,1,0,0,24,0,3,4,22,1,2.3,6,12,10,0,10,1.5,9,14.9,-0.5,-2.66,Graduate
1,7,6,9070,1,5,115.1,4,33,6,15,2,124.7,0,0,0,1,0,0,27,0,11,6,20,7,13.0,1,4,6,8,5,1.1,9,12.3,2.0,-3.83,Dropout
1,2,4,9085,1,10,136.5,3,15,32,4,1,121.8,1,0,0,1,1,0,17,0,1,13,2,8,9.5,7,14,5,16,4,0.8,5,7.9,0.4,-1.91,Graduate
1,10,5,9130,1,6,93.3,19,14,5,19,0,124.2,1,0,0,0,1,0,22,0,8,16,24,5,1.8,8,2,14,6,11,11.8,1,14.9,-0.2,-1.7,Dropout
2,7,0,9147,1,2,159.4,9,26,6,19,4,118.8,0,0,1,1,1,0,54,0,3,7,8,3,2.5,9,4,5,9,0,1.8,3,7.9,-0.6,2.7,Enrolled
1,17,6,9085,1,5,104.2,8,8,3,14,6,125.6,1,0,1,1,1,0,44,1,4,5,2,5,14.9,8,2,8,4,3,6.6,4,11.7,2.9,1.7,Graduate
1,17,5,9070,1,5,143.4,7,4,29,8,19,127.5,0,0,0,0,1,0,48,0,1,12,29,2,10.2,8,13,17,2,3,16.5,1,8.8,1.0,1.13,Dropout
1,7,3,9003,1,6,141.1,7,18,19,16,3,127.2,1,0,0,1,0,0,25,0,14,7,13,13,2.8,6,14,2,11,14,3.0,6,8.1,2.3,1.97,Graduate
1,10,0,171,1,1,113.0,4,27,10,11,2,110.6,1,0,0,1,0,0,50,0,8,8,8,10,14.2,3,2,1,29,4,8.5,8,8.1,3.4,0.77,Graduate
2,2,8,171,0,10,138.4,19,19,7,12,5,138.6,1,0,0,1,1,0,18,0,7,19,18,3,10.6,4,2,12,2,11,13.1,8,14.8,3.0,-2.08,Graduate
1,7,3,9119,1,3,119.7,12,3,1,9,11,119.8,0,0,0,1,0,1,38,0,13,18,21,9,3.0,8,10,10,0,10,4.5,6,10.1,0.3,3.19,Graduate
3,10,1,9070,1,5,127.5,20,9,1,6,15,118.4,1,0,0,1,1,1,39,0,6,12,13,6,8.1,8,2,4,5,2,0.4,5,10.2,2.1,-3.03,Graduate
1,15,7,9119,1,9,137.1,6,2,17,6,7,117.9,1,0,0,1,0,0,19,0,11,16,17,4,16.7,1,4,4,20,14,14.0,2,13.2,0.5,-3.25,Enrolled
1,17,1,33,1,3,129.3,12,9,22,7,10,113.3,1,0,0,1,0,1,32,0,6,10,15,6,13.5,9,6,11,9,3,13.1,8,14.5,-0.6,-2.25,Enrolled
1,15,4,33,1,14,115.0,20,6,14,14,12,130.5,1,0,0,1,0,0,46,0,11,15,1,11,7.0,4,14,1,16,3,17.6,7,14.4,3.3,2.42,Graduate
1,2,5,9070,1,6,136.2,4,28,6,17,13,138.6,0,0,0,1,0,1,35,0,14,1,21,7,0.1,6,6,17,23,10,10.9,5,12.8,2.4,-0.71,Enrolled
1,10,7,171,1,5,126.9,2,34,30,0,17,117.6,1,0,0,0,1,1,42,0,7,12,27,7,4.1,5,3,9,11,14,5.6,2,13.5,3.0,-1.06,Enrolled
1,15,0,9130,1,9,128.3,15,29,33,9,7,103.0,1,0,0,1,1,0,32,0,14,9,20,11,3.3,5,1,17,5,2,2.3,0,12.5,0.4,-1.91,Dropout
2,10,0,8014,1,14,129.2,6,3,20,18,0,113.6,0,0,0,1,1,0,38,0,9,11,20,10,6.8,0,12,3,23,7,1.8,9,14.5,0.5,3.21,Graduate
1,7,3,33,1,3,109.8,18,16,16,2,3,121.2,1,0,0,1,1,0,22,0,14,7,22,3,15.9,1,7,6,16,6,11.5,5,10.1,0.1,1.78,Graduate
2,2,4,171,1,2,113.1,21,11,4,6,16,111.0,1,0,1,1,1,0,53,0,9,8,0,3,3.2,6,6,2,3,11,6.3,2,9.1,0.5,-2.81,Dropout
4,15,8,9238,1,4,121.2,5,23,34,3,19,119.2,1,0,1,1,1,0,21,0,6,1,21,10,0.9,3,8,4,8,14,15.0,1,8.8,-0.3,-1.42,Graduate
3,16,6,9238,1,3,136.2,4,30,1,4,5,119.8,1,0,0,1,1,0,30,0,9,6,8,2,2.4,7,11,0,7,14,2.2,4,12.4,2.5,-1.33,Graduate
1,7,6,9119,1,4,116.1,11,5,13,5,4,126.8,0,0,0,1,0,1,40,0,6,18,27,1,8.0,1,12,6,5,5,17.4,4,9.1,3.6,-2.36,Dropout
1,17,7,9085,1,9,147.8,11,8,8,9,13,108.1,1,0,0,1,1,0,30,0,5,11,20,0,1.2,7,6,11,4,5,1.1,2,8.2,3.3,-3.09,Dropout
1,16,4,9130,1,5,133.0,9,10,22,11,18,134.5,1,0,0,1,1,1,25,0,8,15,25,3,10.0,8,4,15,26,6,14.1,7,15.7,-0.1,2.28,Graduate
1,16,4,9119,1,4,135.5,3,28,4,13,13,148.6,1,0,0,0,0,1,27,0,3,19,9,4,4.9,9,8,6,1,1,14.0,8,10.4,0.1,-0.12,Graduate
6,1,0,9238,0,6,125.0,11,10,34,1,1,145.6,1,0,1,1,1,1,26,1,4,14,22,4,6.7,9,7,7,16,10,11.0,3,15.0,0.8,-1.37,Dropout
1,1,8,9130,1,9,106.1,2,14,23,2,8,119.4,1,0,1,1,1,0,47,0,5,13,2,3,2.8,0,3,14,25,9,17.9,8,13.3,0.1,-3.6,Enrolled
1,2,5,8014,1,5,138.0,9,5,20,0,6,135.7,0,0,0,1,1,0,41,0,6,8,9,3,13.4,5,4,5,14,9,0.1,1,10.1,2.3,-2.15,Graduate
2,15,8,9085,1,9,119.2,10,6,24,2,17,134.2,1,0,0,1,0,0,36,0,4,16,12,13,6.9,3,3,4,7,12,8.4,9,8.3,2.6,1.43,Graduate
2,15,2,9119,1,3,107.6,11,30,27,14,19,126.4,1,0,0,1,1,1,47,0,4,18,7,10,2.1,5,9,15,2,10,1.9,3,14.6,2.6,2.71,Dropout
2,15,4,9238,1,9,117.5,3,19,13,15,10,129.3,1,0,0,1,1,0,32,0,9,11,26,1,6.5,7,8,19,19,2,9.3,2,15.0,1.8,2.69,Enrolled
1,10,1,33,1,3,128.8,17,14,5,19,7,135.9,0,0,0,1,0,0,53,0,9,13,0,14,17.7,7,6,11,7,7,3.5,6,8.6,0.3,-1.69,Graduate
1,7,9,33,1,6,94.3,11,11,16,1,9,138.5,1,0,0,1,0,0,22,0,13,1,27,7,12.9,7,4,9,2,14,8.0,4,12.7,-0.3,1.3,Graduate
1,15,4,9119,1,10,125.0,17,5,29,19,17,116.4,0,0,0,1,1,0,27,0,5,10,12,1,15.6,2,13,11,18,2,0.7,2,12.1,1.4,-2.95,Dropout
1,7,7,8014,1,6,145.1,19,31,26,15,16,136.7,1,0,1,1,1,0,35,0,9,18,25,10,16.1,3,0,11,22,2,8.2,7,15.4,3.2,-1.91,Graduate
1,2,1,8014,1,14,130.5,4,32,22,14,16,148.7,1,0,0,1,1,0,17,0,8,3,6,4,9.9,4,5,1,4,4,12.0,3,12.8,0.4,-0.15,Dropout
1,16,7,9070,1,3,148.0,2,24,24,6,0,138.5,0,0,0,1,1,0,43,0,5,0,14,8,10.0,5,14,6,10,12,15.8,2,9.4,0.7,1.81,Enrolled
1,15,3,9085,1,5,124.0,14,10,13,4,3,147.0,1,1,0,1,1,0,37,0,14,14,21,12,16.3,1,1,4,5,7,16.7,6,13.4,2.4,2.83,Graduate
1,2,9,171,1,12,147.3,15,13,21,4,10,93.4,1,0,0,1,1,1,30,1,13,13,10,4,15.7,8,14,17,23,8,6.4,8,11.8,0.7,3.07,Dropout
1,15,9,8014,1,10,109.9,3,13,1,8,8,134.7,1,0,0,1,1,0,36,0,7,8,13,0,12.9,0,4,17,11,13,14.5,8,10.1,3.1,-2.83,Graduate
2,1,0,9085,1,6,139.0,20,22,4,13,8,130.4,1,0,0,1,1,0,51,0,3,18,25,8,14.8,7,8,15,21,13,15.8,3,12.5,3.1,-0.72,Enrolled
2,5,4,8014,1,12,128.4,13,9,3,18,2,140.4,1,0,0,0,1,0,53,0,6,10,5,9,13.3,2,10,1,10,4,17.5,8,15.7,3.2,1.06,Enrolled
3,2,0,9070,0,2,150.3,13,19,23,17,5,112.4,0,0,0,1,0,0,47,0,4,1,0,8,5.5,4,9,7,0,5,7.9,8,14.4,2.7,1.64,Dropout
1,15,6,9147,0,12,123.8,18,7,16,8,5,120.4,0,0,0,1,0,0,18,0,3,4,1,10,2.2,5,11,18,8,2,14.8,4,13.7,-0.5,-0.24,Enrolled
1,17,7,8014,1,14,114.2,20,15,13,2,9,138.7,1,0,0,1,1,1,34,0,12,17,5,0,12.9,9,11,5,23,9,4.7,3,7.7,1.6,-3.63,Dropout
1,5,2,9085,1,14,137.6,21,17,31,10,9,113.2,1,0,0,1,0,0,37,0,11,15,17,12,16.3,6,8,12,23,10,13.8,6,8.1,1.3,2.01,Dropout
2,2,2,9070,1,6,154.7,7,14,24,14,16,130.2,0,0,0,1,0,1,41,0,1,11,19,2,17.6,4,8,6,23,2,14.4,1,12.5,1.3,2.46,Graduate
2,17,6,9070,1,12,133.5,16,2,15,3,14,126.8,0,0,1,1,1,0,29,0,8,5,21,8,0.9,4,1,19,25,1,15.4,2,7.3,2.1,2.68,Graduate
1,17,3,9085,1,4,129.4,16,14,5,4,3,124.5,1,0,0,1,0,0,52,0,4,10,17,1,11.5,5,3,4,28,1,14.6,1,12.8,2.6,2.57,Graduate
5,10,2,9085,1,5,111.8,6,4,22,17,9,134.4,1,0,0,1,0,1,33,1,10,4,21,1,11.1,0,8,16,22,5,14.2,9,9.7,1.6,1.65,Graduate
1,17,7,33,1,2,144.2,6,3,22,11,7,112.5,0,0,0,1,1,0,28,0,12,4,14,6,6.6,4,10,3,25,11,12.3,4,8.4,2.6,-0.91,Enrolled
1,15,2,9147,1,3,129.2,4,3,11,0,0,116.9,1,0,1,0,1,0,38,0,5,16,11,12,9.9,5,14,0,0,12,2.0,8,7.4,0.3,-2.7,Graduate
2,10,6,9070,0,1,140.5,3,11,24,19,16,125.2,0,0,0,1,0,0,40,0,0,17,10,6,8.2,4,10,5,6,0,6.7,9,8.9,2.1,-3.06,Graduate
4,1,1,33,1,4,133.0,1,5,10,1,11,111.4,0,1,0,1,1,0,31,0,3,8,8,3,16.6,3,12,5,2,13,4.4,3,13.3,2.0,1.3,Enrolled
2,15,0,9130,1,2,160.6,3,29,34,8,11,143.0,0,0,0,1,1,1,23,0,4,10,29,4,5.4,2,6,2,11,12,7.8,0,11.0,0.7,1.83,Dropout
3,16,5,9119,1,2,121.6,19,28,11,17,12,116.6,1,0,0,1,0,1,19,0,14,7,14,8,3.2,7,13,9,19,14,16.5,0,7.3,1.5,0.88,Graduate
1,17,7,9119,1,1,122.2,9,23,29,4,13,137.2,1,0,0,1,1,0,36,0,14,11,21,12,12.1,7,14,10,5,12,11.1,6,7.6,3.7,0.28,Enrolled
3,1,0,9070,1,14,145.2,14,30,22,13,7,115.6,0,0,0,1,0,1,42,0,3,19,27,10,5.1,6,4,13,20,7,1.5,3,12.3,2.3,0.4,Graduate
1,5,9,33,1,2,145.6,19,23,33,10,13,136.2,0,0,0,1,1,0,44,0,1,0,9,5,1.0,2,1,3,2,8,5.4,0,14.5,1.2,-3.56,Graduate
4,2,8,9147,1,4,146.0,19,22,8,2,6,106.1,1,0,0,1,1,1,51,0,0,15,6,12,14.4,2,8,6,5,1,15.3,2,12.4,2.4,-1.92,Graduate
1,17,2,9147,1,6,129.8,13,12,32,8,16,145.3,1,0,0,0,0,0,25,0,8,7,18,14,5.8,8,1,9,21,9,6.8,3,10.5,0.9,-2.77,Graduate
3,7,2,9130,1,9,133.1,16,27,23,1,10,141.8,1,0,0,0,0,0,23,0,14,16,19,1,17.9,2,14,0,9,14,0.1,0,10.9,0.6,-0.62,Enrolled
1,1,3,9070,1,9,109.8,8,15,5,13,0,119.8,1,0,0,1,1,1,30,0,12,8,3,10,5.6,0,6,8,9,5,14.0,6,10.6,1.5,-3.47,Graduate
2,7,0,8014,1,9,127.6,16,23,31,1,7,116.3,0,0,0,0,1,0,34,0,3,9,26,6,10.0,6,9,9,2,5,2.5,8,15.1,1.2,-1.56,Graduate
1,17,8,9130,1,4,134.2,9,19,29,9,12,133.0,1,0,0,1,1,0,26,0,7,8,0,13,2.9,0,13,2,24,6,2.2,3,8.4,3.5,2.57,Graduate
2,7,2,33,0,5,134.2,9,11,6,18,16,107.2,0,0,1,1,1,0,51,0,10,2,26,9,9.6,8,10,8,1,6,11.1,4,10.4,3.6,-3.32,Dropout
1,17,9,8014,0,3,118.6,3,3,25,1,11,127.5,1,0,0,1,0,0,31,0,7,0,13,13,4.8,6,8,17,7,14,10.2,7,9.8,0.7,0.22,Graduate
1,2,3,9119,1,1,113.5,7,16,25,15,15,116.5,0,0,1,1,1,0,20,0,11,17,8,14,12.3,2,3,2,14,2,6.5,2,12.3,-0.5,-2.08,Graduate
1,5,0,9003,1,10,145.7,20,32,31,5,9,123.7,0,0,0,0,1,0,35,0,11,17,24,4,0.5,4,10,6,2,0,3.7,0,13.2,0.1,-1.25,Dropout
1,2,3,9119,1,14,143.3,18,9,14,11,15,118.6,1,0,0,1,1,0,44,1,13,5,22,8,12.6,6,8,15,15,7,1.9,1,11.7,3.4,-1.79,Dropout
4,15,0,9070,1,9,126.5,2,5,17,6,2,116.6,0,0,0,1,1,1,39,0,14,11,17,12,9.3,0,11,9,19,13,2.2,7,15.9,-0.1,-3.59,Graduate
1,1,4,9085,0,12,145.5,1,1,16,3,0,149.2,0,0,1,0,1,0,38,0,3,18,27,10,6.8,9,7,6,4,6,13.2,1,9.3,2.0,-3.54,Dropout
6,7,4,9119,1,14,144.1,12,12,28,7,18,137.1,1,0,0,1,0,0,38,0,7,12,2,1,1.2,6,6,6,28,2,16.2,7,7.2,-0.6,-0.5,Graduate
1,2,6,9238,1,4,104.8,16,21,9,18,7,107.8,0,0,0,1,1,0,50,0,11,9,6,6,1.1,5,13,4,20,11,10.1,8,13.5,1.5,2.35,Dropout
1,17,7,9119,0,5,128.4,12,8,2,9,15,115.6,1,0,1,1,1,0,27,0,3,0,0,4,14.3,3,11,10,0,6,11.6,0,9.2,1.0,3.0,Dropout
3,2,3,9119,1,5,150.1,21,27,4,0,14,138.1,1,0,0,1,1,0,54,0,5,18,14,0,13.3,0,12,6,12,9,17.5,5,15.7,2.4,-2.35,Dropout
2,2,6,9119,1,9,106.1,10,9,20,4,6,139.6,1,0,1,1,1,0,47,0,12,15,2,0,8.4,9,7,6,19,11,0.3,4,14.2,1.5,2.73,Enrolled
1,1,3,9119,1,12,108.2,9,28,6,5,1,109.0,1,0,0,1,0,0,43,0,4,3,3,11,0.1,6,3,3,1,12,2.8,3,12.6,1.4,-3.7,Dropout
2,5,2,8014,1,10,139.4,21,30,1,18,12,136.1,0,0,0,0,1,0,21,0,10,2,26,13,14.6,3,6,11,28,6,8.5,2,13.3,2.0,2.3,Dropout
2,16,5,8014,1,9,149.4,18,14,3,17,4,130.4,0,0,1,1,1,0,45,0,13,3,4,13,12.0,5,2,1,7,4,1.6,7,14.2,2.4,0.1,Graduate
1,2,3,9119,1,1,125.8,4,23,3,18,9,101.8,1,0,0,1,1,0,21,0,14,10,22,0,1.4,1,4,19,29,8,4.7,2,13.2,2.1,-3.41,Graduate
6,1,2,171,0,14,123.0,8,29,33,18,7,121.8,0,0,0,1,1,1,34,0,0,4,26,4,5.0,1,1,7,5,0,7.0,5,9.8,3.2,-3.48,Dropout
6,7,8,171,1,6,104.5,21,26,15,0,12,125.2,0,0,0,1,1,0,45,0,14,14,24,0,1.2,6,7,11,23,1,12.7,6,11.6,-0.3,-2.98,Graduate
2,17,4,8014,1,14,125.5,4,22,4,19,18,127.6,1,0,0,1,0,1,18,1,8,3,17,8,15.7,0,1,0,18,8,2.4,7,9.8,3.5,-3.7,Enrolled
1,15,6,9003,0,12,107.9,16,15,15,10,5,109.8,1,0,0,1,1,0,30,0,10,18,28,10,9.1,6,6,14,7,1,10.8,0,13.3,2.2,1.29,Enrolled
2,16,5,9085,1,9,124.7,21,9,7,2,17,117.1,0,0,0,1,1,0,39,0,5,1,5,8,6.7,1,7,7,13,11,0.9,6,7.1,0.1,0.61,Graduate
1,10,9,9130,1,1,149.7,21,26,4,9,7,118.9,1,0,0,1,1,0,45,0,13,9,1,7,11.4,8,11,6,7,8,8.1,7,10.5,1.1,2.29,Enrolled
1,16,4,9238,1,12,110.6,8,17,3,6,8,120.0,0,0,0,1,0,0,24,0,11,10,9,14,13.4,6,5,5,29,7,1.8,5,8.4,0.6,-0.38,Dropout
1,17,6,9238,0,3,126.2,7,9,23,16,16,120.3,1,0,0,1,1,1,20,0,9,14,11,4,11.8,8,3,4,24,12,9.0,7,15.5,2.4,0.35,Dropout
1,16,5,9119,0,12,142.9,13,3,14,15,3,125.3,0,0,0,1,0,0,53,0,14,8,1,8,14.9,8,10,13,16,1,7.5,2,13.5,3.7,-2.97,Graduate
4,17,9,9003,1,4,118.4,8,16,6,6,17,131.0,0,1,0,1,1,0,48,0,12,16,25,1,10.7,7,3,0,28,11,6.8,2,11.5,3.1,-0.12,Dropout
2,1,1,171,1,12,136.1,7,13,33,12,5,150.1,0,0,0,0,1,0,54,0,10,5,26,11,0.1,1,5,0,3,10,14.6,8,9.2,3.1,-1.67,Graduate
2,10,2,171,1,10,142.2,5,26,9,11,10,138.3,1,0,1,1,0,1,45,0,8,3,20,11,2.5,5,7,10,8,1,9.3,8,7.2,1.1,-0.64,Graduate
1,2,1,9003,1,9,131.2,18,17,12,11,9,144.1,0,0,0,1,1,0,45,0,3,12,4,2,15.6,9,8,18,0,4,4.9,0,13.8,1.2,2.27,Graduate
1,2,2,9085,1,4,131.5,19,32,31,7,10,120.8,1,0,0,1,1,0,17,0,3,8,10,12,2.3,3,14,4,13,0,14.6,5,11.5,0.1,1.03,Graduate
1,16,0,8014,1,12,113.5,10,24,3,7,7,113.9,0,0,0,1,0,1,19,0,13,4,16,13,11.2,5,5,13,6,3,9.4,1,7.8,0.9,-3.6,Dropout
6,1,7,9085,1,4,124.0,11,22,13,12,2,137.4,0,0,0,1,0,0,35,0,3,18,28,12,3.7,3,2,14,3,13,17.6,9,12.2,2.0,3.2,Graduate
1,10,5,9070,1,1,132.4,8,9,13,10,1,126.8,1,0,0,1,1,0,30,0,1,18,12,2,17.3,1,9,8,24,7,8.9,2,7.4,3.0,-2.11,Graduate
4,2,1,9070,1,6,101.5,6,22,34,0,17,136.5,1,0,0,1,1,0,48,0,2,16,7,3,4.1,9,12,4,27,2,14.9,1,10.9,-0.5,-0.58,Dropout
2,7,7,171,1,4,96.3,11,20,21,16,1,115.5,1,0,0,1,1,1,39,0,12,6,28,1,6.5,6,11,2,16,14,0.0,8,11.0,3.5,-0.51,Dropout
1,5,5,9130,0,14,127.7,16,3,34,18,11,135.4,1,0,0,1,1,1,42,0,4,11,23,11,13.9,8,3,13,7,0,4.5,0,14.8,0.3,0.85,Enrolled
2,5,6,9070,1,3,135.7,4,33,28,12,4,124.7,0,0,0,1,1,1,34,0,12,15,27,11,11.8,4,12,10,16,9,0.5,8,15.9,0.1,2.34,Graduate
1,2,0,171,1,5,131.3,2,18,14,14,3,121.0,0,0,0,1,1,0,31,0,14,12,28,9,5.8,3,4,12,5,4,9.9,9,8.3,1.0,-1.92,Dropout
4,10,6,9119,1,3,105.7,13,10,18,11,15,122.2,1,0,0,1,0,0,41,0,3,7,0,3,12.6,6,2,1,17,2,8.5,6,13.3,2.1,-1.83,Enrolled
5,15,2,9147,1,12,146.6,7,21,19,16,13,133.4,1,0,0,1,0,0,52,0,0,11,12,0,17.6,4,10,15,26,7,13.7,6,14.8,1.8,-2.37,Dropout
1,2,7,9147,1,6,131.6,17,25,19,2,1,137.1,0,0,0,1,1,0,54,0,7,16,21,6,2.6,9,4,5,8,2,2.0,6,10.9,0.3,1.69,Graduate
1,15,5,33,1,3,144.6,13,9,33,6,6,122.2,1,0,0,1,1,0,38,0,3,15,24,4,4.3,7,12,10,13,0,14.9,9,9.9,3.5,0.76,Dropout
2,15,3,9119,1,5,120.4,10,27,20,1,10,131.5,0,0,0,1,1,0,34,0,3,15,4,3,8.1,1,7,13,12,6,1.3,2,7.2,1.9,-2.47,Dropout
5,17,7,9147,1,10,134.0,13,15,29,1,11,131.4,1,0,0,1,1,0,28,0,6,9,6,1,5.6,3,11,9,5,11,15.2,0,12.1,2.9,-0.68,Graduate
1,17,8,9085,1,10,137.8,10,32,8,5,4,136.6,0,0,1,0,1,0,43,0,5,0,21,12,5.7,3,3,6,17,12,9.9,8,8.6,3.3,-0.99,Dropout
2,10,9,33,1,6,145.1,7,16,25,3,15,139.8,1,0,0,1,0,0,36,0,13,16,0,12,7.7,6,6,0,8,3,1.6,2,7.7,1.0,0.01,Enrolled
2,15,1,171,1,5,143.8,10,28,17,15,6,150.5,0,0,0,1,1,0,32,0,1,4,14,11,14.2,0,11,7,5,11,0.6,1,7.0,0.2,2.16,Dropout
2,7,5,9003,1,5,118.0,16,6,1,14,7,121.0,0,0,1,1,1,1,31,0,3,3,14,7,6.4,9,0,1,27,11,14.4,8,15.6,2.1,2.7,Graduate
1,10,4,9003,1,1,128.3,3,6,30,9,3,146.0,1,0,0,0,1,0,26,0,11,2,2,11,4.6,2,6,2,7,0,5.7,4,14.7,0.7,-2.41,Graduate
2,2,4,171,1,2,122.2,4,2,28,13,3,128.5,0,0,0,1,1,0,21,0,1,0,22,14,9.9,7,0,11,4,11,17.0,5,15.7,0.9,0.5,Graduate
5,16,9,9130,0,4,132.1,4,7,33,8,5,112.8,1,0,0,1,1,0,51,0,11,7,28,11,15.7,3,1,2,26,10,17.8,8,15.5,-0.2,2.01,Dropout
1,7,2,171,1,6,108.4,4,27,13,14,1,118.5,1,0,0,1,1,0,33,0,2,18,7,2,12.6,9,10,16,7,5,14.4,0,12.6,2.9,-3.02,Graduate
1,1,7,8014,1,9,106.2,16,28,24,6,8,133.1,1,0,0,1,1,0,46,0,10,3,6,4,6.1,8,0,7,8,4,13.7,7,12.5,2.7,-1.48,Graduate
6,5,7,9003,1,1,165.8,9,16,22,6,7,136.4,1,0,0,1,1,0,20,0,10,13,15,2,17.5,0,2,18,0,2,12.9,2,14.6,2.1,-2.84,Dropout
1,2,4,9147,1,10,159.0,6,9,13,7,17,113.8,0,0,0,1,1,0,38,0,9,19,0,11,12.4,4,11,3,18,7,3.6,2,15.5,0.9,-1.21,Graduate
4,2,7,9238,0,1,147.5,10,15,12,18,11,117.1,0,0,0,0,0,0,47,1,5,0,11,9,2.5,0,12,10,23,14,2.8,3,12.3,3.6,-3.74,Graduate
1,2,9,33,1,12,137.3,4,34,7,17,15,120.1,1,0,0,1,1,0,45,1,12,16,27,6,12.5,1,7,11,15,9,7.3,2,8.1,0.8,-0.32,Graduate
1,7,7,9130,1,4,141.6,12,20,29,16,0,115.8,0,0,0,1,1,0,32,0,10,3,18,3,16.3,1,7,4,24,3,17.0,0,8.2,2.0,3.48,Graduate
4,1,2,9070,0,9,141.7,10,14,29,17,19,102.6,1,0,0,1,0,1,41,0,8,5,17,11,8.5,5,11,1,3,11,0.6,6,12.9,-0.1,2.56,Graduate
1,16,1,9119,1,6,154.8,12,11,26,18,3,98.1,0,0,0,1,1,0,33,0,13,13,19,13,13.1,5,6,10,19,6,14.8,1,7.7,-0.2,-0.21,Graduate
1,10,8,9130,1,12,122.6,19,30,27,7,13,122.0,0,0,0,1,1,0,34,0,0,12,12,8,2.7,8,12,17,23,14,7.4,0,12.5,3.5,0.38,Graduate
1,17,1,9070,1,2,118.6,19,3,24,12,17,130.3,1,0,0,1,1,0,53,1,3,3,2,0,2.0,2,6,14,13,5,0.6,9,15.7,2.5,1.75,Enrolled
2,1,8,9130,1,9,129.8,1,2,31,10,4,135.5,1,0,0,1,0,0,53,0,13,10,24,12,11.3,9,4,16,0,8,3.2,5,7.0,-0.7,-2.3,Graduate
1,7,3,9238,0,5,138.9,4,14,7,18,2,109.3,1,0,0,1,1,0,45,0,7,17,21,4,7.2,1,9,4,2,6,17.7,5,8.7,2.1,0.1,Dropout
1,2,1,9130,1,9,126.2,13,29,17,6,18,109.5,0,0,0,0,1,0,43,0,12,15,5,4,8.3,2,10,18,23,8,14.7,5,15.5,-0.6,-0.4,Enrolled
6,5,9,9147,1,1,121.7,8,5,33,4,11,120.1,1,0,0,1,1,0,47,0,3,3,21,14,5.5,3,12,4,24,6,14.9,1,11.4,2.5,-1.15,Dropout
1,2,0,171,1,14,151.6,14,6,34,4,18,127.0,0,0,0,1,1,0,39,0,14,19,24,10,8.2,5,8,7,6,1,9.9,4,9.6,-0.6,-0.61,Graduate
2,10,3,8014,1,12,117.4,16,8,18,7,19,140.1,1,0,1,1,0,1,41,0,5,9,8,12,1.8,7,0,18,13,12,0.7,9,9.2,0.9,1.77,Dropout
1,15,8,33,1,1,152.0,2,29,5,9,10,136.3,0,0,0,1,1,0,38,0,10,14,8,13,1.9,2,3,11,0,2,14.7,2,14.8,0.9,-1.18,Dropout
3,5,8,9003,1,5,144.4,8,27,1,4,19,122.2,1,0,0,1,1,1,29,0,14,13,12,6,8.0,9,5,3,23,7,8.5,6,10.9,1.9,2.9,Enrolled
1,2,3,9070,0,10,158.7,13,16,7,14,8,131.7,0,0,0,1,1,0,33,0,0,13,3,0,8.2,8,3,13,25,12,12.9,6,12.7,0.2,2.74,Graduate
6,16,8,33,1,1,162.7,1,27,34,15,19,116.0,0,0,0,1,0,0,19,0,9,14,21,12,15.7,4,1,15,10,14,13.4,8,9.8,2.3,3.31,Dropout
1,5,5,9130,1,9,135.6,12,1,3,9,4,128.0,1,0,1,1,0,1,17,0,12,16,8,7,5.9,7,1,2,28,7,0.7,3,11.9,1.6,-3.57,Enrolled
1,15,0,171,1,2,161.2,17,33,12,7,9,126.2,0,0,0,1,1,0,33,0,3,18,14,6,12.2,4,11,5,2,1,4.1,4,14.2,0.7,0.54,Graduate
1,17,9,33,0,9,137.6,7,27,15,18,8,145.3,1,0,0,1,0,1,45,0,6,2,14,7,5.5,7,1,1,19,12,15.0,3,10.0,2.7,-2.5,Dropout
1,1,5,171,1,9,135.9,16,17,4,3,12,133.4,1,0,0,1,1,0,34,0,5,19,5,13,5.5,1,6,0,11,8,8.8,0,10.6,1.9,-3.45,Dropout
1,7,8,9070,1,12,132.9,14,15,33,13,7,117.0,0,0,0,1,0,0,25,1,8,2,7,14,12.8,6,4,9,8,6,0.6,3,11.0,3.2,-0.17,Dropout
1,17,1,9147,1,6,123.5,10,22,16,7,12,117.1,0,0,0,1,1,1,42,0,10,1,23,11,10.1,1,14,12,23,2,17.3,2,12.4,1.5,3.01,Graduate
3,2,5,9147,1,4,141.4,3,19,29,13,17,122.7,1,0,0,1,1,0,40,0,2,4,4,0,6.7,6,11,1,13,5,11.1,3,9.7,0.6,-1.83,Dropout
1,10,1,171,1,9,147.3,12,28,6,11,8,106.7,1,0,0,1,1,0,49,0,4,5,15,10,8.7,8,1,17,8,6,7.2,2,11.0,-0.8,-1.04,Enrolled
1,1,3,171,1,9,109.0,8,23,23,0,8,124.0,0,0,0,1,0,0,28,0,6,8,18,13,15.2,9,8,2,19,10,16.2,4,11.9,1.8,1.11,Enrolled
2,17,7,8014,0,4,168.4,16,20,13,18,1,125.1,0,0,0,1,1,0,31,0,11,9,5,2,13.4,4,1,4,26,3,2.4,3,10.2,3.3,2.56,Graduate
2,2,6,9119,1,2,154.4,1,9,1,17,6,133.1,0,0,0,1,1,1,30,1,10,0,20,5,16.8,2,11,3,7,3,17.5,9,7.1,-0.2,-3.29,Graduate
1,1,8,8014,1,12,121.3,17,23,12,11,4,135.0,1,0,0,1,0,0,25,0,0,2,13,6,15.8,8,6,4,27,0,4.7,8,9.4,3.6,0.44,Graduate
1,17,6,33,1,10,138.4,6,7,27,9,5,128.3,1,0,0,1,1,0,47,0,11,4,15,14,12.1,1,0,6,19,7,10.1,9,14.3,2.1,-2.25,Graduate
1,10,0,9085,0,5,129.4,1,31,25,0,12,105.8,0,0,0,1,1,0,50,0,8,8,2,14,3.4,5,5,14,16,3,14.7,3,9.6,0.3,1.82,Graduate
2,2,1,8014,1,5,135.0,15,11,22,13,17,111.1,0,0,0,1,1,0,18,0,10,0,21,12,6.5,5,13,13,3,11,4.8,2,14.4,3.5,-2.05,Graduate
2,15,5,33,1,1,128.0,13,17,34,8,2,119.1,1,0,0,1,0,0,54,0,8,16,3,14,10.0,4,5,8,10,6,5.2,8,10.7,3.7,1.45,Dropout
1,15,6,9003,1,12,137.8,6,26,18,14,9,135.5,0,0,0,1,1,0,54,0,2,7,21,10,0.6,7,4,13,0,6,10.6,8,14.8,-0.7,1.35,Graduate
3,10,2,33,1,14,114.0,21,18,16,13,2,135.0,1,0,0,1,0,0,17,0,7,13,29,2,12.3,5,6,17,13,0,1.3,6,10.4,3.5,3.33,Graduate
3,5,8,33,1,10,162.9,13,31,29,8,0,123.8,0,0,0,1,1,0,50,0,1,15,22,8,17.6,2,10,7,12,14,13.6,4,9.6,0.4,-0.32,Dropout
2,10,6,171,1,5,115.1,4,28,30,10,5,157.7,1,0,0,1,1,0,39,0,3,8,0,14,14.9,4,9,11,5,12,5.6,7,9.1,2.5,-2.85,Graduate
4,5,5,9238,1,14,138.3,1,26,30,4,15,147.3,1,0,0,1,1,0,17,1,6,15,21,4,12.4,2,14,9,1,4,17.2,6,9.7,0.5,1.94,Graduate
1,2,5,9130,1,6,119.8,10,6,20,11,16,143.1,1,0,0,1,1,0,49,0,8,15,15,6,12.2,1,7,8,8,1,5.2,6,8.8,1.2,1.6,Graduate
1,17,0,171,1,14,127.7,4,34,22,15,15,136.1,1,0,0,1,1,0,27,0,3,15,23,13,16.1,0,14,1,7,6,16.9,6,13.8,0.4,2.38,Graduate
1,5,4,171,1,14,136.9,13,28,34,19,9,133.0,1,0,1,1,0,0,25,0,0,5,9,6,5.6,8,13,15,14,2,2.0,2,15.8,2.4,0.17,Graduate
1,2,9,9238,1,10,131.5,4,9,4,2,6,132.0,1,0,0,1,0,0,23,0,6,6,13,4,8.0,9,1,11,21,12,7.2,1,10.6,2.8,0.93,Enrolled
1,2,2,9238,1,6,131.9,16,29,31,4,7,103.5,0,0,0,1,0,0,53,0,2,4,2,3,11.9,7,2,16,13,0,11.7,9,10.0,2.5,3.23,Graduate
5,16,6,9130,1,14,124.5,9,34,14,18,2,113.3,1,0,0,0,1,0,40,0,10,3,1,12,10.3,1,7,3,24,13,4.7,1,12.7,3.5,-3.94,Graduate
1,7,9,9085,1,4,119.6,4,12,8,4,4,124.1,1,0,0,1,1,0,24,0,9,13,28,12,15.2,7,10,16,3,10,13.4,0,10.9,-0.2,1.0,Graduate
1,2,2,9003,1,3,139.9,20,16,5,17,18,128.7,1,0,1,0,1,0,52,0,8,18,6,8,6.6,4,11,3,13,1,17.9,2,7.4,1.8,-0.57,Dropout
1,5,4,8014,1,9,117.2,8,7,8,3,6,125.4,0,0,0,1,1,0,18,0,9,10,28,3,7.5,1,4,0,29,10,17.0,3,10.1,3.5,-0.95,Graduate
5,7,6,33,1,2,120.3,4,31,11,14,17,130.5,0,0,0,1,0,1,22,0,8,6,9,11,4.5,8,5,0,23,3,17.6,9,14.2,1.3,-1.8,Enrolled
1,7,2,8014,1,9,120.4,9,33,29,4,17,99.7,1,0,0,0,0,0,53,0,1,5,3,14,11.5,1,3,13,2,0,1.0,3,7.6,3.2,1.44,Dropout
1,2,9,9147,0,1,125.0,11,7,21,7,5,133.6,1,0,1,1,1,0,28,0,11,9,6,12,7.0,4,0,3,24,6,10.9,8,9.3,-0.8,-3.19,Graduate
1,10,1,9070,0,14,108.7,5,3,13,15,4,127.8,0,0,0,1,1,0,35,0,6,17,24,6,9.9,1,11,2,11,9,15.5,6,15.8,3.5,-2.32,Dropout
1,10,5,9085,1,5,108.9,9,20,19,0,5,124.6,1,0,0,1,1,0,45,0,13,4,7,1,1.1,8,7,0,20,6,15.7,8,9.5,-0.6,-1.63,Graduate
6,15,7,9070,0,12,138.1,8,5,3,4,5,139.1,1,0,1,1,0,0,35,0,7,3,15,7,12.7,6,10,18,5,7,8.8,6,14.7,-0.5,-2.53,Graduate
6,7,3,33,1,1,138.3,4,3,34,17,10,113.4,0,0,0,0,1,0,47,0,10,2,12,3,9.6,5,12,17,29,14,0.2,6,15.1,0.8,-2.96,Graduate
1,2,8,9238,1,10,134.7,20,15,19,15,16,123.9,0,0,0,1,1,1,45,0,0,4,1,4,13.4,6,13,11,21,9,13.8,6,13.1,3.0,-0.38,Dropout
6,16,7,33,0,12,150.6,1,23,32,9,8,130.7,1,0,0,1,0,1,37,0,14,2,9,4,4.5,6,3,3,16,1,16.9,4,11.3,-0.4,-3.16,Graduate
2,10,6,9003,0,12,116.8,20,33,14,3,15,115.9,0,0,1,1,1,0,51,0,4,13,21,0,15.4,7,8,1,20,8,0.1,8,15.6,3.4,-1.74,Dropout
4,16,6,8014,1,10,104.1,13,2,7,17,9,101.0,0,0,1,1,0,0,49,0,12,12,18,14,15.7,7,10,13,10,7,0.8,5,15.7,0.2,2.81,Graduate
1,2,2,9130,0,4,141.8,5,21,20,16,14,112.0,0,0,0,1,1,1,37,0,10,5,17,13,7.9,3,1,1,14,1,13.9,0,12.7,-0.6,0.08,Dropout
1,2,5,9119,1,9,103.8,20,14,32,12,7,126.2,1,0,0,1,0,0,26,1,7,12,15,3,1.7,8,7,9,13,3,14.0,5,13.7,1.7,-0.13,Graduate
1,17,4,9119,1,1,127.9,21,14,31,7,13,123.8,1,0,0,1,1,0,20,0,12,3,9,6,9.1,5,10,0,24,11,3.8,8,14.9,2.9,2.08,Graduate
2,7,0,9130,1,9,134.2,10,11,22,7,15,126.8,1,0,0,1,1,0,28,0,12,0,18,3,11.6,4,14,12,13,4,12.9,6,8.0,3.6,1.17,Enrolled
1,17,2,9238,1,6,160.9,16,4,5,11,18,118.4,1,0,0,1,0,0,26,0,12,18,26,1,10.8,9,8,1,7,14,15.9,0,12.1,0.3,-1.31,Graduate
1,16,0,9119,1,5,121.8,8,30,31,17,2,109.9,1,0,0,1,0,0,19,0,9,4,12,4,16.2,9,5,4,24,9,4.6,8,14.8,3.0,-3.04,Graduate
1,17,3,9238,1,1,122.9,12,20,15,5,12,128.8,0,0,0,1,0,0,24,0,1,12,22,6,16.5,2,7,1,29,10,8.0,1,15.2,-0.2,1.64,Dropout
2,15,9,171,1,10,139.9,3,16,17,6,8,124.8,0,0,0,1,0,0,21,0,0,1,13,3,11.2,9,11,0,0,9,8.8,6,16.0,2.6,-3.22,Dropout
1,7,2,9003,1,14,139.0,4,34,19,16,11,135.3,0,0,0,1,1,0,52,0,13,8,11,14,11.6,3,14,19,2,2,7.5,6,13.6,-0.7,-1.75,Graduate
2,1,3,9085,1,1,124.8,17,8,10,4,4,117.3,1,1,0,1,1,0,38,0,9,9,12,5,2.3,2,11,12,15,11,5.9,0,8.9,0.9,1.83,Dropout
6,17,8,8014,1,1,132.8,21,20,34,18,18,100.7,0,0,0,1,0,0,51,0,3,14,11,10,7.1,9,3,17,17,3,17.8,5,12.7,2.9,1.27,Dropout
1,16,2,8014,1,3,118.9,20,21,25,7,6,93.1,1,0,0,1,0,0,39,0,14,16,21,3,5.9,6,9,7,22,5,10.3,4,15.9,-0.2,2.34,Dropout
2,10,5,9085,1,10,136.7,13,30,28,18,6,121.8,0,0,0,1,0,1,20,0,14,19,8,12,6.2,6,0,0,21,6,12.9,2,12.3,1.9,0.52,Graduate
1,10,5,33,1,10,106.1,6,5,15,7,18,128.7,1,0,0,1,0,0,32,0,0,19,2,2,13.1,8,12,8,1,3,1.9,1,10.5,2.9,0.67,Dropout
4,10,6,33,0,9,173.6,3,21,20,18,7,124.0,0,0,0,1,1,0,53,0,14,17,12,9,8.8,6,1,5,19,8,9.2,5,9.4,0.1,-0.3,Graduate
1,5,8,9070,1,5,140.8,14,23,13,6,5,119.7,0,0,0,1,0,0,38,0,12,14,13,10,9.0,2,10,18,23,10,16.1,9,10.1,2.8,-1.75,Graduate
2,2,6,33,1,10,113.5,7,19,20,2,2,106.3,0,0,0,1,1,0,37,0,4,16,18,0,4.5,6,0,7,15,7,12.8,5,13.6,0.6,-0.37,Graduate
3,7,0,9238,1,2,126.0,3,10,31,5,0,102.4,1,0,0,0,0,0,43,0,7,0,23,10,3.0,0,8,7,5,12,5.0,1,8.9,1.0,-3.16,Graduate
5,10,7,9130,1,10,114.2,6,27,18,7,5,131.8,1,0,0,1,0,0,24,0,10,9,2,14,7.4,5,4,18,19,9,15.2,5,12.8,2.6,3.46,Dropout
2,1,4,171,1,2,117.7,13,13,28,17,19,124.0,1,0,0,1,0,0,23,0,14,9,3,10,1.0,7,5,16,5,6,0.9,5,12.6,2.9,-1.46,Graduate
1,10,8,9085,1,14,133.2,14,9,4,14,19,122.3,0,0,0,1,0,0,50,0,7,4,15,7,2.9,5,7,18,4,10,17.7,4,9.4,0.6,2.42,Enrolled
2,15,9,9238,1,5,150.9,15,17,24,16,18,107.0,1,0,0,1,0,0,46,0,14,9,25,10,14.7,4,13,6,16,2,13.6,3,11.5,0.2,2.84,Dropout
4,2,4,9238,1,4,128.5,16,31,9,3,12,114.4,1,0,0,1,1,1,41,0,8,16,13,5,7.9,6,8,7,11,13,17.1,3,14.8,1.7,-3.85,Graduate
2,16,4,9070,1,1,101.6,1,24,32,6,16,127.6,0,0,0,1,1,0,54,0,4,12,13,12,17.6,5,2,18,28,11,15.4,9,14.2,1.8,0.46,Dropout
1,2,1,9238,1,5,120.8,15,19,32,16,17,130.7,1,0,0,1,1,0,31,0,7,13,25,9,0.1,6,1,1,14,0,13.9,6,12.3,-0.4,2.4,Graduate
5,17,2,9003,1,9,121.8,7,30,21,5,19,124.9,1,0,0,1,1,1,44,0,9,3,7,2,16.6,6,2,7,4,10,8.0,7,13.0,1.8,-0.75,Dropout
2,16,9,33,0,1,131.3,9,5,27,12,5,144.9,0,0,0,1,0,1,25,0,4,19,13,0,11.7,8,13,13,7,8,14.5,9,7.3,2.1,-3.6,Dropout
2,16,8,8014,1,2,127.9,15,8,8,6,10,119.5,0,0,1,0,0,1,21,0,6,19,2,3,11.2,9,13,1,2,6,1.4,1,7.8,-0.4,-1.16,Graduate
1,17,6,9003,1,12,97.0,14,25,19,8,5,143.7,0,0,0,1,0,0,53,0,12,4,6,13,15.1,2,5,17,14,8,4.1,4,10.4,2.9,-1.97,Enrolled
2,7,0,171,1,5,116.1,19,5,29,18,6,129.8,1,0,0,1,0,0,38,0,10,14,28,10,11.3,8,10,15,28,5,16.0,7,10.5,1.5,2.66,Graduate
1,17,2,171,1,9,113.4,18,33,19,19,0,128.4,0,0,0,1,1,0,31,0,14,17,4,11,0.6,4,14,7,13,8,12.6,1,9.7,1.9,0.98,Graduate
2,5,1,171,1,2,143.5,9,22,5,12,7,139.1,0,0,1,1,0,0,51,0,7,2,29,3,16.3,9,0,17,22,1,3.4,8,12.9,1.5,-2.09,Graduate
1,16,0,33,1,9,125.7,1,25,22,14,13,118.9,1,0,0,1,1,0,43,1,12,14,11,11,15.7,3,1,6,15,10,7.5,1,12.5,1.4,2.04,Graduate
2,16,8,9238,1,9,100.0,12,29,10,16,19,122.7,0,0,0,1,1,0,33,0,11,14,24,7,9.4,7,7,9,23,3,12.8,3,13.2,0.5,-0.21,Graduate
6,17,7,171,1,9,117.0,10,30,15,4,0,111.1,0,0,0,1,1,1,35,0,14,9,28,5,2.3,0,7,18,11,10,14.3,3,9.1,0.8,2.57,Enrolled
1,7,4,9085,1,5,147.6,7,30,2,18,4,139.2,0,0,0,1,1,1,34,0,11,11,13,2,14.8,8,5,9,5,7,15.1,0,7.0,2.4,2.01,Graduate
6,10,1,8014,0,12,121.0,14,31,22,5,4,131.4,1,0,1,1,0,0,26,0,12,11,16,4,9.5,3,7,15,19,14,2.7,9,15.7,2.0,0.98,Dropout
1,15,0,9238,1,2,119.8,1,34,19,11,13,141.3,0,0,0,1,1,0,18,0,7,4,10,10,5.9,6,13,12,25,6,0.1,0,14.0,1.9,-3.19,Graduate
4,1,6,9070,1,4,127.4,15,28,12,14,6,129.7,0,0,0,1,1,0,18,0,14,4,15,5,17.9,5,13,4,26,14,2.4,3,11.1,2.8,0.5,Dropout
3,7,1,33,1,2,133.4,1,10,34,14,16,141.3,0,0,0,1,1,1,43,0,12,7,14,10,3.0,1,13,19,25,0,8.9,9,7.4,1.6,0.61,Dropout
2,5,0,9130,0,10,127.9,13,4,20,2,10,117.3,0,0,0,1,1,0,32,0,11,12,11,4,3.0,1,14,16,0,10,16.6,2,8.8,0.6,2.12,Graduate
2,7,1,9003,1,1,145.3,20,33,7,3,6,139.8,1,0,0,1,1,0,48,0,1,7,29,1,10.8,8,7,10,9,3,3.5,7,7.5,1.9,-2.67,Dropout
4,2,6,9147,1,12,127.9,2,17,24,4,0,121.8,1,0,0,1,1,0,54,0,0,3,19,5,4.8,2,4,0,16,5,13.9,8,11.3,2.7,0.56,Dropout
1,10,6,9003,1,5,140.1,3,11,3,5,14,127.0,1,0,0,0,1,0,42,0,14,12,26,13,7.4,2,10,12,14,3,12.2,1,9.0,3.2,2.21,Graduate
1,10,9,171,1,3,133.0,4,7,6,5,18,136.5,0,0,0,0,1,0,48,0,11,18,2,13,4.3,3,14,0,29,13,17.3,5,11.8,1.4,-3.92,Graduate
2,16,5,8014,1,4,110.6,16,17,33,16,9,157.3,0,0,0,1,1,0,50,0,10,9,24,13,14.1,4,3,6,14,13,5.2,7,7.6,0.8,0.58,Graduate
3,10,4,9070,1,1,156.8,12,28,34,7,8,137.7,0,0,1,1,1,0,24,0,11,3,12,12,4.9,4,6,5,8,5,12.3,5,13.4,3.0,2.11,Graduate
3,10,2,9238,1,3,147.3,4,17,33,18,12,138.9,0,0,0,0,0,1,52,0,7,18,22,7,15.2,9,13,12,6,0,0.5,0,7.9,1.1,-0.65,Graduate
3,17,2,9085,1,10,121.5,12,10,29,19,12,119.9,1,0,0,1,1,0,46,0,8,18,29,7,13.2,3,9,13,27,11,4.3,6,9.8,3.5,-2.61,Graduate
1,10,8,9119,1,2,128.3,7,26,23,12,5,129.0,1,0,0,1,1,1,21,0,11,18,4,13,5.4,7,14,7,27,8,11.3,1,12.8,1.1,1.87,Enrolled
3,10,3,9003,0,2,139.2,20,6,4,14,7,125.8,0,0,1,1,1,1,48,0,6,16,25,10,14.4,6,0,2,0,13,17.5,5,8.0,3.6,-3.38,Graduate
1,1,8,9119,0,12,132.7,3,17,5,16,11,145.3,0,0,0,1,0,0,24,1,13,8,0,13,5.7,6,10,4,23,2,7.2,2,15.8,-0.4,-0.02,Graduate
1,5,3,9238,0,5,131.6,5,16,34,16,1,125.1,0,0,1,1,0,0,38,0,7,15,7,5,7.3,8,6,15,28,4,12.0,2,8.7,0.8,-4.01,Dropout
1,16,1,8014,1,5,137.6,12,26,16,1,15,144.3,1,0,0,1,1,0,54,0,8,9,11,2,1.4,6,10,11,17,2,1.3,0,7.3,0.4,-0.49,Graduate
1,17,3,9119,1,1,135.3,12,4,3,2,11,110.1,0,0,0,1,0,0,17,0,9,13,16,12,10.2,4,7,7,26,7,0.2,7,13.0,3.7,2.73,Enrolled
1,10,5,9003,1,6,135.4,20,20,14,8,17,145.2,1,0,0,1,1,0,27,0,9,14,29,13,14.7,2,2,19,20,4,2.7,6,10.4,3.1,2.98,Graduate
1,16,5,9130,1,10,131.4,7,11,33,5,2,115.8,1,0,0,1,1,0,54,0,12,16,16,7,11.2,7,10,3,21,6,10.5,0,15.7,2.5,-2.82,Dropout
2,5,4,9147,1,6,139.6,12,23,28,0,17,138.1,0,0,0,1,0,0,22,0,9,19,14,0,9.9,4,10,16,9,10,14.6,0,7.8,3.3,0.63,Graduate
1,17,0,9119,1,9,133.1,2,33,15,18,10,115.8,1,0,0,1,1,0,36,0,3,2,10,6,16.2,1,14,4,22,11,6.5,8,10.2,3.3,-3.64,Graduate
1,15,2,9130,1,4,133.5,14,31,4,3,4,135.0,0,0,0,1,0,0,36,0,2,6,2,7,7.9,9,7,9,29,2,12.6,6,12.3,0.1,1.09,Graduate
1,10,4,9130,0,2,150.6,16,7,20,12,12,114.5,0,0,0,1,0,0,34,0,3,5,10,4,17.9,1,5,3,22,2,8.6,8,11.9,0.7,1.75,Graduate
1,16,5,171,1,1,136.5,7,22,25,19,9,140.5,1,0,0,1,1,0,34,0,9,7,10,14,8.3,0,2,6,16,13,14.7,9,11.4,-0.6,-0.59,Dropout
1,7,0,9147,1,6,135.0,4,5,22,7,14,138.0,0,0,1,1,0,0,23,0,2,7,13,3,11.6,0,12,1,4,10,1.9,8,10.5,0.6,-0.84,Dropout
1,17,8,9085,1,12,116.7,20,1,28,4,5,119.2,0,0,0,1,1,0,48,0,1,18,26,4,0.8,9,13,8,13,1,10.5,2,14.5,2.4,0.1,Dropout
2,17,2,9003,1,14,117.4,5,6,10,9,15,134.5,1,0,0,1,1,0,42,0,0,19,16,0,12.6,3,5,18,12,13,16.8,8,8.2,2.4,-1.84,Dropout
2,16,9,9070,1,5,147.1,14,4,16,19,7,139.3,1,0,1,1,0,0,40,0,3,7,2,5,5.8,4,5,6,7,13,1.6,7,11.5,1.2,-0.42,Graduate
2,10,2,9238,1,2,138.6,9,30,23,18,19,115.0,0,0,0,0,1,0,28,0,10,8,29,11,2.3,9,3,1,4,14,4.7,5,12.2,-0.0,2.53,Graduate
1,2,1,9070,1,1,143.8,5,30,19,11,2,113.6,1,0,0,1,1,0,42,0,13,4,4,14,2.7,8,4,0,11,9,4.9,4,15.0,-0.6,-3.22,Dropout
1,1,7,9119,1,3,133.0,2,17,1,0,4,113.1,1,0,0,1,0,0,46,0,14,13,12,10,9.1,6,4,9,11,4,11.8,4,9.5,0.3,0.1,Graduate
4,7,2,9147,1,4,136.0,5,24,1,8,14,111.2,0,0,0,1,0,0,34,0,4,19,1,9,10.6,8,13,17,12,5,14.1,4,9.5,-0.4,-1.66,Graduate
1,7,5,9119,1,9,127.8,3,31,26,15,2,113.0,1,0,0,1,0,1,20,0,7,9,20,4,12.7,0,5,5,29,1,11.5,9,14.3,3.7,1.7,Dropout
1,2,1,9147,1,12,129.6,10,28,34,16,14,139.0,1,0,1,1,1,0,50,0,6,19,25,12,8.0,5,5,16,19,1,8.1,1,9.5,-0.1,-1.51,Graduate
1,10,6,9003,1,10,123.7,8,4,2,17,1,134.3,1,0,0,1,1,0,39,0,10,11,5,4,15.6,0,2,13,23,13,4.5,0,7.5,2.9,1.96,Dropout
1,17,3,9238,1,12,150.0,10,19,28,13,11,105.0,1,0,0,0,1,0,45,0,10,18,20,4,1.2,2,10,16,15,13,16.7,1,11.7,0.9,-1.06,Graduate
1,17,8,9238,1,9,119.3,2,24,20,16,4,120.4,0,1,0,1,0,1,25,0,5,3,23,8,2.2,2,10,14,26,5,3.3,2,13.8,2.0,0.62,Dropout
1,1,9,9003,1,14,134.6,14,7,27,0,8,111.9,1,0,0,0,1,0,28,0,5,7,5,14,4.1,1,14,7,19,3,13.8,8,8.4,1.6,1.24,Graduate
2,7,8,9085,1,10,127.7,4,9,28,14,3,138.2,0,0,0,0,0,0,53,0,10,7,3,11,1.8,8,1,16,3,3,2.8,6,13.9,-0.5,-1.63,Dropout
1,1,6,9130,1,10,144.3,21,22,31,18,6,121.2,1,0,0,1,1,0,28,0,4,19,17,8,13.6,3,0,18,24,4,7.6,3,10.2,3.3,-0.89,Dropout
2,7,7,9147,0,1,133.4,12,2,7,1,15,106.9,0,0,0,1,0,0,32,0,10,2,23,7,6.5,4,0,4,2,7,5.4,9,15.5,3.3,2.32,Graduate
3,10,2,33,1,12,136.9,20,27,8,13,12,129.2,1,0,0,0,1,0,35,0,3,5,8,9,10.9,5,7,18,24,11,5.2,4,7.8,0.5,-0.72,Dropout
3,15,4,33,1,2,133.1,14,16,32,1,1,134.9,0,0,0,1,1,1,28,0,7,17,26,13,13.8,7,3,5,27,12,5.5,1,9.8,-0.2,-0.51,Dropout
2,7,1,9130,1,9,115.1,16,5,11,14,1,114.6,1,0,0,1,1,0,17,0,7,17,7,8,9.8,9,12,0,22,3,14.9,2,8.9,-0.3,0.36,Graduate
6,15,9,9119,1,14,138.3,5,12,26,0,8,123.6,0,0,0,0,1,0,17,0,10,4,25,4,9.6,7,4,7,29,12,4.2,6,15.1,3.0,1.86,Graduate
1,7,6,9147,1,14,128.5,16,26,25,0,14,115.3,0,0,0,1,1,0,35,0,9,2,12,1,8.1,7,11,0,25,12,4.1,1,9.5,1.8,-3.53,Dropout
1,17,7,8014,1,5,118.6,4,15,7,11,3,143.2,1,0,1,1,1,1,53,0,10,13,24,14,12.5,4,7,6,20,10,6.0,2,9.4,0.9,0.47,Graduate
1,5,8,9238,1,4,108.8,3,3,20,14,16,121.4,0,0,0,1,1,1,18,0,2,18,12,1,9.5,6,11,2,0,12,11.7,5,13.3,0.7,2.49,Graduate
2,10,6,9070,1,1,117.7,1,9,30,17,8,117.6,1,0,0,1,1,0,29,0,7,8,16,9,7.3,2,9,7,28,12,10.0,4,15.5,1.7,-1.51,Enrolled
4,2,9,8014,1,1,141.5,4,28,1,14,14,126.3,1,0,0,1,1,0,20,0,4,0,4,7,11.1,9,11,6,26,12,7.6,1,12.3,0.4,1.12,Graduate
1,15,9,9070,1,3,156.4,9,25,18,6,0,124.3,1,0,0,0,1,0,35,0,0,5,18,2,17.3,2,6,12,19,5,16.9,2,15.5,-0.7,-2.11,Graduate
5,2,7,9238,1,1,131.8,1,28,8,11,1,136.0,1,0,0,1,1,0,49,0,7,17,19,0,14.5,4,3,16,11,8,3.1,4,12.9,1.1,-3.24,Dropout
1,10,8,33,1,10,115.0,16,21,29,9,8,142.8,0,0,0,1,1,0,33,0,6,4,14,1,8.0,0,11,2,27,12,2.2,7,8.8,3.1,-2.76,Graduate
5,16,5,9003,1,3,136.2,3,29,22,1,10,142.9,1,0,0,0,0,0,33,0,6,15,13,14,10.9,6,6,15,21,10,3.2,1,13.7,2.8,1.4,Graduate
1,2,9,9085,1,14,146.2,6,25,32,1,18,122.0,0,1,0,1,1,1,20,0,4,10,12,11,7.0,5,2,10,10,0,10.9,9,9.7,3.3,0.41,Enrolled
1,10,1,171,1,2,158.8,13,30,14,5,0,131.0,1,0,0,1,0,0,24,1,4,17,4,5,9.4,8,5,1,0,5,14.2,2,9.8,2.2,-2.58,Enrolled
1,17,1,9119,1,6,149.0,17,11,2,19,18,146.4,1,0,0,1,1,0,46,0,14,12,14,6,13.2,4,1,12,4,2,13.4,3,14.3,-0.6,-3.79,Dropout
1,2,3,9130,1,4,133.4,15,19,7,5,8,146.9,1,0,0,1,1,1,53,0,6,12,25,9,15.1,0,5,9,14,10,16.4,0,9.3,1.3,2.21,Graduate
1,15,8,33,0,4,138.6,21,11,3,9,1,115.6,1,0,0,1,1,0,48,0,10,12,26,11,1.1,7,13,13,8,5,13.2,7,10.0,-0.7,1.25,Graduate
1,5,6,9003,1,2,119.2,12,25,15,2,4,134.7,1,0,0,1,0,0,18,0,13,10,16,5,3.0,5,5,8,12,5,18.0,4,15.9,3.6,-0.64,Graduate
3,2,1,9003,1,2,142.0,8,1,34,15,16,132.5,1,0,0,1,1,1,41,0,8,12,1,0,10.4,9,14,18,21,2,9.9,1,8.5,2.3,-2.5,Enrolled
1,15,7,9070,1,6,144.0,16,32,22,4,0,139.0,1,0,0,1,0,0,42,0,12,8,26,11,12.7,0,2,2,13,3,17.9,9,12.7,-0.7,3.25,Graduate
1,7,6,9003,1,5,92.5,3,21,18,4,13,143.2,0,0,0,0,0,0,29,0,9,0,26,13,11.9,8,9,18,12,5,9.7,3,10.6,3.5,-1.2,Graduate
2,10,8,9147,1,12,132.1,4,13,18,9,11,113.5,0,0,0,1,1,0,35,0,0,5,7,0,4.5,4,8,11,19,4,1.5,9,9.9,0.9,2.96,Graduate
2,1,7,9119,1,4,152.4,7,34,34,12,9,118.0,0,0,0,1,1,1,40,0,7,1,15,5,11.8,1,4,13,9,3,14.5,4,8.2,-0.1,-2.38,Graduate
1,16,2,171,1,5,119.9,15,17,18,2,18,138.8,0,0,0,1,1,0,25,0,13,11,25,6,8.3,0,4,3,22,13,15.9,0,11.8,2.5,2.64,Graduate
1,17,0,33,1,1,98.1,11,19,29,17,14,128.9,1,0,0,0,1,0,51,0,12,13,5,0,4.4,5,0,15,19,10,8.1,3,12.1,-0.1,0.06,Graduate
1,1,1,9147,1,2,129.6,16,10,12,18,0,98.0,0,0,0,1,0,0,48,0,10,17,13,12,15.9,2,3,9,28,13,2.7,1,13.2,0.2,3.08,Dropout
1,17,1,33,1,3,146.1,14,9,18,5,0,105.3,1,0,0,1,0,0,17,0,13,11,8,14,9.5,0,0,2,18,12,16.9,5,14.1,-0.4,-3.12,Dropout
2,10,3,9085,1,5,136.0,13,11,31,19,10,135.6,1,0,0,1,1,0,47,0,9,18,11,7,15.5,5,9,9,2,2,16.2,6,10.7,2.4,3.44,Graduate
1,17,5,171,1,5,130.4,9,31,15,0,10,137.9,1,0,0,1,1,0,34,0,14,15,14,4,7.5,5,0,3,27,11,4.7,7,11.8,0.2,-2.53,Graduate
1,5,3,9003,1,4,116.1,18,2,30,9,4,109.5,1,0,0,1,1,1,31,0,13,19,1,2,11.4,3,12,14,8,13,3.1,5,7.6,2.9,-3.35,Dropout
2,2,8,9085,0,14,113.5,3,24,28,9,2,141.3,0,0,0,1,1,0,40,0,8,13,12,5,14.7,5,6,19,7,1,1.7,4,10.8,2.0,0.21,Graduate
1,5,3,9070,1,3,132.7,20,5,15,0,10,124.4,1,0,0,1,1,0,17,0,13,18,21,4,5.9,0,4,2,20,7,4.0,8,8.2,1.0,1.09,Graduate
2,1,5,9085,1,12,129.1,5,30,33,18,3,113.7,1,0,1,1,1,0,31,0,6,16,11,11,15.4,4,7,16,2,8,14.8,2,7.0,3.6,-1.19,Enrolled
1,16,5,8014,1,1,142.8,2,17,2,10,5,119.7,1,0,0,0,1,0,39,0,1,9,24,14,6.3,4,14,11,12,13,10.5,2,7.5,0.1,1.22,Dropout
6,15,9,9070,1,6,136.6,21,31,8,12,17,111.1,1,0,0,1,0,0,36,0,11,3,0,9,3.6,5,3,4,9,10,8.7,3,7.2,2.6,3.1,Graduate
1,16,9,171,1,9,118.9,17,2,33,16,6,119.0,0,0,0,1,1,0,46,0,4,15,25,5,13.3,4,8,16,23,3,16.2,4,10.5,-0.1,1.97,Graduate
3,10,0,9119,1,14,133.8,16,16,18,19,3,102.7,0,0,0,0,1,1,29,0,10,0,15,0,6.0,0,11,7,11,3,6.1,4,10.5,0.2,2.65,Dropout
2,10,7,8014,0,4,131.4,20,21,26,17,13,126.0,1,0,0,0,1,0,21,0,13,1,9,5,17.2,2,10,13,3,4,8.4,4,8.8,-0.2,2.74,Enrolled
1,5,2,33,1,14,105.0,13,30,21,3,7,134.6,1,0,0,1,0,0,53,0,13,12,11,14,14.5,9,9,14,18,3,17.2,9,11.2,3.4,-1.8,Dropout
2,15,5,9130,1,3,123.7,20,1,28,14,19,109.5,0,0,0,1,0,0,27,0,3,9,7,12,4.1,6,13,7,15,13,5.0,7,7.7,1.3,1.29,Dropout
6,5,2,9130,1,10,130.9,11,14,20,1,10,127.2,1,0,0,1,0,0,22,0,6,17,3,0,17.8,4,3,16,4,9,12.5,9,9.6,3.0,1.6,Graduate
2,2,1,8014,1,12,128.3,8,16,20,5,13,116.5,0,0,0,0,1,0,54,0,2,0,4,11,6.5,6,12,19,27,7,3.0,0,7.4,-0.5,-3.14,Graduate
3,7,4,9119,1,1,134.7,21,9,4,8,2,135.7,1,0,1,0,1,0,41,0,7,5,15,4,10.0,5,13,12,8,10,10.0,5,7.1,1.8,-0.39,Graduate
4,15,0,9147,1,14,131.2,5,8,34,10,10,96.9,1,0,0,1,1,1,54,0,4,3,20,14,1.3,1,1,5,21,12,15.3,2,12.3,1.2,0.91,Graduate
1,7,8,9130,1,12,135.1,2,9,13,19,3,136.3,0,0,0,1,1,1,45,0,5,12,13,4,0.7,1,13,0,6,10,5.4,3,13.5,3.6,-1.86,Graduate
1,16,6,8014,1,9,132.5,4,34,31,15,8,103.4,1,0,0,1,0,0,53,0,3,8,12,5,5.3,2,2,13,13,14,3.2,4,9.3,2.8,0.78,Dropout
2,2,2,171,1,1,129.7,3,33,7,7,4,124.3,0,0,0,1,1,1,49,0,6,15,3,9,0.2,0,8,9,14,1,15.7,8,13.2,3.4,-3.66,Graduate
1,17,3,9238,1,9,132.4,2,22,17,16,12,117.8,1,0,0,1,0,0,23,0,8,5,18,9,5.0,9,2,17,9,4,3.2,7,12.7,1.3,0.41,Graduate
3,17,5,9119,1,5,124.6,3,30,12,3,19,122.3,0,0,0,1,1,0,34,0,3,1,11,7,9.4,1,0,17,21,9,16.3,3,14.0,2.8,-3.29,Graduate
5,7,2,9119,1,14,123.8,16,7,30,6,3,107.1,0,0,0,1,1,0,51,0,14,1,12,13,12.4,1,8,5,18,11,13.0,7,8.8,0.1,1.11,Dropout
1,1,6,9147,1,9,131.5,20,18,34,10,6,148.6,0,0,0,1,0,0,26,0,5,12,2,6,4.5,2,11,16,26,14,3.1,6,11.3,2.4,0.91,Graduate
1,16,5,9070,1,12,99.9,9,21,22,10,1,110.3,0,0,0,0,0,0,39,1,5,9,4,6,7.3,6,1,3,18,9,16.1,9,8.9,3.6,0.66,Graduate
3,7,8,9003,1,10,124.4,6,5,21,10,19,111.3,1,0,0,0,1,0,30,0,0,17,14,7,6.9,9,13,16,17,7,4.4,1,14.8,1.9,-2.11,Dropout
1,2,4,9130,1,6,119.4,15,7,9,14,18,150.3,0,1,0,1,0,1,35,0,8,3,26,14,5.9,0,14,1,9,13,4.6,4,12.8,-0.7,1.0,Enrolled
3,7,3,9003,1,2,117.6,5,12,12,4,6,131.2,0,0,0,1,0,0,46,0,10,19,0,6,7.0,3,1,3,16,13,13.6,7,7.8,0.8,-0.92,Graduate
1,10,2,9003,0,10,125.3,9,17,17,5,19,110.7,1,0,0,1,0,1,25,0,1,13,19,4,8.8,0,7,16,29,3,11.1,3,10.3,1.9,-0.0,Dropout
2,5,9,171,1,4,109.9,6,24,16,4,8,125.3,1,0,0,1,1,1,21,0,9,4,8,8,3.6,4,2,14,11,0,14.9,4,7.3,-0.3,1.12,Graduate
1,1,0,33,1,10,125.3,3,19,5,8,18,123.9,1,0,1,0,0,0,48,0,13,11,1,3,8.4,5,12,3,8,4,7.1,0,15.9,1.0,-1.26,Graduate
2,10,2,9003,1,9,133.5,13,16,19,10,19,105.1,1,0,0,0,1,0,44,0,0,6,16,3,4.7,7,2,0,11,13,13.1,7,14.4,1.2,3.47,Graduate
1,10,2,9119,1,4,145.8,15,25,28,2,1,117.1,1,0,0,1,0,0,52,0,4,9,8,9,1.1,0,2,19,28,4,9.9,4,10.2,3.2,-3.59,Graduate
2,2,6,9147,1,10,163.0,11,27,17,19,15,126.7,0,0,0,1,1,1,26,0,1,0,25,8,3.8,1,14,7,17,14,9.3,3,10.5,1.8,1.47,Enrolled
1,5,6,9147,1,2,102.6,16,7,22,3,5,143.5,0,0,0,1,1,0,20,0,9,6,6,6,16.8,8,14,8,19,8,11.3,2,10.3,1.7,-2.24,Dropout
2,5,0,9238,1,12,116.0,15,8,15,14,18,124.5,0,0,0,1,1,0,53,0,14,2,11,0,9.1,8,11,9,27,2,16.4,7,12.9,0.8,3.37,Graduate
4,15,2,33,1,6,125.3,6,15,19,17,17,125.5,0,0,0,1,1,0,44,1,4,11,4,10,17.7,5,5,11,18,2,11.3,4,10.1,0.9,-0.04,Dropout
1,16,7,9070,1,9,132.1,14,16,26,4,16,116.4,0,0,1,1,0,1,53,0,10,18,11,2,4.1,5,12,6,19,3,9.8,6,8.9,1.7,1.88,Dropout
1,1,8,9119,1,14,135.5,11,8,23,10,10,141.2,1,0,0,1,1,0,40,0,0,19,7,10,5.3,4,3,4,19,4,17.7,8,9.4,-0.1,-2.52,Graduate
1,16,6,9119,1,1,120.8,20,32,10,10,3,138.7,0,0,1,1,1,0,50,0,14,1,23,13,11.5,5,1,7,29,8,14.9,8,14.2,1.3,2.6,Graduate
2,2,6,9238,0,3,92.1,10,17,22,3,7,137.3,1,0,0,1,0,0,43,0,14,4,4,11,6.4,2,3,17,9,13,0.2,8,7.9,1.5,3.24,Graduate
2,1,7,9085,1,14,145.5,16,22,11,15,17,128.5,1,0,0,1,0,0,17,0,6,6,14,11,6.5,2,13,12,4,3,4.3,3,10.9,2.3,0.02,Graduate
1,15,5,9238,1,5,137.5,12,32,26,10,12,106.2,1,0,0,1,1,1,37,0,13,17,1,12,15.2,7,2,8,0,11,7.9,8,10.6,1.9,2.38,Dropout
1,7,2,9003,1,9,140.7,7,11,1,0,7,141.1,1,0,0,1,0,0,23,0,3,4,2,14,0.5,0,6,4,29,8,8.0,6,12.0,0.7,1.01,Graduate
1,10,0,8014,1,1,126.8,7,6,21,12,9,127.7,0,0,0,1,0,0,31,0,7,2,1,5,12.0,3,9,9,6,13,17.2,8,7.5,1.6,-2.21,Graduate
2,1,6,9147,1,12,135.3,18,22,8,18,17,123.0,0,0,0,1,1,0,30,0,11,13,27,5,15.8,1,3,6,14,6,5.4,6,7.3,-0.7,2.89,Dropout
1,16,0,9238,1,5,100.0,15,14,20,5,17,132.8,1,0,0,1,0,1,46,0,7,4,10,12,3.1,6,0,15,21,4,17.5,4,13.3,2.3,1.84,Dropout
6,10,0,9003,1,3,113.9,6,28,17,19,16,129.9,0,0,0,0,1,0,17,0,6,4,5,11,7.3,9,6,1,15,1,0.6,9,11.7,0.2,2.69,Graduate
1,2,8,9130,1,9,147.9,19,12,15,18,15,113.1,0,0,0,1,0,1,19,0,0,14,1,0,14.6,4,10,9,10,9,16.3,4,8.1,2.9,-1.31,Dropout
2,16,9,33,1,14,130.5,8,27,21,5,5,122.8,0,0,0,1,0,0,49,0,2,12,27,13,9.6,4,10,9,4,9,11.5,6,10.5,2.5,-0.63,Graduate
1,7,6,9119,1,10,158.0,20,1,1,12,13,102.2,1,0,0,1,1,0,27,0,5,10,2,8,6.4,3,3,12,1,5,7.4,3,11.7,-0.1,-1.88,Enrolled
1,2,3,9085,1,14,115.4,15,10,3,10,4,128.1,0,0,0,1,0,0,39,0,11,16,15,14,11.3,5,12,1,3,6,17.8,5,10.2,0.6,-1.52,Dropout
2,17,5,33,1,14,168.3,4,33,31,18,14,144.3,1,0,0,1,1,0,41,0,5,11,19,14,5.8,9,13,4,13,11,18.0,7,8.0,2.6,-2.08,Graduate
2,7,0,9003,1,3,170.4,18,16,31,6,12,103.7,0,0,1,1,1,0,20,0,5,1,17,9,11.3,5,8,3,8,11,7.6,0,8.4,2.4,1.45,Enrolled
6,7,6,9070,1,9,120.3,13,6,21,11,15,128.7,1,1,0,1,1,0,48,0,1,18,16,14,2.6,5,3,10,9,10,3.5,2,9.2,1.6,-1.19,Graduate
1,10,5,9130,1,9,123.2,1,25,23,15,15,135.7,1,0,0,1,1,1,36,0,14,13,22,10,4.1,9,14,13,14,14,8.2,2,7.0,0.5,1.48,Graduate
1,2,3,9003,1,4,148.8,8,20,17,0,16,137.6,1,0,1,1,0,1,32,0,7,7,16,6,0.3,7,10,19,3,3,15.0,4,13.6,1.6,1.05,Graduate
2,2,6,8014,1,14,121.6,19,23,22,14,4,117.3,1,0,0,1,1,0,36,0,2,8,9,9,3.3,1,13,14,8,6,12.7,1,13.2,3.7,0.14,Graduate
2,1,2,171,1,12,126.0,17,16,22,12,10,112.7,0,0,0,1,1,0,50,0,4,16,22,5,2.4,3,6,4,21,2,1.1,9,14.9,1.0,1.03,Graduate
1,16,0,9003,1,1,119.0,10,1,8,9,14,119.4,1,0,1,1,1,1,40,0,8,11,29,13,10.8,1,10,11,28,5,4.0,1,8.0,1.6,0.13,Graduate
1,17,3,9238,0,1,119.4,1,30,8,17,2,142.5,1,0,0,1,0,0,24,0,11,17,4,3,17.0,8,10,16,27,7,8.4,4,12.5,2.8,1.39,Graduate
1,2,2,9003,1,5,131.8,1,27,14,3,7,104.8,0,0,0,1,1,0,20,0,6,4,11,0,3.9,5,13,1,12,0,17.3,2,13.5,-0.7,-1.59,Dropout
4,1,0,9238,1,3,125.9,21,2,24,5,2,111.2,1,0,0,1,0,0,46,0,8,18,29,14,2.3,9,5,1,3,5,11.1,0,12.5,3.3,1.85,Enrolled
1,17,1,9070,1,14,98.7,5,21,22,7,3,121.0,0,0,0,0,1,0,17,0,12,5,1,8,9.6,0,5,16,25,8,0.9,5,10.2,3.0,-1.8,Enrolled
1,5,4,9119,1,12,151.6,1,9,15,19,13,114.3,1,0,0,1,1,0,43,0,3,18,8,4,3.3,9,11,0,21,6,6.9,3,9.9,1.7,3.35,Dropout
1,5,7,9147,1,5,154.0,21,24,20,8,19,126.5,0,0,0,1,1,0,47,0,0,18,27,8,9.7,6,1,4,20,4,16.3,6,8.2,1.6,-1.14,Graduate
1,17,0,171,1,9,137.7,21,7,27,7,5,145.4,1,0,1,0,0,0,29,0,12,4,5,6,9.1,5,14,12,22,12,9.1,6,15.7,3.3,-3.96,Dropout
1,5,3,9070,1,1,131.9,20,30,28,17,3,111.4,1,0,0,0,0,0,38,0,9,14,6,3,0.3,8,13,16,28,6,1.7,8,8.0,2.4,-0.54,Graduate
1,15,3,9238,1,2,116.0,13,2,22,6,11,125.1,0,0,0,0,1,0,23,0,12,10,12,10,17.4,4,14,10,20,11,10.8,3,13.1,2.6,3.18,Enrolled
1,2,4,9147,0,4,123.1,9,12,31,18,1,126.9,1,0,0,1,1,0,32,0,2,9,8,1,3.6,7,4,19,7,5,12.2,1,15.0,0.2,0.74,Graduate
3,15,6,8014,1,12,146.3,16,13,9,17,17,122.7,1,0,0,1,1,0,43,1,10,11,23,7,16.1,6,3,19,27,12,13.5,8,15.1,-0.8,-3.29,Graduate
1,16,7,33,1,5,139.0,8,3,23,0,13,106.5,1,0,0,1,0,0,52,0,4,6,23,13,6.9,7,11,11,16,10,6.0,9,15.3,1.2,-3.24,Graduate
1,2,5,171,1,5,136.8,14,18,5,10,7,118.7,1,0,0,0,0,0,19,0,13,6,2,8,2.9,5,10,19,9,8,12.6,4,12.9,-0.3,-0.66,Enrolled
4,1,0,9085,1,12,137.5,17,6,17,8,7,118.7,1,0,0,1,0,0,34,0,13,15,28,0,1.9,4,12,6,19,5,5.8,8,8.2,1.1,-2.35,Enrolled
2,15,6,9070,1,10,145.9,4,27,5,9,11,135.2,1,0,0,0,1,0,30,0,9,1,15,6,9.2,2,10,4,3,5,9.4,6,11.7,2.0,0.52,Enrolled
1,15,2,33,1,2,143.7,7,15,7,9,0,132.5,0,0,0,0,1,1,17,0,0,15,23,11,6.5,1,14,10,29,7,0.4,5,10.9,1.9,3.01,Enrolled
1,16,5,33,1,9,140.3,17,15,8,0,0,106.8,1,0,1,1,1,0,35,0,6,11,3,3,16.5,4,0,8,17,2,12.1,1,13.0,2.3,3.25,Dropout
1,15,7,9003,1,1,124.8,16,19,7,16,3,122.0,1,0,0,1,1,1,19,0,0,17,6,11,3.6,2,8,10,8,2,6.8,2,11.1,-0.2,2.91,Dropout
2,7,6,9003,1,14,155.3,14,20,22,11,16,120.5,1,0,0,0,1,1,38,0,7,5,21,7,13.0,1,2,5,6,7,12.7,3,14.4,0.3,-1.82,Dropout
6,1,9,9085,1,12,122.7,16,20,21,11,9,152.4,1,0,1,1,0,1,17,0,14,4,16,12,3.3,3,8,17,0,7,17.4,3,10.7,2.3,3.33,Enrolled
2,5,5,9085,0,3,117.0,2,18,4,18,0,130.8,1,0,0,0,1,1,23,0,6,16,19,0,15.7,8,0,14,22,5,1.5,6,13.8,0.0,-1.73,Dropout
2,1,8,9238,1,2,121.5,15,34,32,16,10,113.0,0,0,0,1,0,1,45,0,1,11,14,1,9.2,7,6,16,25,1,15.5,7,15.6,0.2,0.68,Enrolled
2,7,8,9085,1,4,112.1,11,1,29,6,16,116.9,0,0,0,1,1,1,23,0,11,7,8,9,15.0,7,10,11,21,6,4.2,6,13.5,2.2,2.68,Graduate
1,16,0,33,1,4,138.8,13,12,30,10,9,122.1,1,0,1,1,1,0,25,0,12,6,24,9,7.9,6,8,18,28,12,4.4,5,13.9,2.5,0.93,Graduate
1,16,0,9238,1,3,129.8,4,5,3,1,5,131.7,0,0,0,1,1,0,48,0,10,9,6,6,3.2,6,1,4,0,7,4.1,9,13.4,0.5,3.48,Dropout
2,2,0,9147,0,2,146.9,1,27,5,15,3,133.3,0,0,0,1,1,1,48,0,14,9,2,12,9.7,4,2,4,21,6,2.5,5,14.6,3.1,-1.42,Graduate
6,1,7,9119,1,5,93.3,15,20,19,8,12,129.6,1,0,0,1,1,0,32,0,6,0,2,10,4.9,7,9,6,24,2,3.5,1,9.6,3.0,-3.16,Graduate
1,17,9,9119,0,4,133.2,12,19,8,9,10,124.3,1,0,0,1,1,1,21,0,10,16,23,5,3.3,3,11,3,13,9,13.4,7,15.9,1.9,-2.39,Graduate
2,17,6,9119,1,5,126.1,21,15,31,9,4,125.2,1,0,0,1,1,0,50,0,10,0,24,12,16.3,7,1,0,17,6,13.8,0,14.2,2.9,-2.67,Graduate
1,16,2,171,0,10,124.8,9,6,27,2,13,125.3,1,0,0,1,1,0,48,0,5,3,2,13,9.9,8,6,16,3,11,17.3,9,13.8,3.6,2.78,Graduate
1,15,1,171,1,2,114.4,7,9,13,16,1,103.8,0,0,0,1,1,1,54,0,13,13,14,0,14.4,7,13,10,7,1,1.9,7,7.8,3.4,-0.53,Graduate
1,16,3,9085,1,12,130.7,3,23,6,13,2,126.2,1,0,1,1,1,0,35,0,6,8,10,5,14.0,8,7,3,6,0,2.7,7,10.0,-0.2,-0.16,Graduate
1,16,2,9119,1,14,118.5,16,10,1,18,2,119.5,1,0,0,1,1,1,49,0,0,7,23,6,0.0,0,5,17,28,5,15.9,8,9.3,0.9,-2.75,Dropout
3,16,6,8014,1,1,152.8,4,1,30,17,10,105.5,0,0,0,1,0,0,45,0,6,3,5,6,15.9,1,11,10,19,9,10.2,4,8.0,2.5,-2.44,Dropout
1,16,9,9003,0,10,139.4,14,11,11,17,8,158.4,1,0,0,1,1,1,37,0,8,14,20,12,13.9,4,13,17,15,3,9.8,4,15.2,-0.4,1.99,Enrolled
2,17,7,8014,1,5,144.7,13,20,31,13,18,131.0,0,0,0,1,1,0,53,0,7,18,13,7,4.8,8,12,17,7,0,13.9,5,12.5,-0.2,1.11,Dropout
3,17,5,9119,0,2,103.9,20,28,16,2,9,127.2,0,0,0,1,1,0,23,0,6,6,26,13,4.1,1,0,3,8,1,10.0,8,15.1,1.0,-1.57,Dropout
5,5,2,9119,1,10,143.3,19,22,15,9,5,122.2,0,0,0,1,0,0,32,0,1,9,12,5,1.0,0,4,0,5,1,1.1,7,11.8,-0.8,1.96,Graduate
1,5,5,9003,1,5,141.9,2,20,5,12,5,136.5,0,0,0,1,0,0,29,0,11,16,22,11,1.7,4,0,4,5,2,16.2,1,15.2,1.2,-3.65,Graduate
1,2,1,9119,1,14,123.9,10,16,15,11,0,111.9,1,0,0,1,0,1,53,0,13,11,1,1,3.5,6,11,17,0,7,2.4,4,15.3,1.0,-3.53,Graduate
1,16,6,9070,1,14,127.2,19,2,1,8,0,122.9,0,0,1,1,1,0,34,0,12,19,12,6,0.1,3,2,16,18,2,8.6,3,12.9,2.4,-3.39,Graduate
6,17,9,33,1,3,115.3,15,25,15,9,18,114.6,0,0,0,1,0,0,26,0,6,0,12,0,5.7,1,0,1,5,2,6.6,3,11.5,-0.4,1.27,Dropout
5,1,6,9238,1,9,125.4,7,27,8,18,2,136.4,0,0,0,1,1,1,39,0,10,12,15,0,16.6,9,1,3,22,12,6.7,0,9.0,1.2,0.45,Dropout
1,7,3,9003,1,4,138.5,15,3,22,15,5,116.3,1,0,0,1,1,1,39,0,1,19,29,5,10.0,3,13,19,21,10,5.1,9,15.2,3.5,2.46,Graduate
3,2,7,9119,1,14,120.0,17,23,27,2,1,141.3,0,0,0,1,1,1,52,0,3,19,0,13,10.5,7,11,18,3,10,17.2,6,14.0,3.1,3.27,Graduate
1,17,3,171,1,6,130.5,16,32,34,11,14,125.7,0,0,0,1,0,0,49,0,0,17,1,5,4.3,0,9,17,25,3,1.5,4,10.0,2.4,-1.48,Graduate
2,1,6,171,1,14,168.2,17,17,30,7,11,137.1,1,0,0,0,1,0,28,0,2,7,1,0,4.1,0,0,10,14,10,14.4,9,13.0,3.6,0.7,Enrolled
1,16,3,33,1,10,115.3,16,20,12,14,9,132.2,1,0,0,1,1,0,36,0,4,8,3,7,6.6,8,6,12,19,6,7.1,8,12.5,-0.4,2.53,Dropout
3,10,4,171,1,1,135.0,18,30,2,10,18,140.8,1,0,0,1,0,1,50,0,5,13,1,8,4.7,1,14,14,25,1,0.9,0,8.0,0.3,-2.29,Graduate
1,16,6,9238,1,2,114.5,17,28,22,12,12,114.8,1,0,0,1,1,0,22,0,2,4,19,7,15.5,5,6,10,22,7,10.3,9,15.4,-0.2,-3.34,Graduate
3,5,9,9130,1,10,107.7,4,23,17,5,2,138.8,0,0,0,1,1,0,26,0,2,3,3,10,3.2,7,13,0,22,2,6.7,9,7.1,2.6,3.38,Dropout
3,7,2,9130,1,9,142.0,2,19,23,12,17,102.8,1,0,0,1,1,0,26,0,12,3,12,12,12.1,9,13,16,14,0,4.0,6,14.5,3.1,2.75,Graduate
2,17,9,9130,1,14,123.9,17,25,29,10,19,127.6,1,0,0,1,1,0,19,0,13,4,12,0,8.8,9,3,10,0,8,6.7,5,11.6,2.1,0.56,Graduate
1,17,4,33,0,12,154.0,17,24,29,5,4,119.9,0,0,0,1,1,1,54,1,9,13,0,10,12.2,6,1,9,6,10,17.6,1,14.4,0.4,-3.98,Graduate
1,15,2,33,1,2,138.5,2,1,19,5,12,108.7,0,0,0,1,0,0,44,0,12,17,24,12,15.0,3,3,11,0,1,13.8,8,12.0,-0.2,-2.35,Graduate
1,7,4,9238,1,10,118.2,2,28,17,4,13,115.4,0,0,0,1,1,0,31,0,13,19,2,7,6.1,4,3,14,28,4,14.8,9,8.4,1.7,1.21,Dropout
1,15,2,9003,1,6,116.8,15,29,8,6,14,118.7,0,0,0,1,1,0,25,0,5,19,19,4,9.7,9,8,4,3,2,9.5,7,11.3,-0.1,-1.33,Graduate
1,7,9,9085,1,1,140.8,16,17,7,18,17,124.4,0,0,0,1,1,1,20,0,12,12,14,5,9.0,0,8,8,16,8,5.3,8,14.9,-0.1,0.25,Enrolled
5,5,6,9130,1,4,114.2,11,11,11,10,13,120.2,1,0,0,1,1,0,54,0,8,0,2,2,6.7,5,4,12,4,1,9.9,1,9.1,1.7,-3.64,Graduate
2,15,0,171,1,2,113.8,2,7,3,5,18,128.0,1,0,0,1,1,0,46,0,14,11,0,11,14.6,2,6,5,24,4,9.8,2,8.1,-0.4,0.09,Graduate
1,1,8,8014,1,9,104.2,8,26,2,8,2,116.2,0,0,0,1,1,0,54,0,1,7,13,13,0.2,1,6,0,12,10,2.7,5,10.7,3.3,-2.97,Enrolled
1,15,8,9085,1,12,139.4,21,23,19,19,0,120.8,0,0,0,1,0,0,49,0,1,14,9,6,5.6,6,2,7,13,4,11.9,5,14.3,0.1,-3.26,Dropout
1,2,4,9238,1,6,117.9,12,18,28,17,6,123.2,0,0,1,1,1,0,28,0,6,8,22,14,15.0,3,8,14,3,14,14.1,3,13.3,2.9,-0.36,Dropout
2,1,8,9003,1,4,135.4,14,29,28,7,19,129.4,0,0,0,1,0,0,51,1,3,1,10,11,15.7,5,14,4,25,3,9.9,4,16.0,1.8,-0.18,Dropout
1,2,9,171,1,5,110.5,14,34,25,17,6,138.0,1,0,0,1,1,0,28,0,11,12,7,8,12.5,2,2,4,28,3,7.1,8,14.9,-0.1,2.76,Graduate
5,16,5,9119,1,1,105.4,12,8,11,4,16,138.1,1,0,0,1,1,0,51,0,0,8,0,13,6.1,9,10,16,8,9,11.5,9,8.5,3.6,3.42,Graduate
1,7,4,9003,1,4,140.8,2,21,2,5,14,130.1,0,0,0,1,1,1,54,0,5,5,12,10,14.8,8,11,17,26,6,9.7,0,14.1,1.5,-3.24,Graduate
6,1,2,9130,1,14,127.6,14,21,12,1,12,132.6,0,0,0,1,1,0,33,0,8,14,27,2,1.5,2,6,12,26,12,1.5,4,13.5,0.3,-1.67,Enrolled
4,7,7,9130,1,3,119.8,12,17,12,3,14,131.1,1,0,0,1,0,0,49,0,11,3,10,11,4.8,1,6,6,3,11,6.7,2,8.8,0.2,1.51,Dropout
1,16,3,9119,1,12,122.7,9,16,25,18,2,122.9,0,0,0,1,1,0,50,0,11,10,8,10,1.7,6,8,0,1,2,16.7,5,14.0,-0.2,0.92,Dropout
5,10,9,9238,1,6,122.8,8,15,31,3,16,138.7,0,0,0,1,0,1,35,0,9,14,10,2,2.0,2,10,15,10,5,1.1,1,9.2,1.7,-3.45,Graduate
1,17,2,9147,0,4,160.5,20,15,17,15,15,115.1,0,0,0,1,0,1,36,0,11,10,10,7,10.7,0,6,4,21,6,5.1,4,11.1,2.0,-3.62,Graduate
3,7,5,9003,1,3,134.0,16,17,12,0,0,100.4,0,0,0,1,0,0,42,0,12,5,8,0,1.3,4,4,15,23,10,15.4,8,9.5,1.8,-0.92,Dropout
1,16,7,9119,1,4,132.1,10,1,30,15,13,113.5,1,0,0,1,1,0,54,0,14,15,0,0,12.2,6,9,2,22,12,0.0,4,11.1,3.0,-0.3,Graduate
4,7,8,9238,1,10,118.7,7,13,2,0,2,145.2,1,0,0,1,1,0,47,0,5,3,7,10,6.3,9,10,10,18,11,16.9,3,9.7,-0.5,0.27,Enrolled
4,16,5,9238,1,5,141.8,15,10,16,16,19,123.2,0,0,0,1,1,0,26,0,10,19,19,1,1.0,1,1,8,28,1,12.4,3,12.9,-0.7,0.77,Enrolled
3,2,4,33,0,1,112.7,9,33,1,4,3,130.6,0,0,0,1,1,0,24,0,12,9,2,9,5.1,4,12,11,17,10,6.8,9,14.2,3.0,-0.41,Dropout
3,16,1,9003,1,5,137.8,4,26,34,15,8,123.4,1,0,0,1,1,0,23,0,5,9,22,14,7.2,7,14,14,14,12,0.5,9,7.2,-0.3,1.38,Graduate
1,15,1,171,1,10,137.9,6,12,1,2,0,134.3,0,0,0,1,1,0,49,0,3,14,17,10,6.6,6,9,10,6,7,0.8,8,10.6,-0.1,-3.17,Graduate
1,10,8,9147,1,4,145.3,12,19,3,9,13,127.9,0,1,0,1,1,0,38,0,10,0,18,11,9.2,5,13,12,21,5,5.3,8,8.3,1.6,1.56,Graduate
1,7,1,9070,1,2,100.5,15,15,34,17,12,126.1,1,0,1,1,1,0,51,0,0,11,12,0,9.1,5,12,5,2,7,11.9,8,7.2,1.0,0.63,Dropout
1,16,1,8014,1,3,146.9,19,5,12,17,14,135.0,1,0,0,1,0,1,25,0,6,19,8,5,6.5,3,0,13,17,14,1.2,5,15.8,2.2,-3.99,Graduate
2,16,2,9003,1,12,135.3,2,2,27,16,17,120.9,1,0,0,1,1,1,54,0,3,19,4,9,16.2,9,5,4,12,3,15.9,0,13.1,0.1,-0.49,Graduate
1,7,2,9085,1,9,118.7,19,14,25,10,15,131.8,1,1,0,1,0,1,35,0,11,4,29,13,4.0,7,14,18,5,7,15.4,3,11.1,3.0,-1.4,Graduate
6,17,3,9238,0,3,97.6,20,29,12,8,5,124.7,0,0,0,1,0,0,48,0,8,12,5,8,6.1,5,14,15,25,9,5.1,9,10.9,0.2,-2.14,Dropout
2,10,6,33,1,5,123.9,20,1,33,10,15,125.6,1,0,1,1,1,0,50,0,3,18,15,7,10.0,9,8,12,20,5,3.5,1,14.6,1.1,-3.64,Enrolled
3,10,8,9119,1,3,132.8,2,13,9,8,10,116.4,1,0,0,1,1,0,29,0,10,4,12,2,4.4,6,2,13,11,7,7.7,9,12.1,-0.7,3.34,Dropout
1,16,1,9130,1,14,107.2,15,32,1,16,6,124.2,0,0,0,1,0,0,38,0,8,11,18,0,2.7,6,11,3,1,2,5.1,9,13.7,3.5,-1.94,Dropout
4,1,3,9119,1,4,117.2,12,34,23,19,8,120.0,0,0,0,1,1,1,51,0,0,17,18,14,0.1,6,0,5,9,4,17.1,6,15.3,0.5,-0.59,Graduate
5,2,8,9119,1,10,111.0,1,14,28,4,0,141.7,0,0,0,0,1,0,31,0,9,17,10,5,17.0,0,0,6,2,0,10.5,7,15.0,1.6,-3.35,Enrolled
1,10,1,9147,1,3,123.5,14,15,3,11,9,105.1,0,0,0,1,0,1,31,0,14,11,7,6,14.1,2,8,17,23,12,13.2,7,7.9,1.3,1.97,Dropout
2,10,9,9003,1,3,113.7,4,6,5,17,7,138.6,0,0,1,1,0,0,52,0,3,18,2,1,16.0,9,14,18,7,14,9.6,8,11.4,1.0,-3.88,Dropout
3,5,0,9119,1,10,162.6,11,29,29,15,10,104.3,0,0,0,0,1,0,48,0,1,16,11,10,0.7,6,8,6,27,5,15.1,8,12.7,0.0,0.41,Graduate
1,15,9,9147,1,14,143.0,7,19,13,8,4,134.0,0,0,0,1,1,1,30,0,10,6,12,10,1.3,3,13,9,25,12,1.8,3,11.2,2.0,-1.97,Dropout
1,10,7,9070,0,14,113.4,13,1,4,7,5,116.1,0,0,0,0,1,0,46,0,5,8,25,10,9.9,4,12,16,2,4,13.0,8,9.6,1.7,-1.45,Graduate
1,2,8,171,0,9,115.6,14,21,6,5,11,134.4,0,0,0,1,1,0,30,0,10,5,19,8,0.4,4,5,0,2,5,13.8,3,15.2,1.2,-0.09,Graduate
1,15,6,9070,1,9,107.8,7,18,6,16,10,125.4,0,0,0,1,1,0,44,0,8,19,22,3,4.9,5,2,5,7,14,6.5,5,15.1,1.7,-0.51,Enrolled
1,15,7,9003,0,14,127.7,11,27,11,13,6,108.4,0,0,0,1,0,1,51,0,1,7,28,9,17.5,7,13,11,12,2,1.5,7,14.6,2.1,-0.95,Enrolled
1,7,3,9130,0,2,156.6,20,28,27,13,6,144.7,0,0,0,1,1,0,54,0,11,17,8,12,6.4,5,12,16,15,10,11.8,3,15.4,3.1,0.68,Dropout
1,7,3,9070,1,9,148.0,20,8,4,3,11,137.1,0,0,0,0,1,1,50,0,14,17,14,6,17.6,8,8,16,10,10,5.5,6,13.7,0.2,0.09,Graduate
1,7,1,9147,0,14,133.0,11,31,27,7,11,133.5,1,0,0,1,0,0,21,1,10,19,18,1,2.1,7,4,4,29,12,10.5,4,10.5,2.7,-1.55,Enrolled
6,7,7,9147,1,14,125.6,21,12,16,16,0,118.7,0,0,0,1,1,1,40,0,1,0,5,1,6.9,3,11,16,15,4,15.9,7,11.5,2.9,-2.63,Graduate
1,5,1,8014,0,3,138.3,9,6,18,0,18,137.5,0,0,0,1,0,0,25,0,0,8,2,12,0.1,5,14,13,8,11,15.0,6,14.4,2.6,-2.88,Dropout
6,10,8,9238,1,9,134.2,4,26,7,2,3,110.3,1,0,0,1,1,1,27,0,14,19,18,5,10.6,9,7,3,12,7,10.4,9,15.2,2.9,-3.78,Enrolled
1,7,3,9085,1,4,136.5,2,16,11,16,18,98.0,1,0,0,1,0,0,36,0,14,17,28,1,6.2,4,3,4,21,13,2.0,7,13.0,1.8,-0.69,Enrolled
1,16,0,9085,1,10,133.0,2,30,8,19,18,106.7,1,0,0,1,1,1,50,0,12,7,5,14,9.1,0,14,7,28,5,8.1,7,12.2,-0.7,-2.74,Graduate
1,1,3,9003,1,10,136.7,9,19,6,2,10,115.0,1,0,0,1,1,0,21,1,8,8,16,10,14.3,3,0,5,12,3,13.1,7,15.0,2.3,2.62,Graduate
1,7,2,9238,0,6,108.7,19,18,5,6,8,117.2,0,0,0,0,1,0,49,0,13,5,0,2,9.9,0,10,7,3,1,10.2,6,13.8,3.1,-0.86,Graduate
1,10,5,8014,1,3,128.2,15,24,6,10,12,121.3,1,0,0,1,1,1,44,0,0,5,27,8,12.0,1,13,4,13,0,5.9,3,15.2,0.4,0.68,Dropout
2,7,6,33,1,6,133.5,21,20,2,14,18,121.9,1,0,0,1,1,0,52,0,1,1,11,12,8.5,6,1,13,25,2,5.6,6,14.9,2.5,-1.7,Graduate
1,5,7,9119,0,6,123.5,21,7,31,6,4,118.6,0,0,0,1,0,0,46,0,4,4,28,10,13.5,5,7,19,18,0,12.2,3,10.0,-0.3,-2.1,Dropout
2,2,1,9070,1,3,111.3,18,7,32,4,10,99.5,1,0,1,0,1,0,43,0,11,6,11,6,10.8,5,10,0,29,6,11.4,9,8.2,2.1,2.12,Graduate
2,2,5,9238,1,4,130.1,16,16,9,16,2,129.5,1,0,0,0,1,0,27,0,6,14,15,14,15.6,4,3,16,18,2,10.7,3,13.3,-0.5,-1.26,Dropout
1,10,5,9119,1,2,192.2,2,14,15,4,4,123.6,0,0,0,1,1,0,33,0,8,7,3,12,13.6,9,11,2,21,13,17.1,6,15.4,1.7,-3.34,Dropout
1,16,9,33,0,1,117.7,12,12,21,0,12,117.9,0,1,0,1,1,0,48,0,0,4,2,10,4.2,1,10,4,1,7,16.1,6,15.2,3.1,-1.61,Graduate
3,2,4,9130,1,2,127.9,1,29,28,6,13,145.2,0,1,0,0,1,0,39,0,12,19,6,9,9.4,3,0,19,28,11,5.7,2,15.3,0.9,-3.16,Dropout
1,17,9,8014,0,9,148.9,2,15,27,16,12,123.9,0,1,0,1,1,0,34,0,7,7,27,4,15.7,3,4,7,7,1,4.5,0,14.8,0.0,-0.55,Graduate
1,2,9,9119,1,14,156.6,14,8,5,7,1,127.8,0,0,1,1,1,0,38,0,11,6,22,7,15.5,7,11,7,5,6,16.6,8,10.9,2.3,-1.84,Graduate
6,1,6,8014,1,5,121.3,7,9,17,11,1,137.3,0,0,0,0,0,0,44,0,0,1,3,10,8.6,2,3,17,12,0,3.7,0,15.4,3.0,2.15,Dropout
1,10,2,8014,1,12,144.5,17,28,24,1,17,107.6,0,0,0,1,1,0,31,0,8,5,22,3,5.6,7,9,5,5,12,17.6,5,12.7,0.6,-3.57,Graduate
2,16,3,9238,1,3,141.9,15,27,31,16,5,126.7,1,0,0,1,0,0,36,0,9,11,19,6,3.8,7,4,8,5,13,3.9,1,14.5,1.8,3.39,Dropout
6,10,9,9147,1,2,122.4,17,7,4,19,18,137.3,1,0,0,1,1,0,48,0,13,19,12,6,3.5,0,2,11,21,3,1.9,5,9.7,2.2,1.96,Dropout
1,2,8,171,1,4,139.4,9,14,20,13,9,125.8,1,0,0,1,0,0,39,0,1,9,7,12,2.6,6,3,17,24,9,7.0,0,11.5,1.0,0.99,Enrolled
1,2,3,9003,1,2,127.4,13,11,17,2,7,110.1,0,0,0,1,1,0,24,0,2,13,3,12,18.0,6,7,19,22,10,16.2,1,8.1,-0.5,-3.66,Graduate
1,2,2,9085,1,9,120.6,2,32,10,18,4,120.7,0,0,0,1,1,0,34,0,9,8,1,13,11.9,6,5,9,16,7,13.2,9,8.4,2.9,3.36,Graduate
1,15,1,8014,1,14,155.8,15,28,21,13,1,129.5,1,0,0,1,0,1,52,0,14,16,25,11,5.7,3,4,12,18,7,10.8,4,14.3,3.0,1.7,Graduate
1,5,4,9238,1,6,139.7,20,6,21,7,5,99.6,0,0,0,1,1,0,39,0,14,6,3,12,5.3,3,10,8,4,14,12.6,0,15.5,-0.3,-0.64,Graduate
2,7,3,9238,1,10,104.8,11,6,16,6,17,109.4,0,0,0,1,1,0,38,1,3,19,25,8,5.5,4,14,1,11,2,9.4,1,11.7,1.8,2.21,Graduate
1,17,7,9119,0,5,128.1,19,24,33,4,7,152.7,1,0,0,1,1,0,50,0,2,1,2,6,15.7,8,12,4,1,1,5.7,3,11.4,2.5,-1.5,Graduate
1,5,6,9119,1,2,122.2,14,9,10,2,1,133.3,0,0,1,1,1,0,36,0,1,9,20,9,9.2,6,9,0,28,7,8.9,9,15.5,-0.4,-0.97,Enrolled
6,10,5,9070,1,4,126.8,4,2,18,0,19,146.3,0,0,1,1,0,0,51,0,4,2,19,13,4.9,6,3,0,2,10,6.8,6,14.5,3.0,1.03,Dropout
3,17,1,8014,1,1,137.7,11,14,33,18,3,138.3,1,0,0,1,0,0,32,0,1,17,9,1,14.4,1,11,4,9,2,13.8,8,8.6,0.8,2.92,Enrolled
2,1,2,171,0,2,134.4,16,31,29,14,14,132.1,0,0,0,1,1,0,17,0,13,4,5,2,13.5,7,14,11,10,7,3.0,3,7.4,1.8,2.9,Enrolled
1,7,9,9003,1,4,151.5,2,30,31,0,19,123.0,1,0,0,1,1,0,29,0,1,3,29,8,8.4,5,9,8,18,7,8.1,0,15.6,0.9,-2.27,Graduate
2,1,8,9003,1,6,148.3,2,27,24,4,8,132.0,1,0,0,1,0,0,47,1,7,12,18,11,12.4,9,1,17,17,14,1.9,1,11.9,1.6,0.8,Dropout
1,16,8,9130,1,4,111.8,9,31,12,19,19,145.8,0,0,0,1,1,0,42,0,13,2,2,3,13.3,8,0,3,16,4,0.8,0,12.8,2.2,2.63,Graduate
1,15,4,9130,1,4,128.5,21,6,20,10,5,137.7,1,0,0,1,1,0,40,0,1,5,19,9,0.9,6,10,9,21,10,4.2,9,11.8,2.4,-3.27,Enrolled
1,10,2,9070,1,14,100.8,21,18,6,13,8,129.2,0,0,0,1,1,0,44,0,7,6,13,3,15.8,2,3,5,3,13,2.9,9,13.6,1.0,-2.65,Enrolled
4,15,1,9085,1,14,115.0,4,14,8,17,12,124.8,1,0,0,1,0,0,49,0,13,6,2,13,5.2,8,12,6,26,14,14.1,6,15.1,-0.3,1.89,Dropout
1,10,7,9130,1,2,98.6,8,20,14,19,4,133.5,0,0,0,1,1,1,40,0,7,1,15,9,17.7,5,1,6,22,8,2.9,9,15.9,0.7,0.2,Graduate
1,1,5,33,1,12,106.5,18,11,5,8,13,120.1,1,0,0,1,0,0,19,0,0,8,18,13,16.3,6,8,4,28,6,12.1,0,10.3,3.0,-3.63,Graduate
1,1,9,9070,1,14,151.0,15,4,3,14,13,133.5,1,0,0,1,1,0,40,0,13,2,3,14,0.3,5,14,2,14,13,9.1,8,11.7,1.9,-0.01,Dropout
1,1,6,9003,1,10,141.3,2,6,22,10,17,117.9,1,0,0,1,0,0,24,0,4,15,9,8,11.2,3,14,14,27,9,6.5,6,15.0,1.2,2.92,Dropout
3,10,0,9003,1,10,139.3,11,23,8,4,6,122.4,1,0,0,1,1,0,30,0,10,14,7,5,17.4,7,1,8,20,6,1.1,9,10.9,2.2,-2.68,Dropout
2,2,0,171,1,5,147.6,17,8,14,14,5,113.6,0,0,0,1,0,1,18,0,14,16,6,8,10.2,4,1,15,6,9,7.5,9,10.2,2.9,-3.54,Dropout
3,1,9,9238,1,3,139.2,7,30,7,1,11,121.3,0,0,0,1,0,0,22,0,8,2,16,8,11.1,6,5,17,10,4,10.2,3,15.7,3.2,3.1,Dropout
1,15,1,33,1,6,128.7,8,11,4,11,13,118.1,0,0,0,1,0,1,28,0,7,16,15,14,16.8,9,5,18,21,3,2.1,3,13.6,2.4,-1.18,Enrolled
1,16,9,9085,1,12,121.2,10,5,19,6,18,149.0,0,0,0,1,1,1,52,0,12,5,28,2,10.3,1,3,11,15,13,16.4,1,11.6,-0.4,1.82,Dropout
1,7,2,9119,1,10,155.4,3,3,24,1,15,115.4,1,0,1,1,0,0,42,0,10,14,3,5,4.4,8,2,13,8,3,2.0,7,14.2,0.2,0.53,Graduate
1,10,0,9070,1,9,149.6,13,15,16,7,18,132.0,1,0,0,1,1,0,45,0,13,11,21,13,8.3,8,13,12,7,5,15.0,5,9.9,3.5,-2.64,Graduate
1,17,4,9130,1,10,126.7,17,2,6,8,9,114.7,1,0,1,1,1,0,20,1,9,0,22,5,6.3,7,3,3,26,2,14.1,1,12.3,2.5,-2.53,Graduate
3,15,2,9147,1,4,141.5,13,2,8,4,10,127.6,0,0,0,1,0,1,46,0,8,9,9,3,3.0,7,4,16,21,1,15.9,5,13.4,3.2,1.56,Enrolled
1,5,0,171,1,6,88.1,19,8,25,14,3,130.8,1,0,0,1,0,1,32,0,2,5,10,10,3.9,5,7,19,10,13,1.9,5,13.4,1.6,0.74,Graduate
1,16,7,9003,1,5,142.2,9,30,32,18,19,102.9,0,0,1,1,1,0,24,1,1,9,8,14,1.1,3,1,8,23,0,8.3,7,8.8,-0.3,-3.95,Dropout
1,5,5,9147,1,2,122.5,21,5,25,18,1,108.8,1,0,1,1,1,0,48,0,0,0,10,12,3.0,4,13,8,12,8,5.7,8,16.0,-0.2,-0.31,Graduate
1,7,8,9070,0,10,170.7,16,30,10,12,8,114.6,0,0,1,1,0,0,51,0,10,12,0,11,4.7,5,12,1,24,6,12.3,7,13.8,3.5,2.9,Graduate
1,2,2,8014,1,3,147.3,5,10,17,12,9,110.1,0,0,1,1,1,1,40,0,7,1,16,12,13.6,5,12,11,25,2,3.4,4,13.7,0.7,-0.03,Dropout
6,1,8,9085,1,5,100.4,9,33,3,5,7,128.1,1,0,0,1,1,1,47,0,7,17,17,0,6.6,0,9,17,24,3,1.6,8,12.3,0.9,-3.85,Enrolled
3,10,8,8014,1,10,119.3,9,24,9,0,3,130.2,0,0,0,0,0,0,50,0,7,17,3,2,12.4,0,5,17,4,2,3.9,3,10.1,3.6,-0.36,Graduate
6,15,0,9070,1,12,130.9,6,19,18,9,12,113.2,0,0,0,1,1,0,21,0,2,16,14,6,17.9,8,6,4,14,3,17.9,5,11.4,1.3,-3.72,Dropout
1,17,2,8014,1,12,129.4,21,30,30,5,5,128.6,1,0,1,1,1,1,30,0,0,1,17,10,10.5,4,13,14,26,4,4.6,2,10.8,-0.7,-0.63,Enrolled
1,1,5,9085,1,5,128.7,10,25,5,2,5,121.5,0,0,0,1,1,1,53,0,8,7,6,6,11.1,6,2,10,25,4,5.2,9,8.0,1.7,1.52,Dropout
1,15,7,9238,1,2,144.8,18,11,32,12,1,125.7,1,1,0,1,1,0,52,0,6,5,27,6,9.9,5,12,14,27,4,13.0,8,15.3,2.5,-3.07,Enrolled
1,10,3,9070,1,9,121.9,11,1,27,18,8,118.8,1,0,0,0,0,0,33,0,5,14,25,9,7.1,3,4,17,0,1,5.6,8,11.6,1.6,-1.48,Enrolled
3,5,4,9147,0,9,128.9,15,17,21,9,5,133.3,1,0,0,1,1,0,36,0,6,12,23,8,3.3,0,12,12,7,5,9.5,5,7.4,2.1,-2.55,Graduate
1,1,8,8014,1,10,152.9,7,31,24,12,4,148.3,1,0,1,0,0,0,17,1,5,19,0,9,17.6,5,13,14,20,11,13.5,6,10.8,1.5,-1.08,Graduate
1,7,5,9085,0,10,153.1,14,6,3,6,1,137.1,0,0,0,1,1,0,32,0,10,19,25,0,8.6,5,1,1,19,3,6.0,7,10.8,0.2,-2.93,Dropout
1,2,6,9130,1,5,144.7,8,13,16,14,13,145.1,1,0,0,1,0,0,39,0,3,7,28,1,16.8,1,2,1,5,9,6.5,3,7.8,-0.4,-2.0,Graduate
1,7,6,9119,0,1,124.8,19,26,15,3,9,108.8,0,0,1,1,0,0,27,0,1,15,23,13,4.7,5,1,16,22,12,4.0,0,8.8,-0.7,-3.04,Dropout
2,2,3,9085,1,4,119.4,15,5,25,10,14,118.2,1,0,0,1,1,1,20,0,10,15,13,2,2.0,9,9,3,12,9,13.5,8,7.7,2.3,-0.94,Enrolled
1,16,3,171,1,4,129.4,19,14,8,7,16,134.3,0,0,0,0,0,0,39,0,0,3,11,14,11.5,7,10,8,8,2,17.9,2,8.4,0.9,-0.49,Enrolled
1,15,3,9119,1,3,130.4,18,15,4,1,6,146.6,0,0,0,1,1,0,47,0,10,1,27,10,15.3,9,12,15,7,12,1.1,4,8.0,1.5,0.38,Graduate
1,1,4,9130,1,10,129.5,17,12,32,0,19,135.5,1,0,0,1,0,1,47,0,8,2,25,1,11.9,9,0,0,26,13,7.3,2,15.1,-0.3,1.67,Dropout
1,1,4,33,1,3,138.3,3,8,30,0,10,113.7,1,0,0,1,1,0,21,0,1,2,8,1,13.4,9,7,6,2,3,6.2,3,14.0,1.7,-3.27,Graduate
3,16,7,9147,1,5,135.4,3,31,30,15,12,121.3,0,0,0,1,0,1,43,0,5,5,24,14,11.0,1,2,2,21,2,6.4,8,14.9,0.3,2.52,Enrolled
4,2,8,9003,1,2,134.8,7,26,17,17,16,131.3,0,0,0,1,1,0,45,0,7,16,14,11,13.4,7,6,11,22,10,9.4,9,8.2,2.9,1.24,Graduate
6,5,1,9130,1,6,123.0,10,29,19,10,4,124.9,1,0,0,1,1,0,29,0,6,0,10,2,6.2,5,2,4,20,4,11.9,1,13.0,1.9,-3.24,Graduate
3,10,6,9238,1,6,112.0,17,4,31,7,11,116.6,1,0,0,1,1,1,51,0,8,11,1,13,7.0,6,6,2,5,9,8.8,1,15.1,-0.5,-1.19,Dropout
1,7,0,9119,1,10,140.4,15,28,17,18,3,123.2,0,0,0,1,0,1,25,0,8,18,18,13,14.0,9,7,11,22,3,13.7,2,15.6,0.2,-1.2,Graduate
2,16,0,9238,1,10,130.9,8,25,2,11,0,126.8,0,0,0,1,0,0,34,0,3,2,8,6,14.4,0,11,9,21,12,1.1,3,7.5,0.3,1.27,Graduate
1,17,3,9119,1,1,136.1,17,32,29,5,9,112.9,0,0,0,0,0,1,31,0,13,17,7,12,1.5,2,13,13,3,6,14.4,1,10.4,2.8,-2.93,Graduate
1,17,9,171,1,5,136.6,3,11,30,15,1,139.8,0,0,1,1,1,1,40,0,14,19,26,4,0.3,1,14,17,10,2,15.9,8,10.3,1.4,-3.59,Enrolled
3,15,6,33,1,2,99.6,4,10,22,7,12,121.3,1,0,0,1,1,0,47,0,8,4,3,8,12.0,3,5,16,24,10,10.8,4,8.7,2.1,-3.87,Graduate
1,16,1,9003,1,14,155.8,8,27,11,6,12,126.1,0,0,0,1,1,1,23,0,12,10,11,11,1.5,6,8,11,28,2,5.8,2,8.4,1.4,2.51,Enrolled
5,7,1,171,1,5,121.5,13,17,33,19,11,140.5,1,0,0,1,0,0,25,0,14,18,20,7,3.1,7,0,10,27,10,8.5,3,10.3,1.0,0.62,Graduate
1,7,0,9130,0,14,150.6,1,7,19,2,0,125.4,1,0,0,0,1,0,32,0,12,6,19,1,3.5,7,0,18,27,5,10.7,1,13.4,2.9,-3.9,Graduate
2,15,9,9238,1,12,136.4,18,9,3,0,9,139.7,1,0,1,1,1,0,50,0,11,9,15,4,9.2,7,1,17,29,9,14.3,9,13.6,2.9,3.03,Graduate
2,15,1,9119,1,4,113.8,11,9,22,5,19,113.6,1,0,0,1,0,0,48,0,9,9,20,0,3.6,4,13,16,29,7,14.1,0,12.2,3.0,-3.24,Graduate
4,1,6,9130,1,10,119.4,21,30,18,2,4,132.6,1,0,0,0,1,0,39,0,1,4,16,2,3.3,8,14,6,5,14,6.3,4,14.1,3.5,1.61,Dropout
2,7,8,9085,1,1,119.7,6,31,30,18,9,137.9,1,0,0,1,0,0,36,0,14,3,12,10,0.2,5,3,19,9,11,7.8,5,13.3,0.7,2.41,Dropout
2,10,5,33,1,10,120.5,16,19,1,1,6,116.2,0,0,0,1,1,1,52,0,0,17,14,4,13.8,7,12,13,15,9,13.8,1,14.2,2.4,0.86,Graduate
1,17,9,9147,1,6,103.5,21,23,20,16,14,124.7,0,0,0,1,1,0,25,0,11,2,15,8,2.4,3,5,11,26,4,7.7,9,15.8,0.7,-3.52,Enrolled
1,10,1,9085,1,10,118.0,19,20,5,15,17,125.0,1,0,0,0,0,0,30,0,5,16,17,10,10.2,0,8,15,9,1,11.4,1,12.2,3.2,0.23,Graduate
1,2,9,9238,1,6,144.5,17,6,12,6,19,129.7,1,0,0,0,0,0,36,0,3,18,1,8,5.4,4,4,11,22,4,17.8,5,13.9,1.6,-0.63,Dropout
2,16,9,33,0,3,146.0,18,24,11,5,3,133.2,0,0,1,1,0,0,29,0,3,11,27,2,3.3,2,8,0,19,0,15.1,9,14.5,0.9,1.69,Graduate
1,15,8,33,1,10,119.9,11,22,24,10,0,115.2,0,0,0,1,0,0,33,0,12,3,20,10,6.2,8,4,13,25,8,3.9,9,15.2,-0.8,-2.03,Dropout
2,1,6,9130,1,5,101.9,14,6,18,14,7,126.2,1,0,0,1,1,0,38,0,13,18,17,13,4.6,4,1,13,2,12,7.4,5,11.9,2.2,1.2,Dropout
1,10,0,9085,0,14,139.5,12,24,8,10,10,147.7,0,0,0,1,0,0,21,0,9,6,12,10,7.8,7,8,13,18,1,9.8,0,15.3,1.2,-2.53,Dropout
1,5,8,9130,1,5,113.8,20,22,29,6,2,140.7,0,0,0,1,1,1,52,0,13,8,0,14,12.4,3,8,18,17,12,10.8,6,11.9,-0.4,1.31,Dropout
2,17,1,9130,1,9,115.0,7,18,22,14,11,137.3,0,0,0,1,1,1,48,0,12,12,26,5,0.9,3,6,0,15,2,5.4,2,13.2,0.9,-2.07,Graduate
1,1,3,9130,1,6,125.8,17,16,2,15,12,124.5,1,0,0,1,1,0,45,0,9,9,25,9,3.3,1,14,9,29,9,16.6,4,10.1,1.5,3.41,Graduate
1,1,8,9238,1,12,124.4,5,13,23,7,19,154.7,1,0,0,0,0,0,28,0,10,10,20,9,1.4,7,3,16,22,8,16.4,7,15.9,0.7,2.95,Graduate
1,10,3,9119,1,9,118.2,14,24,16,4,17,140.4,0,0,0,1,0,1,51,0,14,2,1,5,17.4,8,4,12,18,11,3.0,5,9.0,2.7,-0.22,Dropout
6,5,2,9119,1,3,119.5,13,19,8,16,11,127.5,1,0,0,1,0,0,20,0,0,1,17,13,10.3,7,14,12,3,14,16.7,7,9.3,2.5,1.25,Graduate
2,2,0,9238,1,5,122.5,12,20,4,1,9,129.9,0,0,0,1,1,1,33,0,5,12,16,8,14.8,7,0,3,4,5,8.0,0,9.3,-0.3,2.11,Dropout
1,10,6,9003,1,12,119.3,14,27,14,6,14,121.0,1,0,0,1,1,0,37,0,2,14,9,5,4.8,4,5,19,14,13,7.9,7,10.8,1.5,1.11,Dropout
1,5,5,9147,0,14,120.2,9,17,9,5,2,132.1,0,0,0,1,1,1,34,0,6,10,18,2,16.1,8,8,3,9,6,3.3,2,13.9,1.3,2.1,Graduate
1,1,9,171,1,2,125.4,4,16,11,11,14,134.7,0,0,0,1,0,0,25,0,13,19,17,6,11.3,8,14,8,0,0,1.5,7,15.9,2.6,-1.72,Dropout
3,17,3,9147,1,1,135.3,19,1,16,15,16,136.1,1,0,0,1,0,0,30,0,0,18,22,13,7.3,4,9,5,23,3,4.5,8,12.6,1.4,-3.14,Graduate
2,5,5,9238,1,10,133.7,1,21,13,10,15,124.7,0,0,1,1,1,0,40,0,7,15,23,0,10.8,8,12,15,26,6,15.8,2,12.6,0.6,-3.12,Graduate
1,1,5,8014,1,10,121.9,13,27,17,16,1,107.8,1,0,0,1,0,0,29,0,8,15,24,12,2.3,0,5,9,0,12,7.3,3,11.7,1.3,0.82,Graduate
1,16,3,171,1,2,125.2,6,1,14,9,0,130.1,1,0,0,1,1,0,51,0,3,5,11,2,5.6,2,8,16,5,4,16.6,3,15.1,1.3,-0.5,Graduate
1,10,5,9003,1,10,150.2,1,30,29,15,3,136.2,0,0,1,1,0,0,32,0,4,13,23,2,9.7,4,10,6,1,2,10.8,1,10.0,0.0,2.14,Dropout
2,15,9,9070,1,5,144.8,17,20,17,15,16,114.3,0,0,0,1,1,0,20,0,7,6,21,14,11.5,7,1,7,17,0,0.1,8,8.7,0.8,-3.62,Graduate
3,10,7,171,1,2,138.2,3,24,1,14,6,125.8,0,0,0,1,0,0,19,1,4,0,23,0,3.9,2,4,1,8,8,6.0,8,9.1,1.1,0.07,Dropout
1,16,2,33,1,9,103.4,17,2,20,14,4,144.4,0,0,0,1,1,0,50,0,9,0,0,0,17.9,2,11,3,27,5,2.3,9,14.7,-0.6,-2.86,Graduate
1,7,3,9238,1,9,131.6,2,15,33,19,3,111.4,1,0,0,1,1,0,31,0,3,15,8,12,15.0,6,2,18,12,4,13.4,6,8.5,2.0,1.27,Enrolled
1,7,9,9070,1,3,119.9,7,29,2,3,19,123.3,0,0,0,1,0,1,47,0,4,11,28,12,10.4,9,6,15,2,12,12.2,6,11.5,0.1,-1.61,Enrolled
6,7,0,9147,1,1,115.7,1,13,17,2,19,146.3,1,0,0,1,1,0,17,0,1,0,12,7,17.5,3,1,1,10,2,4.1,9,9.9,0.7,-2.26,Graduate
1,10,3,9070,1,4,124.6,21,19,23,13,4,129.1,1,0,0,1,1,1,17,0,9,0,23,7,9.2,5,0,10,1,9,3.8,7,8.7,0.0,-4.0,Enrolled
3,2,9,9238,1,2,145.7,15,1,22,9,7,120.2,1,0,0,1,0,0,49,0,1,18,27,8,17.0,4,9,4,16,12,16.2,2,12.1,2.5,-0.19,Graduate
2,10,9,9147,1,4,143.3,4,16,1,5,19,126.9,0,0,0,1,1,1,42,0,12,5,2,9,13.5,2,6,19,28,2,2.1,1,14.7,1.7,0.5,Graduate
1,17,8,9238,1,10,120.7,6,3,12,10,8,137.7,0,0,0,0,1,0,17,0,0,12,17,5,3.9,1,7,13,15,12,0.6,3,9.9,0.1,1.23,Graduate
1,16,7,9085,1,2,131.3,21,6,13,3,5,124.4,0,0,0,1,1,0,32,0,3,19,8,11,7.3,9,5,11,18,1,6.6,0,8.1,0.1,3.41,Graduate
1,17,3,8014,1,1,123.7,13,31,14,9,3,134.8,1,0,0,1,1,1,53,0,11,15,11,7,4.7,4,2,19,5,6,10.1,6,12.6,0.2,0.22,Dropout
2,16,6,9003,1,3,126.4,13,5,10,15,4,130.1,0,0,0,1,1,0,51,0,9,0,15,12,13.0,7,9,5,22,13,16.5,7,13.7,3.5,0.88,Graduate
3,15,9,9003,1,14,145.0,20,26,12,7,7,131.1,1,0,0,1,1,0,24,0,7,10,15,3,13.8,7,2,14,24,3,16.4,5,12.0,1.3,0.42,Enrolled
2,5,2,33,1,9,129.1,1,28,22,8,19,135.6,1,0,0,1,1,0,51,0,9,1,18,12,12.3,1,2,9,17,3,2.5,9,8.1,3.4,1.15,Graduate
1,10,8,8014,1,6,103.6,2,15,18,3,12,123.2,1,0,0,1,1,1,18,0,9,4,21,12,9.8,0,10,15,12,7,14.2,0,7.0,3.7,2.92,Enrolled
1,10,9,8014,1,6,132.1,6,9,19,16,3,114.7,1,0,1,1,1,0,34,0,9,4,17,12,7.2,4,4,10,1,12,16.8,6,7.8,1.5,3.25,Graduate
6,1,3,33,1,9,157.2,11,22,30,9,6,133.2,1,0,0,1,1,0,26,0,9,5,4,4,17.7,3,9,15,0,9,15.0,9,15.3,-0.4,0.34,Dropout
3,16,1,9147,1,10,119.5,18,21,15,12,0,125.3,0,0,0,1,0,0,26,0,14,11,21,7,0.5,2,14,19,22,13,7.5,1,12.2,2.9,0.39,Graduate
1,1,9,33,1,3,153.2,13,29,14,16,8,121.2,0,0,0,1,1,0,28,0,1,0,11,1,2.2,3,13,13,9,2,3.7,2,10.4,1.9,2.22,Dropout
6,1,4,9147,1,3,139.3,21,26,9,18,4,133.8,1,0,0,1,0,0,40,0,13,4,8,9,10.8,0,12,15,18,8,16.5,4,8.6,-0.5,-3.94,Enrolled
2,10,1,33,1,14,147.6,12,6,5,16,9,143.6,1,0,0,1,0,1,38,0,6,0,3,3,13.6,2,3,1,7,6,9.6,5,13.3,1.4,-2.6,Graduate
2,2,9,171,1,10,143.1,20,11,33,3,10,125.0,0,0,0,1,0,0,21,0,14,17,14,0,17.2,3,11,9,9,14,4.6,9,13.9,2.2,-2.73,Dropout
2,5,5,171,1,9,132.7,7,20,5,5,17,127.1,1,0,1,1,0,0,38,0,11,5,25,7,8.8,9,9,1,3,7,5.8,9,14.3,1.2,-3.51,Graduate
3,5,9,9085,1,14,120.8,20,20,24,13,4,111.6,1,0,0,1,1,0,20,0,7,6,8,11,4.8,4,9,4,3,4,10.1,5,7.2,1.8,-1.34,Graduate
2,17,0,9119,1,5,132.6,7,27,8,8,3,124.1,0,0,0,1,1,0,34,0,13,1,22,1,15.5,0,8,7,14,0,7.3,6,13.9,3.4,1.63,Graduate
1,16,5,33,1,4,133.5,7,6,19,5,18,129.9,1,0,0,1,0,0,46,0,9,0,8,14,7.9,9,13,8,23,11,0.7,5,8.4,-0.2,0.45,Dropout
1,15,3,8014,1,6,144.6,2,33,12,9,15,126.7,0,0,0,0,0,0,49,0,0,5,13,1,2.3,2,0,16,11,13,10.3,7,14.2,1.4,-2.03,Dropout
5,16,2,171,1,12,96.2,11,30,8,5,1,122.3,0,0,0,1,0,0,38,0,2,15,18,10,9.4,1,13,18,18,12,7.3,8,8.4,-0.8,2.69,Graduate
1,2,1,9130,1,6,108.6,1,34,8,8,14,136.4,1,0,1,1,1,0,22,0,5,9,15,10,9.5,7,12,15,25,9,8.5,6,9.2,1.2,-1.7,Dropout
1,2,6,9147,1,10,133.5,21,5,20,12,8,127.8,1,0,0,1,1,0,54,0,6,14,8,4,4.1,8,8,9,2,12,13.5,6,14.0,0.1,-0.1,Enrolled
1,5,8,171,1,1,135.0,13,16,29,15,16,160.7,1,0,0,1,1,0,54,0,13,13,22,10,2.6,7,11,1,27,5,0.5,2,12.7,0.2,-3.73,Graduate
1,7,2,171,1,6,117.0,12,12,34,15,1,129.7,1,0,0,0,1,1,27,0,4,10,22,0,2.6,4,7,9,21,11,1.2,1,7.3,0.2,2.31,Dropout
2,1,5,9238,1,2,135.4,13,12,18,18,5,91.3,1,0,0,1,1,1,23,0,6,4,29,11,14.8,9,5,7,4,7,0.0,6,8.5,2.6,3.34,Dropout
5,1,8,9147,1,3,140.2,7,11,1,4,0,112.5,1,0,1,0,1,0,40,0,12,18,5,5,9.0,3,8,10,11,13,7.6,9,9.1,1.5,2.69,Graduate
1,5,1,9003,1,6,127.1,12,21,11,10,7,133.9,1,0,0,1,1,0,24,0,5,13,13,13,13.3,2,5,0,29,9,5.0,6,14.6,0.9,-0.97,Graduate
1,16,6,9070,0,2,151.4,17,7,32,14,10,118.6,0,0,0,1,1,0,28,0,6,0,25,11,17.3,8,6,8,0,4,7.4,3,12.5,-0.8,-2.87,Dropout
1,2,4,9147,1,4,154.2,8,34,16,7,19,119.4,0,0,0,1,0,1,26,0,3,14,17,7,14.3,7,3,7,20,7,10.4,6,8.7,3.0,-1.77,Graduate
4,16,4,9085,1,6,131.8,3,29,6,14,14,110.9,0,0,0,1,1,0,27,0,12,8,6,6,2.8,0,5,11,3,1,0.1,6,9.3,-0.8,2.88,Graduate
2,15,6,9238,1,5,142.6,7,6,9,10,8,120.8,1,0,1,1,1,0,36,0,1,0,14,9,7.6,8,14,15,25,10,2.9,6,11.1,2.8,3.31,Graduate
1,7,8,9147,1,6,104.6,19,34,22,12,1,129.5,1,0,0,1,1,1,54,0,7,6,7,5,8.9,8,12,10,28,7,2.3,8,7.8,2.5,-3.61,Dropout
3,5,3,9147,0,6,146.1,20,8,8,1,6,132.0,1,0,0,1,1,0,39,0,0,0,9,11,12.6,7,2,0,26,6,11.2,0,10.7,-0.3,-3.06,Graduate
4,1,8,9119,1,10,152.0,8,10,32,1,16,113.7,0,0,0,1,1,0,38,0,3,12,0,0,17.4,6,11,5,4,6,10.6,8,14.1,2.0,2.16,Dropout
3,10,9,9238,1,12,114.8,14,16,26,11,2,137.5,0,0,0,1,1,1,38,0,3,8,7,10,5.1,0,4,13,1,9,1.4,3,10.6,-0.7,-2.76,Enrolled
5,16,8,9147,1,5,139.3,14,2,18,19,3,111.5,0,0,0,1,1,1,19,0,0,6,23,10,15.5,2,9,1,2,8,14.4,3,14.1,0.2,-1.13,Enrolled
1,2,3,9070,1,6,101.9,2,19,12,8,2,132.7,0,0,0,0,1,0,51,0,7,10,20,8,1.3,8,3,18,27,9,2.9,3,12.6,0.3,-3.78,Graduate
3,10,2,9070,0,6,118.2,6,7,34,19,7,131.4,1,0,0,1,1,0,32,0,5,10,15,6,15.7,4,3,15,14,13,3.1,4,10.6,3.6,-2.49,Enrolled
1,15,1,9130,1,6,122.2,16,2,4,14,10,114.9,1,0,0,1,1,0,34,0,1,5,3,2,12.5,3,1,1,29,8,7.2,0,15.0,1.8,-2.72,Dropout
3,5,8,9238,0,2,107.9,9,23,16,6,15,113.3,0,0,0,1,1,0,29,0,3,12,29,13,0.5,9,5,0,1,1,6.0,3,11.0,-0.8,2.12,Graduate
2,16,1,9003,1,4,126.4,21,31,24,13,13,132.0,1,0,0,1,1,0,38,0,6,2,17,12,11.0,0,2,17,4,13,17.4,5,13.6,-0.2,-3.61,Dropout
3,1,5,9147,1,1,125.4,15,4,14,16,18,119.7,1,0,0,1,1,0,25,0,8,10,2,3,16.8,8,6,11,22,2,16.3,3,14.2,0.1,0.45,Enrolled
2,16,4,9119,1,1,139.3,19,16,17,1,1,124.5,1,0,0,1,1,0,22,0,6,1,18,2,7.8,6,8,8,16,2,0.9,4,15.2,2.9,0.36,Graduate
1,7,4,9119,1,1,107.3,15,10,31,8,11,135.9,1,0,0,1,1,0,25,0,1,17,5,3,2.1,2,11,1,13,8,7.1,0,9.5,2.3,3.12,Graduate
1,17,3,8014,1,9,139.4,12,21,4,12,10,133.2,1,0,0,1,1,0,34,0,13,8,5,0,17.8,1,14,4,20,9,14.1,9,8.8,1.4,-3.3,Dropout
6,10,5,9003,1,1,118.2,9,28,34,4,15,115.1,1,0,0,1,0,0,49,0,0,18,24,2,7.5,2,0,17,10,14,11.3,8,11.0,2.8,0.8,Graduate
5,7,4,9119,1,6,110.8,16,12,3,3,10,126.3,1,0,0,1,1,0,54,0,9,6,23,14,9.5,3,5,19,7,10,13.9,6,14.9,1.3,1.69,Enrolled
1,15,3,9070,1,2,127.1,6,13,8,0,2,114.8,0,0,0,1,0,0,38,0,12,13,8,4,17.4,2,6,3,11,3,7.3,7,10.0,2.9,-4.0,Graduate
1,1,8,8014,1,6,141.3,20,17,12,8,9,138.3,0,0,0,1,1,0,49,0,6,15,26,4,10.5,1,8,4,20,10,7.0,7,9.5,0.2,0.84,Graduate
1,10,5,33,0,6,122.7,15,18,2,15,4,147.0,0,0,0,1,1,0,45,0,8,19,0,8,12.2,5,11,16,17,4,13.8,9,7.3,3.4,-3.19,Dropout
2,15,9,9119,0,3,137.7,13,10,29,18,12,116.0,1,1,0,1,0,0,32,0,1,13,10,4,12.8,3,3,4,29,10,5.3,7,13.3,3.5,0.71,Graduate
3,7,9,9085,1,10,134.2,21,28,23,2,5,126.6,1,0,0,1,0,1,20,0,2,14,11,0,13.6,7,14,17,3,11,1.0,3,13.3,2.1,-1.89,Graduate
1,7,9,9238,0,4,177.0,10,13,33,2,19,138.9,1,0,0,1,1,0,52,0,14,14,28,13,14.4,1,6,7,25,13,16.0,7,14.5,2.1,-3.23,Graduate
1,17,2,9119,1,9,125.3,14,34,18,6,2,127.3,0,0,1,0,1,0,26,1,12,10,9,4,1.3,0,11,9,28,13,17.0,8,11.5,1.7,-0.61,Graduate
3,10,9,171,0,4,127.5,3,6,22,17,8,134.3,1,0,0,0,1,0,48,0,14,13,11,10,16.8,1,7,14,7,13,11.0,2,15.0,1.1,0.66,Dropout
2,1,5,9003,1,1,146.6,12,12,14,19,6,127.7,1,0,0,1,1,1,48,0,3,3,0,6,9.8,4,5,14,0,10,13.3,6,7.8,0.0,-1.66,Dropout
1,7,0,171,1,6,129.2,1,29,29,6,6,113.3,0,0,0,1,0,0,30,0,8,2,3,11,9.6,4,4,10,4,12,12.4,6,12.1,0.1,-0.07,Graduate
2,5,4,9130,0,5,133.8,21,13,15,15,1,128.5,0,0,0,1,0,0,36,0,6,3,4,3,15.0,7,1,18,7,1,9.7,5,11.3,2.1,-1.26,Graduate
1,17,9,9119,1,12,103.7,16,26,15,3,7,141.7,1,0,0,1,1,0,34,0,1,17,22,6,5.5,0,0,6,7,12,10.8,1,15.1,1.3,3.05,Graduate
1,15,5,33,1,12,128.2,10,4,4,12,17,131.1,1,0,1,1,1,0,19,0,3,13,2,9,11.8,7,11,13,25,6,9.7,2,15.2,0.2,0.45,Graduate
2,10,7,171,1,10,119.4,9,15,5,9,0,148.1,1,0,0,1,0,0,22,0,3,1,26,11,5.7,9,13,12,9,0,2.0,6,15.8,-0.4,-1.6,Enrolled
2,2,8,171,1,9,122.8,18,16,3,1,9,104.0,0,0,0,1,0,0,34,0,13,19,10,12,13.7,7,2,11,9,2,5.7,9,10.2,3.5,-2.42,Dropout
4,2,2,9003,1,2,133.8,1,19,12,18,5,131.9,0,0,1,0,1,0,48,0,3,2,29,1,7.8,8,7,2,24,4,0.3,7,10.4,2.3,0.31,Enrolled
2,1,1,8014,0,10,129.2,10,26,20,13,17,118.6,1,0,0,1,0,1,25,0,11,4,0,1,3.4,3,4,15,6,8,1.4,6,8.7,0.1,3.36,Dropout
3,5,3,33,0,3,141.6,7,32,20,5,12,115.6,1,0,0,0,0,1,42,0,9,16,7,10,16.4,2,11,11,16,14,9.1,7,13.7,2.6,-0.43,Graduate
1,7,7,171,0,6,144.3,10,6,1,12,0,144.3,1,0,1,1,0,0,35,0,6,3,20,6,13.6,8,9,13,21,4,3.2,2,14.5,-0.0,2.84,Enrolled
1,2,7,9147,1,14,127.3,12,6,3,11,0,123.7,1,0,0,1,0,0,22,0,5,17,20,2,0.3,4,4,11,6,5,6.4,6,14.7,1.9,-0.05,Enrolled
1,1,2,33,1,9,134.5,11,5,9,11,11,122.4,1,0,1,1,1,1,18,0,1,19,21,6,1.2,1,8,3,4,7,15.1,5,15.9,1.8,2.03,Graduate
1,15,3,9147,0,6,99.5,9,2,20,11,7,131.5,0,0,0,1,1,0,44,0,13,15,24,2,6.8,2,8,6,1,4,1.6,2,12.1,-0.3,0.4,Dropout
2,17,2,9119,1,5,134.7,5,2,9,10,4,99.0,1,0,0,1,1,1,36,0,10,11,1,5,14.0,7,8,4,27,6,15.0,2,8.9,2.2,0.37,Dropout
6,5,9,171,1,4,145.8,4,3,31,13,2,144.6,1,0,0,1,0,1,30,0,10,0,10,12,5.0,6,11,14,15,8,16.1,3,12.4,1.7,-0.87,Graduate
1,5,1,171,1,2,116.4,20,6,28,3,17,151.8,1,0,0,1,0,0,49,0,9,3,3,6,17.8,3,12,7,3,5,5.7,0,10.3,2.8,1.14,Graduate
1,16,3,9070,1,12,141.3,13,31,2,12,5,138.9,0,0,1,1,1,0,20,0,13,17,11,4,16.5,8,7,9,20,11,8.2,5,10.0,3.3,-0.32,Graduate
3,1,5,9070,1,9,123.2,8,5,3,7,3,132.4,1,0,0,0,1,0,44,0,1,13,3,13,15.6,0,9,1,19,3,7.4,9,13.3,2.4,2.34,Dropout
1,1,4,9003,1,9,121.3,16,10,14,2,14,124.2,1,0,0,1,1,0,53,0,2,16,22,6,0.2,6,7,6,4,12,2.6,3,8.8,0.6,2.92,Graduate
2,16,2,9238,1,4,151.4,1,27,17,13,3,113.0,0,0,0,1,1,1,46,0,9,14,5,12,17.4,5,1,1,12,8,1.7,9,11.9,0.7,-0.34,Graduate
2,17,1,9238,1,5,129.5,17,24,4,18,5,142.5,0,0,0,1,1,0,34,0,0,14,5,3,10.6,1,1,14,18,12,8.1,9,8.3,0.6,-2.07,Graduate
2,7,8,8014,1,6,143.0,15,22,30,17,17,138.9,0,0,0,1,1,0,25,0,13,16,25,0,10.6,8,4,9,28,2,10.2,1,15.0,3.1,-0.66,Enrolled
1,1,0,9003,1,2,100.7,15,25,14,10,17,132.9,0,0,0,1,1,0,23,0,8,1,13,10,1.8,8,5,16,6,2,8.8,8,7.8,1.4,1.27,Dropout
1,16,8,9238,1,4,120.9,18,3,27,12,9,131.3,0,0,0,1,1,0,52,0,6,7,0,13,11.0,6,14,14,28,10,12.2,4,15.4,3.5,-0.25,Enrolled
3,7,0,9003,1,4,140.7,6,16,13,5,12,130.9,1,0,1,1,1,0,31,0,6,9,8,14,9.5,6,14,15,24,11,8.6,3,16.0,2.1,-1.06,Dropout
2,17,6,171,1,4,131.9,2,30,20,17,19,120.2,1,0,0,1,1,0,43,0,8,3,22,7,9.7,3,4,0,18,14,15.5,3,9.1,1.9,-3.86,Graduate
1,7,5,9070,1,9,127.2,5,4,24,19,17,159.5,1,0,0,1,1,0,21,0,6,17,2,9,3.4,6,13,5,25,9,10.9,3,7.8,3.2,-2.67,Dropout
3,10,6,9070,1,9,139.1,19,16,10,0,6,123.3,0,0,0,1,1,0,54,1,0,7,25,9,9.8,8,7,17,23,12,4.1,4,7.3,1.9,2.31,Graduate
1,5,2,9070,1,9,117.5,7,8,7,1,7,121.5,0,0,0,1,1,0,21,0,3,2,19,1,1.3,9,10,2,3,1,15.8,2,8.3,2.9,1.73,Enrolled
2,15,2,9238,1,9,148.3,9,24,17,6,5,141.6,0,0,0,1,1,0,38,0,8,15,0,8,0.4,8,0,18,14,10,15.5,6,15.2,1.4,-3.43,Enrolled
1,5,0,33,1,2,126.8,2,16,22,4,1,126.6,0,0,0,1,1,0,39,0,5,16,17,14,3.8,8,5,11,20,5,6.7,5,13.6,1.9,-3.26,Dropout
6,5,3,9085,1,5,117.8,7,27,11,18,7,126.8,1,0,1,1,1,1,29,0,13,17,5,12,14.4,9,13,9,21,10,3.4,0,7.8,0.4,3.01,Graduate
1,10,1,171,1,14,118.7,14,2,23,1,9,145.4,1,0,0,1,1,0,22,0,7,19,6,5,10.9,4,9,3,20,12,14.0,3,15.7,3.1,1.98,Graduate
1,7,9,9119,1,2,128.8,15,20,22,2,16,135.8,1,0,0,0,0,0,50,0,2,0,20,12,16.1,2,9,5,22,10,1.1,4,12.9,0.5,-0.99,Dropout
1,7,7,9003,1,5,123.6,12,20,18,19,11,136.5,0,0,0,1,1,0,18,0,5,3,14,4,7.0,2,13,3,17,1,7.7,2,15.4,3.5,3.3,Graduate
1,1,2,9070,1,6,137.9,20,20,26,9,10,108.6,1,1,0,1,0,0,25,0,14,5,1,5,6.3,7,14,0,6,10,8.3,0,13.4,0.9,3.31,Graduate
4,10,6,9070,1,3,129.3,4,19,30,9,16,132.2,1,0,0,1,1,1,38,0,3,10,22,9,12.6,7,4,9,14,1,11.3,3,10.4,1.2,3.49,Dropout
6,1,6,9070,0,6,124.7,13,18,13,7,15,113.9,1,0,0,0,1,0,42,0,14,3,22,0,7.3,9,1,5,20,2,4.9,5,7.6,1.4,-1.18,Graduate
1,10,8,171,1,5,135.3,9,13,4,8,9,121.1,1,0,0,1,1,0,36,1,7,11,2,3,6.9,8,10,15,8,2,6.4,4,7.1,0.9,-0.03,Graduate
1,1,5,9070,1,4,122.1,12,17,27,1,19,129.3,0,0,1,1,1,1,26,0,14,6,11,5,8.4,1,7,8,11,1,17.2,6,12.5,1.8,0.87,Graduate
2,2,0,8014,1,14,137.4,10,33,10,2,2,126.5,0,0,0,1,1,1,37,0,2,3,16,5,2.1,0,6,8,6,14,15.7,9,11.5,2.1,2.14,Dropout
4,16,7,9003,1,12,134.9,9,28,28,15,18,135.5,1,0,0,1,1,0,27,0,4,19,14,5,3.7,2,9,11,12,14,6.9,3,12.2,-0.0,-2.59,Dropout
2,5,0,171,1,10,134.3,21,5,21,3,3,137.0,1,0,1,1,1,0,37,0,12,19,29,6,10.9,7,4,2,6,1,17.4,1,15.7,2.9,-1.58,Graduate
1,5,2,9003,1,9,124.6,7,28,11,5,18,138.0,0,0,0,1,0,1,34,0,1,10,0,8,11.0,5,1,9,18,5,1.1,8,15.1,2.2,-1.35,Graduate
1,17,4,9147,1,1,120.6,12,25,20,12,8,109.5,0,0,0,1,1,1,18,0,11,4,13,8,10.6,2,1,14,21,7,5.5,5,10.2,2.5,2.26,Enrolled
2,15,7,9130,1,12,142.1,16,20,19,5,19,157.7,1,0,0,1,1,0,52,0,6,11,28,2,3.6,0,0,2,13,14,12.8,4,9.9,3.4,-0.44,Dropout
1,16,8,8014,1,12,139.2,15,21,10,9,16,126.7,1,0,1,1,1,0,45,0,8,8,12,3,7.8,4,10,13,10,9,10.8,0,9.6,2.8,0.32,Graduate
2,7,6,33,1,6,114.9,7,13,15,16,3,142.8,1,0,0,1,1,0,38,0,4,9,12,0,16.6,5,7,14,9,13,9.5,4,15.5,2.0,1.86,Graduate
1,15,8,33,1,9,123.5,8,6,18,7,16,94.3,0,0,1,1,1,0,32,0,11,3,26,11,15.5,6,11,13,29,9,13.9,7,15.2,0.6,0.77,Graduate
3,2,2,9085,1,3,150.1,7,29,7,8,2,123.6,1,0,0,0,0,0,40,0,8,14,27,0,10.0,9,5,7,5,3,17.6,9,15.4,1.9,2.86,Graduate
1,17,4,8014,1,5,144.8,11,9,30,1,19,108.0,1,0,1,0,0,0,18,0,14,6,12,3,16.2,9,1,7,2,11,12.5,2,9.1,-0.5,-2.9,Graduate
2,15,9,9003,1,9,112.4,4,29,14,16,3,115.8,1,0,0,1,0,0,47,0,12,7,23,5,12.2,3,5,4,25,3,7.8,4,11.2,2.0,-0.49,Dropout
1,17,7,33,1,1,130.2,18,1,30,19,8,127.7,1,0,0,1,0,0,42,0,1,14,6,11,7.4,9,3,4,28,10,12.3,2,10.2,1.1,-1.12,Graduate
2,5,0,9130,1,1,136.3,19,30,27,10,5,122.6,1,0,0,1,0,0,23,0,7,6,29,11,14.0,0,13,2,26,5,9.5,9,9.9,2.3,2.12,Dropout
1,7,7,33,1,5,144.9,7,32,17,17,18,144.1,0,0,0,1,1,0,52,0,2,5,3,2,5.4,6,2,0,16,14,11.4,7,7.9,0.5,-0.41,Dropout
2,2,6,9070,1,12,131.9,13,23,30,2,6,150.0,1,0,0,1,1,0,53,0,9,11,3,4,15.4,8,11,11,25,4,12.1,5,14.6,2.0,2.91,Enrolled
2,5,0,9085,0,9,137.3,9,10,18,8,15,114.4,0,0,0,1,0,0,34,0,4,11,12,8,5.9,8,14,10,10,3,17.9,9,9.7,2.8,-1.94,Dropout
2,16,9,171,1,1,144.0,18,21,3,7,14,120.7,0,0,0,1,1,1,43,0,2,14,11,10,14.3,5,8,9,3,10,8.9,6,10.2,-0.3,-2.19,Dropout
2,1,9,9119,1,5,146.0,7,26,28,6,15,113.6,0,0,0,1,0,1,46,0,4,1,0,0,5.1,1,2,11,8,4,13.8,2,12.5,2.2,0.38,Dropout
2,10,5,9119,1,10,127.3,20,15,30,6,13,142.0,0,0,0,1,0,0,26,0,4,15,11,0,16.5,0,7,8,8,8,17.1,2,15.3,3.6,-3.68,Graduate
3,2,0,33,1,10,130.7,16,17,21,7,3,129.1,1,0,1,1,0,0,47,0,0,4,27,1,3.3,1,9,9,25,4,4.0,3,13.5,3.1,0.94,Dropout
1,7,1,9003,0,2,118.6,5,25,20,19,1,127.4,0,0,1,0,1,0,32,0,11,5,16,14,12.9,8,7,12,2,6,6.9,8,12.8,-0.2,1.74,Graduate
3,17,4,9003,1,9,125.9,7,15,22,4,6,131.1,0,0,0,1,1,1,35,0,7,17,16,5,7.4,4,14,8,27,0,10.0,6,7.9,1.2,-2.07,Graduate
1,15,1,9070,1,14,123.9,6,33,21,2,6,123.0,1,0,0,1,0,0,52,0,13,8,23,9,0.3,8,4,0,7,12,7.1,3,12.6,0.3,-1.36,Graduate
1,16,9,33,1,5,127.2,2,11,24,18,5,115.9,0,0,0,1,1,0,49,0,6,9,1,10,6.0,1,5,11,2,2,13.1,9,9.4,-0.5,0.98,Dropout
1,15,0,33,1,12,128.6,7,24,21,1,19,127.7,0,0,0,1,0,0,22,0,7,3,6,8,3.6,1,14,0,10,5,3.0,2,12.8,2.8,0.16,Graduate
1,2,5,9119,1,3,142.2,21,6,7,13,8,123.5,1,0,0,1,0,0,32,0,2,14,9,7,10.0,4,4,17,18,5,17.0,7,9.9,2.9,0.69,Enrolled
3,16,7,9147,1,1,135.2,9,28,8,1,16,131.5,0,0,1,1,0,0,20,0,14,15,6,10,4.7,4,11,8,25,10,6.8,9,7.7,2.1,0.18,Dropout
2,7,7,33,1,4,110.8,13,29,22,9,10,105.8,1,0,0,1,0,1,25,0,6,14,22,4,1.3,9,3,11,21,0,16.5,3,14.6,-0.4,-0.29,Graduate
3,2,7,171,1,9,138.3,17,21,22,19,15,129.4,0,0,0,1,1,0,41,0,13,8,20,7,17.2,6,2,11,5,11,17.2,6,12.0,-0.5,-3.83,Graduate
1,7,5,9085,1,1,121.8,17,12,30,9,0,118.0,0,0,1,1,1,0,39,0,6,19,21,4,15.2,2,7,3,9,1,3.5,2,9.5,1.7,-1.24,Enrolled
1,15,2,9085,1,2,113.7,15,22,34,16,15,129.0,1,0,0,1,0,1,20,0,1,12,10,14,0.8,7,5,3,1,3,10.2,7,10.2,3.3,0.51,Graduate
1,5,0,171,0,5,112.9,18,27,29,1,16,138.8,0,0,0,1,0,0,21,0,2,4,27,9,4.9,2,0,12,6,2,13.7,1,12.6,-0.0,1.99,Enrolled
1,16,1,9147,1,12,132.5,15,21,10,0,5,119.8,0,0,0,1,1,0,42,0,11,4,23,9,11.3,6,7,13,22,7,0.6,3,13.1,2.0,2.47,Enrolled
1,1,4,9003,1,1,145.9,11,15,5,17,10,142.6,0,0,0,1,0,0,43,0,5,0,3,2,5.8,0,3,4,18,4,7.2,5,11.4,1.4,-1.32,Enrolled
1,5,9,9119,1,4,126.8,12,18,34,3,6,104.4,0,0,1,1,1,1,20,0,3,6,2,6,5.1,9,14,6,26,4,7.5,5,11.7,0.4,1.23,Dropout
1,1,4,9085,1,3,144.1,17,10,10,0,15,147.1,0,0,0,1,1,0,37,0,3,5,28,12,10.7,4,1,1,11,11,12.0,3,8.0,1.1,-3.44,Enrolled
2,15,9,8014,1,5,131.3,12,22,9,16,1,143.1,0,0,0,1,0,0,41,0,0,18,27,5,3.5,8,4,5,6,5,9.4,4,8.3,1.2,-1.32,Enrolled
2,17,0,9130,1,5,97.7,7,20,32,2,19,115.5,1,0,0,0,0,0,27,0,12,7,1,6,11.7,3,1,16,22,5,13.2,5,8.9,-0.1,-2.85,Dropout
6,16,0,9119,1,14,139.2,7,19,5,1,12,115.6,1,0,0,1,0,0,47,0,7,13,3,4,1.6,2,1,12,8,12,6.5,8,11.8,-0.0,-0.5,Dropout
5,5,8,9147,1,2,121.9,21,28,11,17,12,107.6,1,0,0,1,1,0,33,0,1,5,16,7,5.8,4,9,12,0,10,7.3,7,10.8,2.2,0.79,Dropout
2,5,1,8014,1,5,117.8,10,1,16,3,14,139.0,1,0,0,1,1,0,23,0,5,8,19,7,2.1,8,5,17,2,10,7.3,4,12.1,-0.2,3.06,Enrolled
1,2,6,33,1,12,139.3,16,34,27,2,14,122.7,1,0,0,0,1,1,43,0,9,7,3,10,5.3,1,4,6,8,3,5.9,6,8.6,2.7,2.33,Graduate
2,10,9,171,1,5,132.0,11,26,20,11,8,121.8,1,0,0,1,1,0,29,0,9,8,24,4,12.3,6,9,19,26,12,1.4,1,15.7,3.0,-2.82,Graduate
3,15,3,33,1,14,129.0,16,30,1,15,17,112.4,1,0,0,1,1,1,47,0,14,7,25,9,13.8,8,10,3,12,9,8.2,9,12.5,-0.3,1.72,Graduate
1,7,6,9070,0,2,131.5,2,12,26,10,13,150.6,1,0,0,1,1,0,20,0,10,11,24,10,2.6,3,7,2,0,10,15.5,0,8.2,3.4,0.31,Enrolled
1,15,7,9238,1,9,117.3,2,14,11,9,13,114.4,1,0,0,1,1,0,25,0,0,1,21,11,13.4,4,9,4,17,14,7.7,8,10.3,3.6,2.14,Dropout
3,7,4,171,1,6,156.5,18,4,15,18,3,127.3,1,0,0,1,0,0,46,0,0,16,18,6,1.5,4,10,8,21,1,2.6,9,15.8,-0.6,-0.45,Enrolled
1,16,0,8014,1,9,132.6,5,12,18,9,13,129.8,1,0,0,1,1,1,40,0,14,8,9,3,3.9,6,2,9,17,9,5.5,0,15.7,-0.8,-2.53,Graduate
2,7,3,9130,1,10,132.4,14,24,24,2,9,121.8,1,0,0,1,1,0,20,0,9,9,27,6,9.0,8,7,7,1,3,13.6,1,7.6,3.5,-3.47,Graduate
2,17,9,9238,1,14,128.7,8,31,28,5,10,119.2,0,0,0,1,0,0,19,0,1,12,24,5,17.5,7,7,0,20,5,4.6,2,14.5,-0.4,-2.04,Graduate
1,1,2,9070,1,5,105.8,6,1,25,13,0,122.2,1,0,0,1,1,0,45,0,5,9,29,11,17.5,6,14,7,25,11,1.1,7,12.8,0.4,-2.59,Enrolled
1,7,9,9003,1,2,119.9,9,1,23,11,13,134.3,1,0,0,1,0,0,37,0,3,18,15,12,8.6,7,3,10,12,6,1.0,5,8.7,1.3,0.56,Dropout
1,7,4,9070,1,9,111.6,6,15,11,7,7,122.5,1,0,0,1,1,0,28,0,10,2,21,1,14.5,3,7,4,7,3,10.9,5,14.5,-0.1,0.82,Enrolled
1,2,9,9238,1,9,110.2,21,13,33,1,5,148.1,1,0,0,1,1,0,34,1,7,7,8,14,10.0,4,13,8,18,8,16.2,6,12.8,1.1,-0.71,Graduate
1,5,9,9085,1,10,106.9,17,29,16,8,10,116.9,0,0,0,1,0,0,21,0,6,12,9,1,13.5,1,3,16,19,7,4.7,8,8.0,3.4,-0.62,Graduate
3,15,5,9119,1,9,120.5,8,4,23,13,13,136.8,1,0,0,1,1,1,39,0,3,2,29,12,11.8,4,9,0,20,6,17.8,3,14.6,3.2,2.5,Graduate
1,15,1,9147,1,14,130.3,3,15,6,0,6,104.2,0,0,0,1,0,1,33,0,12,9,8,9,12.5,9,11,16,17,11,4.0,7,13.8,-0.1,-2.97,Graduate
1,16,6,33,1,9,108.7,12,12,24,2,6,116.9,0,0,1,1,1,0,53,0,3,5,14,6,7.9,1,3,5,14,6,6.2,3,7.1,3.4,-3.24,Graduate
1,16,2,9003,1,12,140.5,13,25,6,19,18,116.4,1,0,0,0,1,1,47,0,12,5,26,6,15.0,0,3,13,17,0,8.4,3,9.3,2.4,-3.51,Dropout
5,17,0,9147,1,10,134.5,18,27,10,5,9,112.6,1,0,0,1,1,0,28,0,4,4,12,2,8.0,7,10,13,4,8,1.9,6,9.4,3.6,-0.46,Graduate
1,7,9,9070,1,2,126.5,11,6,22,19,8,130.7,0,0,0,1,0,1,38,0,11,6,15,2,12.7,1,5,4,24,6,5.3,3,11.1,-0.0,1.85,Graduate
1,10,2,9130,0,2,162.4,2,23,23,12,17,125.6,1,0,0,1,1,0,21,0,14,10,14,12,15.7,0,10,16,25,8,10.8,6,9.1,-0.5,1.01,Graduate
4,15,8,33,1,9,126.4,14,15,5,10,16,97.4,1,0,0,0,0,0,36,0,6,19,3,1,11.8,8,13,3,8,8,0.2,3,14.4,1.1,-3.39,Enrolled
3,16,9,9003,0,14,142.0,1,5,28,14,12,152.9,0,0,0,1,0,1,32,0,14,14,2,12,9.2,5,11,8,24,7,8.7,6,13.3,3.6,-0.24,Dropout
1,7,5,9147,1,14,133.1,15,23,9,17,3,129.3,0,0,0,1,0,1,26,0,9,11,0,9,9.5,8,5,6,23,6,11.9,5,7.3,1.3,-3.75,Dropout
3,16,5,33,1,3,151.6,18,15,28,18,6,127.0,1,0,1,1,1,0,28,0,11,5,20,14,12.8,4,0,4,15,1,5.4,6,13.4,2.1,-3.1,Enrolled
1,17,3,33,0,1,146.3,18,25,25,18,7,144.0,0,0,0,1,0,1,22,0,12,0,3,9,1.7,6,3,13,19,11,15.7,0,15.6,1.6,-2.48,Graduate
1,1,7,9003,1,12,125.5,17,30,27,5,15,139.9,0,0,0,1,0,0,39,0,8,2,2,5,11.5,5,2,19,11,5,5.0,7,11.4,3.2,-0.82,Graduate
1,1,4,8014,1,3,126.0,1,4,24,14,11,123.1,0,0,1,1,1,1,41,0,4,11,14,14,6.7,2,8,12,22,9,16.4,0,8.6,3.1,-1.29,Graduate
1,16,6,9119,1,1,109.9,14,13,16,13,0,101.6,1,0,0,1,0,0,37,0,13,15,23,10,2.4,0,9,16,13,6,15.0,3,14.9,3.5,1.09,Graduate
2,1,8,8014,0,6,131.7,20,23,2,4,5,134.3,0,0,0,1,1,0,35,0,2,0,15,10,16.4,1,8,1,3,10,4.2,8,12.9,1.9,1.7,Graduate
1,16,4,33,1,4,139.8,16,16,2,10,0,114.5,1,0,0,1,1,1,50,0,8,14,25,5,9.0,5,0,1,15,0,1.1,9,10.9,1.7,2.81,Graduate
1,7,4,9238,0,1,129.1,4,16,5,19,7,143.1,1,0,0,1,0,0,36,0,11,3,6,10,8.2,4,1,5,5,14,0.6,5,10.7,-0.5,0.54,Graduate
2,2,3,171,1,4,151.0,6,7,21,12,11,116.9,0,0,0,0,1,0,19,0,12,12,15,8,9.8,6,8,6,10,0,14.0,2,9.5,0.6,-2.09,Graduate
3,10,5,9238,1,10,132.2,16,13,10,12,15,121.1,1,0,0,1,1,0,23,1,13,11,27,5,11.2,5,10,15,21,1,10.1,0,8.0,0.8,-0.2,Dropout
1,7,1,9003,1,9,148.7,20,29,18,3,0,109.5,0,0,0,1,1,1,19,0,0,9,17,14,3.5,2,10,2,4,13,3.2,5,14.8,1.5,0.78,Graduate
2,2,2,33,0,1,127.6,6,20,26,8,3,110.6,1,0,0,1,1,0,20,0,1,1,11,7,11.3,8,1,19,0,3,3.0,0,15.8,-0.2,-2.67,Dropout
1,2,0,33,1,14,112.6,15,29,20,12,18,125.6,1,0,1,1,1,0,50,0,3,17,24,4,6.3,4,5,13,5,8,6.8,2,15.5,1.6,-0.91,Enrolled
3,15,1,9130,1,12,120.6,1,18,21,7,17,124.4,0,0,0,1,1,1,22,0,12,8,29,11,12.9,6,1,11,17,6,1.6,7,8.5,0.4,-1.64,Graduate
2,7,1,9119,1,6,129.5,7,22,2,19,7,120.8,1,0,0,1,1,0,37,0,5,11,7,7,13.9,4,4,17,10,7,12.4,4,10.8,3.6,0.83,Dropout
6,7,7,9130,0,2,118.8,11,8,33,10,5,153.7,0,0,0,1,1,0,20,0,2,17,10,1,0.1,2,6,19,23,2,17.1,3,9.6,0.1,-3.36,Graduate
1,16,7,9003,1,3,105.2,1,3,23,18,12,134.8,0,0,0,1,0,1,28,0,9,13,27,8,12.9,4,0,17,14,13,7.5,9,10.1,-0.0,2.15,Graduate
1,2,1,9085,1,9,100.0,8,29,31,0,19,127.1,0,0,0,1,1,0,37,0,2,6,9,5,6.3,6,5,13,27,6,15.7,2,9.9,1.5,-3.34,Graduate
1,2,5,8014,1,3,145.2,14,9,4,8,2,91.2,1,0,0,1,1,1,50,0,8,11,3,10,5.5,7,7,1,28,7,5.9,9,15.4,3.4,2.24,Graduate
1,2,4,9130,1,3,135.8,5,8,3,1,14,137.7,0,0,0,1,1,0,23,0,2,7,3,4,6.7,6,6,9,14,3,4.4,9,15.5,-0.3,-3.01,Graduate
1,16,2,9003,1,5,134.1,13,30,10,3,5,165.9,1,0,0,1,1,0,37,0,4,14,14,14,10.4,4,9,18,6,13,6.0,9,7.4,3.3,1.8,Dropout
5,15,4,8014,1,3,132.5,15,12,32,3,5,124.6,1,0,0,1,1,0,41,0,12,10,22,1,2.1,2,7,6,15,1,3.8,5,11.8,-0.3,2.5,Graduate
1,7,4,9003,1,3,121.8,9,28,27,0,4,116.5,1,0,1,1,1,0,22,0,2,1,22,9,12.6,5,11,10,2,11,4.3,3,13.0,-0.0,0.32,Graduate
1,2,4,9085,1,5,141.9,8,10,19,17,18,129.1,1,0,0,0,1,0,43,0,0,6,3,0,8.0,9,4,7,14,8,12.4,6,9.2,-0.1,2.79,Graduate
3,1,2,9119,1,5,103.9,19,13,1,13,9,108.4,0,0,0,0,1,0,51,0,4,14,16,2,2.9,8,13,7,21,3,15.6,7,7.6,0.2,-1.85,Dropout
1,7,2,9119,1,12,98.7,17,2,26,12,8,133.0,1,0,0,1,0,0,17,0,14,12,13,11,9.2,8,0,3,9,7,6.9,7,7.7,2.6,-1.52,Graduate
3,16,3,9003,1,1,127.0,19,1,13,7,13,146.5,1,0,0,1,1,0,33,0,4,12,29,9,10.3,5,2,11,18,0,10.6,5,13.6,1.1,-1.22,Graduate
1,15,6,9130,1,1,131.9,18,22,2,5,4,118.3,0,0,0,1,1,0,21,0,10,6,5,7,6.2,6,4,5,0,11,2.9,4,10.3,2.9,3.23,Dropout
1,1,1,9119,0,12,116.7,18,33,22,16,6,118.7,1,0,0,1,1,1,48,0,2,9,21,6,16.2,6,11,11,3,11,13.6,6,12.1,0.7,-3.52,Dropout
1,16,9,171,1,5,106.1,4,16,28,10,16,126.0,0,0,0,1,1,0,34,0,8,13,2,10,12.6,4,10,16,26,9,1.6,8,9.8,1.3,-4.0,Graduate
1,5,3,9130,1,4,138.9,2,29,2,14,16,120.5,1,0,1,0,0,0,51,0,9,14,29,14,11.9,7,10,12,6,1,3.2,9,14.3,1.4,-3.67,Dropout
5,7,3,9147,1,2,123.8,5,10,11,6,8,107.3,1,0,0,1,0,1,52,0,11,9,13,8,1.0,2,14,5,8,4,7.5,7,7.8,1.3,-0.36,Graduate
1,5,0,9070,1,12,140.4,17,7,26,7,6,122.0,1,0,0,1,1,0,26,0,11,8,4,6,9.0,5,4,1,6,7,2.1,4,7.1,1.0,-2.39,Enrolled
1,16,9,9003,1,6,149.6,7,1,28,10,0,119.4,1,0,0,0,1,1,18,0,3,7,27,4,15.3,0,12,5,2,5,16.1,2,11.0,0.8,-0.37,Graduate
1,16,7,9003,1,12,105.9,16,26,26,1,1,144.8,1,0,0,1,1,1,34,1,2,9,7,13,12.0,3,8,2,1,14,8.9,6,10.6,3.0,-0.03,Graduate
1,16,0,9003,1,5,133.2,1,5,17,19,9,142.0,0,0,1,1,0,0,51,0,12,15,19,14,4.2,7,2,8,11,5,5.1,6,7.2,1.0,-0.39,Graduate
4,2,7,9085,0,4,133.7,12,13,3,10,18,145.2,0,0,0,1,0,0,38,0,4,8,8,12,15.5,2,4,19,3,3,2.5,7,14.5,-0.2,-0.67,Graduate
1,15,6,9003,1,9,141.2,19,27,14,13,7,137.4,0,0,0,1,1,0,21,0,13,0,25,0,6.7,3,1,19,10,9,3.1,9,11.8,0.1,-1.08,Graduate
2,2,8,9119,1,5,122.0,9,12,16,12,8,129.7,1,0,0,0,1,1,40,0,6,10,4,3,16.5,3,14,0,28,14,13.1,5,14.6,2.3,-1.61,Dropout
6,15,7,9119,1,10,130.8,16,30,28,7,14,115.6,1,0,1,1,0,0,48,0,1,1,20,4,9.2,2,1,14,17,13,15.9,6,11.1,3.7,-1.61,Graduate
2,10,4,9070,1,10,141.0,7,32,28,11,10,144.2,1,0,0,1,1,1,50,0,14,7,28,8,14.2,1,4,0,1,9,11.6,1,12.6,2.3,-2.46,Graduate
5,2,7,9070,1,2,136.6,15,31,25,8,11,131.5,0,0,0,1,1,0,53,0,4,5,22,4,11.0,1,12,12,25,2,6.4,9,7.3,-0.4,-1.05,Graduate
1,5,9,9238,1,5,153.4,12,5,9,9,17,110.8,0,0,0,1,1,1,27,0,2,0,16,8,5.2,6,8,2,20,14,4.7,1,14.1,1.6,0.09,Dropout
1,15,2,9130,1,14,117.0,4,2,11,10,1,115.1,1,0,0,1,0,0,26,0,8,10,28,4,11.8,0,13,0,12,13,8.8,5,7.6,1.9,3.05,Graduate
1,2,9,9119,1,10,133.1,6,7,21,10,14,110.6,0,0,0,1,1,0,39,0,7,9,5,14,0.2,2,12,19,17,10,5.4,0,9.5,1.8,1.43,Graduate
2,7,6,9119,0,3,128.7,6,1,2,15,9,100.3,1,0,0,1,1,0,54,0,8,16,17,11,15.0,5,1,7,11,8,8.9,6,11.2,-0.1,2.83,Dropout
6,16,3,9085,1,9,126.9,15,3,34,17,6,132.1,0,0,0,1,0,1,26,0,5,16,18,8,17.4,9,12,11,16,13,0.2,5,9.3,2.2,-2.41,Dropout
1,15,4,9119,1,3,138.8,3,20,13,8,8,110.9,0,0,0,1,0,0,23,0,3,18,28,11,3.7,2,7,5,18,13,15.9,2,7.5,-0.7,-2.18,Dropout
2,15,8,9119,1,6,131.7,2,2,5,2,16,117.2,0,0,0,1,1,0,29,0,11,5,29,11,15.9,0,12,17,15,13,10.6,7,13.3,2.6,-1.76,Graduate
1,2,6,9238,0,2,114.0,5,21,11,3,13,127.5,0,0,0,1,1,0,39,0,8,17,23,5,3.0,2,2,8,18,0,8.8,0,10.6,0.4,3.26,Graduate
2,10,3,171,1,6,144.3,8,32,29,19,8,124.6,1,0,0,1,1,1,27,0,3,10,19,9,8.8,3,2,3,12,3,8.6,3,13.7,3.5,-0.06,Enrolled
1,2,5,9238,1,6,138.9,19,20,28,18,6,117.7,1,0,0,0,1,0,51,0,3,9,15,0,5.3,0,12,19,1,9,13.8,7,9.2,0.9,2.16,Dropout
6,17,9,171,1,10,152.1,21,31,28,9,14,146.7,1,0,0,1,1,1,24,0,1,2,6,3,3.5,3,13,9,17,10,9.8,8,11.3,-0.5,2.1,Graduate
2,5,6,9238,1,5,140.9,16,33,5,12,2,107.2,0,0,0,1,1,1,39,0,14,16,9,13,13.6,8,1,9,27,4,11.5,1,10.2,3.7,2.64,Dropout
1,5,9,9119,1,1,126.8,19,24,20,0,1,107.7,0,0,0,1,1,0,52,0,14,14,25,9,14.5,9,3,19,22,8,14.3,5,10.9,2.1,-2.5,Dropout
1,15,8,9238,1,10,126.9,16,18,10,11,2,133.0,1,0,1,1,0,0,23,0,0,9,20,9,15.1,1,11,12,2,4,15.4,7,15.8,1.7,-0.14,Enrolled
1,15,3,9119,1,12,145.5,6,20,32,10,1,118.9,0,0,0,1,0,1,26,0,9,14,15,11,0.2,2,12,14,9,12,9.9,2,10.6,0.8,0.43,Enrolled
1,2,9,9119,1,1,118.5,1,32,29,4,12,118.4,1,0,0,1,1,0,28,0,13,15,27,13,15.3,4,6,8,2,4,10.5,7,11.6,1.2,-0.17,Dropout
1,5,2,9070,1,5,116.4,18,5,2,1,12,113.0,1,0,0,1,0,0,47,1,3,19,17,2,0.9,5,4,8,21,5,12.3,7,15.6,1.2,2.4,Graduate
4,5,7,33,1,6,133.3,8,2,1,16,1,131.4,1,0,1,1,0,0,27,0,12,5,16,8,8.1,4,2,8,10,14,8.5,2,7.4,0.4,3.04,Graduate
2,10,0,171,1,4,107.6,5,26,20,16,19,129.9,0,0,0,1,0,0,53,0,5,11,20,0,3.2,7,10,16,17,13,16.3,3,9.9,0.7,-2.39,Dropout
1,7,8,9147,1,2,135.2,12,25,1,19,18,128.5,0,0,0,1,1,1,42,0,14,7,19,6,16.3,4,7,3,18,4,9.8,2,8.8,3.4,-3.62,Graduate
1,10,0,9130,1,5,137.0,18,22,4,14,8,119.4,0,0,0,1,0,0,21,0,3,13,5,10,10.4,4,7,4,26,0,16.6,2,11.1,-0.0,1.51,Dropout
4,17,1,9130,1,4,126.3,5,22,15,3,4,117.2,0,0,0,1,1,0,23,0,3,3,18,0,8.4,0,7,12,7,6,14.5,4,8.1,1.4,-0.2,Enrolled
2,1,7,9238,1,9,151.1,13,11,30,10,6,124.9,1,0,0,1,1,0,52,0,1,19,1,5,8.0,5,3,13,11,12,6.5,6,11.1,3.3,3.05,Graduate
1,16,8,33,1,6,146.9,21,11,6,0,12,139.6,1,0,0,1,1,0,23,1,2,1,18,14,7.3,6,2,7,7,12,12.0,1,9.6,2.7,1.31,Enrolled
2,10,6,9085,1,3,118.3,12,4,1,9,0,147.4,0,0,0,1,0,0,52,0,13,2,19,11,8.5,4,7,16,28,14,12.9,2,15.7,3.7,-1.7,Graduate
1,17,2,9147,1,12,139.8,16,33,7,17,8,141.4,0,0,1,0,0,0,22,0,2,17,21,1,10.2,2,5,9,12,0,8.4,8,8.4,2.7,-0.04,Graduate
1,2,6,9130,1,4,144.8,14,18,5,14,1,133.6,0,0,0,1,0,0,37,0,12,11,15,6,14.7,6,6,17,27,0,12.7,2,11.2,-0.7,2.74,Graduate
1,7,5,8014,0,5,131.2,11,31,7,18,2,139.8,1,0,0,1,0,0,17,0,6,8,24,1,4.3,7,13,13,15,0,4.3,5,13.2,0.1,2.36,Graduate
1,2,1,9003,1,3,123.5,9,28,3,3,11,111.6,1,0,0,0,0,0,18,0,3,19,11,14,14.5,8,0,7,25,7,5.2,5,12.4,3.4,-0.52,Graduate
1,16,2,8014,0,10,113.4,10,22,12,5,4,117.7,1,0,0,1,1,1,19,0,14,11,10,2,14.9,6,12,7,18,12,11.6,4,10.0,3.5,-2.38,Dropout
5,17,9,9085,1,9,121.6,16,3,15,1,11,133.8,1,0,0,1,0,1,50,0,2,12,11,11,15.3,2,10,17,13,14,8.7,5,9.4,1.7,-3.25,Dropout
3,1,9,9147,1,9,113.7,19,7,20,12,3,125.5,1,0,1,1,1,0,30,0,4,2,27,11,16.9,4,9,12,14,13,6.9,1,10.7,1.2,-2.76,Enrolled
2,7,4,9130,1,10,143.7,10,20,21,1,11,131.4,1,0,1,1,1,0,41,0,3,17,1,14,17.2,6,13,15,5,13,1.2,6,7.6,2.0,-0.71,Dropout
1,15,9,9238,0,9,126.2,21,7,32,12,4,139.7,1,0,1,1,1,0,53,0,0,13,5,9,1.9,5,11,19,23,3,17.7,3,10.1,3.2,1.36,Dropout
1,5,3,9003,1,3,137.8,4,7,12,14,13,137.7,0,0,0,1,1,1,53,0,5,16,11,14,15.8,5,13,17,21,10,4.1,4,12.4,1.3,-2.76,Dropout
2,10,1,171,1,3,148.9,21,29,7,17,13,112.8,0,0,0,1,1,0,32,0,4,1,24,4,15.2,2,5,3,17,10,11.2,5,15.9,2.1,1.11,Enrolled
1,17,3,9130,1,2,133.2,8,26,31,10,9,127.2,0,0,1,1,0,0,31,0,6,19,1,4,6.8,4,2,3,22,4,14.3,3,12.7,0.2,-1.75,Graduate
1,2,7,9130,1,1,147.7,11,3,1,4,9,115.0,0,0,1,1,0,1,40,0,7,10,0,5,12.4,7,6,2,21,4,9.1,8,15.5,1.7,0.68,Graduate
1,1,4,9085,0,5,124.7,6,17,11,13,4,116.9,0,0,0,1,0,1,24,0,2,11,26,6,16.7,8,2,12,21,1,10.4,5,7.0,-0.2,-0.38,Dropout
3,5,4,9130,1,4,135.8,4,20,34,15,17,104.8,0,1,0,1,1,0,18,0,3,19,29,6,1.6,1,1,18,24,14,9.6,3,14.0,-0.7,2.55,Dropout
1,10,9,9147,1,2,133.1,21,34,19,13,16,128.7,0,0,0,1,1,0,42,0,4,6,27,0,6.4,1,2,6,18,12,11.5,6,11.2,1.8,2.94,Graduate
1,5,2,33,1,1,119.5,5,33,11,8,9,103.8,1,0,0,1,0,1,34,0,7,13,29,5,17.5,2,9,16,16,1,7.5,6,12.6,2.3,-1.15,Graduate
3,10,7,9147,1,3,125.4,18,16,33,5,10,132.1,1,0,0,1,1,0,34,0,9,15,12,0,9.9,6,6,8,19,10,6.4,3,10.2,0.2,-1.26,Dropout
1,17,5,171,1,6,151.2,3,23,33,8,14,144.7,0,0,0,1,0,0,35,0,14,18,23,5,1.7,9,0,15,0,2,17.7,0,9.6,0.1,0.58,Graduate
1,15,1,33,1,2,124.8,7,4,8,4,18,133.9,1,0,0,1,1,1,53,0,6,13,19,8,17.3,1,8,7,20,3,6.7,4,10.2,2.3,-1.84,Graduate
1,7,1,9130,1,14,105.1,12,33,8,10,11,127.7,1,0,0,1,1,0,49,1,6,3,12,3,16.2,9,7,16,13,5,8.0,3,12.4,2.0,0.37,Graduate
1,17,8,9130,1,9,124.8,3,8,34,11,15,146.9,0,0,0,1,1,0,48,0,13,8,17,1,14.5,3,8,15,5,6,2.9,1,12.6,2.9,-0.94,Enrolled
3,5,6,9003,1,9,118.7,17,5,27,16,11,131.3,1,0,0,1,1,1,41,0,4,6,26,3,14.3,7,2,4,23,11,14.9,8,12.0,0.4,-0.45,Enrolled
1,5,9,9130,1,3,136.8,3,33,29,5,18,115.8,0,0,0,1,0,0,43,0,10,17,23,6,8.7,3,8,2,18,2,13.9,9,10.7,2.4,1.93,Enrolled
1,5,8,9119,1,1,139.2,11,25,14,19,2,128.6,1,0,0,1,1,0,37,0,14,8,20,2,15.8,0,11,2,2,2,13.2,4,14.0,0.1,-3.22,Graduate
4,7,5,171,1,12,135.4,6,7,34,5,12,152.5,1,0,1,1,0,1,39,0,3,8,23,9,5.5,3,2,13,14,10,15.6,1,14.2,0.3,-2.93,Enrolled
4,1,4,9070,1,5,123.9,11,7,1,14,14,112.8,1,0,0,0,0,0,27,0,0,1,19,5,6.5,6,4,19,27,6,0.3,2,13.5,1.5,-3.19,Enrolled
4,10,0,9238,1,2,130.9,4,33,9,16,16,109.1,1,0,1,0,1,0,37,0,5,16,19,9,3.9,8,4,10,18,0,0.3,9,8.6,3.0,0.65,Graduate
1,17,5,9003,1,10,125.3,17,33,10,2,10,135.0,1,0,0,1,1,1,47,0,8,14,14,1,7.3,7,8,8,19,0,17.6,1,10.3,0.5,2.51,Dropout
1,17,5,8014,1,14,108.3,1,29,30,18,11,124.1,0,0,0,1,1,0,51,0,12,11,11,1,4.2,5,11,19,18,3,3.5,1,15.2,0.1,2.77,Enrolled
6,15,2,33,1,14,128.3,12,32,18,1,16,120.1,0,0,0,1,1,1,51,0,1,14,10,0,6.1,5,0,10,8,0,16.0,0,11.2,2.0,-0.1,Graduate
3,5,2,9070,1,4,169.5,3,29,17,8,4,110.6,1,0,0,1,0,0,32,0,0,16,12,9,12.4,8,1,19,26,7,14.3,2,11.7,0.7,0.85,Graduate
1,16,2,9238,1,14,114.6,16,22,6,8,4,101.6,1,0,0,1,1,0,47,0,9,12,4,11,7.7,7,10,13,11,10,9.4,1,14.4,1.0,1.17,Dropout
1,17,2,9130,1,9,102.2,3,2,11,6,6,108.1,1,0,0,0,1,0,29,0,4,9,10,14,13.8,0,5,1,13,9,0.8,9,15.4,1.9,-0.57,Dropout
1,7,6,9147,1,5,151.4,14,9,24,15,2,148.0,1,0,0,1,1,1,35,0,3,18,16,1,8.6,1,4,18,13,13,3.7,5,15.4,-0.4,0.88,Graduate
5,1,9,9119,1,3,136.7,17,29,33,5,2,126.9,0,0,0,1,0,1,26,0,13,15,25,6,2.5,7,11,9,7,5,1.2,9,9.3,0.6,-1.38,Graduate
1,17,1,33,1,14,134.5,19,33,33,8,16,101.5,1,0,0,1,1,0,54,0,3,2,18,10,13.4,2,13,12,24,5,14.0,5,7.7,1.8,0.69,Dropout
1,10,9,33,0,10,124.6,7,10,18,12,1,142.4,1,0,0,1,1,0,21,0,0,13,7,4,1.2,1,14,18,21,4,9.1,3,11.7,-0.2,-0.3,Graduate
1,7,9,33,1,2,133.4,11,28,5,1,14,143.1,0,0,0,0,0,0,20,0,0,0,3,3,17.0,9,3,19,21,8,17.8,7,13.3,1.6,-2.84,Graduate
2,15,1,171,1,1,130.8,16,12,31,13,18,143.0,1,0,1,0,1,0,28,0,0,17,15,6,15.1,4,2,7,3,8,9.7,6,13.9,2.4,2.34,Graduate
3,15,2,33,1,5,149.7,19,22,16,4,9,121.5,0,0,0,1,1,0,42,0,7,6,13,11,17.3,0,0,15,5,2,2.0,1,13.0,1.5,-2.05,Graduate
1,10,9,9003,1,4,143.8,5,6,2,10,10,123.5,1,0,0,1,0,1,31,0,0,10,0,11,4.5,0,8,16,28,10,1.8,0,7.8,1.5,-3.27,Graduate
3,5,6,9238,1,14,139.0,1,23,9,14,8,128.8,1,0,0,1,1,0,48,0,4,3,21,13,8.7,9,0,7,8,2,9.4,4,10.0,-0.1,2.23,Graduate
6,15,2,9147,1,9,119.8,10,34,2,5,13,145.2,0,0,0,0,1,0,45,0,9,2,5,14,3.5,5,6,9,4,14,10.5,4,7.1,-0.7,2.49,Graduate
1,1,6,9003,1,12,133.4,18,16,20,5,6,119.8,1,1,0,1,0,0,46,0,14,0,28,8,7.6,3,4,16,5,6,2.8,5,14.1,-0.5,-3.7,Graduate
1,7,8,9003,1,6,120.8,10,10,17,15,9,117.2,1,0,0,1,0,0,45,0,5,11,17,13,4.4,7,1,7,21,2,2.8,2,7.8,1.5,3.03,Graduate
1,17,9,9119,1,1,148.4,1,21,25,19,0,136.0,0,0,1,1,0,0,43,0,6,9,23,7,15.3,2,3,18,27,5,16.5,1,12.4,1.2,-3.53,Graduate
3,1,3,9147,1,10,119.3,13,10,19,3,0,142.7,0,0,0,1,1,1,31,0,10,6,19,10,2.2,9,9,16,12,12,15.2,3,10.1,2.9,-2.48,Graduate
2,5,6,9119,1,2,128.0,4,11,8,4,13,126.3,0,0,0,1,1,0,52,0,4,5,27,9,4.1,2,10,5,23,7,0.2,7,11.2,0.9,-4.01,Graduate
2,1,8,33,1,4,113.7,12,21,11,5,7,135.7,1,0,1,1,1,0,44,0,8,19,11,10,4.8,7,14,17,26,4,13.4,0,9.6,3.4,-3.95,Graduate
3,1,7,33,1,3,122.5,16,25,13,12,13,128.5,1,1,0,1,1,1,32,0,0,16,7,1,13.3,1,1,4,24,8,9.5,6,13.7,0.7,-3.42,Dropout
1,2,7,9003,1,6,122.4,19,34,13,13,6,123.7,1,0,0,0,1,1,26,0,13,17,7,0,11.3,1,6,14,8,4,11.6,1,10.0,1.7,2.64,Graduate
5,1,8,9003,1,2,127.7,12,31,9,12,17,116.2,0,0,0,1,1,1,50,0,6,12,18,12,2.5,6,3,6,20,0,0.7,2,13.4,2.2,-3.63,Dropout
1,10,4,33,1,5,116.5,6,27,5,9,8,112.0,1,0,1,1,0,0,28,0,5,8,13,14,10.9,9,7,18,15,6,7.9,1,10.5,2.7,1.58,Enrolled
1,7,4,9085,1,12,148.2,16,25,18,16,14,119.0,0,0,0,1,1,0,41,0,8,0,4,8,15.2,3,0,3,28,11,8.5,2,10.7,2.1,0.26,Enrolled
2,2,2,9238,1,3,127.2,12,32,14,17,0,114.3,1,0,0,1,1,0,24,0,10,3,23,2,8.1,3,8,15,16,14,2.3,2,11.9,-0.2,1.9,Dropout
3,7,4,171,0,2,122.0,10,11,34,6,10,130.7,1,0,0,1,0,0,48,0,5,13,0,8,11.0,6,7,4,19,9,16.7,4,10.9,2.3,2.24,Dropout
1,7,7,9070,1,2,141.5,5,26,22,3,18,142.8,0,0,0,1,1,0,40,0,13,18,25,6,9.6,8,14,5,4,10,0.2,4,12.3,-0.8,-0.86,Graduate
4,5,4,9130,1,12,162.4,19,33,33,15,9,129.7,0,0,0,1,1,0,21,0,1,8,19,5,6.4,9,12,7,12,9,1.7,2,15.3,0.7,-2.91,Enrolled
5,5,3,8014,1,6,123.9,12,33,24,9,17,115.0,1,0,0,1,1,1,35,0,8,8,2,2,0.0,0,6,13,5,12,10.2,6,10.3,1.4,-4.05,Graduate
1,2,7,9147,1,2,126.3,8,13,29,19,3,138.1,0,0,0,1,1,1,27,0,3,13,5,2,3.4,8,12,16,19,8,0.1,5,13.4,1.1,2.66,Enrolled
6,15,6,9119,1,3,118.9,4,14,13,18,17,130.9,0,0,0,1,1,0,33,0,8,14,10,10,17.0,7,13,0,19,4,17.9,8,14.9,0.4,0.06,Enrolled
1,16,5,9147,1,1,139.9,7,1,27,2,17,133.4,0,0,0,1,1,1,44,0,2,1,9,13,6.4,2,13,11,24,7,0.5,3,7.7,3.1,-0.17,Graduate
1,5,4,33,1,2,144.3,5,5,1,18,19,120.2,0,0,0,1,0,1,40,0,10,14,7,0,5.3,5,12,1,20,14,11.4,0,12.0,3.7,1.55,Dropout
1,16,4,9070,1,2,129.3,11,30,7,12,11,141.7,1,0,0,1,1,0,54,0,2,18,8,4,11.1,4,7,9,16,13,6.5,9,8.1,2.2,-1.58,Graduate
4,5,9,8014,1,2,123.4,17,18,4,7,8,141.7,1,1,1,1,1,0,28,1,13,13,6,9,16.3,5,3,12,14,0,2.0,6,14.1,-0.2,3.46,Enrolled
2,5,1,9003,1,9,138.0,21,12,10,17,17,124.6,1,0,0,1,1,0,47,0,10,5,10,4,5.4,2,6,5,25,13,15.5,5,10.3,0.0,0.24,Graduate
1,7,3,9003,1,3,141.1,3,34,16,18,5,136.3,0,0,0,1,0,0,23,0,4,15,2,9,4.0,2,4,13,22,8,9.8,4,11.6,-0.8,-3.52,Graduate
1,2,7,9119,1,4,153.3,2,14,27,17,18,141.3,0,0,0,1,0,0,19,0,7,7,20,0,16.2,4,6,16,24,10,12.1,3,11.8,0.9,-2.75,Dropout
2,7,7,9238,1,2,121.3,19,16,20,18,19,121.0,1,1,1,1,0,0,28,0,8,11,4,6,13.9,3,4,3,7,0,14.2,4,12.3,2.9,-1.8,Graduate
1,17,0,9130,1,5,142.8,2,11,10,3,14,125.9,1,0,0,1,1,1,42,0,3,0,0,10,12.6,2,1,17,24,10,9.9,5,15.8,0.3,-2.89,Dropout
4,10,1,9238,1,12,131.6,14,33,33,12,4,128.0,0,0,0,1,0,0,19,0,12,7,13,14,10.0,1,9,4,19,10,4.5,4,11.6,1.0,2.82,Graduate
3,7,4,9070,0,12,104.0,1,15,7,11,10,112.7,1,0,1,1,1,1,54,0,13,13,13,7,7.7,9,9,19,5,4,5.6,0,13.8,3.5,-0.59,Dropout
1,16,8,9238,1,9,152.8,16,10,22,14,12,132.7,1,0,1,1,1,0,45,0,7,0,17,1,11.5,0,12,8,16,14,14.9,9,15.8,1.6,-0.89,Dropout
6,16,9,9119,1,10,134.5,15,3,17,14,1,140.3,0,0,0,1,0,1,37,0,13,12,22,7,3.9,7,4,7,21,13,14.2,2,13.9,3.4,1.65,Graduate
1,10,6,8014,1,5,139.1,18,11,9,9,7,125.1,1,0,0,1,1,1,45,0,9,12,3,9,14.7,2,2,0,14,3,0.3,3,14.5,-0.6,2.18,Dropout
6,1,9,8014,1,5,144.2,2,11,10,18,10,131.4,1,0,1,1,1,0,45,0,4,7,18,0,7.5,3,4,12,26,14,10.4,1,7.4,2.2,-2.07,Dropout
2,1,4,8014,1,3,138.9,11,16,31,7,17,145.2,0,0,0,1,0,0,42,0,8,18,14,11,13.6,0,13,10,7,9,13.6,6,8.7,-0.2,-3.7,Graduate
2,10,0,9003,0,6,115.5,21,30,31,18,9,121.7,0,0,0,1,1,0,32,0,12,6,19,9,14.6,5,12,3,6,2,1.8,0,13.1,-0.7,-2.98,Dropout
1,10,5,9085,0,1,140.1,17,1,5,8,0,131.7,0,0,0,1,1,1,27,0,2,2,15,0,1.4,5,4,16,0,10,11.0,8,15.1,0.4,2.45,Enrolled
4,7,7,9070,1,3,137.4,13,34,18,6,3,119.6,1,0,0,1,1,0,54,0,7,18,6,14,12.2,3,14,3,3,7,8.4,6,7.6,-0.7,-0.91,Enrolled
1,10,6,9130,1,2,105.0,12,19,6,7,16,119.2,1,0,0,1,1,0,42,0,14,13,27,12,5.4,1,5,7,17,6,3.9,9,14.3,-0.1,-2.36,Graduate
1,17,1,9070,1,9,155.0,2,34,28,8,16,131.4,0,0,0,1,0,0,46,0,4,17,15,11,6.5,7,7,1,19,14,11.5,7,8.7,0.1,3.41,Graduate
1,2,4,9070,1,12,124.3,21,4,24,16,4,130.1,1,0,0,1,1,0,39,0,13,11,19,12,13.2,0,7,19,11,12,5.4,3,11.0,3.7,-2.41,Enrolled
2,1,3,9238,1,4,144.9,18,10,5,14,2,134.2,0,0,0,0,0,0,25,0,7,0,8,10,17.2,3,13,16,29,7,3.6,5,14.6,-0.5,2.02,Graduate
1,1,8,171,1,9,125.0,10,17,28,15,6,128.0,1,0,1,1,1,0,44,0,14,19,6,10,14.5,8,1,15,26,10,8.1,8,8.5,3.5,3.51,Dropout
2,17,9,9070,1,10,122.0,12,16,3,6,4,133.0,1,0,0,1,0,1,38,0,10,12,1,9,5.3,3,5,5,9,14,10.8,4,12.9,0.9,-3.0,Graduate
4,15,0,9119,0,14,128.8,17,21,18,9,9,148.7,1,0,0,1,0,0,44,0,12,3,9,12,12.7,2,7,6,23,6,7.8,4,14.5,1.6,1.09,Graduate
1,17,5,171,0,2,161.8,14,28,4,18,6,140.8,0,0,0,1,0,0,28,0,9,19,12,11,5.9,3,12,19,2,1,16.4,5,12.6,-0.6,2.25,Graduate
2,17,2,9085,1,9,160.2,19,8,32,5,16,131.4,0,0,0,1,1,1,35,0,0,8,3,13,7.9,0,9,14,29,12,16.2,7,7.3,-0.8,2.91,Graduate
1,10,8,9119,1,3,122.0,13,29,32,11,16,133.6,1,0,0,1,1,0,35,0,8,2,3,4,2.2,8,1,12,17,9,6.6,3,12.9,0.3,-1.82,Enrolled
4,5,4,9070,1,10,148.7,3,6,19,14,6,123.1,1,0,0,1,1,0,36,0,13,5,18,7,15.0,9,11,5,2,8,3.8,3,8.6,2.3,-3.46,Graduate
3,5,5,9147,1,6,130.4,8,30,29,9,5,124.9,1,0,0,1,1,0,54,0,4,6,16,8,11.6,7,4,16,8,4,16.2,4,8.6,2.3,-3.77,Dropout
1,17,8,9003,1,3,160.3,5,2,33,17,8,133.4,1,0,0,0,0,0,36,0,2,6,27,6,15.5,7,1,0,15,13,7.5,7,10.5,1.8,-1.35,Enrolled
2,10,8,9238,1,10,147.3,12,31,2,3,7,128.1,1,0,0,1,1,1,18,0,1,4,24,14,4.0,3,9,11,1,1,5.6,7,14.0,1.3,-2.91,Dropout
1,2,7,33,1,3,134.2,1,25,11,10,13,137.3,1,0,0,1,0,0,39,0,2,17,13,7,2.3,3,1,0,0,3,17.2,3,7.9,0.3,-1.31,Graduate
1,5,8,9130,0,12,131.2,21,23,33,4,5,143.5,1,0,0,1,0,1,34,0,0,1,4,4,14.7,0,12,2,2,1,8.9,3,11.4,3.0,2.74,Enrolled
3,15,3,9130,1,3,139.1,16,21,1,12,8,125.7,0,0,0,1,0,1,37,0,5,12,8,9,15.8,7,2,12,4,6,15.7,7,15.0,1.8,-2.3,Graduate
1,16,5,9119,1,1,137.3,12,16,17,9,19,100.9,1,0,0,1,0,0,47,0,6,12,23,5,3.1,9,4,10,24,12,0.2,9,11.3,0.7,0.35,Graduate
1,10,4,9130,1,2,113.5,17,4,16,6,10,153.4,0,0,0,1,0,0,21,0,10,14,25,12,11.6,8,5,11,20,3,1.0,4,9.8,-0.1,3.34,Enrolled
1,17,4,171,0,4,133.1,9,8,2,10,10,118.5,1,0,0,1,0,1,24,0,14,0,13,6,3.0,7,4,17,4,5,8.6,1,9.5,2.2,-1.18,Enrolled
3,2,3,8014,0,2,120.2,13,6,4,3,7,129.5,1,0,0,1,1,0,31,0,9,13,6,8,0.3,6,10,7,11,3,11.7,5,15.9,0.1,-2.44,Enrolled
1,2,1,9147,1,4,122.1,4,27,32,3,2,136.5,0,0,0,0,1,0,53,0,6,0,13,11,9.8,9,7,15,1,4,8.6,2,8.0,1.6,3.11,Graduate
1,7,5,33,1,4,146.7,4,24,7,4,10,145.3,1,0,0,1,0,0,30,0,1,14,0,2,17.1,1,6,0,26,1,8.5,4,10.7,1.2,0.33,Graduate
2,2,8,9130,1,4,133.1,15,6,29,8,3,150.5,0,0,0,1,1,0,44,0,2,15,11,6,10.6,8,4,8,13,10,5.9,7,13.7,0.1,-3.65,Enrolled
3,5,0,9130,1,1,123.2,10,33,9,0,2,122.3,1,0,0,1,0,0,26,0,3,7,19,0,7.7,9,7,3,28,5,8.2,1,9.8,2.7,-3.08,Graduate
1,17,6,9119,1,12,111.8,6,2,5,15,12,142.5,1,0,0,0,1,0,22,0,9,11,3,8,5.1,2,3,3,24,2,15.0,0,14.6,1.3,0.34,Graduate
1,16,5,9070,1,14,118.4,3,16,21,4,18,129.6,0,0,0,1,0,0,36,0,6,8,19,5,5.1,5,3,14,24,14,13.7,0,12.5,-0.7,-0.4,Graduate
1,5,2,9003,1,9,129.1,15,9,17,4,7,162.7,1,0,0,1,1,1,20,1,9,15,23,14,4.7,0,5,13,27,1,4.1,0,11.1,1.5,-0.67,Graduate
1,10,0,9238,1,2,155.3,6,5,14,6,0,141.3,1,0,1,1,1,0,19,0,11,15,5,2,3.8,5,14,11,19,4,12.9,5,15.3,0.1,0.08,Dropout
1,16,3,9238,1,3,114.3,11,10,32,7,7,124.7,1,0,0,1,1,0,47,0,7,11,0,12,1.2,8,4,6,10,3,12.3,6,10.4,3.7,-1.31,Graduate
2,10,8,9238,1,10,134.4,2,30,15,18,8,116.7,1,0,0,1,0,0,36,0,8,5,19,1,13.6,0,11,8,7,8,2.4,5,15.7,2.1,2.25,Graduate
2,2,1,9238,1,9,136.1,2,7,21,0,5,92.9,1,0,0,1,0,0,41,0,13,11,25,11,5.7,4,5,4,6,3,15.5,3,7.7,-0.4,3.1,Enrolled
2,15,2,9085,1,4,148.3,1,29,14,17,10,135.8,0,0,0,1,1,0,41,0,5,2,10,13,2.8,4,1,18,13,14,1.1,1,7.4,1.5,-1.68,Dropout
1,1,1,33,1,4,131.9,11,2,16,10,9,140.1,1,0,0,1,1,0,28,0,6,1,22,4,10.9,4,0,5,10,0,0.1,7,7.7,1.0,1.08,Dropout
3,16,1,9070,1,12,136.1,5,20,1,15,2,136.7,0,0,0,1,1,1,36,0,7,11,11,2,16.8,6,13,3,16,6,14.5,8,7.8,1.9,-1.19,Graduate
1,17,9,9003,1,5,147.7,6,4,18,10,7,96.4,1,0,0,1,1,1,44,0,6,6,12,14,12.4,1,12,5,4,9,11.7,2,9.1,2.2,-2.87,Graduate
6,7,7,9003,1,5,118.3,3,28,34,8,4,110.6,0,0,0,1,0,0,47,0,12,16,26,1,3.5,0,6,10,0,14,3.4,4,10.7,1.2,-2.47,Graduate
2,1,2,9119,1,9,141.9,20,8,26,6,1,133.3,0,0,0,1,0,0,25,0,12,7,24,11,7.5,4,13,2,12,0,13.0,7,14.3,2.1,-2.23,Enrolled
1,2,6,9147,1,1,109.1,5,2,21,14,15,150.2,0,0,0,1,1,0,25,0,6,8,17,1,14.9,4,10,13,8,12,15.8,6,10.5,0.5,-0.33,Dropout
2,2,7,9130,0,3,131.0,20,28,1,10,0,126.3,1,0,0,1,1,1,25,0,12,6,13,10,0.9,7,1,4,26,4,3.2,4,8.1,-0.6,-2.08,Dropout
1,17,2,9130,1,2,126.4,9,11,27,18,1,141.2,1,0,0,1,1,0,49,0,12,2,17,1,6.1,2,2,17,21,13,6.0,1,7.3,-0.5,-0.16,Dropout
2,1,1,9070,1,14,119.2,19,9,11,6,2,113.6,1,0,0,1,1,0,52,0,8,14,20,11,7.0,4,2,3,15,11,14.8,5,12.0,3.0,-4.06,Dropout
1,7,7,9085,1,6,144.6,5,1,14,15,8,129.7,1,0,0,0,0,0,54,0,11,5,27,4,8.1,4,8,5,28,4,13.7,0,9.1,0.7,-1.7,Enrolled
1,16,2,171,1,6,145.4,12,27,28,2,16,123.4,1,0,1,1,1,0,38,0,9,5,4,2,10.1,3,3,17,2,5,10.9,6,10.2,3.4,-1.11,Dropout
4,16,6,8014,1,14,146.0,12,3,27,15,11,142.4,0,0,0,1,1,0,17,0,5,11,6,5,8.9,3,14,1,21,2,7.0,8,9.2,1.3,0.65,Dropout
1,1,0,9070,1,1,135.7,16,9,22,7,1,120.0,1,0,0,1,1,1,30,0,0,1,19,9,2.9,1,5,7,21,13,7.5,4,10.6,3.0,-3.7,Dropout
3,10,5,171,1,6,111.5,7,28,21,9,1,148.8,1,0,0,1,0,0,33,0,12,3,19,2,7.5,1,10,6,26,5,7.8,7,15.8,-0.2,2.93,Graduate
1,5,8,8014,1,14,125.1,14,21,24,8,18,123.0,0,0,0,1,1,0,40,0,2,1,1,13,6.6,3,7,1,16,11,16.6,0,15.8,3.1,-1.71,Dropout
2,15,2,9003,0,2,145.1,9,28,19,2,19,113.1,1,0,0,1,0,0,25,0,4,2,17,13,16.7,6,5,0,8,11,9.4,3,13.4,3.4,-0.31,Graduate
2,10,6,9085,1,4,144.9,15,24,24,6,16,113.5,1,0,0,1,1,1,26,0,8,6,13,11,13.4,2,12,10,19,13,9.2,1,9.1,3.5,1.2,Dropout
1,16,5,9070,1,6,148.0,11,18,26,7,16,118.9,0,0,1,1,0,1,34,0,0,7,14,11,15.6,5,5,1,18,14,6.6,8,14.7,0.6,-1.27,Graduate
1,5,7,9238,0,3,134.7,4,9,25,2,12,131.8,1,0,0,1,1,0,25,0,1,10,3,4,12.8,4,12,1,29,7,11.5,2,7.1,2.4,0.71,Dropout
1,15,2,9003,1,3,127.3,11,26,29,15,11,119.1,0,0,0,1,1,0,29,0,2,0,29,7,1.0,1,9,11,3,2,10.0,9,11.6,-0.5,-0.32,Enrolled
1,15,2,171,1,3,100.5,9,24,10,13,10,116.3,0,0,0,1,1,0,50,0,12,7,17,13,8.5,5,13,11,1,2,11.8,2,14.9,0.5,-0.47,Dropout
1,15,3,9070,1,4,142.9,6,6,11,6,10,138.6,1,0,0,1,1,0,20,0,10,12,1,7,14.0,6,1,10,2,9,16.9,0,10.8,0.7,-2.67,Graduate
2,2,2,9070,1,12,128.5,17,12,24,3,7,85.3,1,0,0,1,1,0,47,0,11,6,25,13,10.6,2,7,0,27,9,14.5,5,9.2,2.4,-1.09,Dropout
5,17,8,9119,0,4,111.2,9,9,24,5,17,121.4,0,0,0,1,1,0,47,0,3,2,3,3,13.7,7,10,15,25,1,1.1,5,12.6,0.6,-2.49,Graduate
4,15,3,33,0,4,141.4,6,10,12,6,3,109.7,0,0,0,1,0,0,43,0,5,8,14,12,17.3,3,0,7,14,8,17.7,9,14.4,-0.5,1.93,Graduate
3,7,5,9003,1,4,151.3,6,3,7,11,17,115.7,1,0,0,1,1,1,41,0,6,18,11,6,4.5,2,13,15,26,3,4.4,9,13.0,1.3,-3.06,Enrolled
3,1,7,9070,1,9,143.0,4,29,17,6,14,130.2,0,0,0,0,0,1,40,0,14,6,18,0,17.7,2,6,13,18,12,11.6,2,9.3,0.5,-3.74,Graduate
2,16,7,9130,1,5,140.1,20,7,6,0,6,124.3,1,0,0,0,1,0,28,0,6,17,9,12,2.2,3,14,3,23,14,11.2,7,8.1,2.7,-1.08,Dropout
1,7,4,9130,1,2,144.0,11,26,12,17,14,123.2,0,0,0,1,1,0,37,0,1,19,3,1,16.6,1,11,18,25,11,0.8,4,9.5,1.5,-3.94,Dropout
5,1,4,33,1,9,89.0,3,8,15,10,18,142.5,1,0,0,1,0,0,33,1,2,19,9,14,3.5,1,8,14,6,10,17.8,6,8.3,0.6,-1.35,Dropout
2,10,5,9070,0,3,155.8,18,13,32,10,16,126.8,1,0,1,1,1,0,18,0,0,14,26,0,12.9,4,8,15,15,5,7.8,9,15.6,-0.6,1.85,Enrolled
2,17,9,9238,1,1,118.1,16,19,23,16,9,150.5,1,0,0,1,1,0,44,0,12,11,22,3,14.1,6,9,16,0,12,14.6,8,10.3,0.2,1.99,Dropout
1,10,6,33,1,12,119.4,21,22,7,11,10,136.3,1,0,0,1,1,0,30,0,0,8,2,5,14.6,9,11,3,1,0,6.9,3,15.7,-0.0,-1.19,Dropout
1,1,9,33,1,5,122.9,16,16,31,18,13,114.4,1,0,0,1,1,0,25,0,5,14,16,1,7.9,4,2,1,23,4,6.7,0,12.2,0.8,0.64,Dropout
1,7,6,171,0,14,124.6,12,15,29,17,3,152.1,1,0,0,0,1,0,20,0,3,12,11,1,3.0,8,0,12,15,4,12.0,1,13.2,-0.6,0.64,Dropout
4,1,3,171,1,1,152.5,14,2,28,12,3,130.6,1,0,0,0,1,1,21,0,14,10,26,6,14.3,1,14,9,13,12,6.1,3,15.2,-0.6,-0.78,Dropout
1,15,5,9147,0,1,138.2,9,21,12,9,0,151.3,1,0,1,1,1,0,29,0,10,19,11,7,11.6,7,7,7,28,11,7.7,2,15.9,3.3,0.03,Enrolled
1,2,6,9003,1,1,119.8,7,30,27,18,11,123.5,0,0,0,1,1,1,37,0,9,14,3,1,4.6,7,2,4,26,3,8.6,3,15.5,3.2,0.66,Graduate
6,16,4,8014,1,12,122.1,14,7,4,3,6,130.5,0,0,0,1,1,1,30,0,10,17,6,7,7.1,6,7,4,12,5,7.8,2,11.0,2.4,-0.72,Graduate
1,10,4,33,0,10,167.4,20,31,21,14,4,132.6,1,0,0,1,0,0,34,0,3,1,1,11,5.4,9,9,13,1,6,5.6,7,13.2,2.4,3.1,Dropout
1,16,1,171,1,6,135.3,20,4,9,17,0,124.8,1,0,0,0,0,0,25,0,8,11,27,3,16.5,3,10,3,0,1,14.3,8,10.5,-0.4,2.49,Graduate
1,2,6,9085,1,14,123.5,10,34,34,0,7,143.5,1,0,0,1,1,0,42,0,7,3,9,5,14.5,6,6,5,4,12,14.4,9,12.7,-0.1,1.25,Dropout
2,15,5,9147,1,6,105.7,11,1,21,18,17,152.1,0,0,1,1,0,0,43,0,2,9,25,1,15.9,5,7,7,29,11,14.0,8,11.7,0.5,0.22,Graduate
5,15,0,9070,1,6,104.9,7,10,23,1,12,97.2,1,0,0,1,1,0,37,0,2,8,1,14,0.9,9,14,15,19,14,0.4,1,7.2,1.5,1.17,Enrolled
1,10,3,9003,1,4,113.2,19,30,24,9,16,137.6,1,0,0,1,1,1,46,0,7,13,5,8,11.9,6,4,9,19,8,9.3,5,14.8,3.0,2.22,Graduate
4,10,2,9070,1,5,131.4,19,32,10,17,1,115.4,1,0,1,1,1,0,26,0,14,15,4,7,4.8,4,3,2,10,11,14.5,5,10.2,3.6,-3.18,Graduate
1,15,2,9147,0,14,146.6,21,3,6,3,5,93.3,0,0,0,0,1,0,48,0,14,0,19,9,13.5,2,8,9,2,2,0.1,7,11.0,2.7,-3.22,Graduate
5,5,6,9119,1,3,139.2,11,10,21,9,3,133.7,1,0,0,0,1,1,22,0,14,11,5,14,16.0,7,1,13,24,4,4.3,3,10.1,-0.1,-1.2,Graduate
3,16,9,9130,0,3,147.6,6,9,29,3,7,133.8,0,1,0,1,0,1,42,0,14,1,10,3,13.8,6,2,15,16,7,9.5,0,11.3,3.2,3.08,Dropout
3,17,3,9003,1,14,138.5,8,17,21,17,14,135.8,1,0,1,1,1,0,40,0,13,14,27,11,16.4,7,1,11,5,9,6.8,2,11.5,2.3,-3.03,Enrolled
1,2,7,9130,1,9,111.6,1,3,22,19,4,131.8,1,0,0,1,0,0,30,0,12,13,24,12,7.2,2,12,14,3,12,14.2,1,12.7,-0.4,-0.18,Dropout
6,16,8,9085,0,5,136.4,8,27,5,3,19,138.4,0,0,0,1,1,0,42,0,1,10,3,2,11.2,3,1,13,24,2,10.0,6,10.4,0.7,-2.35,Dropout
2,2,2,9070,0,10,137.0,5,4,15,14,10,119.2,1,0,0,1,1,0,52,0,9,0,20,0,8.5,0,3,5,13,10,12.6,4,9.1,2.8,-2.9,Graduate
1,5,4,9119,1,5,128.2,10,4,19,17,7,130.4,1,0,0,0,0,0,23,0,4,15,29,4,14.9,5,5,3,19,11,0.5,8,10.6,3.1,2.57,Graduate
3,17,3,9085,1,4,125.4,2,32,16,8,16,136.1,0,0,1,1,0,0,53,0,5,6,8,10,10.1,6,14,2,20,10,2.5,3,9.9,2.6,1.19,Dropout
1,7,9,8014,1,3,127.8,4,11,23,19,8,144.6,1,0,0,1,0,0,52,0,4,12,0,14,12.8,7,3,12,3,12,9.1,2,12.1,1.4,0.82,Graduate
4,2,5,9070,1,2,106.8,2,6,4,16,17,127.6,0,0,0,1,1,0,18,0,11,1,9,11,11.4,8,6,16,24,0,14.8,8,13.5,3.7,0.27,Graduate
1,16,9,9147,1,3,110.0,15,32,21,2,13,124.2,1,0,0,1,1,0,45,0,0,16,18,2,15.5,8,11,19,8,9,1.2,6,13.5,-0.8,1.39,Dropout
2,1,3,9119,1,9,168.1,20,23,24,12,8,126.3,0,0,0,1,1,1,36,0,4,17,16,3,9.5,1,14,15,27,8,0.3,0,15.0,-0.3,1.71,Dropout
1,17,7,9003,1,10,111.2,10,26,26,6,9,111.5,0,0,0,1,1,0,25,0,11,13,4,1,2.0,5,12,2,17,7,11.7,0,8.8,1.3,-1.26,Graduate
1,15,2,9119,1,5,103.5,21,34,2,13,19,137.0,1,0,0,1,0,1,47,0,8,3,10,8,17.1,7,7,4,9,8,8.2,2,11.5,2.4,-1.08,Dropout
1,15,4,9070,0,1,119.2,2,11,8,5,1,108.1,1,0,0,1,1,0,37,0,10,5,27,11,10.0,9,6,17,0,10,5.3,2,12.6,-0.7,-2.57,Graduate
1,5,0,171,1,3,136.9,6,21,9,13,2,132.1,0,0,0,0,1,0,51,0,12,15,20,11,14.1,8,3,19,3,3,2.6,0,11.6,1.1,2.47,Graduate
1,2,5,9085,1,4,138.4,14,24,2,13,4,128.1,1,0,0,1,1,0,45,0,9,10,29,3,12.2,3,12,11,25,6,5.3,0,12.8,0.3,-3.04,Dropout
1,7,4,9119,0,14,114.6,5,15,14,13,3,106.8,1,0,0,1,0,0,34,0,1,14,18,14,7.8,7,0,16,10,8,4.8,1,14.7,1.7,0.1,Enrolled
2,2,7,9130,0,4,131.4,2,3,20,19,2,107.6,1,0,0,1,0,0,46,0,14,7,20,10,17.1,6,4,1,20,2,1.0,1,7.8,0.6,-3.83,Graduate
1,15,8,9085,1,1,121.8,14,2,2,17,18,115.9,1,0,1,0,0,0,29,0,10,6,0,3,13.2,8,2,7,20,0,10.8,2,10.4,2.1,-0.21,Graduate
1,10,7,9130,1,14,132.9,13,7,4,8,9,122.5,1,0,0,1,1,0,27,1,2,13,15,9,4.2,8,6,11,22,8,15.4,9,11.5,-0.1,2.44,Graduate
2,1,7,9119,0,12,125.6,2,5,14,11,6,146.2,0,0,1,1,0,0,41,0,5,14,1,12,17.9,0,3,2,3,12,13.1,2,11.7,2.6,2.96,Graduate
1,17,2,171,1,14,119.6,9,29,21,13,11,125.6,0,0,1,1,1,0,42,0,2,6,1,4,18.0,6,9,2,1,12,11.1,8,7.1,1.7,2.33,Graduate
5,5,3,9085,0,4,120.3,3,32,15,15,7,134.1,0,0,0,0,0,1,36,0,11,10,10,7,5.2,6,4,14,19,4,5.4,0,12.2,2.6,1.72,Dropout
4,10,3,9147,1,2,97.0,15,30,20,1,4,143.5,1,0,0,1,0,0,41,0,5,10,25,7,17.7,3,8,13,0,0,9.5,4,13.3,1.4,-2.86,Graduate
2,16,4,9085,1,12,126.7,3,8,6,15,12,141.0,0,0,0,1,0,0,26,0,6,8,16,14,11.1,1,2,12,8,11,4.9,9,10.5,0.9,0.46,Dropout
2,7,8,9003,1,4,128.9,12,32,28,17,8,126.9,1,0,1,1,1,1,29,0,2,19,21,4,3.3,1,8,14,26,6,2.7,1,15.2,0.3,-3.14,Graduate
4,10,8,9119,0,4,108.9,6,2,2,8,3,117.8,0,0,1,1,1,0,48,0,3,18,15,13,17.6,4,0,6,8,7,1.7,4,13.1,3.2,-3.45,Graduate
1,16,9,8014,1,6,124.9,19,10,28,7,1,133.5,1,0,1,1,1,0,51,0,12,18,12,3,1.8,0,10,2,19,1,1.5,4,12.7,1.2,-3.98,Graduate
1,10,0,9070,0,10,126.2,17,3,34,0,4,118.1,1,0,1,1,0,0,41,0,12,9,6,6,11.5,5,3,1,20,13,8.3,2,8.8,1.3,-2.36,Graduate
1,7,7,33,1,5,102.2,6,23,14,4,1,150.6,0,0,0,1,0,0,40,0,11,2,17,9,15.1,7,1,4,12,2,13.0,1,15.8,1.6,1.56,Dropout
3,17,0,9238,1,10,118.4,19,34,9,6,17,138.3,0,0,0,1,1,0,45,0,5,8,29,2,14.9,2,6,3,9,11,8.4,7,11.2,1.5,-0.42,Graduate
1,10,1,8014,1,1,118.0,17,18,23,9,5,129.7,1,0,0,1,1,0,51,0,0,15,16,0,0.1,7,2,3,24,9,10.7,1,7.3,1.8,-2.81,Dropout
2,5,6,9130,1,4,132.7,16,33,22,10,10,133.7,1,0,0,1,1,1,37,0,0,13,20,2,7.7,6,3,1,9,11,10.2,1,7.7,-0.2,-2.18,Graduate
6,15,7,9147,1,1,148.7,21,33,5,11,9,129.3,1,0,0,1,1,0,28,0,4,16,24,6,1.6,6,6,10,16,9,5.5,1,10.0,3.0,-2.04,Graduate
4,2,0,9147,1,3,130.7,8,17,29,0,0,122.2,0,0,0,1,0,0,23,0,7,5,14,5,4.7,5,11,16,4,4,16.6,9,7.4,0.7,2.17,Graduate
1,10,2,9238,1,9,147.4,19,6,34,5,1,133.5,1,0,0,1,1,1,23,0,12,6,10,11,16.9,4,12,11,12,10,13.2,5,8.5,-0.1,-1.95,Dropout
1,5,6,171,1,1,126.7,8,13,4,3,9,123.8,1,0,0,1,0,1,37,0,0,0,22,9,15.9,9,5,18,21,11,13.0,2,13.1,-0.0,-2.46,Graduate
3,2,8,9003,1,5,135.6,20,21,9,2,4,152.2,0,0,0,1,1,0,33,0,0,13,20,0,11.9,2,11,12,26,3,9.1,4,10.1,0.8,-0.85,Graduate
2,17,7,9070,1,1,131.0,15,31,14,3,11,118.0,1,0,0,1,1,0,20,0,11,11,20,11,16.2,7,10,18,12,9,3.4,2,10.7,0.4,2.63,Graduate
1,16,7,8014,1,6,166.2,8,21,5,5,18,133.6,1,0,0,1,1,1,49,0,0,5,8,1,5.7,9,13,19,0,10,7.7,6,15.6,3.0,1.59,Graduate
1,2,8,33,1,12,127.7,3,33,27,4,1,116.8,0,0,0,1,1,0,24,0,9,3,13,2,14.9,5,3,4,12,0,4.0,2,12.8,3.2,1.01,Enrolled
5,16,9,9085,1,3,141.7,16,28,11,8,5,116.7,1,0,0,1,1,0,34,0,0,19,25,9,12.3,2,6,7,28,9,3.4,0,9.6,2.4,2.9,Graduate
2,10,2,9238,1,6,133.0,3,6,30,3,14,103.8,1,0,1,1,0,0,32,0,8,4,29,9,13.2,2,13,1,4,9,1.8,7,10.1,2.9,1.97,Dropout
3,5,7,171,0,4,146.9,1,8,34,13,7,132.3,0,0,0,1,1,0,47,0,14,13,10,10,1.5,5,12,10,3,11,4.8,2,15.5,-0.7,-1.51,Dropout
4,15,0,9147,1,6,139.5,8,13,24,14,15,120.1,1,0,0,1,1,0,33,0,1,2,5,4,6.3,6,12,19,21,9,12.1,0,11.0,-0.4,-3.64,Dropout
2,10,7,33,1,2,135.1,9,34,16,3,18,141.1,0,0,0,0,1,0,45,0,5,14,25,8,0.9,4,9,15,17,12,13.9,2,10.9,2.8,-3.33,Dropout
1,16,6,9147,1,4,112.9,12,22,30,13,17,132.4,1,0,0,1,1,0,33,0,10,19,27,13,2.7,3,13,1,11,10,16.8,4,9.5,1.3,-1.18,Enrolled
1,7,7,9119,1,9,114.2,18,1,24,9,16,128.9,1,0,0,0,1,0,42,0,13,17,5,7,4.9,0,5,16,18,1,8.9,4,9.9,3.4,-1.37,Graduate
1,2,0,9238,0,6,120.8,17,13,3,6,0,108.7,1,0,0,1,1,0,26,0,1,11,13,10,10.5,6,7,16,21,13,11.8,8,13.8,3.0,2.32,Dropout
1,10,5,171,1,12,125.6,8,1,29,17,10,134.6,0,0,0,1,1,0,31,0,13,19,2,0,13.7,3,10,10,5,7,17.0,2,14.3,0.7,3.37,Dropout
3,16,6,9085,1,9,131.7,20,10,12,19,3,118.4,0,0,0,1,0,0,47,0,12,15,18,11,2.0,5,13,9,23,1,12.1,9,9.2,0.6,3.19,Graduate
2,17,4,9130,1,1,120.8,11,5,27,14,5,108.4,1,0,1,1,0,0,24,0,4,3,24,7,1.0,3,10,19,24,6,12.8,6,15.4,3.2,0.92,Dropout
4,2,4,171,1,6,100.3,7,20,29,7,6,132.6,1,0,0,1,1,0,18,0,4,0,8,13,15.9,2,9,14,15,12,14.1,9,9.9,1.2,-1.0,Graduate
1,17,6,9070,1,3,145.4,14,13,2,8,7,110.6,1,0,0,1,0,0,31,0,10,8,14,3,2.3,3,10,12,3,9,4.4,3,13.4,1.2,-1.26,Dropout
2,16,2,9085,1,10,136.7,10,10,29,4,9,99.8,1,0,0,1,1,0,40,0,10,4,26,4,8.1,6,8,19,24,12,13.9,2,12.6,1.6,-3.88,Enrolled
2,5,5,8014,1,1,130.9,15,3,9,5,16,143.9,1,0,0,0,0,1,44,0,12,17,26,4,2.0,0,4,7,18,1,16.1,1,7.3,2.7,2.52,Graduate
2,1,6,171,1,14,148.8,12,34,28,11,11,119.7,1,0,0,0,0,0,22,0,8,3,20,13,9.6,2,13,10,21,3,1.2,9,14.8,0.8,2.77,Graduate
2,17,0,9085,1,2,117.9,20,34,23,6,7,104.3,1,0,0,0,1,0,19,0,3,7,9,2,1.9,2,5,19,9,9,16.3,1,12.7,1.1,-2.51,Graduate
1,10,1,8014,1,3,128.0,17,30,13,6,11,114.5,0,0,0,1,0,0,32,0,5,9,5,7,13.7,6,8,13,24,11,5.4,6,12.2,1.2,-1.4,Dropout
1,15,3,171,1,3,132.4,8,4,5,14,16,117.6,0,0,0,1,0,0,18,0,3,6,22,2,1.5,4,3,10,17,14,15.5,2,12.0,3.0,0.63,Graduate
1,10,7,33,1,9,123.8,14,34,32,18,2,141.9,1,0,0,1,0,1,26,0,14,2,24,0,7.7,0,9,10,18,7,0.9,7,13.0,1.1,-1.83,Graduate
1,2,9,9130,0,10,118.1,15,32,28,12,13,105.4,0,0,0,1,0,0,19,0,10,9,22,13,7.6,9,6,8,13,6,16.6,6,7.7,2.9,-1.38,Graduate
1,5,5,33,1,12,143.1,11,21,15,17,11,109.6,0,0,0,1,1,0,27,0,5,15,20,10,16.6,3,13,3,9,14,5.7,4,13.8,1.7,-0.57,Dropout
2,16,0,9070,1,9,134.3,12,24,24,9,4,139.7,0,0,1,1,1,0,41,0,2,19,29,4,7.7,5,0,5,2,4,13.9,6,9.7,1.9,-1.31,Dropout
6,7,9,9085,1,10,139.4,20,9,32,7,12,121.2,0,0,0,1,1,0,18,0,3,2,29,14,1.3,4,11,12,4,9,1.6,0,10.8,2.1,-3.24,Dropout
2,15,4,8014,0,6,117.6,16,24,21,10,10,130.0,0,0,0,1,1,0,25,0,8,16,11,7,9.8,8,10,12,29,7,14.6,7,7.4,0.9,1.45,Dropout
2,5,6,9119,1,2,142.4,20,25,5,7,15,120.6,0,0,0,1,1,1,35,0,0,9,26,5,13.0,6,10,14,10,2,6.3,9,8.2,1.9,-2.85,Graduate
1,17,5,171,1,1,120.7,18,8,28,7,9,153.3,0,0,0,1,1,0,46,0,6,10,29,12,6.1,8,11,10,2,9,16.0,2,14.3,0.0,2.43,Graduate
2,17,8,9119,1,3,133.7,10,29,32,14,7,110.2,0,0,1,1,0,0,17,0,2,7,14,4,11.0,8,3,6,1,6,9.3,6,10.3,0.6,-1.6,Dropout
1,10,7,171,1,12,159.7,19,25,23,1,5,130.7,0,0,0,1,0,0,39,0,8,7,7,0,2.2,5,11,10,6,11,16.3,3,13.5,3.0,-2.12,Graduate
1,7,3,9070,1,9,142.8,18,28,16,19,19,146.5,0,0,0,0,1,0,17,0,11,14,24,14,7.7,4,11,12,24,7,9.3,1,10.4,0.8,1.32,Graduate
1,5,4,9119,1,2,135.1,1,19,10,12,19,122.1,1,0,0,1,0,0,27,0,6,16,10,2,3.0,8,11,15,4,1,15.7,9,14.8,1.0,1.79,Dropout
1,1,6,8014,1,1,150.3,4,32,29,17,2,117.2,0,0,0,1,0,0,32,0,10,0,15,14,4.9,0,14,9,19,9,9.2,3,11.4,3.2,-1.7,Dropout
1,15,7,9003,1,2,121.5,7,28,27,11,19,137.0,1,0,0,1,0,0,45,0,1,9,28,2,11.5,0,13,19,29,3,7.8,6,9.9,0.7,2.77,Dropout
1,2,4,33,1,3,137.4,1,8,24,7,9,140.1,0,0,0,1,1,0,23,0,10,15,18,13,13.6,5,9,3,19,7,13.7,1,14.1,2.1,0.97,Dropout
1,5,8,8014,1,6,117.5,8,23,23,16,17,116.6,0,0,0,1,1,1,54,0,4,4,2,8,5.6,9,11,17,0,8,6.5,4,12.1,3.5,-3.09,Graduate
6,5,9,9147,1,12,124.6,17,23,3,5,9,146.0,1,0,0,1,1,0,20,0,14,10,20,7,17.8,7,7,17,24,1,13.3,5,12.1,3.7,-2.97,Dropout
1,1,3,9238,0,10,153.9,8,32,14,15,12,127.7,1,0,0,1,0,0,52,0,14,18,17,8,5.1,2,10,13,14,13,8.0,4,13.5,1.6,-2.36,Graduate
1,10,3,9070,1,14,134.1,5,10,4,13,13,133.6,0,0,0,1,1,0,26,0,0,0,28,13,2.7,9,2,11,15,13,3.4,6,15.9,1.9,1.86,Graduate
1,16,7,9130,1,12,151.1,1,17,32,9,0,146.3,0,0,0,1,1,1,40,0,0,10,26,1,15.6,7,1,7,14,2,17.6,5,10.3,1.2,3.02,Dropout
2,16,0,171,1,10,128.5,15,3,20,1,19,137.0,0,0,0,1,0,0,46,0,6,17,7,8,11.7,0,11,10,14,1,4.9,4,11.8,2.6,1.8,Graduate
1,15,7,8014,1,9,148.3,4,29,17,12,14,127.0,1,0,0,1,1,0,26,0,11,7,9,7,12.2,7,12,8,28,4,6.5,8,9.7,2.4,-3.87,Dropout
1,15,4,9119,1,6,130.8,7,27,29,0,11,118.3,0,0,0,1,1,1,23,1,6,13,20,2,14.3,0,2,18,26,8,9.5,2,10.5,0.9,-2.94,Enrolled
1,2,0,9238,1,10,132.0,14,31,32,17,15,162.2,0,0,0,1,1,1,49,0,10,19,4,7,18.0,0,6,15,24,10,14.4,0,7.6,-0.5,-0.05,Graduate
1,5,3,9003,1,6,130.4,12,34,4,13,6,116.7,1,0,0,1,1,0,36,0,7,1,21,10,5.1,2,11,16,12,13,8.2,2,10.6,2.0,0.31,Enrolled
1,7,1,9147,1,2,135.4,21,12,24,2,13,131.1,0,0,0,1,0,0,22,0,7,7,23,4,9.9,6,4,9,14,4,4.3,7,8.8,-0.6,2.29,Graduate
1,5,3,9119,1,12,126.1,3,25,2,14,8,133.6,0,0,0,1,0,0,38,0,11,10,23,12,12.7,5,7,1,0,10,12.3,9,12.5,2.1,-1.32,Graduate
1,16,7,33,1,12,109.2,20,2,14,8,8,134.2,0,0,0,1,0,1,32,0,6,7,13,9,2.6,5,12,18,13,6,14.0,4,7.4,2.9,2.46,Graduate
1,2,4,9003,1,3,129.5,18,30,34,12,9,154.7,0,0,0,1,1,0,32,0,2,0,7,13,5.5,0,0,12,2,8,14.5,5,8.2,1.8,-2.85,Graduate
1,5,0,9238,0,12,132.0,8,9,2,4,8,127.6,0,0,0,1,1,0,50,0,2,14,0,8,5.5,0,6,17,5,0,9.7,7,11.8,0.7,-2.59,Graduate
3,1,6,9085,1,2,154.5,2,23,6,4,15,125.8,1,0,0,1,0,1,39,0,1,18,12,11,5.9,9,4,3,0,10,12.4,5,10.7,1.5,-1.89,Graduate
2,16,0,9085,0,3,96.1,6,9,22,1,7,147.2,1,0,0,1,0,1,19,0,0,16,26,1,12.9,2,4,4,4,2,6.2,4,10.7,0.8,-2.21,Graduate
1,5,8,9238,1,6,154.3,7,20,5,0,1,125.2,0,0,0,1,0,0,38,0,14,19,16,14,10.7,1,10,17,18,3,2.6,0,11.9,-0.3,1.87,Enrolled
1,5,2,9085,1,4,145.7,7,1,22,16,17,138.4,0,0,0,0,0,0,44,0,7,14,15,0,12.9,0,12,15,2,4,2.7,4,9.1,0.6,-1.48,Enrolled
5,16,2,9070,0,10,140.3,13,23,11,18,17,129.5,1,0,0,1,0,0,35,0,12,12,25,10,9.2,1,4,2,13,6,0.8,7,8.3,1.4,-3.21,Graduate
1,7,5,8014,1,1,132.3,1,18,31,16,11,139.0,1,0,0,1,1,0,54,0,5,5,16,1,17.2,8,7,5,0,10,4.2,4,7.8,0.7,-0.14,Dropout
1,16,9,171,1,6,114.7,8,32,29,8,2,136.4,1,0,0,1,0,0,37,0,4,2,7,1,9.4,6,2,0,25,12,11.9,5,14.9,-0.7,-3.1,Dropout
2,1,5,8014,1,2,159.3,13,9,33,9,1,121.8,1,0,0,1,1,0,49,0,0,14,27,5,10.9,4,0,15,1,8,16.4,5,14.0,-0.4,2.17,Dropout
1,1,5,9147,1,6,148.5,20,11,22,14,5,103.0,0,0,0,0,1,0,19,0,11,17,25,8,5.4,8,0,11,7,7,14.3,2,10.3,-0.2,-1.54,Graduate
1,5,0,8014,1,1,133.8,19,1,27,12,5,105.2,0,0,0,1,1,0,49,0,4,12,19,10,1.1,3,7,1,29,8,13.8,6,9.5,1.1,-0.32,Graduate
1,15,4,8014,1,2,134.3,17,11,8,16,16,103.1,1,0,1,1,0,0,24,0,9,14,18,8,14.7,8,13,1,7,7,16.4,8,11.7,-0.6,2.63,Enrolled
4,7,5,33,1,12,128.4,13,33,6,6,15,125.8,0,0,0,1,1,1,27,0,7,11,13,10,15.4,1,11,4,5,6,4.1,1,7.8,1.4,-1.02,Graduate
1,5,7,171,0,6,138.9,16,30,25,3,12,96.4,1,0,0,1,1,0,44,0,14,15,17,5,15.3,1,11,19,9,5,1.1,2,15.3,-0.5,-3.33,Graduate
2,16,0,8014,1,10,129.3,15,5,34,2,11,124.9,1,0,0,1,0,0,44,0,7,11,25,2,14.4,8,12,0,0,6,7.6,5,12.2,3.3,2.49,Dropout
6,5,4,171,1,9,134.6,11,1,9,0,10,128.7,0,0,0,1,0,1,45,0,9,16,24,12,4.8,5,4,4,16,10,6.8,4,15.4,3.7,-3.02,Graduate
1,2,2,9130,1,12,136.6,12,10,31,6,14,138.1,0,0,1,1,1,0,36,0,5,12,3,3,10.3,5,3,3,13,12,10.8,4,15.5,0.9,1.63,Graduate
1,2,1,9085,1,12,166.5,3,13,19,4,16,133.6,0,0,0,1,1,0,47,0,1,8,27,4,14.7,3,3,1,24,14,8.7,1,11.9,2.7,-0.72,Dropout
1,15,7,9119,1,4,116.3,9,27,1,16,19,138.7,1,0,0,1,1,0,33,0,12,17,7,14,11.3,9,4,14,11,0,13.5,6,11.5,3.2,1.77,Enrolled
1,7,6,33,1,9,132.4,14,8,24,16,7,132.4,1,0,0,1,1,1,30,1,1,9,16,1,17.3,5,6,4,19,13,14.3,3,9.7,3.0,-3.28,Enrolled
1,10,9,9085,1,5,148.4,7,28,34,14,6,122.8,1,1,0,1,1,0,52,0,1,12,0,14,12.2,8,13,13,6,3,10.4,8,14.4,1.7,1.56,Graduate
5,17,6,171,0,9,142.4,11,2,17,2,10,125.6,0,0,0,1,0,1,49,0,7,10,5,9,10.1,1,5,8,4,4,3.7,0,15.5,1.2,0.54,Graduate
2,2,4,9085,1,4,140.2,10,12,34,2,7,115.9,0,0,0,1,1,0,37,0,11,17,24,8,17.9,1,6,8,22,4,15.8,4,8.6,0.7,-2.36,Enrolled
2,10,8,8014,1,14,175.2,3,27,13,1,18,130.0,1,0,0,1,1,0,53,0,7,8,0,0,9.6,0,10,10,28,7,4.8,6,14.1,-0.4,-0.78,Graduate
1,1,4,9119,1,1,146.3,19,13,25,7,5,106.4,1,0,0,1,1,1,50,0,7,18,29,0,17.4,7,10,18,5,4,13.8,4,8.6,3.6,2.44,Enrolled
3,2,1,8014,1,4,120.6,2,22,12,12,19,140.9,1,0,0,1,1,1,34,0,0,10,29,4,0.2,6,10,9,26,4,9.1,0,8.6,-0.5,0.02,Graduate
6,2,2,9147,0,14,118.9,17,15,21,5,18,114.6,1,0,0,1,0,0,25,0,12,17,4,10,9.9,4,3,19,12,4,10.0,2,9.4,0.0,-3.05,Graduate
3,7,3,8014,1,3,129.4,2,31,1,4,18,129.0,0,0,0,1,0,0,34,0,8,7,8,3,5.2,5,0,9,4,11,2.9,8,13.2,1.5,1.66,Graduate
1,15,4,9119,1,12,123.5,21,7,6,12,3,131.2,0,0,1,1,1,1,21,0,9,17,7,9,7.1,1,14,16,3,13,10.3,0,7.6,-0.4,-3.12,Dropout
2,10,2,9003,1,5,131.2,16,7,11,0,14,142.1,0,0,0,1,1,0,28,0,3,13,23,5,1.6,7,3,17,9,7,15.0,6,9.9,2.4,-1.4,Graduate
1,16,6,9130,1,4,135.1,17,12,16,17,16,105.1,1,1,0,1,1,0,18,0,8,18,24,9,4.8,5,2,14,12,7,7.9,8,11.7,-0.7,-3.27,Dropout
1,2,4,171,1,10,134.1,10,14,22,6,17,122.8,1,0,0,1,0,0,18,0,6,0,22,14,10.3,4,9,14,20,6,5.8,3,14.2,3.0,-1.06,Graduate
1,2,4,9130,1,5,93.1,4,34,11,16,19,134.1,1,0,0,1,1,0,37,0,2,5,8,8,13.0,8,5,5,28,6,4.8,2,10.0,3.3,2.42,Enrolled
2,7,5,9147,1,3,118.7,11,9,26,7,11,149.8,1,0,0,0,0,1,32,0,12,17,7,12,16.4,0,7,14,12,8,8.5,3,11.5,2.3,1.83,Graduate
2,7,6,9130,1,2,140.7,17,33,26,18,9,126.5,0,0,0,0,1,0,52,0,9,16,5,13,4.2,0,2,12,19,12,4.4,3,12.7,2.1,2.83,Graduate
1,15,9,9085,0,10,154.7,12,12,21,15,8,119.3,1,0,1,0,1,0,51,0,9,13,20,0,14.3,0,7,0,25,6,7.9,8,9.3,1.9,0.03,Dropout
1,10,9,9238,1,2,123.9,21,34,26,13,7,153.4,0,0,0,1,1,0,36,0,2,19,18,12,0.4,9,1,4,29,7,8.9,2,15.4,-0.5,0.9,Graduate
1,1,7,33,0,10,124.0,10,27,15,19,7,137.4,0,0,0,1,1,0,50,0,1,12,2,10,16.1,5,6,14,6,5,3.1,9,10.3,0.7,0.73,Dropout
1,16,8,9119,1,5,128.7,16,22,11,9,10,144.9,1,0,0,0,1,0,50,0,6,14,6,0,10.7,8,2,3,27,12,15.4,7,13.7,2.0,-3.68,Graduate
1,15,3,33,1,10,155.9,4,18,9,1,11,111.3,1,0,0,1,0,0,36,0,7,7,15,6,15.2,7,10,5,11,12,13.0,6,13.0,0.1,0.53,Dropout
1,17,4,9119,1,5,130.8,3,18,23,15,5,133.8,1,0,0,1,1,0,28,0,0,18,0,2,4.6,5,9,11,17,13,14.7,9,12.8,-0.8,-0.49,Enrolled
3,1,4,171,1,1,96.4,9,7,4,12,2,112.9,1,0,0,1,0,0,39,0,6,7,9,9,6.7,8,2,13,24,0,15.5,0,10.7,1.6,-1.33,Graduate
1,5,7,9130,1,2,156.8,6,4,30,4,14,110.0,1,0,0,1,1,0,49,0,1,16,5,9,1.7,0,7,19,20,2,9.2,4,14.8,0.8,-2.86,Dropout
1,2,8,171,1,6,140.4,12,16,28,17,5,134.6,1,0,0,1,1,0,23,1,6,8,4,9,1.4,5,9,15,28,0,15.9,4,14.1,0.2,-3.11,Dropout
1,10,6,8014,1,3,110.6,1,22,25,19,6,135.5,1,0,0,1,1,1,20,0,5,17,16,2,14.9,3,1,7,27,4,10.7,0,12.1,2.8,-0.22,Enrolled
5,15,4,8014,1,10,122.3,14,20,22,10,5,120.7,0,0,0,1,0,0,31,0,14,8,20,8,5.3,7,11,10,2,8,17.3,9,9.8,2.4,-2.79,Dropout
2,2,2,33,1,5,118.1,10,31,25,4,1,145.6,0,0,0,0,0,1,27,0,8,2,28,12,6.3,1,8,1,4,9,7.7,0,12.0,2.1,1.61,Dropout
2,10,0,9070,1,3,126.9,18,33,26,12,5,122.2,1,0,0,1,1,0,21,0,6,15,29,4,9.6,9,7,17,24,10,14.0,6,7.8,3.6,1.79,Graduate
1,10,8,9070,1,14,152.3,13,13,29,0,1,123.5,1,0,0,1,1,1,30,0,8,6,2,6,12.1,6,3,0,27,11,6.3,2,11.9,2.1,-1.88,Graduate
2,10,4,9238,1,9,102.0,9,20,32,5,0,126.5,0,0,0,1,0,0,25,0,4,16,5,5,0.8,9,8,13,1,9,2.3,0,13.3,2.5,0.61,Graduate
1,2,8,9070,1,10,124.8,19,22,26,10,14,123.8,0,0,0,1,1,0,48,0,12,13,27,0,10.3,1,0,0,7,12,15.5,0,15.3,0.4,-3.59,Enrolled
2,15,9,9147,1,4,131.7,4,23,28,9,9,143.6,1,0,0,1,0,0,37,0,5,10,27,3,11.0,9,13,0,0,11,12.6,0,13.5,2.6,2.81,Graduate
5,16,3,9085,1,12,129.0,3,33,20,0,9,113.5,1,0,0,1,1,0,41,1,12,13,27,14,15.3,3,10,7,15,5,10.5,2,9.1,1.7,0.68,Graduate
2,7,4,9085,0,6,118.0,6,30,2,15,9,117.2,1,0,0,1,1,0,34,0,5,6,0,7,2.8,8,9,13,22,11,17.1,1,7.5,1.7,-1.37,Dropout
4,2,3,8014,1,1,147.8,9,14,23,12,4,111.5,1,0,1,1,0,1,27,0,12,15,11,6,8.1,7,8,12,26,2,14.2,1,9.6,-0.2,0.12,Graduate
2,17,1,9070,1,5,127.6,10,8,5,15,3,151.5,1,0,0,1,1,0,53,0,2,0,15,13,8.5,8,13,9,15,8,1.3,7,10.6,2.5,-1.41,Graduate
1,10,0,9238,1,5,125.7,9,22,21,14,14,122.8,0,0,0,1,0,0,47,0,2,19,24,4,15.3,1,7,4,29,7,0.8,1,7.1,2.2,-3.45,Dropout
5,15,7,9119,1,9,135.2,17,4,22,6,8,117.0,0,0,1,1,1,0,47,0,11,9,17,4,6.5,4,7,17,22,5,10.4,7,15.5,-0.1,-2.08,Graduate
1,16,3,8014,1,9,125.8,10,8,11,13,15,123.3,0,0,1,1,1,0,34,0,0,10,7,8,1.5,3,0,6,6,6,8.2,7,12.3,0.0,-3.98,Enrolled
1,5,4,171,1,6,121.7,6,34,30,10,8,138.0,1,0,0,1,1,0,38,0,3,14,5,8,10.8,7,7,16,22,0,0.9,8,15.5,3.1,1.79,Enrolled
1,17,5,9070,1,10,116.1,16,22,28,12,18,135.6,0,0,0,1,0,0,33,0,2,17,18,5,11.9,1,0,10,15,7,1.8,6,10.1,2.0,3.26,Graduate
1,1,7,8014,1,2,162.9,17,25,17,4,13,119.5,1,0,0,1,1,0,39,0,6,15,17,8,10.5,2,9,3,15,8,6.2,4,13.5,-0.1,-1.74,Graduate
1,17,7,9070,0,9,141.9,11,25,21,17,11,121.8,1,0,0,1,1,1,54,0,5,13,8,11,8.8,3,12,0,2,8,7.7,2,12.8,0.2,1.37,Graduate
1,10,6,9147,0,14,124.3,20,17,25,2,11,108.1,0,0,0,1,1,1,44,0,13,4,17,6,3.8,6,0,15,2,1,13.0,9,9.2,1.3,-0.1,Dropout
1,5,3,9238,1,9,149.1,7,16,24,11,2,128.8,1,0,0,1,0,0,23,0,11,14,29,10,9.7,1,1,14,1,4,13.8,9,9.5,3.3,-3.9,Enrolled
2,7,5,33,1,4,137.9,4,15,30,6,18,143.7,0,1,0,0,1,0,50,1,14,11,19,5,0.6,7,1,17,24,11,9.6,9,10.6,1.5,3.32,Dropout
1,16,3,9003,1,14,130.6,10,17,21,19,10,119.4,0,0,0,1,1,0,18,0,8,15,17,1,10.2,5,13,14,26,5,2.6,3,8.7,0.0,3.23,Enrolled
1,16,6,9238,0,2,114.6,21,33,6,14,4,135.3,0,0,0,1,1,0,18,0,12,19,4,14,8.8,6,4,19,18,4,6.4,2,10.0,3.0,2.68,Graduate
2,10,0,9070,1,4,117.6,14,18,21,0,5,119.4,0,0,0,1,1,0,38,0,9,10,28,2,17.1,3,6,17,5,12,14.5,5,12.1,1.1,-1.68,Dropout
1,17,4,171,1,4,144.5,17,30,8,18,5,112.8,1,0,0,1,0,0,17,0,2,19,10,14,5.8,0,5,7,3,10,16.4,4,9.2,2.3,-3.05,Dropout
2,17,9,171,1,6,141.3,14,23,5,9,18,135.8,1,0,0,1,0,0,50,0,5,15,17,10,0.4,1,3,8,9,6,5.5,1,9.6,-0.2,-1.68,Graduate
2,16,9,33,1,9,109.4,20,7,10,13,13,157.5,1,1,0,1,1,1,53,0,8,7,0,8,13.7,9,0,13,10,14,1.0,5,15.1,2.6,1.52,Dropout
3,5,3,9130,1,3,123.9,13,10,31,14,15,134.1,1,0,0,1,0,0,27,0,9,7,2,0,3.0,5,12,11,25,6,5.0,4,11.2,3.3,-0.44,Enrolled
2,10,6,171,1,14,140.2,2,16,30,1,11,121.6,1,0,0,1,1,0,43,0,2,1,19,14,9.8,0,4,5,2,13,14.8,9,13.4,2.9,2.88,Enrolled
1,2,8,8014,1,1,146.7,9,28,21,16,17,122.5,1,0,0,1,1,0,30,0,8,3,27,6,3.9,9,3,1,4,6,7.2,9,9.4,-0.7,-3.91,Dropout
2,15,4,171,1,3,137.7,3,23,27,9,12,151.8,1,0,0,0,1,0,24,1,2,2,4,0,9.7,6,8,2,4,7,2.4,3,12.4,1.8,3.22,Dropout
1,5,3,9003,1,12,123.2,4,34,32,4,19,131.0,0,0,0,1,1,1,33,0,0,8,15,9,10.5,7,5,17,0,2,12.4,6,13.2,1.8,3.19,Graduate
1,15,8,33,1,1,133.5,12,18,26,5,8,117.0,1,0,0,1,1,1,29,0,10,15,26,6,11.9,7,4,18,14,6,15.0,8,9.7,2.9,1.88,Dropout
3,2,4,8014,1,10,126.8,15,23,4,5,17,126.2,1,1,0,1,1,1,23,0,2,12,3,7,6.7,1,12,18,22,2,11.4,0,10.9,3.7,-0.22,Dropout
1,2,8,9070,1,2,135.7,20,20,27,5,3,129.8,0,0,0,0,1,1,31,0,13,12,17,2,1.1,3,3,8,23,14,14.0,7,14.6,3.4,-1.35,Dropout
3,15,7,9238,1,6,152.2,8,31,27,13,10,133.1,1,0,0,1,1,0,31,0,4,5,26,1,10.7,8,4,12,22,10,15.2,0,13.3,-0.3,3.17,Dropout
3,5,3,33,1,3,118.3,18,14,6,12,17,146.7,1,0,0,1,0,0,52,0,7,19,17,4,15.6,5,2,7,0,0,4.9,4,15.0,2.6,1.16,Graduate
4,15,6,9003,1,9,134.2,5,23,18,12,2,143.6,1,0,0,1,1,0,30,0,14,3,1,2,9.5,6,7,4,5,3,12.4,0,8.7,3.4,1.73,Enrolled
5,15,4,9085,0,2,128.5,2,2,26,9,3,129.6,0,0,0,1,1,0,46,0,0,18,5,13,4.5,4,8,14,13,8,14.7,1,13.1,1.0,2.06,Enrolled
1,1,9,9003,1,4,126.1,9,29,24,15,8,126.5,0,0,0,1,1,0,52,0,3,11,15,9,7.4,8,0,6,25,14,0.2,7,7.1,3.4,2.45,Enrolled
1,5,3,9119,1,14,127.9,14,9,7,6,12,132.1,0,0,0,1,1,0,30,0,9,2,25,6,9.7,3,11,3,17,4,14.6,8,9.2,3.3,-0.26,Graduate
2,17,4,9119,1,12,149.7,1,33,14,2,14,119.1,0,0,0,0,1,0,20,0,7,4,2,9,1.6,6,14,4,27,5,12.7,0,7.5,2.1,3.18,Dropout
1,17,4,9085,1,6,138.7,20,12,13,14,9,139.7,0,0,0,1,0,0,25,0,10,4,18,11,10.2,7,4,11,25,0,10.0,9,13.8,3.3,-1.83,Graduate
2,1,8,9147,1,4,122.8,4,19,26,4,8,124.4,0,0,0,1,1,0,49,0,12,10,28,1,2.0,5,10,13,15,3,0.1,6,11.5,2.5,1.93,Graduate
2,10,8,171,1,2,139.7,17,20,2,7,15,133.4,0,0,0,0,0,0,24,0,5,13,10,6,3.2,0,5,11,16,7,1.6,3,11.5,2.0,-3.1,Graduate
2,16,5,9238,1,14,121.6,10,31,23,4,15,149.3,0,0,0,1,1,1,31,0,3,16,5,14,7.1,5,2,10,7,3,6.4,3,10.7,0.6,-1.27,Graduate
1,17,3,9130,1,12,103.2,2,21,28,1,12,134.2,1,0,0,0,1,1,54,0,2,6,0,1,14.4,6,2,9,3,12,3.3,5,7.5,1.7,-0.7,Dropout
1,15,1,9130,1,4,95.4,6,13,1,18,4,130.0,0,0,0,1,1,1,45,0,0,6,26,6,14.8,3,5,13,18,5,3.2,9,13.9,2.3,0.13,Graduate
1,10,2,9238,0,12,137.5,19,27,32,10,9,120.3,1,0,0,1,0,1,17,0,9,2,21,6,5.1,0,12,9,0,9,5.4,3,13.5,1.5,-3.49,Dropout
1,17,1,9003,1,2,125.7,9,25,12,10,0,126.0,1,0,1,1,0,0,54,0,11,5,20,3,9.7,6,7,2,10,12,0.1,8,13.4,1.5,-1.07,Graduate
4,5,4,9085,1,9,145.0,19,2,26,2,2,112.2,1,0,1,1,0,0,43,0,7,13,2,9,1.7,2,1,16,8,4,2.1,8,15.9,3.2,-1.7,Dropout
1,15,5,9085,1,5,135.8,19,8,31,12,2,133.9,0,0,0,1,1,0,30,0,1,16,24,2,18.0,5,11,18,7,13,7.6,6,14.5,3.6,-0.56,Graduate
1,16,4,9070,1,10,133.9,9,33,12,19,9,99.3,0,0,0,1,1,0,24,0,14,6,7,8,11.8,5,9,18,23,0,12.0,0,9.4,2.4,1.47,Graduate
1,10,1,33,1,10,123.2,3,25,29,18,16,139.6,1,0,0,1,0,0,23,0,6,19,2,10,4.0,2,6,4,7,2,8.4,5,8.3,0.7,-2.91,Graduate
2,17,4,8014,1,4,137.8,6,21,5,14,17,136.5,1,0,1,1,0,0,40,0,2,1,14,0,16.2,1,11,4,20,1,17.7,4,11.0,3.2,1.11,Graduate
2,17,8,9119,1,4,153.3,6,13,7,5,12,128.3,1,0,0,0,1,0,32,0,4,17,20,3,6.3,4,0,2,4,6,0.6,4,14.5,2.9,-1.36,Graduate
1,7,3,9130,1,10,99.7,17,9,16,12,1,120.1,0,0,0,1,0,0,17,0,13,7,16,9,5.0,9,0,7,27,10,12.4,7,8.4,2.5,-1.74,Graduate
1,17,9,171,1,3,127.8,13,10,32,17,15,126.8,0,0,0,1,1,0,28,0,5,12,20,13,5.4,2,14,17,14,4,11.6,4,14.0,1.0,-1.01,Graduate
1,2,1,8014,0,9,150.2,13,5,17,17,3,103.9,0,0,0,1,1,0,26,0,11,18,29,14,8.7,2,12,12,23,6,12.3,2,15.5,1.9,2.42,Enrolled
1,15,2,9003,1,10,112.8,7,31,21,0,17,137.7,0,0,0,1,1,1,51,0,2,5,27,14,0.6,7,11,15,21,9,7.5,1,8.2,0.9,-3.55,Enrolled
2,16,2,9070,1,10,132.0,9,24,27,10,13,124.9,0,0,0,0,1,1,50,1,5,18,17,13,11.7,9,1,17,23,13,6.8,3,13.1,-0.0,0.29,Graduate
2,2,8,8014,1,14,119.8,18,32,15,15,5,146.7,0,0,0,0,1,0,25,0,10,17,28,11,17.1,3,8,15,17,13,15.6,4,8.9,2.7,1.5,Dropout
1,1,3,9070,1,4,126.0,1,3,23,0,10,132.1,0,0,0,1,1,1,38,0,6,6,3,14,14.7,4,4,7,11,8,2.8,6,16.0,2.3,0.67,Dropout
1,10,0,9130,1,12,103.4,20,16,8,18,16,130.0,1,0,0,1,1,0,53,0,13,1,18,3,14.6,7,0,17,1,5,5.5,3,15.0,0.6,-0.01,Dropout
6,17,0,9130,1,14,144.8,13,20,25,7,7,132.2,1,0,0,1,1,0,28,0,9,4,8,7,13.9,0,5,0,5,12,2.7,8,10.3,1.5,0.65,Enrolled
1,1,6,171,1,4,132.3,8,24,11,18,2,114.3,0,0,0,1,1,1,52,0,12,9,13,11,6.4,6,1,12,27,4,2.3,6,7.4,1.9,-1.38,Dropout
2,16,6,9085,1,10,108.3,21,34,21,15,2,121.1,1,0,0,1,1,1,48,0,11,17,15,10,3.4,4,11,13,10,11,7.2,5,7.4,2.8,-0.84,Dropout
1,15,1,9003,1,6,136.3,9,23,10,2,16,128.7,1,0,0,1,1,1,33,0,6,7,20,3,5.7,1,13,12,19,8,16.5,8,11.4,-0.7,-1.12,Graduate
1,2,8,9147,1,5,133.1,1,2,9,1,3,123.1,0,0,1,1,1,0,18,0,1,10,23,13,3.1,1,10,5,1,0,16.4,7,15.6,3.1,0.33,Graduate
1,2,8,9238,1,4,119.7,9,5,1,11,18,119.5,0,0,0,1,1,0,47,0,14,15,16,9,15.3,7,8,9,26,4,11.9,3,14.6,0.9,2.64,Graduate
1,10,4,171,1,5,159.5,20,18,22,9,7,123.3,0,0,0,1,1,0,36,0,1,1,21,4,7.6,9,11,12,6,9,9.0,4,11.3,1.6,-0.48,Enrolled
6,15,2,9130,0,1,137.7,11,29,6,1,16,127.6,1,0,0,1,0,1,54,1,14,8,6,3,14.6,3,13,12,18,9,10.4,0,8.9,1.3,-0.99,Enrolled
1,17,2,33,1,9,149.4,20,10,30,4,4,157.1,0,0,0,1,0,0,21,0,10,13,19,0,5.2,1,6,3,11,10,11.6,1,7.6,2.8,1.07,Graduate
1,7,2,9085,1,10,127.6,4,16,34,4,10,122.8,0,0,0,1,1,0,24,0,10,19,6,7,2.6,9,0,7,8,14,9.0,3,10.5,2.2,-2.56,Graduate
1,7,5,9238,0,12,105.6,16,23,13,5,11,118.2,0,0,0,0,0,0,32,0,2,19,5,1,15.7,9,3,9,14,3,9.5,2,14.3,2.6,2.7,Graduate
1,10,3,33,1,3,95.1,14,30,22,2,14,125.0,1,0,0,0,0,0,48,0,6,8,5,9,14.4,7,14,5,21,14,14.5,2,11.4,3.6,1.67,Graduate
1,15,7,171,1,12,114.8,20,6,6,9,11,146.5,0,0,0,0,0,0,19,0,0,6,12,4,10.0,5,9,13,28,5,15.1,0,11.3,2.7,-1.41,Graduate
1,10,4,8014,1,14,150.2,21,20,24,4,6,147.5,1,0,0,1,0,1,25,0,7,8,2,13,2.2,8,10,4,28,5,9.4,7,11.3,2.5,-2.48,Graduate
3,15,0,9147,1,5,122.4,18,16,21,19,2,152.3,0,0,0,1,1,0,52,0,3,10,2,9,6.1,4,0,14,27,11,10.4,1,8.9,-0.2,0.78,Dropout
1,16,8,9070,1,14,145.6,9,28,23,4,9,127.8,0,0,0,1,0,1,49,0,11,6,13,1,1.0,0,6,6,24,10,3.1,3,14.3,0.8,3.2,Graduate
1,16,0,9238,0,6,112.5,1,26,5,14,15,135.3,0,0,0,0,1,0,22,0,5,4,26,14,16.2,2,4,1,26,10,6.7,7,13.8,1.9,2.56,Graduate
5,1,5,9238,0,1,120.1,3,22,7,16,0,113.3,0,0,0,1,0,0,48,0,13,3,1,11,4.3,4,4,7,18,10,9.8,2,9.7,0.5,-3.48,Dropout
1,17,0,171,1,12,122.2,20,11,3,16,10,122.4,1,0,0,1,1,0,34,0,4,10,2,12,9.4,9,8,19,23,0,7.9,2,8.7,2.1,-1.96,Dropout
6,10,2,9238,1,12,133.4,1,1,13,17,16,112.5,0,0,0,1,1,0,20,0,0,3,6,11,17.0,4,6,6,29,10,13.8,0,14.1,0.4,1.14,Graduate
1,17,9,9070,1,6,109.7,3,5,12,9,13,133.2,0,1,0,0,1,0,44,0,4,16,1,12,11.2,6,11,16,23,8,3.9,2,15.8,0.6,0.05,Graduate
4,15,4,9070,1,10,118.1,14,2,6,6,17,127.5,0,0,0,1,1,0,51,0,4,16,20,4,11.2,4,13,0,25,0,4.1,6,8.2,-0.7,-2.59,Enrolled
2,7,9,33,1,4,126.5,14,6,34,10,11,129.9,0,0,0,1,0,0,50,0,6,7,28,3,15.0,8,3,5,25,4,16.7,9,8.4,0.2,2.5,Graduate
3,17,6,8014,1,5,109.9,13,27,15,13,15,116.0,0,0,1,1,1,0,50,0,8,5,3,9,12.5,7,0,7,24,3,2.0,9,12.3,1.5,3.25,Dropout
6,15,9,9070,1,5,103.6,1,26,18,8,7,138.1,0,0,0,1,0,0,53,0,8,16,3,5,8.7,4,3,3,11,5,4.3,1,11.3,2.1,-1.12,Graduate
1,16,7,9147,1,9,130.4,15,13,3,16,2,95.7,0,0,0,1,1,1,49,1,0,10,6,2,2.2,5,7,18,3,9,13.3,5,8.4,1.2,0.43,Graduate
6,15,8,9238,1,9,110.1,20,12,22,1,10,123.7,0,0,0,1,1,0,32,0,4,11,0,11,8.9,6,0,4,25,8,9.5,6,12.4,0.7,-1.38,Graduate
1,10,5,33,1,9,148.2,7,18,28,16,14,125.6,1,0,0,1,0,0,54,0,3,7,12,12,3.3,6,9,19,4,11,2.2,3,7.2,1.7,-2.5,Graduate
1,1,8,9130,1,5,148.6,16,6,12,16,3,100.7,1,0,0,1,1,0,53,0,6,0,16,11,8.9,8,6,12,22,11,11.6,9,11.4,-0.5,2.74,Enrolled
1,1,7,33,0,4,121.2,20,28,1,19,15,132.0,0,0,0,1,1,0,33,0,4,7,6,5,0.4,2,5,11,14,11,4.0,4,8.0,0.4,-0.87,Dropout
1,1,8,9147,1,10,139.0,21,28,30,9,16,124.7,1,0,0,1,0,0,39,0,1,18,19,1,6.3,4,10,12,8,7,3.4,5,10.4,0.9,-3.85,Graduate
1,1,9,9085,1,1,131.0,1,25,23,11,13,134.3,1,0,1,0,1,0,27,0,13,18,16,2,1.0,6,11,18,27,2,5.1,9,15.8,1.4,-1.62,Graduate
2,16,3,33,1,1,146.0,15,5,28,11,1,153.0,1,0,0,1,0,0,50,0,10,3,11,1,2.6,5,2,1,23,8,6.8,3,10.3,2.8,-1.06,Graduate
1,5,8,9130,1,6,123.1,20,15,5,14,14,131.2,1,0,0,1,0,0,41,0,14,7,17,4,12.5,3,9,12,14,10,16.3,0,10.1,2.6,-2.77,Dropout
3,17,6,9070,1,2,137.7,15,9,10,8,7,139.6,1,0,0,1,1,0,35,0,3,17,3,4,17.6,3,6,7,22,13,9.1,2,10.9,1.3,1.51,Graduate
3,10,4,9119,1,3,134.7,19,2,5,17,12,145.0,1,0,0,1,0,1,24,0,9,1,20,12,10.2,4,12,15,14,14,3.1,9,12.0,1.4,-2.72,Graduate
1,2,4,9119,0,4,133.9,6,9,14,15,2,133.4,0,0,0,1,0,0,20,0,14,0,22,12,3.1,2,7,13,18,5,17.4,6,7.1,2.4,2.5,Dropout
1,10,0,9119,1,2,120.8,6,26,24,6,3,115.7,0,0,0,1,1,0,22,0,3,7,12,10,6.8,4,1,0,29,2,6.9,8,14.3,1.5,0.54,Enrolled
1,5,1,9085,1,14,147.8,1,23,28,13,3,105.7,0,0,0,1,1,1,40,0,9,8,9,7,4.2,1,7,3,18,12,16.9,7,9.7,-0.2,1.94,Graduate
1,1,9,9130,1,9,123.9,16,28,21,3,3,131.9,1,0,0,1,1,1,36,0,2,19,1,5,0.9,7,9,5,3,6,6.6,7,14.6,1.3,1.1,Dropout
1,5,2,9147,1,14,123.8,18,6,12,2,1,121.8,1,0,0,0,1,0,19,0,10,7,3,6,16.4,0,11,4,16,2,1.6,5,8.3,1.9,1.71,Dropout
1,7,7,171,1,1,119.2,13,4,20,11,12,143.7,0,0,0,1,1,0,39,0,11,14,4,10,9.8,1,5,15,12,11,11.5,4,10.9,1.8,-0.9,Graduate
1,7,5,9119,1,3,120.1,12,30,32,15,7,120.8,0,0,0,0,1,0,35,0,4,13,3,12,2.7,7,13,4,12,9,16.9,9,15.9,-0.2,0.43,Graduate
6,17,9,171,1,2,126.4,18,18,21,3,8,126.8,1,0,1,1,1,0,17,0,7,1,11,11,13.4,4,4,8,6,14,12.6,2,8.7,3.6,-1.17,Dropout
2,16,4,9085,1,12,136.7,10,30,17,3,0,111.9,0,0,0,1,1,0,19,0,1,10,13,8,3.1,1,10,11,29,2,0.7,9,11.6,0.9,1.39,Enrolled
1,10,0,171,1,10,141.8,14,27,1,2,0,122.5,1,1,0,1,0,1,39,0,14,6,9,11,3.7,6,12,8,27,3,4.6,1,9.9,3.6,-1.71,Graduate
2,10,8,9238,1,3,131.9,20,31,28,8,8,114.7,1,0,0,1,1,0,17,0,13,13,27,3,10.8,1,9,10,24,10,10.3,0,12.8,2.9,-1.53,Graduate
1,2,2,9085,1,5,151.2,11,30,2,13,10,115.9,0,0,0,1,1,0,21,0,10,9,15,5,7.7,2,4,5,4,6,0.1,4,7.6,0.3,2.21,Dropout
1,16,2,171,1,3,131.8,18,12,17,11,15,126.3,0,0,0,1,1,0,44,0,1,13,27,12,16.1,2,6,19,11,10,9.6,9,14.2,3.3,-2.7,Graduate
2,2,1,33,1,6,103.1,12,17,14,9,3,119.1,1,0,0,1,0,0,21,0,8,18,6,6,10.7,7,3,8,9,5,14.4,0,12.7,0.2,-1.04,Dropout
1,7,3,9119,1,5,112.7,17,34,14,13,14,161.2,0,0,0,1,1,1,35,0,12,18,1,10,3.3,1,11,7,25,10,17.8,2,14.8,-0.2,0.28,Graduate
1,1,1,8014,1,2,140.5,3,28,18,11,6,137.9,1,0,0,1,0,0,29,0,4,16,21,2,8.5,6,9,15,14,13,9.6,8,13.8,1.1,-3.05,Graduate
6,5,8,9003,1,14,125.1,21,4,34,11,1,141.1,1,0,0,1,0,1,46,0,11,0,25,13,13.1,8,0,6,21,7,12.2,5,8.2,-0.2,0.58,Graduate
4,2,9,9085,1,10,124.1,1,34,1,1,9,125.6,1,0,0,1,0,1,24,0,1,10,18,11,10.8,9,4,17,20,2,2.8,7,14.8,-0.6,-1.23,Enrolled
2,15,6,9070,0,6,115.5,1,14,18,18,16,128.4,1,0,0,1,1,0,33,0,1,9,19,7,5.8,4,10,14,21,1,2.1,1,10.5,0.7,-2.44,Graduate
2,2,7,9003,1,3,124.0,6,13,34,12,10,121.4,0,0,0,1,0,0,41,0,2,15,23,14,7.0,0,6,1,0,1,11.6,0,11.4,0.5,-3.63,Graduate
2,1,2,9147,1,1,124.2,19,3,23,9,18,161.1,1,0,0,1,1,0,28,0,8,4,13,3,12.0,4,9,0,21,4,2.9,4,7.5,3.4,0.2,Dropout
1,1,5,9085,1,5,137.4,4,21,16,0,9,125.6,0,0,0,1,1,0,45,0,5,7,15,3,9.3,2,0,17,7,14,13.7,5,9.0,1.1,3.29,Dropout
1,10,9,9085,1,2,126.3,13,16,19,0,3,119.2,1,0,0,1,0,1,17,0,13,3,10,13,1.3,6,13,10,20,10,12.5,7,9.6,3.7,1.79,Graduate
1,5,5,171,0,2,149.1,12,26,6,7,12,117.2,0,0,0,1,1,0,18,0,0,6,29,12,9.9,9,4,5,16,11,6.7,9,14.2,-0.2,-1.06,Enrolled
1,1,0,9085,1,12,120.2,8,6,24,5,0,131.4,1,0,0,1,0,0,50,0,9,9,5,1,8.2,0,0,12,15,0,12.0,1,11.3,1.6,-2.62,Graduate
1,16,5,9119,1,14,133.1,20,18,17,19,6,145.5,1,0,0,1,1,0,49,0,2,10,9,8,14.7,6,9,11,4,14,6.7,9,10.3,2.4,1.62,Enrolled
1,2,2,9130,1,9,105.2,7,6,16,2,8,141.1,1,0,0,1,1,0,17,0,4,3,6,12,2.0,7,12,16,26,12,11.1,8,15.5,0.6,2.48,Graduate
6,2,2,9130,0,6,139.9,21,25,6,12,0,117.2,0,0,0,1,1,0,26,0,3,14,13,8,0.0,2,6,8,9,14,11.9,3,9.1,-0.1,-1.45,Enrolled
5,7,2,9147,1,1,108.7,7,24,16,11,17,116.8,0,0,0,1,0,0,34,0,4,10,12,9,14.8,8,0,4,13,3,12.8,0,11.3,2.0,-3.59,Enrolled
2,1,9,9238,1,14,138.6,7,30,9,19,17,143.2,1,0,0,1,1,0,38,0,0,12,2,9,3.8,7,8,13,1,12,9.5,0,9.3,1.8,0.63,Graduate
1,15,9,8014,1,2,102.4,14,23,29,15,15,154.3,1,0,1,1,1,1,47,0,0,3,14,4,0.6,8,11,12,0,8,6.7,4,9.1,0.7,-3.37,Enrolled
4,10,7,9238,1,9,114.5,18,8,4,10,15,125.1,1,0,0,1,1,0,18,0,1,15,24,7,4.0,0,9,19,4,0,11.1,2,15.0,0.4,-2.75,Graduate
1,5,4,9119,1,3,142.6,19,9,26,3,4,142.7,1,0,0,1,1,0,39,0,8,18,16,10,15.9,7,2,11,9,0,8.7,6,12.1,3.0,-4.03,Dropout
3,15,3,9119,1,2,153.5,20,6,26,7,13,107.9,1,0,0,1,1,0,19,0,2,7,29,7,3.1,8,9,14,23,11,1.1,9,7.0,3.5,-2.09,Graduate
1,10,8,33,0,6,89.3,19,33,14,6,0,116.0,0,0,0,1,0,0,40,0,7,16,26,10,5.8,2,1,4,3,4,8.8,8,8.3,2.3,1.71,Dropout
3,2,8,9130,1,10,113.7,18,33,24,15,5,113.9,1,0,0,1,1,0,41,0,12,9,0,0,11.0,5,7,8,20,13,6.6,1,14.9,1.5,2.15,Graduate
1,15,0,9003,1,10,157.4,6,7,8,11,5,132.4,0,0,0,1,1,0,29,0,9,15,4,2,3.2,3,3,14,24,0,1.0,6,7.6,-0.4,3.12,Graduate
4,10,1,9070,1,2,132.1,16,18,25,5,11,124.7,0,0,0,0,0,0,26,0,2,3,19,11,11.6,3,2,14,24,14,1.9,4,15.0,-0.3,2.17,Enrolled
5,2,7,9085,1,6,114.5,3,6,4,5,17,130.1,1,0,1,1,1,0,22,0,2,17,4,11,12.7,5,11,1,19,6,10.3,7,8.8,1.3,-2.46,Graduate
1,2,4,8014,0,5,152.2,21,21,15,10,8,142.8,1,0,1,1,0,0,21,0,14,19,16,1,4.2,4,5,13,10,11,14.7,8,15.8,3.3,-0.1,Graduate
1,2,6,9070,1,9,138.8,2,26,16,11,15,118.5,1,0,0,1,1,1,32,0,11,6,21,4,1.7,7,9,1,21,2,8.6,9,12.6,2.7,0.38,Dropout
6,2,0,9238,1,4,131.7,15,15,11,15,14,128.2,1,0,0,0,1,0,37,0,14,9,15,2,7.2,6,0,13,1,5,0.9,5,15.8,2.3,-3.09,Graduate
1,16,9,9070,1,2,101.2,20,30,28,15,1,109.6,1,0,0,1,1,0,21,0,8,12,19,6,12.6,7,0,5,18,13,15.2,9,11.6,0.4,-0.76,Graduate
4,2,4,33,1,14,161.4,11,11,7,15,4,142.1,1,0,1,0,0,0,49,0,8,15,0,14,14.6,9,6,14,29,10,12.0,2,14.0,-0.2,-1.75,Graduate
2,7,2,8014,1,3,133.9,19,8,24,3,12,141.3,1,0,0,1,1,1,19,0,10,13,26,1,0.7,2,6,18,0,11,16.5,2,9.5,3.2,1.64,Dropout
1,15,9,8014,1,12,125.4,18,5,31,11,18,131.7,0,0,0,1,1,0,31,0,13,12,4,11,9.7,4,9,15,16,10,17.8,4,8.4,0.0,-3.46,Dropout
1,10,1,33,1,14,151.9,11,8,4,4,0,128.6,1,0,0,1,1,0,26,0,1,1,19,13,4.6,4,7,8,21,10,15.2,5,7.9,0.2,-1.97,Dropout
1,7,1,9119,1,10,116.2,3,5,6,8,15,120.4,1,0,0,0,1,0,17,0,14,2,1,14,7.5,1,6,11,5,6,16.4,7,10.0,2.6,-3.28,Graduate
3,16,8,33,1,12,113.6,4,10,33,17,6,108.9,1,0,0,1,0,0,26,0,7,7,4,2,9.5,4,4,18,4,8,13.8,8,10.5,2.7,-0.55,Graduate
1,17,3,9119,1,5,115.4,6,15,32,8,12,131.0,1,0,0,1,0,1,32,0,13,6,17,10,13.2,5,9,15,16,12,16.5,5,9.9,2.3,-2.63,Graduate
1,17,3,9003,0,5,124.3,12,3,17,15,15,136.8,1,0,1,1,1,0,47,0,10,3,18,6,0.7,6,6,11,9,3,8.5,4,15.6,-0.1,-3.27,Dropout
1,7,6,9147,0,9,130.4,21,10,32,0,11,153.3,0,0,0,1,1,0,44,0,10,3,5,12,3.1,4,1,18,17,0,16.7,2,8.3,0.0,0.92,Enrolled
2,1,9,9119,1,9,139.6,4,7,14,4,6,121.9,0,0,0,1,1,1,53,0,8,15,16,2,11.1,8,6,7,8,13,3.8,1,8.8,3.0,2.34,Enrolled
4,1,9,9070,0,1,111.2,12,24,19,18,13,130.5,0,0,0,1,1,0,43,0,12,15,22,2,7.9,4,5,11,6,9,2.1,1,8.8,0.6,-2.53,Enrolled
6,1,1,9119,1,5,134.5,4,26,24,2,17,141.5,1,0,0,1,0,1,27,0,6,8,10,4,3.8,1,12,12,15,12,8.5,8,13.6,1.7,-3.14,Dropout
1,5,2,9147,1,10,121.0,2,34,11,0,18,141.9,0,0,0,1,1,0,37,0,7,7,14,0,1.2,7,7,2,10,7,4.6,6,13.0,2.8,0.94,Enrolled
3,1,2,9238,1,9,128.4,12,8,7,13,12,118.9,1,0,0,1,0,0,53,0,0,13,1,2,16.5,6,12,14,12,9,11.8,0,8.6,0.5,-3.73,Graduate
3,10,5,9085,1,2,148.1,13,5,24,17,1,123.4,0,0,1,1,1,0,54,0,11,16,11,14,6.5,7,6,1,7,13,14.7,4,7.2,-0.0,-2.26,Dropout
2,7,2,33,1,10,137.4,16,26,24,7,18,120.2,0,0,0,1,0,0,50,0,11,5,23,12,7.4,7,11,16,23,0,3.9,0,7.4,0.8,-1.75,Graduate
6,10,4,9085,1,2,138.6,4,10,14,13,3,115.3,1,0,0,1,1,0,38,0,1,2,18,1,0.9,4,6,15,0,12,1.3,5,9.2,1.6,2.9,Dropout
1,15,3,33,1,14,120.8,8,33,24,19,13,146.1,1,0,0,1,1,1,26,0,12,19,24,1,13.3,1,5,14,12,12,10.9,1,13.8,1.2,-1.4,Graduate
1,1,2,9003,1,1,158.9,5,31,11,19,1,127.8,0,0,0,1,1,0,20,0,7,12,27,11,17.9,4,0,11,11,8,11.9,7,15.1,0.4,-0.03,Graduate
4,16,7,9130,1,3,140.1,14,25,8,12,17,126.0,1,0,0,1,0,0,21,0,2,9,15,13,17.6,2,12,13,19,12,10.4,3,15.1,1.0,1.79,Enrolled
1,5,9,9070,1,3,123.6,15,13,15,15,18,130.2,1,0,1,1,0,0,39,0,6,0,11,12,5.6,8,5,16,27,3,12.4,6,10.9,2.6,2.34,Graduate
3,15,2,9070,1,6,147.1,11,1,2,8,18,127.7,1,0,0,1,0,1,32,0,6,17,0,2,17.3,4,13,8,11,11,1.0,0,14.4,1.7,-3.34,Enrolled
4,16,5,9238,1,3,138.5,10,24,24,6,3,124.1,1,0,1,1,1,0,35,0,7,5,19,1,7.3,6,6,4,27,14,12.3,8,13.5,0.6,1.65,Graduate
1,5,6,9130,1,9,111.1,10,27,10,2,18,117.1,0,0,0,1,0,1,31,0,7,9,21,13,7.0,3,1,15,14,8,9.2,5,7.6,1.5,1.65,Enrolled
4,17,6,9130,1,10,133.0,6,18,32,19,2,147.3,0,0,0,1,0,0,41,0,7,7,13,2,15.0,9,2,15,2,4,5.2,3,15.3,2.6,2.59,Graduate
1,15,1,33,1,3,115.5,16,15,17,0,7,119.6,1,0,0,1,1,1,28,0,13,7,6,4,14.3,5,10,8,6,8,7.9,7,11.9,0.5,1.74,Graduate
1,17,2,9070,1,12,99.4,21,17,10,7,3,114.9,0,0,0,1,0,0,49,0,4,13,7,9,8.5,3,6,4,18,12,3.4,6,11.2,0.0,-3.08,Dropout
2,7,9,9070,1,1,123.5,4,29,22,13,2,126.0,1,0,0,0,1,0,24,1,0,14,12,11,8.1,5,6,15,23,4,0.4,6,12.3,1.7,-1.78,Enrolled
5,10,9,9130,1,3,147.0,9,5,6,12,4,155.0,0,0,0,1,0,0,19,0,8,6,11,9,17.4,3,11,8,5,12,3.5,1,8.6,1.4,-0.86,Graduate
1,2,3,33,1,3,152.1,10,11,27,6,10,116.3,0,0,0,1,1,0,54,0,10,10,6,6,7.4,1,10,7,2,12,9.1,2,8.4,1.9,-3.2,Dropout
1,10,6,9119,1,9,122.3,5,16,20,12,18,136.2,0,0,0,1,1,0,21,0,13,5,1,3,15.5,8,0,15,0,11,7.9,2,10.9,-0.3,-3.15,Dropout
2,1,1,9119,1,5,125.7,10,34,1,6,18,123.8,1,0,1,1,1,1,48,0,10,19,20,6,13.4,7,1,19,7,14,17.2,8,12.2,0.2,1.91,Graduate
2,17,2,9147,1,4,150.9,16,17,17,19,16,130.2,0,0,0,1,1,0,39,0,11,10,2,4,1.9,3,13,4,14,12,16.2,9,7.5,-0.5,-2.77,Dropout
2,16,6,171,1,2,140.1,11,33,1,19,1,139.0,0,0,0,1,1,1,35,0,8,14,7,14,2.9,5,10,17,27,4,4.4,8,7.8,3.0,2.79,Enrolled
1,2,6,8014,1,9,137.3,6,31,15,4,19,104.6,1,0,0,1,1,0,43,0,5,17,3,8,0.7,5,8,12,7,4,7.6,2,15.5,1.0,-2.45,Graduate
1,5,9,9003,0,3,132.1,7,18,1,3,8,115.3,1,0,0,1,0,0,37,0,8,9,24,12,0.6,2,6,1,12,2,17.4,1,10.2,3.2,-0.34,Graduate
1,17,2,33,1,9,140.9,12,25,17,3,2,138.8,0,0,0,1,0,0,50,0,6,17,12,3,10.9,4,2,2,11,11,7.2,3,8.0,3.5,-2.46,Dropout
3,7,0,9119,1,14,129.6,13,5,2,5,9,128.3,1,0,0,1,0,0,18,0,3,13,27,2,1.4,3,6,2,24,13,17.7,2,8.3,-0.5,3.06,Dropout
1,7,2,9238,1,9,152.9,17,30,18,13,8,129.8,1,0,0,1,1,1,25,0,14,8,25,1,2.5,6,7,14,6,3,4.1,1,10.6,1.2,0.04,Dropout
1,17,4,8014,1,2,128.2,9,23,12,2,19,136.2,1,0,0,1,1,0,47,0,9,4,6,9,4.4,4,7,1,15,0,10.8,0,14.6,1.2,0.18,Graduate
6,17,6,8014,1,9,128.0,8,18,29,2,3,115.4,1,0,0,1,1,0,48,0,13,18,29,3,10.0,5,1,5,23,6,13.7,2,10.1,2.1,2.53,Graduate
1,17,3,8014,1,6,99.2,16,32,23,2,6,140.7,1,0,0,0,1,0,26,0,9,19,11,1,4.1,1,3,3,0,7,2.3,7,13.6,-0.5,-2.93,Graduate
6,5,0,9130,1,14,145.9,21,30,9,3,11,137.7,1,0,0,0,1,0,52,0,3,18,3,3,7.1,4,8,5,0,14,17.6,5,9.6,3.4,-3.4,Enrolled
2,1,5,9147,1,4,115.6,3,29,8,8,10,130.1,1,0,1,1,0,1,41,0,0,14,4,2,6.4,8,12,16,22,3,12.4,2,11.0,2.7,3.32,Graduate
3,5,1,9238,1,5,94.4,5,9,16,15,14,133.1,0,0,0,1,1,0,17,0,8,7,13,8,7.1,7,12,17,29,10,1.2,9,9.2,-0.7,2.89,Graduate
1,15,2,171,1,10,127.3,21,23,23,18,19,142.1,1,0,0,1,1,0,38,0,5,18,25,4,16.7,2,10,17,6,13,1.3,5,13.6,0.0,-2.15,Dropout
1,16,3,9238,1,5,124.9,13,3,29,15,13,119.3,1,0,0,1,1,0,21,0,14,3,14,14,17.5,3,4,9,29,11,5.5,8,14.1,2.9,0.42,Graduate
2,17,5,9238,1,3,136.7,18,22,10,11,6,135.6,1,0,0,1,1,0,49,0,6,19,7,2,1.3,9,8,13,2,10,17.4,0,11.1,0.2,1.19,Graduate
3,16,5,33,1,2,139.7,21,31,12,5,14,149.7,1,0,0,1,0,0,33,0,1,3,6,6,2.0,3,4,10,21,11,15.0,3,13.4,0.9,2.96,Graduate
2,1,6,9147,0,6,117.6,16,22,12,19,13,135.3,1,0,0,1,1,0,38,0,10,5,27,10,1.0,6,0,4,28,10,13.4,7,9.9,2.1,-2.47,Graduate
1,2,4,9085,1,6,170.8,14,11,30,2,10,124.1,0,0,0,1,0,0,35,0,2,5,7,13,7.0,6,13,11,5,3,4.5,5,11.1,-0.5,1.91,Dropout
3,5,6,9147,1,9,127.0,11,3,10,4,9,157.1,0,0,0,1,1,0,51,0,3,4,14,1,15.3,7,13,13,5,14,15.3,3,14.9,2.2,-2.71,Graduate
3,1,1,9085,1,10,104.7,18,14,14,6,18,130.0,1,0,0,1,0,0,51,0,2,6,4,9,14.4,0,4,5,3,8,9.8,6,7.4,0.4,0.17,Enrolled
2,16,0,171,1,4,153.7,8,19,4,4,2,145.2,0,0,0,1,1,0,35,0,9,12,0,5,6.4,2,13,10,8,0,17.8,1,11.1,-0.0,-2.54,Graduate
3,2,9,33,1,10,140.9,12,31,20,8,11,121.5,1,0,1,1,1,0,43,0,12,14,11,0,13.5,8,3,7,19,10,4.9,0,7.5,-0.4,-1.81,Dropout
3,5,7,9130,1,1,136.1,19,32,7,14,12,140.9,0,0,1,1,0,1,27,0,11,18,10,7,17.6,3,10,3,19,12,15.9,8,10.9,-0.1,-0.03,Dropout
2,7,0,8014,1,6,123.5,20,26,30,19,6,119.9,1,0,1,0,0,0,44,0,8,2,24,11,3.5,5,0,4,26,3,1.1,9,11.7,1.7,-1.64,Dropout
1,5,1,33,1,6,130.7,2,1,24,5,11,131.2,1,0,0,1,1,0,26,0,7,15,3,5,17.3,4,3,17,27,7,14.8,0,13.8,3.4,3.49,Dropout
1,10,9,9130,1,3,97.5,9,2,10,7,1,119.1,0,0,0,1,1,1,51,0,12,13,16,7,13.9,2,2,7,29,3,10.3,0,9.8,2.3,0.82,Dropout
1,5,5,33,1,12,125.9,9,6,17,19,0,151.7,1,0,0,1,0,1,34,0,1,2,26,3,2.1,8,6,5,14,8,8.4,4,14.0,1.2,2.27,Enrolled
1,10,0,9130,1,5,166.9,14,14,21,4,5,124.1,1,0,0,1,1,0,21,1,14,3,24,2,14.3,1,11,10,25,8,4.0,3,7.5,3.6,-2.57,Dropout
1,2,9,33,0,1,115.7,15,28,3,16,18,112.6,1,0,0,1,0,0,22,0,8,17,3,14,1.8,4,12,11,4,5,3.0,2,9.1,0.3,-3.07,Dropout
1,5,2,9147,1,9,132.7,11,33,1,9,5,128.2,1,0,0,1,0,0,38,0,10,15,29,10,0.5,0,8,17,14,2,6.5,4,12.4,2.9,-1.94,Dropout
1,2,6,9147,1,14,104.7,13,25,18,0,12,134.0,0,0,0,1,1,1,46,0,7,7,2,13,13.8,9,1,2,17,1,3.0,9,7.1,-0.1,2.11,Graduate
1,2,7,9147,1,3,122.2,5,18,2,15,3,126.7,0,0,0,1,1,0,34,0,3,9,29,9,16.1,1,3,12,5,7,4.3,1,12.8,0.2,-2.56,Enrolled
3,16,3,8014,1,14,111.0,6,34,4,0,13,116.4,0,0,0,1,1,0,17,0,2,10,21,14,7.2,4,9,0,6,14,17.8,4,13.5,1.4,-2.2,Graduate
5,1,2,9003,1,14,136.4,5,12,32,2,15,140.5,1,0,1,1,0,0,20,0,3,14,21,3,0.4,8,7,2,2,4,15.2,9,14.6,-0.3,1.57,Graduate
1,2,0,9070,1,4,133.2,1,27,19,5,1,143.4,1,0,1,1,1,0,40,0,1,10,5,6,10.8,9,8,6,19,10,0.7,3,13.9,0.5,2.0,Graduate
6,2,8,9085,1,6,110.5,18,24,20,16,8,105.6,1,0,0,1,0,1,33,1,13,8,17,5,4.2,8,4,16,4,12,5.7,4,15.4,2.2,0.08,Dropout
1,16,9,9147,0,10,131.3,8,33,7,1,12,115.6,0,0,0,1,1,0,37,0,7,19,22,8,9.8,1,7,17,28,10,3.0,9,11.8,1.3,-2.97,Graduate
1,16,5,9003,1,4,131.9,17,15,9,4,13,124.9,1,0,0,1,0,0,24,0,5,3,20,6,5.7,6,14,15,11,3,3.3,7,13.7,1.7,2.26,Graduate
1,5,5,9085,1,12,132.6,11,32,7,10,13,120.1,1,0,0,1,1,0,34,0,9,0,23,13,11.2,8,14,6,0,14,2.9,4,14.3,-0.6,0.35,Dropout
1,16,8,33,1,10,142.8,11,17,27,9,4,133.8,1,0,0,1,0,0,49,0,0,17,20,2,4.7,9,13,15,23,14,10.2,8,12.7,0.3,3.0,Graduate
3,5,0,171,1,14,153.5,3,13,21,14,1,150.9,0,0,0,1,1,0,46,0,6,3,3,13,2.7,7,12,7,19,10,3.2,7,15.4,2.6,-2.5,Enrolled
2,7,5,9130,1,14,120.8,8,9,24,17,4,122.0,0,0,0,1,0,0,25,0,3,6,14,9,13.5,5,5,11,25,4,17.9,9,11.3,1.8,-2.95,Dropout
1,16,4,9003,1,6,125.4,8,10,32,16,5,147.5,0,0,0,1,0,0,27,0,12,13,12,4,9.7,6,1,12,4,9,3.4,8,9.0,-0.8,-2.35,Graduate
1,1,5,9238,1,9,127.4,21,1,12,13,1,107.9,1,0,1,1,1,0,20,0,10,7,20,7,5.7,4,6,4,3,3,15.7,6,9.4,1.9,-2.62,Dropout
1,2,7,9119,1,10,110.5,21,34,23,12,0,132.9,1,0,0,1,1,0,18,0,3,17,19,12,11.3,4,10,12,17,5,14.2,8,10.2,-0.2,2.04,Dropout
1,1,4,9003,1,2,114.9,3,25,29,19,15,119.3,0,0,0,1,1,0,43,0,4,5,19,4,5.2,6,9,5,24,14,17.3,4,13.6,-0.2,-3.34,Graduate
1,10,1,9147,1,5,138.4,10,22,3,1,8,133.2,0,0,0,1,0,0,34,0,10,16,24,4,6.6,1,1,1,29,12,16.9,2,12.0,3.4,2.08,Graduate
1,17,1,9147,1,9,158.9,19,10,8,11,13,104.2,0,0,1,1,0,0,53,0,7,6,20,2,6.8,9,9,14,16,9,9.3,3,15.4,3.6,0.83,Graduate
3,16,9,9003,1,10,114.4,14,26,34,10,8,110.3,1,0,0,1,1,0,50,0,9,17,21,11,4.1,2,6,16,16,14,17.9,1,15.1,1.6,2.88,Graduate
5,2,4,9130,1,5,164.4,18,19,14,18,4,133.2,1,0,0,1,0,0,27,1,1,5,24,11,7.9,7,9,8,7,7,16.3,1,11.1,1.9,-0.53,Graduate
1,1,2,9085,0,3,121.5,3,4,32,11,14,118.8,1,0,0,1,1,0,18,1,6,18,12,3,14.7,0,6,18,13,13,8.7,1,10.6,1.0,-2.02,Dropout
5,16,9,33,1,6,148.2,20,5,7,3,9,122.8,1,0,0,1,1,0,47,0,8,8,28,8,17.5,9,0,10,0,3,8.5,1,15.7,3.2,2.77,Graduate
1,16,2,9119,1,5,136.4,14,29,10,9,14,150.9,0,0,0,1,1,0,41,1,14,3,25,8,3.9,9,8,0,13,8,13.1,0,11.3,1.6,-4.01,Enrolled
1,17,7,33,1,10,132.9,11,5,12,11,16,128.8,0,0,0,1,1,1,35,0,7,12,20,11,16.9,1,9,5,14,4,9.1,3,15.9,3.4,2.89,Graduate
1,7,6,8014,1,12,123.6,10,1,23,6,2,138.7,0,0,0,1,1,1,48,0,9,1,3,2,5.0,4,9,17,10,3,16.2,4,9.1,0.2,0.67,Graduate
2,7,0,9130,1,12,130.2,14,28,11,5,7,117.1,0,0,1,1,1,1,52,0,9,13,23,4,8.5,8,14,4,5,13,1.9,6,15.0,-0.4,-2.84,Graduate
6,2,4,9147,0,6,119.3,1,19,13,7,3,109.6,1,0,0,1,1,1,23,0,1,17,28,7,1.8,0,12,13,18,1,17.1,5,9.4,3.6,-1.84,Graduate
2,10,8,8014,1,4,144.2,16,1,12,10,10,126.0,0,0,1,0,1,0,30,0,3,17,2,4,10.9,1,11,2,5,6,17.7,1,12.8,1.4,0.41,Dropout
1,7,3,33,1,4,146.8,6,29,7,5,18,107.6,1,0,0,1,1,0,17,0,0,9,29,6,9.2,9,8,2,10,3,17.9,6,16.0,2.0,-3.33,Dropout
2,17,0,33,1,12,120.2,18,32,10,2,13,117.9,1,0,0,1,1,0,49,0,3,1,25,11,12.2,5,5,10,23,6,12.2,4,12.2,0.7,-3.63,Enrolled
1,7,7,9119,1,4,105.4,16,14,7,19,17,130.1,0,0,0,1,1,0,50,0,14,10,8,9,10.8,2,6,1,16,8,0.4,0,14.5,-0.2,-0.13,Graduate
4,10,4,9070,1,10,125.1,19,32,27,18,1,125.6,0,0,0,1,1,0,32,0,4,0,4,2,17.7,8,2,14,0,13,14.3,0,9.2,3.0,-3.81,Graduate
1,1,1,33,1,12,159.8,16,9,7,0,8,131.3,1,0,1,1,1,0,47,0,5,16,4,1,13.9,2,13,10,13,11,13.7,4,12.1,-0.1,1.78,Graduate
1,7,0,9085,0,5,133.5,5,19,24,3,9,134.8,1,0,0,1,0,0,18,0,1,9,24,1,17.4,3,10,19,28,7,2.8,1,11.2,1.5,1.22,Graduate
2,17,2,9085,1,6,147.3,12,11,23,18,12,111.5,0,0,0,1,1,0,28,0,4,7,17,10,9.5,8,7,9,5,8,5.1,7,10.4,2.9,2.96,Dropout
2,5,8,9003,1,3,116.1,6,4,25,19,18,114.8,1,0,0,1,1,0,35,0,14,19,0,10,5.1,6,2,6,23,12,3.7,2,7.6,2.2,2.19,Dropout
1,17,0,9119,1,5,122.7,2,25,33,16,3,98.7,1,0,0,1,1,0,31,0,4,19,12,8,9.6,4,11,2,27,3,16.5,2,13.7,2.2,-3.58,Graduate
2,15,3,9119,0,5,125.3,16,17,7,18,15,122.2,1,0,0,0,1,1,32,0,3,15,0,0,8.4,7,5,9,3,10,6.2,9,15.8,0.2,-2.53,Enrolled
1,15,7,9147,1,2,112.4,21,8,30,13,11,136.6,1,0,0,1,0,0,32,0,7,16,16,14,7.7,5,13,4,23,9,17.0,9,12.6,1.6,-2.54,Enrolled
2,7,7,33,1,14,132.5,11,1,31,9,15,146.4,1,0,0,1,0,0,44,0,9,1,7,12,7.2,5,7,11,2,2,6.6,7,7.7,-0.6,-0.71,Dropout
3,1,9,9070,1,6,117.7,12,2,21,8,16,129.5,0,0,0,0,1,0,27,0,6,9,4,0,14.6,3,13,1,5,10,6.6,0,13.0,-0.5,0.08,Enrolled
3,16,7,9238,1,12,144.2,11,10,34,15,15,144.9,0,0,0,1,1,0,22,0,11,4,1,14,13.3,4,12,10,3,11,5.9,0,16.0,2.5,-0.56,Graduate
2,1,9,8014,1,9,131.3,20,27,21,14,6,132.0,1,0,0,1,0,0,43,0,10,3,11,1,11.6,5,11,10,23,14,15.1,6,13.8,2.7,-2.34,Dropout
1,17,7,9119,1,10,152.2,19,27,20,15,1,128.4,1,0,0,1,0,0,33,0,10,4,9,5,11.6,3,1,15,5,14,3.8,0,10.8,-0.2,2.87,Graduate
1,2,3,9003,1,2,104.8,8,13,34,17,8,119.1,0,0,0,1,0,0,27,0,13,14,11,5,6.7,0,7,14,18,1,12.4,6,15.8,3.5,-3.78,Graduate
3,5,7,9003,1,12,122.0,18,11,8,9,11,96.0,1,0,0,1,0,1,29,0,1,2,28,10,7.9,5,4,12,21,12,1.4,9,15.2,-0.2,-3.83,Enrolled
1,1,8,33,1,3,123.9,5,14,32,2,12,142.9,0,0,0,1,1,1,29,0,7,14,28,5,2.7,2,4,0,27,1,17.9,3,14.0,1.1,1.69,Dropout
1,10,6,33,0,14,136.9,12,32,30,6,13,126.3,1,0,0,0,0,1,24,0,13,14,14,5,10.4,2,7,4,20,13,8.7,7,15.4,0.1,-1.9,Enrolled
1,17,1,9238,1,5,123.7,10,16,29,6,11,145.0,1,0,1,1,1,0,41,0,7,0,15,14,2.5,6,1,17,8,7,2.2,0,14.0,-0.4,1.57,Enrolled
1,5,8,171,0,9,155.8,15,29,5,19,2,114.7,0,0,0,0,0,0,53,0,13,19,22,5,16.5,7,10,17,9,8,8.2,9,15.8,3.5,-1.8,Dropout
2,15,7,171,1,4,127.2,5,34,30,10,15,158.6,1,0,0,1,1,0,30,0,4,9,7,13,7.5,6,2,16,12,13,1.4,8,13.8,1.2,0.22,Graduate
1,17,4,33,1,9,116.4,17,26,12,2,17,123.8,1,0,0,1,1,0,37,0,6,19,27,7,0.8,9,8,8,15,5,12.3,8,8.3,0.7,2.49,Enrolled
2,5,2,9130,1,10,127.6,4,5,27,17,2,118.0,0,0,1,1,1,1,36,0,3,15,20,12,0.0,0,10,4,11,3,8.8,5,7.9,0.7,-2.64,Dropout
1,10,6,9085,1,14,125.1,12,19,13,11,8,124.2,1,0,0,1,1,0,36,0,4,0,4,5,12.2,7,11,2,17,10,2.2,1,9.2,0.1,1.37,Graduate
1,7,1,9085,1,14,143.9,18,28,10,16,14,129.2,0,0,0,1,1,1,43,0,13,11,3,8,11.0,1,12,6,7,4,11.0,5,8.2,3.6,2.08,Graduate
1,10,2,9238,1,4,123.8,8,28,31,8,7,126.1,1,0,0,1,1,1,49,0,13,8,22,13,13.9,6,13,7,25,11,5.2,9,12.1,1.4,3.31,Dropout
1,10,8,9238,1,5,107.2,20,17,16,4,9,120.3,1,0,0,1,0,1,47,0,2,10,15,13,13.5,2,8,0,1,4,17.0,9,12.9,1.6,-2.62,Dropout
1,7,3,9147,1,3,132.7,17,19,26,17,2,103.6,1,0,0,0,0,1,32,0,11,17,7,4,0.1,5,8,6,0,4,11.8,7,8.1,2.4,-0.27,Graduate
2,7,3,9070,1,5,120.2,8,27,20,8,4,116.5,0,0,0,1,1,0,23,0,3,1,8,13,3.0,3,2,2,4,0,7.3,8,7.1,1.0,-1.83,Graduate
1,7,2,9003,1,10,112.7,13,12,34,12,5,141.0,1,0,0,1,1,0,32,0,3,19,21,3,5.9,5,0,8,26,14,2.5,4,13.3,0.5,-0.76,Graduate
3,7,4,9085,0,3,130.3,3,3,8,2,13,115.6,0,0,1,1,0,0,20,0,6,18,1,0,1.1,5,6,1,8,9,12.6,8,7.5,0.5,-3.56,Dropout
1,7,2,9130,1,5,128.0,3,4,4,3,18,104.7,1,0,0,1,1,0,19,0,9,6,17,12,3.2,2,0,19,14,3,8.5,4,13.5,0.8,2.71,Dropout
1,10,8,33,1,14,126.7,7,11,29,17,17,113.3,0,0,0,1,1,0,46,0,9,0,14,10,10.5,0,9,13,24,12,13.5,1,7.6,1.8,-1.63,Graduate
2,2,2,9119,1,1,133.9,18,34,31,19,6,125.8,1,0,0,1,1,0,35,0,14,3,18,1,8.2,9,5,1,22,1,11.7,2,15.7,2.9,3.43,Graduate
1,2,1,9130,0,2,121.3,21,18,2,14,3,117.1,1,0,0,1,1,0,43,0,9,2,4,10,15.5,2,2,19,26,13,11.2,2,9.2,0.3,-0.73,Enrolled
1,17,4,9147,1,3,131.7,7,18,25,19,2,123.4,0,0,0,1,1,0,45,0,11,3,7,3,4.0,3,2,18,9,5,13.2,3,7.6,1.8,-1.38,Graduate
1,1,5,9130,1,1,121.2,2,6,3,5,12,116.6,0,0,0,1,0,1,33,0,12,10,7,8,9.6,4,12,13,15,13,6.4,5,12.6,2.6,-0.24,Graduate
1,2,0,9119,1,12,142.3,7,34,5,8,3,140.1,0,0,0,1,0,0,17,0,0,18,24,13,15.5,2,14,14,25,10,17.4,8,13.5,3.7,-3.0,Graduate
3,15,5,8014,1,12,129.6,2,33,22,10,8,133.4,1,0,0,1,1,1,37,0,6,8,16,3,1.1,1,11,3,23,8,16.9,5,15.3,3.3,2.35,Graduate
1,2,9,171,1,5,156.2,7,8,16,12,5,155.8,1,0,0,0,1,0,49,0,4,9,4,7,15.7,6,6,13,21,0,12.9,6,14.4,2.1,2.06,Enrolled
3,10,2,8014,1,4,122.6,14,20,9,3,10,122.0,1,0,0,1,1,0,41,0,13,8,7,1,6.2,7,0,2,11,1,2.2,3,9.5,3.5,2.17,Graduate
4,7,3,9003,0,5,135.4,15,20,9,14,8,123.3,0,0,0,1,1,0,27,0,7,19,9,0,15.5,7,7,8,17,2,14.6,5,8.8,3.4,-0.92,Enrolled
1,17,5,9003,1,4,146.9,16,18,12,16,8,142.4,0,0,0,1,1,1,51,0,10,8,2,8,12.3,4,8,19,23,9,5.8,0,9.7,-0.6,-1.34,Enrolled
5,7,7,9085,1,5,138.0,8,27,4,11,18,132.1,1,0,0,1,0,0,52,0,7,17,2,9,12.1,9,5,1,13,8,2.4,3,9.2,2.1,3.2,Enrolled
1,16,8,9119,1,9,132.1,16,5,18,5,0,114.8,1,0,0,1,0,1,44,0,13,12,26,11,0.9,4,7,4,3,12,12.1,7,13.5,2.1,0.24,Graduate
6,16,5,9003,1,10,135.0,21,7,18,6,3,134.2,1,0,0,1,0,1,36,0,5,3,27,5,16.9,7,5,8,2,10,13.9,8,13.3,2.2,2.67,Enrolled
1,16,6,9238,1,2,137.6,7,22,33,16,0,132.2,1,0,0,1,1,0,41,0,2,9,5,10,7.8,7,3,11,1,4,15.5,2,12.0,3.4,-2.09,Graduate
2,10,4,9085,1,4,134.5,11,34,3,10,12,103.7,1,0,1,1,1,0,24,0,1,3,3,9,2.0,6,13,9,13,4,2.2,2,7.6,0.5,0.06,Graduate
1,15,8,9147,1,10,129.8,4,13,17,11,15,118.5,0,0,0,1,0,0,48,0,8,10,28,4,13.8,2,11,1,8,5,3.7,7,15.6,0.3,1.05,Enrolled
1,2,3,9085,0,9,141.1,18,32,12,12,11,129.5,0,0,0,1,0,0,36,0,7,9,26,2,15.6,3,0,16,19,11,16.2,1,10.1,1.4,-3.32,Graduate
2,10,9,8014,1,12,128.7,13,24,11,0,0,145.8,0,0,1,1,0,0,36,0,9,18,15,14,16.7,7,3,14,12,4,4.0,0,14.3,0.6,2.63,Dropout
2,1,5,33,1,5,115.2,17,16,17,17,14,136.1,1,0,0,1,1,0,25,0,4,17,14,8,9.1,1,6,14,0,0,10.7,8,14.2,0.6,-0.72,Graduate
1,17,4,9238,1,6,160.9,12,14,6,18,4,119.7,0,0,0,1,0,0,29,0,9,12,7,1,7.3,2,13,1,13,8,3.4,5,9.7,0.3,1.97,Graduate
1,7,0,9238,1,10,143.2,18,7,6,10,0,117.8,1,0,0,1,1,1,54,0,2,4,6,9,10.5,5,1,5,9,10,2.4,2,9.2,2.2,1.99,Dropout
2,16,4,9070,1,5,116.3,10,12,32,17,16,137.4,1,0,0,1,0,0,38,0,13,10,16,14,5.3,1,7,9,1,3,4.3,7,11.8,2.5,1.1,Dropout
2,5,4,9238,1,12,126.3,7,20,11,9,7,95.5,1,0,0,1,1,0,46,1,6,5,27,12,7.1,2,11,2,13,9,4.1,0,10.2,-0.4,-1.18,Dropout
6,1,8,9238,1,4,121.5,12,33,13,5,7,116.5,0,0,0,1,1,1,53,0,10,18,14,14,9.7,8,10,12,19,4,3.5,3,15.3,2.8,0.19,Graduate
3,16,0,8014,1,10,122.5,12,6,13,1,14,145.3,0,0,0,1,0,0,39,0,1,19,27,7,14.8,2,8,19,28,12,1.7,8,15.2,0.4,2.04,Enrolled
6,15,4,9130,1,3,143.0,13,27,34,4,11,130.9,0,0,0,1,0,0,27,0,4,1,23,14,15.4,6,0,19,23,14,1.3,2,13.9,-0.2,-3.28,Graduate
2,1,6,9238,0,5,125.0,1,13,3,9,15,117.1,1,0,0,0,1,1,30,0,13,18,4,3,2.4,9,11,18,4,6,5.7,0,7.2,1.3,2.13,Enrolled
1,10,5,33,1,10,158.7,7,5,32,14,17,111.4,0,0,0,0,0,0,32,0,3,4,5,13,2.4,5,13,10,18,3,5.9,6,14.6,2.0,-1.89,Graduate
1,2,5,171,1,14,103.5,16,24,4,13,2,137.9,0,0,0,0,1,0,44,0,4,10,27,13,3.3,1,7,11,1,2,14.0,6,12.9,2.4,-1.2,Enrolled
3,7,6,8014,0,9,129.6,16,10,1,5,3,128.0,1,0,0,1,1,0,43,0,9,10,22,12,10.7,1,12,14,26,14,15.0,6,11.7,1.9,-1.91,Graduate
2,17,5,8014,1,1,110.0,21,32,9,13,14,124.2,1,0,0,1,1,0,26,0,4,12,4,6,3.7,1,13,0,29,10,2.7,7,10.5,3.4,3.38,Dropout
1,15,4,9130,1,4,134.9,16,9,7,13,13,131.9,1,0,0,1,1,0,36,0,10,19,24,7,11.0,9,9,17,3,11,14.3,5,12.5,-0.7,1.34,Dropout
1,15,9,9070,1,2,136.7,16,12,27,11,0,129.1,0,0,0,1,0,0,43,0,0,9,7,12,13.1,1,2,17,17,14,4.8,9,9.3,3.3,3.5,Dropout
6,5,4,9130,1,2,143.5,14,11,3,3,19,128.1,1,0,0,1,1,0,38,0,10,9,6,11,15.5,7,3,6,15,8,9.0,6,12.2,2.5,-3.33,Graduate
1,1,8,9085,1,9,111.6,11,8,22,11,16,109.8,1,0,0,0,1,0,48,0,10,1,23,0,15.6,7,5,14,7,5,1.5,6,12.9,3.4,3.27,Graduate
1,5,7,171,1,3,136.5,19,10,16,16,16,113.7,1,0,0,1,0,1,48,0,11,17,28,9,3.9,9,14,0,22,5,7.2,8,13.1,0.3,-2.35,Dropout
1,2,9,9003,1,3,116.9,11,14,8,18,17,136.7,1,0,0,1,0,0,54,0,9,8,2,14,5.6,3,4,0,10,2,1.0,6,10.8,0.1,-3.92,Dropout
1,16,3,9147,0,6,131.4,2,30,5,15,0,134.3,1,0,0,1,1,0,21,0,11,12,19,10,3.3,2,3,17,15,7,0.1,3,7.6,3.7,-2.42,Enrolled
1,2,3,9003,1,6,123.4,7,1,30,17,1,132.0,0,1,0,1,0,0,25,0,11,6,17,0,12.2,7,5,17,10,5,16.8,2,10.8,1.2,-2.67,Graduate
1,16,9,9070,1,1,111.0,9,12,28,5,15,119.4,1,0,0,1,1,1,23,1,14,3,28,8,12.4,8,6,8,13,10,14.4,1,15.1,0.4,1.6,Enrolled
1,5,4,9070,1,1,140.8,9,5,27,8,13,136.9,1,0,0,1,1,0,34,0,7,15,0,8,0.1,2,8,16,3,5,3.8,3,11.8,2.8,1.02,Enrolled
3,7,2,9238,1,6,126.1,14,14,22,18,19,122.2,0,0,0,1,0,0,17,0,14,1,18,10,3.0,5,14,10,13,13,5.1,5,7.4,1.6,-1.37,Graduate
1,2,7,9130,1,9,142.9,10,17,30,11,19,143.9,0,0,0,1,1,0,22,0,1,0,23,9,6.0,3,10,14,11,4,2.3,1,10.4,2.0,-2.66,Enrolled
3,5,6,9085,0,12,143.9,16,22,7,10,17,117.3,0,0,0,1,1,1,30,0,12,16,28,0,3.7,2,14,11,13,0,2.7,4,12.5,-0.6,-1.34,Graduate
4,1,4,9238,1,4,149.7,18,31,30,15,8,120.2,1,0,0,0,0,0,40,0,13,4,26,4,9.9,9,11,4,12,8,10.5,2,9.5,2.2,3.25,Dropout
1,5,9,9119,1,14,122.4,1,26,13,1,13,125.0,1,0,0,1,1,1,33,0,8,18,7,10,0.7,8,8,5,8,3,10.4,8,8.7,2.3,-1.78,Enrolled
2,5,2,9085,1,6,116.1,2,13,22,17,12,138.0,1,0,0,1,0,0,33,0,11,3,0,13,14.9,8,1,19,5,10,10.1,6,12.2,-0.2,1.14,Dropout
1,10,4,9070,1,3,148.0,20,3,11,5,13,126.5,1,0,0,0,1,0,37,0,3,6,14,3,8.4,9,8,11,7,11,0.7,1,12.5,2.6,-1.52,Graduate
4,2,2,9070,0,4,131.5,4,11,5,4,18,127.5,0,0,0,1,1,0,51,0,12,0,23,13,10.7,8,13,2,27,12,12.3,1,11.1,-0.5,2.04,Graduate
1,17,9,8014,1,12,150.2,2,5,22,8,16,121.9,1,0,0,1,0,0,50,0,7,5,14,9,10.4,4,11,8,19,1,0.5,8,7.8,-0.4,0.3,Dropout
2,7,4,9119,0,1,112.3,4,4,15,12,7,130.5,0,0,0,1,0,0,29,0,9,1,2,12,8.1,6,3,8,5,11,17.8,9,13.6,2.0,0.98,Dropout
2,7,0,9238,1,5,140.3,6,32,31,6,3,126.1,1,0,0,1,1,0,30,0,2,18,14,10,10.2,9,1,7,9,8,15.0,0,13.8,3.5,-3.77,Enrolled
1,10,5,9070,1,9,130.6,4,10,29,0,8,116.8,1,0,0,1,1,1,20,0,4,14,6,10,1.4,4,7,10,5,11,16.6,7,10.5,1.2,1.51,Graduate
1,16,9,9119,1,3,129.4,18,10,17,9,10,128.7,1,0,0,1,1,0,40,1,10,15,0,13,6.9,1,14,0,4,7,14.3,5,7.1,-0.1,-2.02,Dropout
2,15,3,171,1,2,125.2,5,18,6,17,6,129.0,1,0,0,1,1,1,22,0,0,0,3,3,12.8,1,3,10,3,11,5.7,3,12.7,2.6,0.81,Graduate
2,16,3,9147,1,2,113.3,11,23,17,11,14,157.5,0,0,0,0,0,1,36,0,5,2,2,10,6.6,5,12,1,10,8,3.5,5,15.8,1.9,-0.89,Dropout
1,7,7,9130,1,1,140.0,13,18,34,2,17,119.1,0,0,0,0,0,1,48,0,7,7,1,1,4.6,7,1,2,15,10,8.9,6,11.4,3.6,-1.63,Graduate
2,5,1,9070,1,5,124.1,3,3,23,4,19,116.1,1,0,0,1,0,0,39,0,3,18,9,4,10.2,7,13,1,10,4,14.3,5,13.2,-0.2,-1.41,Dropout
1,10,3,171,0,3,133.2,19,1,30,13,4,130.6,0,0,0,0,1,0,30,0,0,19,9,10,8.6,7,2,9,20,10,9.5,5,11.7,2.7,-3.18,Enrolled
2,1,1,9085,1,9,159.0,20,17,13,14,15,114.1,0,0,0,1,1,0,38,0,10,9,4,11,9.6,0,8,15,7,5,5.4,1,9.1,0.4,-3.05,Graduate
1,2,0,9130,1,1,121.9,11,6,30,11,11,113.1,0,0,1,1,1,1,33,0,10,14,19,1,17.3,1,10,9,20,0,4.7,8,10.1,3.3,-3.17,Graduate
4,2,9,9119,1,12,125.5,11,11,20,3,16,108.3,1,0,0,1,1,0,18,0,10,3,11,2,2.7,9,5,7,1,13,8.7,4,15.6,2.7,1.04,Enrolled
1,17,2,9130,0,2,127.6,21,14,6,15,14,116.9,0,0,0,1,1,0,23,0,11,19,16,7,11.1,4,9,5,11,0,7.2,7,12.4,1.3,-1.94,Enrolled
1,2,7,9003,1,10,124.1,2,28,31,10,18,117.3,1,0,0,1,0,0,51,0,9,8,8,8,0.6,9,12,7,29,0,11.3,8,8.7,-0.6,3.21,Graduate
1,5,5,8014,1,14,124.6,15,11,19,3,6,110.3,1,0,0,1,1,0,52,0,9,19,12,8,11.6,5,9,3,11,4,0.2,4,7.4,2.3,2.15,Dropout
1,1,6,9119,1,4,140.5,8,4,6,5,11,123.7,0,0,0,0,1,0,30,0,14,12,6,14,3.6,8,4,13,29,10,11.4,8,7.5,1.3,-1.45,Enrolled
1,10,1,171,1,6,149.9,2,6,34,15,16,96.2,0,0,0,1,1,0,36,0,13,4,29,6,14.5,0,14,3,2,5,8.6,6,11.5,2.8,-0.15,Enrolled
1,10,5,9070,1,12,131.9,8,19,28,1,6,133.4,1,0,0,1,1,0,44,0,7,13,21,3,4.9,1,11,1,13,2,14.4,6,7.9,2.5,1.88,Enrolled
3,2,7,9119,1,9,141.1,20,31,13,12,10,119.8,1,0,1,1,0,1,29,0,5,7,10,8,7.2,5,6,5,18,2,5.2,3,14.5,2.6,-2.95,Graduate
1,1,7,33,0,10,127.4,15,2,10,7,0,121.7,0,0,0,1,1,1,23,0,11,11,12,0,9.3,9,1,11,0,8,14.1,2,10.1,-0.0,-2.68,Dropout
1,1,3,9003,1,9,127.0,16,25,7,11,16,134.6,0,0,0,1,1,1,19,0,9,17,22,14,11.0,9,10,19,4,9,17.2,6,10.5,1.2,-1.19,Graduate
1,1,5,171,1,2,124.0,13,11,18,5,6,131.8,0,0,0,1,1,0,21,0,7,0,9,1,5.4,8,8,12,28,13,8.2,2,10.1,1.3,-0.11,Dropout
1,7,4,9085,1,12,118.5,17,21,22,2,1,118.8,0,1,0,1,0,0,49,0,1,13,27,9,2.8,5,9,14,19,5,6.6,7,11.8,2.7,-3.1,Dropout
1,7,8,33,1,1,148.5,14,3,14,14,10,132.9,1,0,0,1,0,0,25,0,5,1,16,13,11.4,9,14,12,29,11,15.4,7,16.0,1.0,-0.53,Graduate
1,2,7,9119,1,2,122.5,14,2,8,7,15,147.1,0,0,0,1,1,0,43,0,11,3,14,4,8.0,1,8,16,14,14,4.2,9,15.1,3.1,-2.57,Dropout
1,1,1,8014,1,3,139.2,1,11,12,1,14,113.8,1,0,0,1,1,1,31,0,1,13,29,4,1.0,2,9,17,16,7,13.2,0,9.1,0.4,2.59,Enrolled
1,15,6,33,1,3,117.4,1,24,33,15,7,136.8,0,0,0,1,1,0,50,0,5,15,21,4,9.7,3,9,11,25,11,10.3,8,15.1,3.6,3.02,Dropout
1,1,6,9130,1,14,130.7,3,24,24,12,14,112.5,0,0,0,1,1,1,34,0,5,15,16,7,8.4,7,7,0,28,0,7.8,0,12.2,-0.4,1.51,Dropout
2,10,0,9119,1,4,130.0,15,21,14,0,6,142.3,0,0,0,1,1,0,20,1,9,15,7,9,9.2,8,1,9,19,0,3.5,3,13.6,1.4,-3.02,Graduate
1,10,0,171,1,5,117.6,5,25,5,10,4,117.7,0,0,0,1,0,0,50,0,12,3,19,1,1.9,2,5,1,3,8,0.2,0,11.7,1.8,1.15,Graduate
1,2,3,9119,1,6,124.8,5,4,19,0,7,117.2,1,0,0,1,0,0,37,0,6,15,5,9,8.5,5,3,10,11,9,9.7,8,12.9,1.2,0.02,Graduate
6,15,4,8014,1,1,114.0,4,23,3,7,1,141.9,0,0,0,1,0,0,34,0,13,2,17,8,13.4,9,2,14,2,12,1.0,2,10.5,1.7,2.37,Graduate
1,1,3,9147,1,10,130.3,14,24,1,1,5,136.4,1,0,0,1,1,1,52,0,0,0,25,4,2.4,3,11,16,27,12,1.9,8,9.5,2.7,-1.17,Graduate
2,16,6,9130,1,6,103.6,20,21,33,12,3,118.2,1,0,0,1,0,0,51,0,0,6,14,13,11.2,6,2,1,22,8,10.9,2,11.5,-0.0,3.36,Graduate
1,15,2,9070,1,14,129.1,7,2,17,1,6,128.7,1,0,0,1,1,0,23,0,0,11,1,6,3.2,6,13,10,22,0,4.3,5,11.3,3.5,2.0,Dropout
3,17,6,9119,1,12,139.8,15,23,9,3,5,117.8,1,0,0,1,1,0,50,0,4,15,27,8,5.6,9,8,3,16,9,12.4,9,10.6,1.0,-2.53,Dropout
3,2,7,8014,1,5,129.8,11,15,31,1,4,106.3,1,0,0,0,1,0,53,0,0,3,12,4,6.5,1,3,2,22,1,2.7,5,14.1,2.0,1.01,Graduate
1,10,5,33,1,9,119.5,14,26,3,12,4,129.5,0,0,0,1,1,0,18,0,2,0,17,3,13.7,8,7,13,16,3,1.3,8,13.5,1.2,-0.13,Enrolled
6,16,5,33,1,4,120.3,6,26,13,3,17,122.4,0,0,0,1,1,0,32,0,0,15,12,14,4.1,6,0,19,25,9,9.4,7,9.6,1.9,1.51,Enrolled
1,10,7,171,1,6,148.1,10,28,14,14,10,114.7,0,0,0,1,1,0,44,0,6,8,5,8,4.7,5,9,16,26,8,4.3,7,8.8,2.5,-1.22,Graduate
1,7,7,9130,1,6,132.4,7,26,6,11,7,144.0,1,0,0,1,1,0,46,0,7,18,2,7,15.7,8,11,5,8,4,7.7,4,7.0,1.5,-3.96,Dropout
3,2,6,33,0,4,142.7,10,2,29,11,19,115.1,0,0,0,1,1,1,47,0,3,3,24,12,13.4,1,14,12,5,6,2.0,0,15.8,-0.3,-1.13,Dropout
3,2,5,9070,1,6,144.1,14,32,9,4,10,128.9,1,0,0,1,0,0,24,0,8,3,28,2,9.1,6,3,17,22,2,5.3,4,10.2,0.7,0.92,Dropout
1,1,5,9147,1,10,123.3,5,30,23,9,18,141.0,0,0,0,1,1,0,54,0,7,16,29,3,5.7,3,7,15,11,1,1.1,7,12.5,2.8,-3.04,Graduate
1,1,9,9147,0,5,115.0,1,20,15,1,18,123.7,1,0,0,1,1,0,51,1,6,19,2,14,14.3,8,7,4,9,10,14.6,3,13.7,1.8,3.04,Graduate
1,7,5,171,1,2,139.7,19,13,7,7,1,117.5,0,0,0,0,1,0,23,0,10,1,27,8,10.1,4,9,0,18,14,0.1,2,8.9,2.6,-1.51,Enrolled
1,16,7,9119,1,12,117.1,8,27,25,4,9,130.9,1,0,0,1,0,0,34,0,8,15,18,0,5.9,0,4,9,6,6,17.3,1,13.0,3.2,0.41,Dropout
3,17,0,33,1,4,121.1,19,23,23,7,6,132.9,1,0,0,1,0,0,52,0,9,19,18,10,5.7,8,6,4,24,8,4.9,9,8.0,1.2,-3.22,Graduate
1,5,4,8014,1,4,131.6,17,16,11,12,11,138.4,0,0,0,1,0,0,37,0,2,16,6,6,8.2,3,8,6,12,5,1.4,3,7.9,0.8,-3.87,Dropout
1,15,2,9085,1,9,126.2,19,31,8,12,1,151.3,1,0,0,1,0,0,20,0,11,3,16,14,17.1,1,2,9,25,3,15.4,3,9.7,-0.3,-0.1,Dropout
1,5,7,9147,1,14,95.3,16,12,1,14,6,121.1,0,0,0,1,1,0,48,0,1,5,18,9,11.6,6,2,1,25,8,12.0,1,9.9,0.4,-0.48,Dropout
1,5,5,9238,1,14,111.5,4,33,13,14,18,129.5,0,0,0,1,1,0,32,0,9,5,7,14,12.2,3,10,0,10,9,15.4,1,8.6,1.1,3.49,Dropout
1,2,1,171,1,6,145.1,8,32,16,10,0,110.5,1,0,1,1,1,0,34,0,4,12,13,2,7.0,4,7,6,17,5,9.8,8,11.2,-0.2,2.18,Enrolled
2,15,6,9119,1,4,128.8,4,2,13,9,10,135.7,0,0,1,0,0,1,50,0,9,17,2,9,17.6,4,3,1,10,13,4.6,2,12.6,-0.3,1.26,Dropout
6,2,6,9003,1,6,141.0,13,23,14,5,7,129.4,0,0,0,1,1,0,38,0,14,0,7,13,7.3,0,2,9,29,3,1.8,7,15.3,1.2,0.79,Dropout
3,17,4,171,1,3,117.8,7,32,13,4,7,124.7,0,0,0,1,1,0,43,0,8,6,16,6,0.2,5,14,13,4,3,9.8,7,13.3,0.9,3.09,Graduate
1,15,7,8014,1,9,113.3,1,15,12,4,13,119.0,1,0,0,0,0,0,28,0,1,8,3,8,14.4,7,10,3,18,4,11.7,8,11.7,3.0,2.7,Enrolled
4,10,4,9085,1,6,140.8,9,8,28,7,12,122.5,1,0,0,0,1,0,48,0,1,2,1,9,9.2,7,9,1,1,8,8.0,6,11.9,-0.7,-3.31,Dropout
3,2,0,9238,0,3,149.4,4,22,22,0,9,130.1,1,0,0,1,1,1,23,0,4,16,28,10,2.7,7,8,18,24,7,6.0,0,12.2,2.6,-1.68,Graduate
3,2,8,9147,1,1,116.9,14,34,20,1,16,114.4,1,0,0,0,1,1,54,0,8,4,23,12,0.4,1,11,1,1,0,15.3,8,9.6,0.1,-2.44,Dropout
1,2,3,9130,1,14,145.3,9,1,19,16,5,123.0,0,0,0,1,1,0,26,0,8,3,14,11,17.9,8,9,2,17,2,11.5,3,13.7,3.2,1.01,Graduate
1,16,1,9238,1,5,115.4,3,10,11,6,19,127.2,0,0,0,1,1,0,52,0,9,13,7,0,11.7,8,9,15,2,12,2.7,5,12.9,0.5,2.4,Graduate
1,7,3,9147,0,14,105.4,15,16,30,8,13,107.0,1,0,0,1,0,1,26,0,3,9,4,3,8.4,3,13,10,26,14,16.5,7,11.4,1.7,3.12,Dropout
1,2,8,9003,0,2,138.8,5,24,26,3,7,113.3,1,0,0,1,0,0,23,0,11,9,2,14,6.0,9,11,10,5,2,3.1,5,8.9,0.3,3.48,Graduate
1,17,1,9003,1,9,115.7,1,24,15,6,6,118.4,0,0,0,1,1,0,19,0,8,4,9,2,1.3,8,9,19,21,9,16.1,5,14.7,1.1,2.47,Graduate
1,1,3,9147,1,9,111.8,11,14,30,9,4,147.4,0,0,0,1,1,0,28,0,11,10,17,5,11.6,2,7,5,22,2,0.8,5,8.8,0.3,-1.48,Dropout
1,1,1,9130,1,4,112.2,19,26,29,15,5,116.2,1,0,0,1,1,0,48,0,0,11,10,3,6.6,3,12,3,17,2,17.5,7,8.8,0.9,-2.53,Graduate
2,15,4,171,1,6,124.8,5,18,32,9,7,126.3,1,0,1,1,0,0,46,0,8,19,6,4,17.8,1,5,14,16,11,9.0,2,8.3,3.1,-1.99,Graduate
1,10,2,9130,1,1,104.5,17,20,30,6,2,113.5,1,0,0,1,1,0,26,0,10,9,6,12,2.0,6,3,9,1,2,2.2,0,16.0,2.3,1.23,Dropout
1,7,9,33,1,2,138.9,19,24,16,1,8,116.9,0,0,0,0,1,1,37,0,6,11,4,4,4.4,7,14,16,9,11,1.9,9,9.2,0.7,0.84,Dropout
6,16,1,9147,1,6,137.2,17,26,18,1,9,108.3,1,0,0,0,0,0,54,0,8,9,20,2,7.3,5,0,4,11,14,7.5,0,14.7,3.0,2.3,Enrolled
5,15,8,9147,1,2,137.2,5,29,28,7,0,135.7,0,0,0,1,0,1,36,0,10,7,21,14,14.4,4,14,0,8,1,7.6,5,7.3,-0.6,-2.04,Graduate
3,1,4,9130,1,4,148.1,20,22,19,13,6,109.8,1,0,0,1,1,0,31,0,9,19,5,6,14.0,4,13,9,17,14,10.5,4,13.4,2.4,0.21,Enrolled
6,7,9,9070,1,4,144.6,9,11,11,17,19,138.8,1,0,0,1,0,1,37,0,4,19,6,12,4.4,2,13,12,22,2,6.4,6,7.3,2.0,2.8,Graduate
1,7,4,9070,1,14,116.4,6,11,17,0,5,133.1,1,0,0,1,1,0,47,0,5,9,25,5,6.5,4,7,14,15,4,9.2,3,12.6,0.9,-3.53,Graduate
6,10,0,8014,1,12,140.1,21,3,21,16,12,126.0,0,0,0,1,0,0,35,0,0,15,25,8,1.1,9,14,0,12,9,10.9,5,9.4,1.1,-1.33,Dropout
1,17,5,9070,0,14,146.7,13,21,34,16,6,139.2,1,0,0,1,1,0,24,0,1,14,26,14,6.8,9,3,10,0,6,15.5,5,7.6,0.9,-3.45,Dropout
1,7,6,9003,0,9,142.2,21,11,33,4,7,167.3,1,0,0,1,1,0,38,0,14,11,20,4,3.0,0,1,11,24,3,17.3,1,9.5,2.1,1.62,Dropout
1,2,0,33,1,9,143.3,11,8,29,15,4,133.2,1,0,1,0,1,1,28,0,0,7,20,2,16.6,2,5,16,5,12,15.9,0,8.1,0.3,-3.64,Dropout
1,7,8,9147,1,1,127.7,1,31,4,6,11,112.4,1,0,0,0,0,0,33,0,0,16,10,4,14.5,9,13,2,29,9,1.5,0,9.0,3.7,3.1,Graduate
1,10,7,9238,1,5,120.3,17,10,32,14,5,146.4,0,0,0,1,0,1,28,0,6,3,18,11,3.0,2,9,12,13,0,5.4,7,13.2,-0.8,2.26,Graduate
2,15,7,9003,1,3,126.5,6,6,11,18,14,129.4,1,0,0,1,0,0,47,0,13,0,3,12,8.8,0,0,18,24,6,2.3,5,14.5,1.3,-3.63,Graduate
3,10,6,8014,1,3,119.5,3,17,26,1,3,154.4,1,0,0,1,0,0,24,0,12,4,17,10,17.2,5,6,15,8,0,10.6,7,10.9,0.2,2.14,Graduate
2,16,4,9085,1,6,145.1,16,7,18,15,16,120.4,0,0,0,1,0,0,34,0,2,19,1,11,7.4,9,8,11,5,9,12.9,2,10.8,0.8,-3.23,Graduate
1,10,2,33,1,4,132.8,13,32,32,8,13,143.7,1,0,0,1,0,0,43,0,14,6,25,9,8.1,6,5,8,21,6,12.8,7,11.2,3.1,1.25,Graduate
3,1,8,9070,1,10,142.4,12,13,27,19,6,127.0,1,0,0,1,1,0,22,0,14,7,0,8,6.1,8,4,19,2,1,8.2,4,11.2,0.8,1.2,Graduate
2,2,6,9119,1,4,108.3,11,6,16,17,12,161.5,1,0,0,1,1,0,44,0,14,0,0,4,8.9,5,11,17,7,10,10.9,7,9.1,0.2,3.24,Graduate
1,17,9,171,1,10,123.3,2,3,10,9,9,123.3,0,0,0,1,0,0,45,0,13,4,29,6,10.7,4,2,19,0,2,5.0,0,15.9,0.9,-0.6,Graduate
2,1,9,9238,1,4,114.6,19,27,34,19,17,166.0,0,0,0,0,0,0,34,0,0,6,10,14,1.6,2,9,5,26,6,12.1,0,13.0,0.6,1.63,Graduate
1,15,7,9147,0,3,105.6,8,26,33,3,1,132.7,1,0,0,1,0,0,39,0,0,2,27,10,1.7,4,6,4,5,1,2.8,0,14.0,1.5,0.23,Dropout
1,5,5,9085,1,5,134.5,13,4,10,1,11,138.0,0,0,0,1,0,0,52,0,6,7,6,0,13.8,7,10,5,23,4,1.8,5,11.0,3.2,3.36,Dropout
5,15,4,171,1,5,114.0,14,21,26,13,12,149.1,0,0,0,1,0,0,26,0,10,2,24,13,17.7,5,1,14,13,11,6.7,8,13.8,2.3,-0.26,Dropout
1,2,7,9130,0,14,124.4,15,28,25,0,6,116.8,1,0,0,1,0,1,43,0,11,18,25,14,8.8,6,0,11,24,1,14.1,6,13.2,3.0,3.06,Graduate
1,7,2,9130,1,14,115.4,17,18,2,7,17,139.6,0,0,0,1,1,0,34,0,14,15,15,6,15.5,1,10,1,12,0,4.7,5,14.4,0.6,-0.98,Enrolled
4,10,6,33,1,1,123.9,15,32,26,10,10,123.2,0,0,0,1,1,0,29,0,4,2,3,3,15.6,2,14,2,3,10,3.6,9,7.4,-0.7,-2.63,Graduate
2,5,1,33,1,10,138.8,21,33,20,0,9,129.0,0,0,0,0,1,0,39,0,12,1,12,10,6.7,9,1,18,10,10,16.3,4,7.4,0.8,-1.2,Graduate
1,2,2,33,1,10,115.6,10,26,3,4,5,128.1,1,0,0,1,0,0,39,0,0,15,26,4,5.9,7,3,5,3,6,10.2,3,12.1,2.4,-0.68,Dropout
1,1,1,9003,1,10,123.2,1,17,32,12,13,134.4,0,0,0,0,1,0,45,0,7,16,24,7,13.1,1,11,17,10,7,3.5,3,10.4,0.4,0.91,Dropout
1,10,4,9003,1,14,137.9,12,29,1,16,19,133.9,1,0,0,1,1,0,26,0,14,14,13,7,16.4,5,3,6,2,0,3.4,4,14.2,0.4,0.61,Dropout
2,15,6,9130,1,4,140.2,9,20,24,9,4,119.5,1,0,0,1,1,0,46,0,5,13,19,4,15.4,3,1,8,16,12,2.1,5,8.5,-0.4,-2.65,Dropout
1,1,9,33,1,12,124.1,5,30,33,6,19,128.6,0,0,0,1,1,0,38,0,4,0,15,1,5.7,7,13,2,25,5,2.2,2,9.3,0.1,-3.1,Graduate
1,2,9,9238,0,14,134.4,15,5,17,12,5,96.7,0,0,0,1,1,0,47,0,5,6,8,13,6.4,0,3,8,16,9,14.5,0,10.8,2.5,-0.13,Graduate
6,2,0,8014,1,3,142.3,3,6,33,3,8,139.9,0,0,0,1,0,0,39,0,7,11,29,5,13.3,2,4,11,17,6,14.5,0,15.0,1.5,-3.61,Dropout
1,15,9,33,1,9,114.1,19,10,11,12,4,149.0,1,0,0,1,1,1,20,0,11,17,8,5,5.7,3,7,5,16,12,17.2,5,8.2,-0.5,0.61,Enrolled
1,5,8,9147,1,6,119.3,7,6,23,0,4,129.5,1,0,0,1,0,0,18,0,8,19,6,0,15.3,6,4,2,0,4,5.4,6,14.0,3.7,0.59,Graduate
1,15,0,9238,1,12,124.4,7,10,32,10,18,106.1,1,0,0,1,0,1,30,1,10,7,26,4,9.2,4,0,3,21,1,10.3,5,15.9,1.8,-2.55,Graduate
2,7,0,9147,1,4,136.7,7,21,19,8,12,136.7,0,0,0,1,1,0,42,0,10,12,6,13,5.3,1,10,12,4,4,9.7,2,13.8,-0.1,3.09,Graduate
1,1,9,9119,0,4,132.8,2,4,12,12,4,117.1,0,0,0,1,1,1,38,0,8,5,24,3,5.2,8,13,9,4,7,1.8,7,12.0,-0.6,0.29,Graduate
1,5,7,9130,1,6,131.0,2,13,28,10,13,129.4,1,0,0,1,1,0,34,0,10,19,10,11,14.1,0,9,5,28,0,9.4,0,12.0,1.7,3.51,Dropout
3,10,5,33,1,10,114.6,12,10,2,7,1,135.9,1,0,0,1,1,0,24,0,2,9,22,14,2.2,9,6,6,27,14,3.8,2,8.5,0.3,-3.73,Graduate
1,16,5,9070,1,3,143.1,5,16,10,6,4,134.1,1,0,0,1,1,0,52,0,0,12,6,13,16.8,1,7,7,10,5,4.4,8,11.0,0.3,1.67,Dropout
1,7,8,171,1,10,122.5,4,19,19,19,11,141.1,1,0,1,1,1,0,27,0,9,18,18,11,7.4,0,13,5,10,5,14.8,4,11.8,1.4,-2.12,Enrolled
1,5,3,33,1,10,126.0,7,6,28,14,19,128.9,1,0,0,1,1,1,32,0,5,1,6,11,15.2,1,11,15,0,14,5.4,8,11.5,1.3,-0.13,Graduate
1,16,7,8014,1,9,132.9,16,26,8,14,6,129.3,0,0,0,0,1,0,31,0,14,12,15,0,14.3,0,3,0,2,9,14.0,0,8.0,0.8,-3.27,Graduate
1,16,3,9119,1,9,159.6,3,9,23,11,2,136.6,1,0,0,1,0,0,35,0,6,12,20,7,14.0,7,0,15,22,6,1.1,0,8.4,2.8,-2.92,Enrolled
1,1,1,33,1,5,120.4,21,10,30,16,8,126.1,1,0,1,0,0,0,24,0,5,19,15,7,12.1,9,9,2,12,2,9.7,4,9.3,1.0,-1.65,Graduate
1,2,7,171,1,2,119.6,2,3,28,5,14,118.1,1,0,0,1,0,0,33,0,4,19,14,1,9.0,6,9,2,21,1,11.6,8,11.7,1.2,1.84,Graduate
1,10,6,171,1,2,124.4,17,19,13,12,14,132.9,1,0,0,1,1,0,34,0,12,12,1,9,7.0,0,3,2,5,5,14.2,3,8.4,2.0,2.18,Graduate
3,15,3,9003,1,14,147.4,9,6,12,15,7,112.3,1,0,0,1,1,0,18,0,9,12,28,10,10.5,7,9,11,7,10,13.8,2,9.5,2.4,-2.7,Graduate
6,1,8,8014,1,10,132.2,20,29,10,0,15,125.9,1,0,0,1,1,0,53,0,10,11,6,13,9.5,4,3,4,4,3,4.7,2,10.1,0.9,-3.07,Graduate
3,7,8,8014,1,6,135.6,8,19,17,12,1,109.1,0,0,0,1,0,0,40,0,4,16,14,8,6.3,8,4,12,9,9,11.6,7,13.0,1.5,3.11,Dropout
4,17,7,9238,0,10,142.1,12,15,1,6,19,119.8,0,0,1,0,1,0,33,1,11,7,0,2,8.9,2,7,14,17,10,3.2,9,10.0,1.5,1.4,Graduate
1,16,0,9070,1,3,146.9,7,21,22,12,0,120.3,1,0,1,1,0,0,31,0,13,5,20,12,6.6,3,3,6,3,4,2.9,0,13.3,3.2,-3.01,Dropout
6,7,6,8014,1,1,120.0,14,23,15,6,3,114.2,1,0,0,1,1,0,40,0,9,0,6,2,11.8,3,0,17,18,3,3.5,7,8.4,1.1,-3.45,Graduate
1,16,4,9119,1,6,137.8,16,20,16,7,3,141.3,0,0,0,1,1,0,39,0,2,15,27,3,15.0,0,0,11,17,1,3.7,9,9.6,1.3,-1.14,Dropout
6,2,6,9070,1,2,147.3,1,2,20,17,5,140.2,1,0,1,1,1,1,43,0,3,2,28,13,14.2,2,3,12,29,2,2.8,5,10.8,1.8,-3.21,Enrolled
6,17,8,9003,0,12,133.1,10,32,10,16,2,144.1,0,0,0,1,0,1,38,0,13,17,15,6,6.1,3,9,18,26,14,6.0,0,9.4,2.2,1.32,Graduate
2,2,1,8014,1,5,117.7,11,28,26,15,7,124.6,0,0,0,0,1,0,29,0,9,9,12,1,9.2,3,10,2,29,4,12.8,2,8.7,-0.8,-2.68,Dropout
6,10,3,9003,1,5,114.8,7,4,23,16,1,121.4,1,0,0,1,1,0,28,0,2,11,22,14,0.2,2,13,4,23,2,14.1,9,15.8,2.1,-0.33,Graduate
2,15,3,171,1,14,136.8,18,7,17,7,16,137.4,0,0,0,1,1,1,51,0,8,12,4,9,15.7,7,12,17,29,14,6.2,1,12.9,-0.1,-1.29,Dropout
1,10,1,33,1,10,112.7,19,3,34,6,11,128.7,0,0,1,0,1,0,44,0,13,18,6,14,4.4,5,6,4,25,1,13.1,6,7.2,3.6,0.65,Graduate
1,2,2,8014,1,6,117.8,14,25,22,17,11,128.6,1,0,0,1,1,1,26,0,2,6,7,1,7.9,3,10,10,19,8,13.9,0,8.7,0.8,2.95,Dropout
2,2,7,171,1,3,122.7,17,9,4,3,14,93.9,1,0,0,1,1,0,26,0,14,12,10,8,2.7,1,4,19,20,6,7.0,4,12.9,1.4,-0.88,Graduate
1,7,8,33,1,12,134.2,19,23,7,1,17,136.8,1,0,0,1,0,1,40,0,11,14,29,3,12.2,7,6,9,24,7,17.9,7,10.2,-0.5,-0.44,Dropout
2,2,5,33,1,14,138.8,13,23,5,15,8,135.1,0,0,1,1,1,0,44,0,4,8,9,10,9.8,9,12,15,8,7,9.9,4,11.6,3.1,2.49,Dropout
6,17,9,171,1,4,119.3,3,26,31,17,4,126.9,0,1,0,1,0,0,53,0,5,11,14,6,6.6,2,9,16,5,8,12.6,8,14.2,0.3,0.73,Graduate
1,17,1,9147,1,14,110.5,2,18,19,7,2,137.6,0,0,1,1,1,0,25,0,7,5,12,12,9.6,1,4,19,24,9,1.8,6,8.0,0.6,-3.66,Enrolled
3,5,1,9070,0,4,142.2,9,24,4,13,16,134.8,0,0,0,1,1,0,52,0,9,19,20,8,3.0,0,8,15,16,4,10.2,7,12.8,2.0,-3.84,Dropout
5,16,6,9147,0,2,140.1,7,27,22,17,11,117.9,1,0,0,1,1,1,51,0,5,9,25,6,14.0,6,8,11,4,11,13.2,4,11.4,-0.8,3.0,Dropout
5,1,7,9130,1,3,137.0,14,2,3,18,13,124.1,1,0,0,1,0,0,18,0,5,19,21,4,4.8,0,12,15,6,2,9.6,4,9.0,3.7,-2.53,Graduate
6,2,7,9085,1,4,135.6,5,1,23,3,7,113.9,0,0,0,1,1,0,54,0,5,11,6,0,11.1,1,11,6,6,7,15.3,5,9.9,1.5,2.84,Graduate
1,10,5,33,1,9,124.0,20,16,4,13,8,146.0,0,0,0,1,0,1,39,0,0,7,22,11,16.2,9,2,1,17,14,1.3,5,7.3,3.0,-0.76,Dropout
6,15,9,9238,1,3,127.3,15,24,24,1,1,139.7,1,0,1,1,1,0,28,0,9,8,20,8,0.7,6,7,1,27,12,16.0,6,15.8,3.3,-0.59,Graduate
3,16,7,9070,1,10,131.1,20,11,14,16,1,116.4,1,0,0,0,0,0,37,0,10,3,1,7,7.0,2,9,14,15,10,13.9,0,8.2,-0.8,3.45,Graduate
1,16,0,33,1,10,117.4,1,26,3,5,15,135.0,1,0,0,0,0,0,45,0,5,7,5,4,2.4,4,4,4,27,0,0.1,2,13.7,1.1,-0.16,Dropout
1,15,8,9119,1,14,135.8,20,6,21,7,19,130.6,1,0,0,1,0,0,52,0,0,2,12,8,16.4,3,4,9,8,3,1.5,0,10.9,3.2,3.31,Dropout
2,15,0,9238,1,2,131.8,7,26,26,15,10,118.1,0,0,1,1,0,0,53,0,12,9,20,7,6.5,3,14,9,16,1,1.9,6,11.2,2.3,0.77,Graduate
1,16,2,9130,1,4,128.0,5,29,1,0,19,128.6,1,0,0,0,1,0,43,0,1,17,5,3,3.8,3,6,11,24,1,7.4,2,12.3,2.5,1.78,Enrolled
2,5,8,9130,0,10,143.7,4,1,30,17,9,138.2,0,0,0,1,0,0,22,0,7,5,11,1,12.2,0,12,7,16,0,2.5,0,15.2,1.7,-3.56,Enrolled
2,10,4,9119,1,1,128.5,11,9,4,2,7,139.2,1,0,0,1,0,0,36,0,7,4,11,8,9.8,4,0,12,14,9,0.7,7,12.0,3.6,-3.95,Enrolled
1,5,8,171,1,1,139.9,19,27,14,17,6,157.3,0,0,1,1,1,0,38,0,1,17,14,12,14.7,8,0,6,2,3,14.8,8,14.2,-0.3,1.39,Graduate
2,2,8,9070,1,4,112.2,6,7,18,9,0,128.2,0,0,1,1,0,0,39,0,11,4,11,13,13.6,3,10,7,29,14,3.9,6,14.6,3.1,-0.22,Enrolled
3,1,5,9003,1,2,142.6,20,3,12,1,9,123.9,1,0,0,1,1,0,50,0,14,15,2,12,17.5,4,7,18,14,3,10.9,3,12.8,2.2,1.99,Graduate
1,15,0,9070,0,1,139.1,18,9,16,18,18,134.3,1,0,0,1,0,0,20,0,2,0,0,8,1.6,2,1,8,9,14,10.6,5,12.7,1.7,-2.71,Dropout
1,17,9,9238,1,10,162.4,5,2,1,10,4,124.6,0,0,1,1,1,0,48,0,5,7,11,6,1.4,8,4,10,0,1,14.5,1,14.8,2.2,2.12,Enrolled
1,10,6,9147,1,2,154.0,20,10,3,18,7,119.4,1,0,0,1,1,1,32,1,3,1,24,14,16.3,1,8,19,5,12,9.7,6,7.5,2.7,0.97,Graduate
1,15,5,9003,1,4,144.0,15,17,15,2,8,115.0,0,0,1,1,1,1,20,0,8,13,9,7,17.2,1,0,16,5,1,17.5,5,12.7,0.0,-2.14,Dropout
5,5,8,9130,1,3,121.9,21,31,16,9,12,82.4,1,0,0,1,1,0,44,0,6,3,0,3,7.3,0,3,6,1,11,9.6,3,11.7,0.2,2.83,Dropout
1,7,6,9130,1,2,116.7,20,1,17,15,13,136.6,1,0,1,1,1,0,44,0,9,17,25,10,8.2,1,4,6,15,8,12.1,2,9.4,0.3,3.28,Graduate
2,2,3,171,1,10,119.1,6,18,34,2,5,105.7,0,0,0,1,1,0,38,0,8,10,24,9,6.6,9,14,12,27,5,16.3,5,14.0,0.8,-0.58,Dropout
1,1,6,9085,1,3,137.6,4,6,10,18,10,115.6,0,0,0,1,1,0,24,0,12,19,9,3,14.0,1,12,5,25,9,13.0,7,9.7,1.7,-0.64,Enrolled
1,2,1,9070,1,12,149.4,17,4,11,19,8,130.8,0,0,0,1,1,0,42,0,6,18,19,10,13.9,5,9,16,2,12,13.1,7,14.0,3.3,0.27,Enrolled
3,7,5,171,1,14,111.8,15,4,28,6,12,122.8,1,0,0,1,1,0,46,0,12,14,11,12,4.0,6,13,1,6,9,1.0,7,15.2,0.3,1.36,Dropout
2,1,5,9238,1,5,117.3,18,4,27,16,3,154.9,0,0,0,1,0,0,25,0,5,2,14,14,6.9,1,5,4,23,10,1.5,8,12.1,1.7,1.25,Graduate
1,7,1,9003,1,12,130.5,6,1,18,7,1,107.4,0,0,0,1,0,0,42,0,13,12,7,0,3.8,6,7,7,6,6,4.9,3,14.2,3.6,-0.03,Graduate
1,2,3,9119,1,3,113.0,20,31,30,2,1,156.1,1,0,0,1,1,0,27,0,3,4,5,12,0.8,4,5,6,23,6,10.1,7,9.3,2.2,2.89,Dropout
1,5,7,33,1,5,123.7,19,19,13,6,12,144.9,0,0,0,1,1,1,41,0,7,3,15,8,1.0,0,11,15,3,5,15.9,8,8.4,1.1,-2.83,Graduate
1,16,7,9147,1,14,148.7,12,21,16,9,18,138.8,0,0,1,1,0,0,50,0,11,14,27,13,2.6,3,12,1,13,9,1.6,0,12.1,-0.5,-2.55,Graduate
2,2,7,9238,0,6,140.8,9,30,2,18,0,145.7,0,0,0,1,0,1,43,1,11,0,7,9,0.5,8,8,10,24,3,2.6,9,10.8,0.7,1.4,Enrolled
1,2,7,33,0,12,142.4,8,7,20,14,5,132.3,0,0,0,1,0,1,26,0,5,9,23,8,7.6,7,14,16,16,5,9.5,2,10.8,0.6,1.55,Dropout
1,2,0,9070,1,10,115.2,15,5,12,14,7,104.9,1,0,0,0,0,1,31,0,9,2,1,4,1.2,1,2,6,5,9,2.5,8,8.1,2.2,-1.08,Graduate
1,10,1,9119,1,2,103.8,1,2,29,4,16,133.7,1,0,0,0,0,1,21,0,4,4,2,13,15.3,3,9,1,3,9,8.4,3,15.4,-0.0,-1.8,Dropout
5,7,3,9130,1,2,123.6,2,3,8,2,2,107.8,0,0,0,1,1,1,28,0,12,19,24,10,12.8,5,12,6,16,8,16.3,9,8.0,1.4,-3.71,Graduate
6,17,8,171,0,5,95.1,3,15,20,2,5,120.1,0,0,0,1,0,0,24,0,5,15,1,6,14.1,0,4,11,8,10,13.4,2,9.6,1.0,-1.13,Enrolled
1,7,2,9003,1,5,136.8,19,10,31,3,18,126.0,0,0,0,1,1,0,22,1,11,12,3,2,11.1,2,8,8,16,8,13.4,6,11.3,-0.2,-2.18,Dropout
3,15,5,171,0,5,141.2,10,9,16,14,6,115.2,0,0,1,1,0,0,40,0,12,16,16,10,11.9,0,7,2,3,7,7.5,1,13.7,3.2,2.25,Enrolled
1,7,6,9003,1,4,118.2,14,23,23,15,14,139.3,0,0,1,1,1,0,17,0,5,4,19,7,2.0,8,6,1,22,3,12.1,6,12.7,2.0,-0.35,Graduate
1,15,7,9085,1,10,138.7,19,14,34,4,5,124.2,0,0,0,1,1,0,41,0,1,16,18,8,1.0,6,2,19,18,14,13.3,8,7.6,2.2,0.22,Graduate
3,10,6,9085,1,5,138.7,11,33,32,7,17,132.3,0,0,0,1,1,1,27,0,2,12,28,11,17.8,3,14,19,18,12,0.4,6,7.4,1.0,1.56,Dropout
5,5,2,171,0,1,113.2,21,16,17,9,9,126.9,1,0,0,1,1,0,39,0,9,7,29,14,6.7,7,8,18,25,0,14.7,5,12.1,3.0,-1.8,Graduate
6,15,5,9003,0,14,124.0,6,20,24,1,3,128.6,0,0,0,1,1,0,52,0,8,14,19,7,0.9,8,8,4,29,14,16.1,0,7.1,3.4,2.66,Graduate
2,2,4,9003,1,5,123.0,19,8,23,13,4,115.5,1,0,0,1,1,1,23,0,7,11,28,12,2.9,2,14,12,10,7,2.2,2,12.1,-0.7,-1.07,Dropout
1,5,9,33,1,1,144.0,14,34,8,4,17,111.7,0,0,0,1,1,0,43,0,7,5,18,4,15.7,1,13,4,10,5,15.1,3,8.6,1.2,-3.25,Graduate
3,16,3,171,1,4,141.0,8,31,23,6,9,125.0,1,0,0,1,0,0,37,0,0,6,4,11,3.7,6,2,12,24,7,6.4,8,8.7,2.2,2.43,Dropout
1,10,0,8014,1,1,138.6,2,8,21,10,9,114.4,1,0,1,1,1,1,21,0,11,12,3,5,8.4,2,8,14,25,14,5.7,6,8.6,3.0,2.92,Graduate
2,7,6,9070,0,6,121.6,18,25,19,2,9,145.1,1,0,0,1,0,0,49,0,8,16,29,2,12.0,2,0,2,26,11,10.9,4,14.0,2.7,-2.41,Graduate
1,15,7,9130,1,6,150.5,4,13,31,11,6,109.1,0,0,0,0,0,0,32,0,3,17,10,2,17.4,2,0,18,1,2,14.6,6,11.3,3.6,0.88,Graduate
2,17,1,9085,1,1,132.7,3,18,7,13,19,157.4,0,0,0,1,1,0,27,0,13,17,8,13,0.3,4,10,13,23,1,7.1,3,8.9,2.6,1.15,Dropout
1,2,6,8014,1,10,137.4,2,34,24,0,13,130.9,1,0,0,1,1,0,48,0,10,2,20,13,8.8,7,0,14,29,0,11.4,7,7.6,-0.2,-2.21,Enrolled
1,1,5,9085,1,4,156.0,4,17,8,15,7,127.9,0,0,0,1,0,1,40,0,14,4,4,12,17.9,0,2,2,15,1,14.9,4,11.0,-0.1,-0.82,Graduate
5,16,4,9119,1,2,139.9,18,12,13,14,8,120.0,0,0,0,1,1,0,25,0,1,12,1,6,2.2,5,12,13,27,2,14.1,5,11.8,3.5,-1.05,Graduate
1,1,3,9085,1,1,128.2,11,16,3,0,4,135.5,1,0,0,0,1,0,52,0,6,12,19,8,2.2,6,7,11,5,12,5.0,9,12.3,-0.7,0.69,Dropout
1,5,1,9238,1,3,122.5,9,13,34,12,7,124.3,1,0,0,1,0,0,23,0,5,5,3,14,1.6,0,5,16,7,1,12.7,9,7.8,0.9,-0.36,Graduate
1,7,9,9085,1,9,104.0,8,11,13,14,19,130.9,1,0,0,1,0,0,44,0,13,12,4,14,9.1,6,6,5,14,5,11.5,6,10.4,1.1,1.06,Graduate
1,17,5,33,1,14,106.5,21,14,32,16,4,137.9,0,0,0,1,1,0,39,0,12,14,20,8,6.3,1,5,19,7,12,12.4,4,10.1,0.4,-3.37,Graduate
1,1,4,8014,1,14,142.8,8,28,21,8,19,135.7,0,0,0,1,0,0,29,0,8,18,12,1,12.9,0,12,15,10,2,7.6,4,10.0,2.5,-1.87,Dropout
1,5,1,9119,1,10,100.4,5,24,1,4,17,143.1,1,0,1,1,1,0,23,1,10,5,3,10,10.3,9,0,9,0,2,0.4,4,15.0,2.9,-3.66,Graduate
4,10,9,9003,1,5,145.2,13,17,2,11,3,134.0,1,0,0,1,0,0,37,0,1,5,9,6,10.5,3,11,13,4,12,6.1,8,10.3,3.5,0.13,Graduate
1,5,6,9003,1,9,142.1,7,9,26,16,10,114.6,0,0,0,1,0,1,29,0,5,9,12,13,9.2,1,4,3,7,0,13.3,0,12.7,3.6,-0.88,Graduate
6,16,5,9119,0,2,117.0,21,30,3,10,19,100.0,1,0,0,1,1,1,52,0,10,2,11,7,17.9,8,10,18,16,10,13.9,3,14.9,1.0,3.27,Graduate
2,17,8,9147,1,4,132.7,5,3,24,10,10,129.7,1,0,0,1,1,1,28,0,7,19,11,13,9.7,7,6,19,20,10,15.7,7,7.0,3.5,-1.76,Graduate
1,17,9,171,1,6,138.6,13,8,26,7,13,129.9,0,0,0,0,0,0,24,0,5,19,1,12,1.3,3,13,15,28,12,4.2,3,13.7,1.4,-1.97,Enrolled
2,5,4,9147,0,5,131.4,20,18,8,14,12,152.0,1,0,0,1,1,0,52,0,7,16,29,0,5.8,6,7,15,21,9,11.7,4,12.9,2.9,-1.38,Graduate
1,16,8,8014,1,6,148.5,16,30,8,1,3,125.5,0,0,0,0,1,0,39,0,13,12,22,9,14.1,7,4,18,19,7,3.6,3,15.2,2.7,-0.42,Graduate
3,5,8,9085,1,2,109.1,14,3,18,9,15,131.9,1,0,0,1,1,0,50,0,1,15,13,3,11.3,8,7,12,22,4,3.1,7,11.1,0.2,0.58,Enrolled
1,17,0,9003,1,9,137.6,5,34,18,13,5,137.1,0,0,0,1,1,0,39,0,8,16,9,8,12.3,4,13,1,10,3,12.6,4,15.6,1.8,-1.35,Graduate
1,17,4,33,1,10,120.9,19,28,12,4,12,133.7,1,0,0,0,1,1,54,0,11,3,14,8,16.6,3,4,7,28,1,3.1,5,11.2,3.6,1.01,Enrolled
4,2,8,9147,1,12,103.9,4,25,2,16,19,138.0,0,0,0,1,0,1,45,0,5,7,1,4,8.0,7,0,14,4,1,0.6,8,7.6,1.6,1.39,Dropout
5,5,6,9085,1,6,112.6,11,30,20,17,4,116.4,1,0,0,1,1,0,40,0,6,8,15,6,0.4,2,10,9,28,2,10.9,7,13.9,1.6,1.55,Graduate
4,15,5,9130,1,9,122.1,2,7,3,18,18,114.3,1,0,0,1,1,0,38,0,1,11,6,10,17.8,1,11,3,17,6,0.6,2,7.2,2.0,2.34,Dropout
1,5,5,171,1,1,130.3,13,29,34,6,9,123.4,1,0,0,1,1,0,28,0,9,11,8,5,8.2,2,10,1,2,9,9.7,9,15.7,3.4,-2.9,Graduate
3,17,6,9119,1,12,116.5,16,2,6,17,4,98.7,1,0,0,0,1,1,32,0,7,18,14,12,1.8,5,4,13,4,7,14.5,0,7.0,0.9,1.59,Graduate
1,2,0,9085,1,6,122.4,9,26,10,11,13,126.5,0,0,0,1,1,0,17,1,10,0,23,3,9.9,7,12,14,26,8,0.8,5,13.3,-0.6,-1.82,Graduate
1,2,3,171,1,4,124.1,16,7,24,14,3,118.4,1,0,0,1,1,1,46,1,8,3,8,6,10.6,2,0,13,29,0,12.1,9,7.9,0.0,1.44,Graduate
1,10,0,171,1,14,116.8,7,18,18,13,5,131.2,0,0,0,1,1,1,52,0,2,1,13,2,10.2,9,3,19,17,0,1.3,1,11.5,3.5,-3.84,Dropout
2,16,5,9003,1,12,121.5,16,6,33,9,4,123.6,1,0,0,1,1,0,40,0,14,6,28,12,17.4,1,7,1,8,11,11.2,5,8.1,0.4,-2.44,Graduate
1,7,3,9003,1,1,138.6,13,27,7,16,1,113.8,1,0,0,1,1,0,54,0,13,2,7,0,5.8,7,5,19,24,10,15.7,7,12.2,2.5,-0.42,Graduate
1,1,0,8014,0,2,154.7,5,24,29,0,5,144.0,1,0,0,1,1,0,48,0,3,7,11,12,0.6,9,1,0,4,5,7.7,0,12.0,0.9,0.43,Graduate
4,1,8,9130,0,3,133.1,15,33,19,3,1,128.1,0,0,0,1,1,0,48,0,14,8,1,10,16.6,4,13,8,17,13,6.8,3,7.6,-0.6,3.11,Graduate
1,5,3,9119,1,1,132.0,7,31,25,8,11,138.2,0,0,0,1,1,0,28,0,12,19,8,1,3.4,7,11,13,0,7,14.8,7,8.3,0.7,-2.19,Dropout
1,10,5,171,1,2,128.8,18,34,17,3,3,129.4,0,0,1,0,1,0,26,0,10,0,6,6,13.5,3,2,9,19,4,11.3,9,13.4,1.1,-0.08,Dropout
1,5,6,8014,1,2,124.1,20,22,3,18,12,133.0,1,0,0,1,1,0,28,0,5,10,28,9,3.7,5,0,5,19,3,8.1,0,13.0,0.2,-0.33,Graduate
5,1,7,9238,1,9,138.6,2,24,24,4,16,109.3,0,0,0,1,0,0,29,0,13,1,19,3,14.9,5,5,12,29,11,11.3,5,9.6,3.6,1.18,Graduate
1,16,8,9147,1,14,144.7,8,28,18,17,5,143.6,0,0,0,1,1,0,31,0,14,8,25,6,16.3,0,9,12,19,8,5.4,1,8.6,3.7,-2.22,Dropout
1,17,8,9070,1,6,112.6,10,20,26,14,2,138.4,1,0,0,1,0,0,46,0,12,6,22,7,1.9,4,9,7,13,1,16.4,1,13.1,0.4,2.97,Enrolled
3,16,7,171,1,12,145.6,10,18,21,19,12,126.8,1,0,0,1,1,0,29,0,2,14,24,6,2.7,1,14,4,5,12,0.1,1,11.8,3.5,3.47,Enrolled
3,16,9,8014,1,5,154.4,11,32,11,7,2,130.7,0,0,0,1,1,0,17,0,9,15,14,4,16.7,1,14,0,15,2,4.8,4,9.3,3.3,2.64,Dropout
1,2,2,9130,1,12,114.9,21,33,17,1,19,140.0,1,0,0,1,1,0,34,0,11,11,0,0,13.9,7,14,16,29,1,15.1,2,15.8,3.5,1.27,Graduate
2,17,1,9003,1,14,143.8,21,10,21,12,8,122.2,0,0,0,0,1,1,28,0,6,9,3,5,0.7,1,5,17,20,6,3.6,2,10.4,2.5,1.04,Graduate
3,7,4,171,1,12,154.5,8,9,4,12,3,106.4,0,0,0,0,1,0,25,0,7,8,29,11,3.3,0,2,13,6,6,4.2,6,13.2,1.4,1.62,Graduate
2,17,0,171,1,2,140.7,16,25,32,13,1,122.4,1,0,0,1,0,0,20,0,4,15,15,6,7.4,7,14,0,14,14,10.1,2,15.0,1.1,0.17,Graduate
1,10,2,9085,1,12,127.4,16,13,18,14,4,129.0,1,0,0,1,1,0,43,0,4,11,8,3,15.6,4,0,6,4,9,12.2,3,15.6,-0.7,-2.27,Graduate
4,2,0,9130,1,3,141.7,17,5,28,11,7,126.6,1,0,0,1,1,0,44,0,2,9,11,11,2.7,9,1,5,8,11,0.8,6,15.1,0.2,2.67,Graduate
1,7,2,9119,1,3,117.8,6,31,26,4,1,144.1,1,0,0,1,0,0,40,0,3,19,9,2,13.0,1,0,19,15,3,14.9,1,12.3,2.5,0.91,Graduate
1,10,3,9003,1,12,125.3,18,31,24,2,4,114.5,1,0,0,1,1,0,20,0,2,12,3,5,1.5,7,2,3,5,8,10.2,2,8.9,-0.3,-3.46,Graduate
1,10,6,171,1,9,119.0,17,34,10,17,5,116.2,0,1,0,1,1,0,44,0,12,12,22,9,8.4,1,2,7,15,6,0.9,7,15.3,-0.7,-0.3,Dropout
1,1,4,9147,1,10,109.8,12,26,8,2,6,113.2,1,0,0,1,1,0,36,0,11,18,14,2,13.1,8,0,8,20,10,9.7,9,15.8,2.8,-0.67,Dropout
1,2,4,9003,1,9,130.6,15,7,2,13,12,132.6,1,0,0,1,1,0,45,0,7,12,17,9,1.2,0,7,1,29,2,2.9,7,7.1,1.0,-3.34,Graduate
3,10,0,9147,1,12,134.6,7,20,21,1,8,107.2,0,0,0,1,1,0,49,0,2,17,13,7,3.7,2,6,4,0,3,2.5,2,15.2,1.0,-1.29,Dropout
1,15,7,9070,1,10,139.9,14,22,27,17,6,136.7,0,0,0,1,1,0,46,0,1,12,2,4,14.3,7,13,0,5,14,10.1,6,15.0,0.4,-2.49,Enrolled
1,16,3,9119,1,4,62.8,4,5,23,12,3,114.9,0,0,0,1,0,1,19,0,5,8,23,5,2.9,8,13,17,4,11,12.7,2,11.1,3.0,-3.72,Graduate
1,10,9,9070,1,2,132.7,17,12,32,1,4,116.9,1,0,0,1,1,0,35,0,7,16,13,2,12.0,0,10,2,29,0,5.1,4,14.1,2.9,-3.89,Graduate
1,7,4,171,1,5,131.2,11,21,26,11,2,150.0,1,1,0,1,1,0,37,0,11,9,0,0,11.6,2,5,6,9,9,16.4,2,15.5,1.5,-1.95,Graduate
6,1,1,9085,0,2,113.6,6,9,7,1,16,143.0,1,1,0,0,1,0,37,0,14,14,18,12,9.4,8,13,3,15,12,7.6,4,9.8,1.8,-3.37,Graduate
1,5,0,9119,1,4,123.3,10,29,33,7,18,128.5,1,0,0,1,1,0,36,0,9,7,23,10,3.6,1,6,5,2,14,6.6,1,11.2,0.3,2.32,Dropout
1,16,8,9085,1,2,141.3,15,27,17,4,12,110.0,1,0,0,1,1,0,49,0,7,17,11,0,7.5,4,10,17,27,7,10.4,9,8.3,-0.2,3.33,Graduate
1,1,1,8014,1,5,131.5,6,17,8,10,0,153.2,1,0,0,0,0,1,54,0,5,13,15,4,11.2,1,1,8,3,0,14.1,2,9.6,0.7,-0.55,Graduate
1,5,5,9238,1,6,129.7,16,24,17,12,4,124.4,1,0,0,1,1,0,25,0,11,15,21,4,15.9,5,7,0,9,10,1.4,8,15.0,2.7,0.41,Graduate
1,2,0,9130,1,1,143.4,12,27,18,16,8,130.2,1,0,0,1,1,0,47,0,13,6,25,0,14.4,1,6,10,20,2,15.3,0,8.6,3.2,3.13,Graduate
2,2,0,8014,1,10,164.7,19,8,23,15,3,138.9,1,0,0,1,1,1,48,0,14,16,8,5,10.9,9,0,19,8,9,9.0,3,15.5,1.1,1.62,Dropout
6,10,8,9070,0,2,126.4,16,29,12,18,9,101.5,0,0,0,1,1,0,39,0,5,13,20,13,4.1,4,10,18,26,9,9.4,1,12.0,3.2,-0.21,Graduate
1,15,3,9147,1,5,133.7,14,19,23,14,13,118.7,0,0,0,1,1,0,39,0,5,2,8,8,3.9,5,7,10,8,7,15.0,1,13.3,0.5,-0.84,Graduate
2,2,8,9070,1,10,116.6,6,10,33,17,9,126.1,1,0,0,1,1,0,32,0,4,9,12,3,14.6,8,11,12,21,6,10.0,8,10.5,0.9,1.59,Graduate
2,17,4,9119,1,5,162.2,9,24,28,5,0,128.7,0,0,0,1,1,0,37,0,3,0,24,7,12.0,7,11,18,10,13,8.0,4,9.1,0.6,-1.62,Enrolled
3,10,6,9119,0,3,121.9,1,34,23,3,18,110.1,0,0,0,1,1,1,28,0,1,10,25,6,6.4,7,10,9,5,6,14.9,7,11.3,0.3,1.62,Dropout
1,16,0,9070,1,6,102.9,8,31,7,3,16,131.2,1,0,0,0,1,0,22,0,13,8,14,10,17.5,7,12,1,15,7,17.4,4,9.7,1.0,-3.51,Graduate
1,1,5,171,1,1,139.3,7,4,2,12,19,127.4,1,0,0,1,0,0,30,0,10,3,11,5,16.0,7,11,4,24,12,13.5,4,11.7,0.7,-0.16,Graduate
1,2,7,9070,1,1,105.8,14,31,1,8,14,148.7,0,0,0,1,0,1,38,0,13,4,23,14,12.1,0,6,6,26,7,16.5,6,7.9,0.2,-2.69,Enrolled
2,17,0,9119,1,10,149.4,8,9,4,9,5,140.0,1,0,0,0,1,0,47,0,14,18,15,1,6.6,7,9,0,29,2,14.0,0,15.3,1.6,1.5,Enrolled
3,1,8,9119,1,9,138.8,11,26,8,13,6,123.5,1,0,0,1,1,0,44,0,4,10,9,13,5.6,0,9,6,7,11,14.2,6,9.5,2.1,3.28,Dropout
1,1,2,9003,1,14,114.6,9,13,29,7,0,124.5,1,1,0,1,1,1,21,0,1,5,16,8,16.9,9,1,1,22,11,4.0,3,12.7,2.5,0.9,Graduate
1,15,0,33,1,14,140.1,19,26,18,2,4,140.2,1,0,1,0,1,0,42,0,8,11,7,9,8.0,7,2,14,21,0,16.7,5,12.8,2.8,1.43,Graduate
5,2,0,9085,1,3,125.0,7,1,31,8,19,130.7,0,0,1,1,0,0,43,0,3,12,23,5,14.4,2,5,13,1,14,2.1,1,9.3,1.5,-2.82,Graduate
3,1,5,8014,1,10,136.4,6,9,6,0,19,109.2,0,0,0,1,1,0,45,0,0,16,12,14,16.9,0,10,17,23,11,9.6,1,16.0,0.8,0.1,Graduate
6,15,5,9070,1,10,110.8,18,31,24,14,6,154.2,0,0,0,0,1,0,32,0,9,0,9,11,8.9,8,5,17,14,5,0.2,7,11.4,0.4,1.84,Graduate
3,15,0,9003,1,1,109.9,5,24,15,14,1,114.1,0,0,0,1,1,1,42,0,0,5,14,14,11.8,3,3,13,9,12,6.6,8,13.8,1.1,2.43,Graduate
1,2,2,171,1,14,134.8,19,22,12,6,2,159.2,0,0,0,1,0,1,24,0,9,16,14,13,1.6,2,7,10,25,4,12.4,7,7.3,0.6,3.33,Graduate
2,15,6,9119,1,9,158.3,11,9,14,14,1,132.6,1,0,0,1,0,0,27,0,4,9,9,9,11.7,8,9,12,4,5,0.6,9,9.1,1.7,1.59,Dropout
2,2,9,9070,1,2,120.3,5,23,27,6,15,118.7,1,0,1,1,0,0,19,0,10,6,28,0,3.9,1,1,18,15,2,1.3,4,8.0,-0.7,0.28,Dropout
1,17,2,9119,1,2,119.2,9,20,13,12,16,96.2,1,0,0,1,1,1,18,0,7,15,2,13,12.1,3,12,18,5,11,9.6,0,10.1,1.3,2.11,Graduate
1,2,2,9147,1,2,124.9,8,21,3,11,11,137.1,0,0,0,0,1,0,17,0,10,6,8,10,1.8,2,2,2,2,1,1.1,2,13.7,2.5,-2.11,Graduate
2,5,2,9003,1,5,110.1,11,27,16,17,4,106.8,0,0,0,1,0,1,17,0,6,12,7,9,8.9,7,6,18,16,2,5.5,1,8.3,0.5,2.55,Dropout
1,1,6,9070,1,9,138.3,6,5,12,6,3,131.6,0,0,0,1,1,0,36,0,11,3,9,4,9.4,5,3,11,12,0,13.7,3,10.7,3.1,1.86,Dropout
3,17,3,9147,1,4,143.5,15,17,14,6,15,152.1,1,0,0,1,0,0,47,0,6,14,6,5,8.7,1,11,17,15,9,5.8,8,8.8,0.0,-2.8,Dropout
2,7,3,9238,1,4,137.2,6,34,34,14,17,112.2,1,0,1,1,1,1,32,0,4,15,1,7,13.6,8,10,6,5,3,7.1,8,9.0,2.8,2.38,Graduate
6,2,2,9003,1,12,127.5,11,9,31,8,12,136.6,1,0,0,1,0,0,19,0,8,8,0,14,13.6,2,7,17,15,14,13.8,8,7.4,2.5,2.23,Dropout
1,1,9,9070,1,14,114.6,15,34,5,5,19,116.4,1,0,0,1,0,1,22,0,4,3,4,9,12.7,5,13,11,26,12,2.7,8,11.6,1.0,2.94,Enrolled
1,16,8,9070,0,12,160.9,12,10,12,8,8,141.7,1,0,0,1,1,0,53,0,0,15,16,3,11.4,8,9,9,12,3,15.1,2,8.5,-0.8,2.76,Dropout
2,15,1,9130,1,9,117.1,9,2,26,18,15,127.9,1,0,0,1,0,0,52,0,4,9,15,11,16.3,0,8,5,15,4,0.2,2,9.8,-0.4,-1.57,Graduate
1,10,3,9003,1,14,116.8,10,25,17,19,2,126.8,0,1,0,1,1,1,28,0,13,9,19,8,10.4,5,5,2,3,13,4.3,6,10.2,1.7,-0.19,Dropout
2,2,7,9003,1,4,103.1,15,3,11,15,16,142.7,0,0,1,1,0,0,26,0,10,8,3,2,6.3,9,5,13,4,0,7.3,7,9.0,3.4,2.04,Enrolled
3,15,5,9119,1,10,108.7,17,34,33,15,19,135.1,1,0,0,1,0,0,51,1,14,18,13,7,1.1,8,11,15,3,14,3.9,5,11.3,1.2,1.77,Dropout
1,15,6,9070,1,14,135.2,16,7,4,0,9,116.5,1,0,0,1,0,0,18,0,13,19,1,1,9.6,8,5,8,20,7,15.0,1,7.8,2.6,2.05,Dropout
1,15,6,9085,1,3,123.6,8,28,32,12,19,150.2,0,0,0,1,0,0,47,0,14,12,3,5,4.1,9,7,6,0,2,16.7,9,13.4,-0.1,-2.3,Dropout
1,15,1,9085,1,3,117.0,17,9,31,18,3,107.0,1,0,0,1,0,1,31,0,11,13,14,0,7.0,1,10,13,14,5,5.2,9,9.6,2.8,1.95,Dropout
1,15,3,9085,1,9,118.0,11,11,11,3,0,130.6,0,0,0,1,1,0,49,0,2,4,0,10,0.9,5,1,12,13,11,2.3,4,11.6,0.4,-3.29,Graduate
5,2,9,9238,1,12,122.3,11,29,17,18,15,116.3,1,0,0,1,1,0,18,0,2,5,17,3,11.5,9,1,15,19,9,14.6,7,8.0,-0.2,-0.4,Graduate
3,16,9,9070,1,4,120.0,6,16,27,9,10,107.7,0,0,0,1,1,1,43,0,13,9,27,9,16.0,1,14,17,3,3,17.9,6,7.2,1.3,-3.64,Dropout
2,7,5,9070,1,4,151.0,2,29,8,12,18,112.3,1,0,0,1,0,1,40,0,4,5,7,8,5.9,6,13,11,27,3,10.8,6,10.1,1.5,-0.63,Enrolled
2,5,2,9147,1,1,124.4,1,13,21,0,7,126.4,0,0,0,0,1,1,43,0,0,9,28,6,14.5,3,9,14,9,0,17.7,6,13.1,1.9,-2.2,Graduate
1,15,8,9130,1,1,132.2,20,11,33,12,4,131.5,1,0,0,1,1,0,47,0,12,0,19,9,2.3,8,12,6,5,4,0.4,6,11.0,1.3,-0.13,Enrolled
5,15,3,9003,1,3,130.9,6,8,5,9,7,140.8,0,0,0,1,0,0,23,0,7,15,28,9,13.0,7,5,17,18,7,13.9,3,13.4,1.1,1.34,Graduate
2,5,9,9119,1,9,131.4,5,7,32,14,17,146.2,0,0,1,1,0,1,42,1,8,19,15,12,1.4,5,6,13,18,7,9.1,2,12.9,2.1,-3.83,Graduate
2,16,1,9130,1,12,124.4,9,5,25,14,14,130.6,1,0,0,0,1,0,38,0,14,6,15,3,4.7,3,9,17,4,2,7.1,2,13.4,2.5,-2.07,Enrolled
4,17,5,9147,1,4,122.9,5,6,8,6,17,121.2,1,0,0,1,1,1,18,0,9,7,3,13,6.5,2,12,14,2,2,10.5,9,14.7,1.0,-2.93,Graduate
1,16,0,9070,1,2,139.6,18,30,27,13,12,140.5,1,0,0,1,1,0,32,0,3,13,12,6,2.8,8,5,5,13,12,4.3,6,9.4,2.9,-2.67,Graduate
3,17,5,8014,1,6,133.3,19,11,26,7,14,119.0,0,0,0,0,1,0,41,0,0,7,7,2,3.3,5,14,10,28,9,8.5,0,7.1,0.8,0.35,Dropout
1,2,9,9003,1,6,118.6,15,27,29,18,12,106.3,1,0,0,1,0,0,32,0,1,2,24,3,12.6,2,2,17,15,11,9.1,1,7.4,3.2,-3.58,Graduate
1,1,0,9238,1,12,87.1,15,21,9,17,2,139.2,0,0,0,1,1,0,39,0,11,3,23,0,1.7,3,9,2,22,0,13.7,8,9.0,0.1,1.28,Dropout
1,10,7,9085,1,4,120.9,9,14,18,14,11,144.2,1,0,1,1,1,0,52,0,6,19,16,13,16.8,7,14,2,27,9,10.1,2,8.0,1.8,-2.3,Graduate
6,10,4,9238,1,10,109.6,14,29,7,8,11,116.3,0,0,0,1,1,0,30,0,0,12,26,14,13.8,3,10,1,2,8,10.0,8,9.6,3.3,3.21,Dropout
4,1,5,9070,0,3,116.2,5,24,21,11,9,152.5,1,0,0,0,1,0,25,0,2,5,7,11,6.4,3,11,11,12,6,0.6,3,12.4,0.2,3.01,Graduate
2,2,1,9147,1,2,110.2,17,32,16,13,0,134.6,0,0,0,1,1,0,47,0,11,3,8,0,11.3,8,5,15,3,14,15.2,6,13.9,3.6,1.48,Graduate
2,10,1,8014,1,12,147.4,15,6,3,1,5,132.6,0,0,0,1,1,0,23,0,6,10,19,3,12.9,2,9,9,13,7,8.0,3,8.4,2.8,1.9,Graduate
2,16,8,171,1,6,147.3,20,10,32,4,18,120.3,1,1,0,1,1,0,17,0,3,18,13,8,10.7,9,12,11,1,0,15.8,2,12.2,1.0,1.38,Dropout
5,5,2,9085,1,10,141.4,17,20,10,4,12,140.2,1,0,0,1,1,1,37,0,12,18,23,0,11.1,1,11,3,16,3,15.3,3,15.1,1.4,1.44,Graduate
1,1,5,9119,1,14,125.0,9,20,32,13,0,107.2,0,0,0,1,0,0,45,0,13,16,9,1,16.5,6,2,18,2,13,10.7,3,13.7,-0.4,-2.7,Graduate
1,16,9,9070,1,12,120.0,13,26,8,3,18,122.6,0,0,0,1,1,1,24,0,11,3,20,4,15.9,0,0,15,3,5,0.2,5,8.4,1.2,2.95,Dropout
1,7,4,33,1,1,107.6,13,21,32,1,5,117.5,1,0,0,1,1,0,25,0,12,18,16,13,16.4,2,14,1,8,3,7.7,2,12.8,3.7,2.01,Graduate
3,2,3,8014,0,1,143.7,5,23,4,0,0,110.0,1,0,0,1,1,0,35,0,14,17,6,12,15.9,9,10,4,24,2,4.7,7,11.3,3.7,0.28,Enrolled
2,1,9,8014,1,5,143.0,14,12,29,1,16,138.2,1,0,0,1,0,0,51,0,9,9,17,6,12.3,2,11,17,4,2,3.1,0,9.3,-0.1,-2.8,Enrolled
1,10,1,9003,1,12,137.4,7,13,12,12,16,131.4,0,0,0,1,1,1,43,1,13,8,13,1,8.9,6,3,18,7,3,9.6,6,11.7,-0.7,1.81,Enrolled
1,2,7,9238,1,9,113.4,5,10,19,19,10,137.5,0,0,0,1,0,1,37,0,3,4,4,6,8.8,9,13,8,25,6,6.6,8,8.5,-0.2,2.82,Graduate
3,5,9,9085,1,9,124.9,12,7,31,16,19,123.4,0,0,0,1,1,0,39,0,0,13,12,4,13.9,6,14,17,4,14,13.3,6,9.8,1.7,-0.49,Dropout
1,2,6,9070,0,2,128.2,3,12,26,12,11,139.8,1,0,0,1,0,0,30,0,7,9,28,5,16.6,8,3,12,17,0,4.4,7,10.2,3.3,-3.41,Graduate
2,2,1,33,1,3,103.5,9,25,6,16,12,128.0,1,0,0,1,0,0,28,0,3,3,0,2,1.6,1,1,4,16,0,10.0,6,10.0,-0.7,3.26,Dropout
6,5,5,9085,1,4,151.4,10,2,29,4,17,120.9,1,0,0,0,1,0,21,0,11,19,20,9,15.8,5,10,9,24,10,9.1,0,7.8,0.7,-2.77,Graduate
1,15,7,9147,1,2,109.7,1,26,17,7,0,118.7,1,0,1,1,1,1,50,0,8,3,10,12,15.3,9,5,5,22,5,7.3,3,10.7,3.7,1.95,Graduate
1,5,6,33,1,14,118.3,14,5,20,11,2,101.2,0,0,0,1,1,1,23,0,11,16,5,5,1.6,6,10,16,13,13,15.5,9,14.6,1.6,3.39,Graduate
2,16,0,9130,1,12,103.4,1,8,10,8,16,142.1,1,0,0,1,1,1,21,0,4,11,14,1,11.8,1,12,7,15,4,10.9,7,14.5,1.4,-1.85,Dropout
3,2,4,9130,1,5,126.9,10,9,6,17,6,140.7,1,0,0,0,0,0,51,0,5,10,13,9,17.5,0,10,15,26,3,13.9,5,10.8,-0.5,-3.31,Graduate
1,17,1,8014,1,9,126.3,11,20,32,15,16,165.1,1,0,0,1,0,0,41,0,5,13,8,9,15.3,2,4,9,6,11,14.6,6,7.1,0.8,2.08,Graduate
6,5,5,9147,1,12,144.7,20,11,2,18,15,122.6,0,0,1,1,1,1,46,0,8,8,13,4,1.1,4,0,10,8,3,2.7,9,12.2,1.2,-3.53,Graduate
1,15,6,9130,1,5,115.8,2,22,10,7,11,118.3,1,0,0,1,1,0,27,0,2,4,9,13,16.7,9,1,4,6,2,1.3,4,12.4,1.5,-0.06,Enrolled
1,16,6,8014,1,6,113.7,2,16,27,6,7,104.9,1,0,0,1,1,0,24,0,11,19,18,4,3.1,2,5,7,21,6,1.5,1,14.7,3.2,1.47,Enrolled
2,17,2,9238,1,4,131.2,11,10,19,8,10,139.5,1,0,1,1,0,0,54,0,5,8,2,5,1.3,1,13,14,29,3,8.2,8,14.5,3.3,0.79,Enrolled
4,17,6,9070,1,10,98.9,8,25,16,11,2,136.5,0,0,0,1,0,0,44,0,11,17,0,2,4.1,9,2,9,20,14,7.0,4,14.0,1.1,0.22,Graduate
1,1,4,8014,1,1,150.0,3,19,20,13,11,147.2,1,0,0,1,1,1,28,0,14,11,15,1,8.7,9,6,5,12,1,17.1,2,14.7,-0.7,-2.17,Dropout
3,5,7,9070,1,1,110.2,9,4,5,9,3,115.1,1,1,0,1,1,1,50,0,12,7,5,12,14.7,5,0,1,0,5,7.7,4,9.2,3.1,-1.67,Graduate
2,5,7,9147,1,5,157.3,16,19,18,15,8,136.3,0,0,0,1,0,0,47,1,8,3,12,2,4.8,7,14,16,8,10,2.6,8,12.1,1.8,-1.35,Graduate
1,2,6,9003,1,14,118.1,16,3,8,1,16,120.2,0,0,0,1,1,0,37,0,7,12,26,3,7.0,3,6,17,17,2,3.0,8,15.4,-0.0,0.9,Graduate
1,16,5,9085,1,12,108.6,10,17,13,5,15,144.5,0,0,0,1,0,0,32,0,6,3,19,7,2.5,1,2,5,24,13,6.1,7,11.8,2.0,1.09,Dropout
4,1,1,8014,1,2,138.7,6,14,10,10,11,134.0,1,0,0,1,0,0,40,0,3,0,1,10,5.2,4,12,9,24,3,15.3,4,15.0,1.8,-2.73,Graduate
1,7,5,8014,1,3,137.9,20,10,19,3,14,106.8,1,0,1,1,0,0,38,0,4,13,3,6,16.2,9,5,15,29,10,12.4,1,15.2,0.8,-3.89,Dropout
1,7,8,9070,1,10,138.2,20,6,31,4,14,125.3,1,0,0,1,0,0,29,0,6,15,24,12,12.3,7,0,17,7,12,13.9,6,7.6,-0.5,-3.5,Graduate
1,10,1,9130,1,5,131.5,20,31,29,4,0,101.7,1,0,0,1,1,0,25,0,10,1,18,11,12.1,8,10,5,20,0,5.7,2,15.2,-0.7,1.11,Graduate
4,5,0,9130,1,3,163.6,11,31,23,16,2,111.9,0,0,0,1,1,0,24,0,5,4,14,0,4.5,8,0,0,6,6,9.0,9,7.9,2.3,-3.34,Graduate
2,5,4,8014,1,6,109.8,8,9,32,4,1,112.7,0,0,0,1,0,0,39,0,10,18,14,6,2.6,3,0,16,5,9,16.2,6,10.6,-0.4,-1.69,Graduate
3,1,5,9130,1,6,150.4,20,12,11,10,16,118.7,0,0,0,1,0,1,26,0,4,17,23,12,16.0,2,5,16,23,4,12.2,8,13.8,3.3,0.11,Enrolled
1,15,2,9130,1,5,105.9,1,26,2,8,11,123.6,0,0,0,1,1,0,33,0,8,9,4,2,17.0,0,1,0,6,9,12.6,9,7.6,-0.1,0.12,Graduate
2,7,7,8014,1,5,154.8,6,2,32,14,4,129.1,1,0,0,1,0,0,45,0,11,16,13,3,1.0,9,9,13,7,9,2.6,7,10.6,1.7,0.01,Dropout
2,10,6,9238,1,6,135.3,8,4,5,2,10,128.5,1,0,0,1,0,0,18,0,4,16,4,9,9.5,9,7,3,4,3,11.6,3,9.1,2.7,2.9,Dropout
3,1,1,9238,1,2,153.4,14,32,31,15,18,126.7,0,0,0,1,0,0,27,0,12,7,10,10,7.9,2,14,16,28,10,11.4,5,13.4,3.1,-0.7,Graduate
5,5,6,171,1,6,143.4,3,28,13,8,14,131.3,1,0,0,1,0,0,24,0,12,19,26,12,13.3,8,8,18,22,1,13.8,1,14.8,3.2,-2.8,Graduate
1,7,0,9238,1,2,97.4,2,6,22,5,6,110.8,1,0,0,1,1,0,37,0,5,13,6,10,5.4,4,14,13,13,5,12.0,7,13.9,1.7,-3.65,Dropout
2,16,8,171,1,3,124.9,1,30,19,8,7,128.0,0,0,0,1,1,0,49,0,9,8,4,6,11.2,4,5,5,10,4,12.7,3,11.9,0.3,-0.17,Dropout
1,10,6,9147,1,2,111.2,11,28,29,18,9,145.6,0,0,0,1,1,0,23,0,13,16,6,1,1.5,1,10,10,25,7,14.5,4,14.6,0.1,0.52,Enrolled
1,2,5,9119,1,1,152.4,21,13,23,5,5,124.8,1,0,0,1,1,0,41,0,10,13,1,8,14.8,4,8,8,7,9,13.6,8,14.7,1.2,0.31,Graduate
1,7,1,9085,1,1,142.0,6,10,19,10,14,133.4,1,0,0,1,1,0,25,0,13,3,16,10,4.3,2,10,7,25,10,12.3,5,11.5,2.0,-2.61,Graduate
1,10,2,9119,1,12,132.3,8,10,16,1,9,132.2,0,0,0,1,0,0,54,0,6,10,9,4,5.7,8,12,11,8,1,7.5,9,14.7,3.1,-3.74,Graduate
1,1,0,9130,1,4,123.8,7,5,31,17,16,138.2,0,0,0,1,1,0,43,0,14,6,22,3,6.8,1,11,5,0,6,2.2,7,15.0,1.5,2.58,Dropout
2,2,9,33,1,5,136.4,6,29,16,6,5,130.7,1,0,0,1,0,0,26,0,1,13,20,8,3.7,0,10,15,29,0,5.7,6,7.1,2.4,-0.69,Enrolled
1,10,4,9130,1,14,115.6,18,12,26,3,18,138.0,0,0,1,1,1,0,42,0,4,19,22,8,14.6,4,6,19,27,13,12.6,9,14.9,2.3,-3.26,Graduate
2,10,8,8014,1,9,134.2,12,22,3,6,19,133.6,1,0,0,0,0,0,43,0,5,13,16,1,1.2,7,9,9,28,1,17.7,2,7.5,-0.3,0.94,Graduate
1,17,5,8014,1,2,128.2,8,2,23,16,19,135.5,0,0,0,0,0,0,38,0,14,16,22,8,16.8,0,2,2,9,13,3.7,6,9.7,2.9,0.88,Graduate
1,17,4,9085,1,14,117.7,21,14,9,3,5,132.7,1,0,0,1,1,0,36,0,14,14,0,0,16.8,8,11,6,27,0,2.7,1,12.0,1.1,0.58,Graduate
3,17,2,9003,1,12,140.4,19,10,24,12,13,113.9,1,0,0,1,0,1,42,1,2,19,28,0,14.9,6,8,9,2,9,8.8,2,9.2,-0.5,-2.3,Enrolled
1,5,4,9003,1,4,158.3,5,3,33,19,12,111.8,1,0,0,1,1,0,53,1,3,13,28,5,17.1,8,6,11,18,4,14.5,1,14.9,1.8,2.38,Graduate
1,15,7,9003,1,14,108.6,19,8,14,18,12,122.4,0,0,0,1,0,0,52,0,11,7,18,12,13.7,6,4,5,14,9,1.1,8,14.1,3.3,-3.39,Graduate
2,7,1,9238,1,14,144.2,9,17,28,3,8,147.2,0,0,0,1,1,0,45,0,13,1,2,0,10.1,3,12,1,22,0,15.4,8,11.4,2.6,-3.17,Graduate
1,5,4,9147,0,1,117.9,12,4,24,12,8,124.8,1,0,0,1,1,0,29,0,1,8,2,5,13.0,7,11,11,14,14,3.2,2,14.5,-0.3,-1.15,Graduate
1,16,5,9130,0,10,138.8,15,21,7,0,7,131.0,0,0,0,1,0,0,23,1,6,13,4,5,0.1,6,6,9,6,0,9.8,9,14.4,2.8,2.75,Graduate
1,2,9,8014,1,4,120.7,13,30,25,1,9,101.4,1,0,1,1,1,1,27,0,1,12,14,10,12.3,5,12,10,13,11,10.6,7,10.0,-0.6,2.17,Enrolled
5,15,7,33,1,9,125.5,13,19,2,6,19,129.5,1,0,0,1,1,0,19,0,13,5,17,8,0.8,2,14,3,7,12,6.1,1,7.6,1.8,2.82,Enrolled
2,10,7,33,0,3,127.0,21,15,1,16,3,128.1,1,0,0,1,1,0,51,0,10,2,0,6,16.0,0,2,0,20,6,9.4,1,12.3,-0.3,1.24,Graduate
2,5,4,33,1,12,150.4,21,20,23,6,2,92.2,0,0,0,1,0,1,17,0,11,3,5,1,16.1,2,0,0,15,14,7.1,2,14.1,1.9,0.65,Graduate
2,17,8,9003,1,5,128.6,5,30,18,12,12,130.8,1,0,0,1,1,1,17,0,1,6,9,0,2.1,6,2,13,22,7,16.6,7,15.3,-0.1,1.87,Graduate
1,15,3,9085,1,5,124.9,2,10,8,16,7,105.5,1,0,0,0,0,0,49,0,13,5,27,2,12.2,6,7,1,25,2,0.4,1,7.3,3.2,-2.55,Graduate
1,16,8,9003,1,3,128.8,19,23,34,0,8,117.6,0,0,0,1,1,1,42,0,4,4,25,1,12.0,7,3,2,29,0,15.6,9,10.6,2.1,-3.22,Enrolled
3,7,6,8014,1,12,158.4,8,24,8,1,13,139.9,0,0,0,1,1,0,19,0,4,10,11,12,9.0,0,5,19,11,7,1.4,8,13.2,1.2,2.98,Dropout
1,16,5,9130,1,3,138.4,14,12,29,5,0,129.0,0,0,0,1,1,0,40,0,5,6,3,7,0.5,9,9,11,24,12,9.8,4,11.1,3.3,2.28,Graduate
1,2,3,9130,1,2,120.8,6,9,13,11,13,121.2,1,0,0,1,0,0,51,0,1,12,16,9,2.1,9,4,17,13,6,18.0,2,9.0,-0.0,-0.87,Graduate
1,1,1,9085,1,12,152.5,7,15,1,12,11,120.1,1,0,0,1,1,0,32,0,13,4,24,10,11.9,7,5,2,14,13,3.7,7,12.4,3.2,1.83,Dropout
1,5,7,9147,1,12,132.7,14,29,29,19,3,121.6,1,0,0,1,1,0,51,1,14,15,6,9,9.5,4,11,3,20,11,7.7,9,14.9,-0.3,-0.2,Graduate
6,17,5,9238,1,14,117.1,6,18,1,19,3,129.1,1,0,0,1,0,0,30,0,13,14,5,3,0.8,9,0,7,20,8,8.1,6,15.5,2.7,-3.94,Graduate
1,2,2,33,1,4,135.9,16,20,5,8,12,111.4,1,0,0,1,1,0,49,0,13,7,19,2,9.3,3,1,6,28,4,12.1,1,15.9,-0.2,-3.95,Enrolled
1,1,6,9130,1,4,127.7,4,1,2,16,15,141.6,1,0,0,1,1,0,25,0,8,3,28,1,15.3,5,8,4,16,4,5.6,7,10.5,-0.1,-0.48,Graduate
1,17,9,9085,1,14,79.3,7,3,22,17,10,112.1,1,0,0,1,1,1,35,0,1,12,22,0,16.0,5,2,11,21,7,14.8,2,8.8,3.1,0.38,Graduate
6,17,6,33,1,6,135.0,16,8,30,7,2,104.5,1,0,0,0,0,0,46,0,0,17,11,6,12.5,2,1,10,12,7,3.8,3,14.3,1.2,2.17,Dropout
1,17,5,9003,1,12,113.9,4,31,11,7,1,139.9,1,0,0,1,1,0,26,0,3,14,22,1,11.9,7,14,17,27,1,17.9,4,13.2,0.3,0.4,Enrolled
1,5,1,9070,1,10,110.9,7,8,29,10,2,121.3,0,0,0,1,1,1,27,0,1,1,26,0,13.8,9,4,16,8,3,15.1,0,13.8,2.2,0.43,Graduate
2,2,7,9119,1,14,100.9,21,15,3,7,19,127.9,0,0,0,0,1,1,42,0,6,4,7,5,2.4,4,9,4,21,3,0.6,7,10.3,3.1,3.49,Graduate
2,17,0,9130,1,3,131.9,2,22,13,17,16,135.5,1,0,0,1,1,0,42,0,3,2,8,3,3.4,1,10,13,13,1,12.6,1,9.0,1.1,-4.05,Dropout
1,16,0,9147,1,6,127.8,8,32,3,17,0,117.6,1,0,0,1,1,0,30,0,1,18,25,12,8.7,2,4,17,10,12,2.7,5,14.0,0.5,-1.42,Graduate
1,2,5,9085,1,9,144.2,10,5,10,12,10,128.8,0,0,0,1,1,0,32,0,9,4,16,2,8.1,9,5,12,18,7,14.6,4,11.0,0.4,2.98,Dropout
1,15,4,9238,1,6,118.0,2,9,4,0,15,135.4,1,0,0,1,1,0,46,0,4,5,28,12,3.3,8,2,19,4,9,6.8,9,13.2,2.3,-1.16,Enrolled
1,16,8,9147,1,3,122.8,6,15,14,14,19,148.4,0,0,0,1,1,0,25,0,12,18,15,1,12.2,7,10,2,0,1,4.6,8,14.9,2.4,-2.24,Dropout
1,5,6,9003,1,12,159.7,4,33,23,5,9,120.4,1,0,1,1,1,0,29,0,8,7,2,5,13.3,1,4,17,29,12,1.7,1,10.1,3.3,-0.74,Graduate
1,17,1,9130,1,4,100.4,21,22,17,5,19,121.0,0,0,0,1,1,0,17,0,13,7,21,13,4.9,7,4,13,5,13,4.9,0,13.9,-0.7,1.75,Graduate
1,2,6,8014,1,2,148.2,1,11,1,12,5,134.3,1,0,0,1,1,0,18,0,3,3,20,3,5.6,0,14,12,3,2,1.0,2,11.1,-0.2,1.71,Graduate
1,10,2,9003,0,12,118.3,6,6,15,1,1,129.7,1,0,0,1,1,0,39,0,10,19,25,14,4.6,0,10,12,9,8,17.8,1,12.6,1.9,-1.54,Graduate
2,5,0,9238,1,3,176.7,12,17,2,18,6,125.2,0,0,0,1,1,0,50,0,0,3,24,9,5.0,9,10,4,21,12,4.7,3,14.5,0.5,-3.17,Graduate
6,2,7,9003,1,6,140.8,14,5,18,16,16,147.7,1,0,0,1,0,0,17,0,7,5,9,11,6.6,2,7,13,3,9,5.4,6,9.7,1.2,3.24,Enrolled
2,15,2,9085,0,5,120.6,15,9,22,0,7,105.1,1,0,0,1,0,1,21,0,7,18,10,12,7.9,4,4,14,16,13,6.4,4,14.5,3.4,-2.32,Graduate
1,17,7,9147,0,2,109.1,18,29,28,13,12,108.5,1,0,1,1,0,0,48,0,13,5,14,5,8.7,8,14,11,0,3,7.6,3,8.8,-0.4,2.96,Graduate
1,1,6,9085,1,1,136.1,17,23,30,15,3,105.3,1,0,0,1,1,0,26,0,9,4,17,3,8.7,3,10,14,27,12,6.0,0,10.8,2.1,-1.01,Graduate
6,17,1,33,1,12,101.4,9,31,13,14,10,142.6,1,0,0,1,1,0,38,0,9,3,3,9,11.1,7,0,14,16,3,10.5,5,9.5,2.8,3.42,Dropout
1,1,0,9070,1,3,140.3,15,20,3,8,1,133.7,0,0,0,1,1,0,40,0,4,13,26,11,6.2,6,14,3,20,10,11.0,7,7.1,-0.3,-2.18,Enrolled
1,10,6,9147,1,9,109.1,18,23,3,18,7,109.2,0,1,0,1,1,0,51,0,13,19,12,8,9.1,2,0,16,4,10,0.8,8,7.1,2.1,1.0,Graduate
2,5,0,9070,1,12,115.5,21,7,26,7,17,125.4,0,0,0,1,1,0,47,1,7,18,4,5,9.1,8,0,12,28,13,10.1,4,8.8,2.9,2.15,Enrolled
2,15,5,9085,1,12,88.0,18,4,4,14,7,126.6,1,0,0,0,1,0,37,0,13,13,5,5,1.7,5,8,15,26,2,15.7,8,12.8,0.1,-0.99,Graduate
2,2,9,8014,1,14,132.0,5,24,16,9,10,98.3,0,0,0,0,1,1,26,0,0,17,9,8,11.3,3,6,15,22,14,2.8,0,11.7,-0.2,-2.94,Enrolled
1,2,9,9130,1,6,134.2,16,14,28,1,4,129.4,0,0,0,1,0,0,43,0,1,5,18,11,5.0,3,14,17,14,6,5.9,2,9.9,-0.5,-3.32,Graduate
1,1,7,9238,1,10,130.4,9,25,8,17,6,111.7,1,0,0,1,1,0,49,0,13,13,17,3,0.8,4,2,13,23,8,10.9,9,11.0,2.5,-2.35,Graduate
6,15,6,9003,1,12,104.2,3,7,16,19,3,136.2,1,0,0,1,0,0,32,0,3,0,11,7,11.6,1,10,2,7,14,11.2,6,13.1,1.1,-3.64,Dropout
1,16,3,9003,1,3,151.5,12,15,31,1,9,112.1,1,0,1,1,1,0,21,0,2,5,26,11,0.9,4,9,15,0,2,1.3,5,15.0,1.4,2.51,Dropout
2,10,0,9070,1,6,127.6,14,13,23,11,5,129.8,1,0,1,1,1,0,40,0,13,4,23,14,8.0,7,1,16,6,9,7.7,8,9.3,-0.4,1.27,Enrolled
2,1,0,9238,1,5,122.2,1,19,2,9,12,143.8,0,0,0,1,0,1,43,0,2,1,15,3,11.2,8,1,1,28,7,0.7,4,14.9,-0.3,0.88,Dropout
2,1,3,9147,1,9,142.0,9,12,9,11,15,139.7,1,0,0,1,0,0,30,0,11,10,8,11,18.0,3,14,7,16,7,16.7,9,10.7,2.2,1.21,Enrolled
1,10,4,9130,0,9,123.4,9,26,27,6,1,133.6,0,0,0,1,0,0,26,0,8,4,12,6,9.3,3,5,15,29,10,12.2,6,10.0,1.1,0.75,Dropout
1,5,6,9119,1,12,136.6,20,33,22,1,14,125.9,1,0,0,0,0,1,32,0,8,15,17,8,5.7,7,5,4,25,7,1.8,3,12.1,3.0,-3.79,Enrolled
2,2,3,9070,0,1,118.3,13,15,34,0,7,107.5,0,0,0,1,1,0,45,0,14,11,11,2,8.9,2,5,4,28,0,11.8,9,10.2,2.7,0.3,Graduate
4,5,9,9147,1,6,142.2,8,6,9,1,16,121.3,0,0,0,1,1,0,31,0,7,11,28,4,3.5,2,1,9,9,10,1.8,9,9.6,2.7,-0.93,Enrolled
5,15,0,9147,1,5,141.9,11,25,33,16,13,124.1,0,0,0,1,1,1,38,0,10,16,18,0,7.9,0,6,8,9,4,1.0,6,15.1,3.1,-2.86,Graduate
1,16,9,9238,1,4,123.2,14,17,34,19,17,123.1,1,0,1,1,0,0,22,0,6,4,5,3,15.7,5,10,13,15,11,3.9,2,10.6,3.0,0.98,Graduate
1,17,6,9238,0,14,132.3,16,9,26,7,13,107.1,1,0,0,1,1,0,43,0,13,0,20,2,2.5,1,9,19,14,9,17.5,1,8.4,1.6,-0.82,Dropout
5,7,1,171,1,1,129.6,11,28,7,11,3,132.6,0,0,0,1,1,1,45,0,13,7,23,2,9.5,9,2,4,9,9,10.4,1,10.9,0.5,-2.12,Graduate
2,7,1,9003,1,4,128.1,19,3,27,1,0,111.6,1,0,0,1,1,0,44,0,7,14,20,5,11.2,3,0,9,26,2,5.9,0,9.6,1.7,1.48,Dropout
4,7,7,9130,1,14,112.2,10,11,12,8,5,147.1,1,0,0,1,0,0,35,0,10,10,24,5,5.6,8,2,5,5,8,1.2,9,11.6,0.3,-3.6,Graduate
1,10,9,33,0,9,114.3,8,20,17,16,4,128.9,1,0,0,1,1,0,49,0,3,10,16,12,13.2,9,5,9,2,6,0.3,1,12.8,0.1,-1.29,Graduate
2,1,9,9070,1,4,124.2,11,23,21,16,14,139.7,1,0,0,1,1,0,26,0,6,5,27,1,11.9,9,6,19,11,3,16.1,2,7.1,1.5,-1.96,Graduate
2,16,9,9130,1,1,131.0,8,30,22,9,15,139.5,0,0,0,1,1,1,27,0,10,15,27,5,8.4,6,9,6,13,0,8.6,4,14.1,2.0,-3.14,Enrolled
2,5,4,171,1,14,116.7,20,12,26,12,7,154.0,0,0,0,1,1,1,46,0,7,17,5,1,11.5,7,10,17,10,10,1.6,5,11.2,1.2,-3.08,Dropout
1,17,9,171,1,1,130.2,10,34,13,4,5,129.4,0,0,0,1,1,0,30,0,3,17,22,13,15.1,1,2,18,7,5,9.8,2,11.9,2.8,-2.43,Graduate
1,2,1,9130,1,1,95.7,17,4,23,13,4,121.9,1,0,0,1,0,0,32,0,11,14,1,9,10.8,2,12,1,10,13,1.2,8,8.2,1.8,-3.91,Graduate
2,7,4,9238,1,14,130.0,11,24,30,13,5,122.2,0,0,0,1,0,0,23,0,4,0,5,1,10.2,0,9,11,18,0,7.3,1,10.9,3.6,0.45,Graduate
1,5,7,9147,1,5,131.2,12,28,17,14,0,146.4,0,0,0,1,1,0,20,0,7,9,16,8,11.2,2,13,19,9,3,16.4,3,11.4,-0.0,-0.19,Dropout
1,7,5,9119,1,9,142.3,10,2,27,4,13,109.8,1,0,0,1,1,0,32,0,13,2,29,7,12.2,3,11,2,25,3,16.7,4,7.4,0.6,2.43,Graduate
6,16,2,9130,1,12,151.3,20,5,20,5,18,115.6,0,0,0,1,0,0,51,0,13,1,18,6,7.3,1,11,5,6,7,17.1,0,8.6,-0.5,1.96,Graduate
1,7,7,9070,1,10,140.3,17,28,7,8,18,130.1,0,0,0,1,1,0,25,0,12,10,29,0,15.1,6,7,13,25,8,2.6,0,10.3,1.4,3.34,Graduate
3,2,8,33,1,2,157.0,3,13,4,8,14,125.0,1,0,0,0,0,0,52,0,1,17,17,11,16.6,2,2,17,15,6,3.3,3,8.6,-0.6,-3.89,Graduate
1,17,4,9003,1,12,129.6,7,9,31,3,18,139.6,1,0,0,1,1,0,25,0,3,0,22,2,11.2,5,12,0,25,14,15.3,4,9.9,2.1,-0.27,Graduate
2,15,1,171,1,4,130.7,3,30,30,0,5,109.6,1,0,0,1,1,1,48,0,3,19,10,8,16.0,1,5,13,7,2,1.8,8,14.9,0.3,-2.79,Graduate
6,15,1,8014,1,14,142.1,17,27,31,14,4,126.1,0,0,0,1,1,0,42,0,14,6,24,6,13.4,1,13,15,13,11,0.2,4,12.6,2.6,-0.51,Graduate
1,16,6,8014,1,5,128.4,8,13,4,13,15,124.6,1,0,0,1,1,0,35,0,9,14,2,5,7.6,5,10,18,16,0,12.6,3,11.9,-0.6,-2.67,Enrolled
1,15,0,9147,1,5,125.0,21,28,18,0,8,113.1,1,0,1,1,1,0,20,0,14,16,18,6,8.9,3,1,4,19,8,8.0,2,14.6,0.7,-3.5,Enrolled
1,10,9,9238,1,4,150.6,19,18,20,5,14,138.4,1,0,0,1,0,1,47,0,12,2,8,8,10.3,1,8,1,17,9,14.5,1,9.1,3.4,2.22,Enrolled
1,1,1,9003,1,6,140.9,14,34,23,7,7,125.8,1,0,0,1,1,0,29,0,3,15,24,12,16.9,7,6,18,3,11,2.8,9,15.8,-0.5,-0.79,Graduate
2,10,9,171,0,1,139.9,5,21,9,2,7,125.3,1,0,0,1,1,1,26,0,0,18,12,8,11.7,6,7,12,18,1,7.9,8,9.0,3.1,1.13,Dropout
5,5,3,8014,1,2,117.0,19,1,16,16,3,116.3,0,0,0,1,1,1,36,0,5,2,7,9,9.2,6,10,1,29,11,14.7,1,11.4,0.7,-3.21,Enrolled
1,10,0,8014,1,4,144.2,13,23,21,19,1,122.2,0,0,0,1,1,0,22,0,10,11,2,8,2.2,6,11,6,22,10,4.7,1,15.7,-0.6,0.3,Dropout
1,5,3,9119,1,4,131.2,18,34,9,4,15,113.7,1,0,0,1,1,0,24,0,2,19,25,9,12.0,3,10,2,11,6,8.5,7,10.0,3.3,2.21,Graduate
1,5,9,9130,1,10,115.2,11,9,25,17,2,138.2,0,0,0,1,1,0,51,0,1,19,5,5,10.0,7,1,15,22,6,11.2,1,8.5,1.1,2.69,Dropout
2,1,4,9085,0,12,140.5,12,8,14,6,8,140.4,1,0,0,1,1,0,31,1,12,0,19,13,16.9,2,9,0,13,7,13.0,8,10.7,1.2,-1.77,Dropout
1,2,8,9003,0,4,112.0,8,30,17,16,3,148.8,1,0,0,1,1,0,45,0,10,6,21,0,6.2,3,3,11,6,1,9.4,9,9.1,2.3,2.84,Dropout
2,17,0,9085,1,6,93.9,12,18,28,14,1,132.6,1,0,0,1,1,0,24,0,9,4,23,11,14.3,4,13,19,21,14,13.0,0,13.7,1.3,-0.37,Graduate
2,16,4,33,0,4,102.9,1,2,8,19,18,122.6,1,0,0,1,1,1,25,0,7,6,20,3,5.1,0,7,5,18,1,13.6,0,15.3,2.7,-2.19,Graduate
2,1,1,9238,1,4,126.3,18,11,14,15,14,120.9,1,0,0,1,0,0,45,0,6,0,15,14,3.1,8,11,10,6,2,15.0,3,14.7,1.8,0.11,Graduate
1,16,8,9130,1,12,153.1,2,31,15,12,6,133.4,1,0,1,1,0,0,39,0,6,8,13,13,0.2,2,14,9,9,4,16.3,3,8.3,0.6,1.15,Dropout
2,15,5,33,1,4,134.7,12,31,25,6,7,129.6,1,0,0,1,0,0,28,0,6,11,3,7,16.1,0,12,3,15,9,12.7,8,15.6,2.1,-3.44,Enrolled
1,15,1,9070,1,6,128.5,19,24,11,14,2,124.7,1,0,0,0,0,0,44,0,1,0,9,12,8.0,0,12,10,10,10,16.1,3,13.6,-0.4,1.19,Graduate
1,10,2,171,1,12,149.8,7,21,29,4,14,123.6,1,0,0,1,1,0,31,0,12,14,1,10,5.1,0,8,6,22,5,1.1,6,13.8,1.4,1.67,Graduate
4,5,7,9085,1,3,137.7,7,32,3,11,0,142.2,1,0,0,1,1,0,51,0,4,15,0,14,7.3,7,14,15,14,2,2.3,5,11.9,0.7,-0.8,Graduate
2,7,0,9147,1,9,145.4,1,30,22,9,15,121.4,0,0,1,1,0,0,45,0,0,14,26,4,12.8,5,13,5,9,2,7.3,4,10.4,1.0,2.72,Graduate
1,7,2,9070,0,9,144.6,18,8,20,18,2,144.5,1,0,1,1,1,1,34,0,1,16,16,0,7.1,6,13,5,15,5,3.0,7,9.3,2.2,-2.38,Dropout
1,16,9,9003,1,1,125.3,8,33,19,9,1,129.4,1,0,0,1,1,0,34,0,9,18,10,5,4.1,5,3,2,17,11,6.1,3,11.2,-0.1,-2.62,Graduate
1,5,0,171,1,2,126.5,10,1,13,6,14,122.2,1,0,0,1,1,0,26,0,0,12,28,0,1.6,0,5,17,6,10,15.9,7,14.2,-0.6,0.68,Enrolled
1,16,7,8014,1,5,117.5,1,33,27,14,3,116.8,1,0,0,0,1,0,23,0,11,11,8,0,11.2,3,4,8,19,10,2.2,2,9.8,3.1,-0.58,Dropout
1,1,0,9085,0,10,142.5,15,13,19,8,13,125.0,1,0,0,1,1,0,18,0,5,17,24,13,17.5,5,5,9,12,0,11.4,8,15.0,3.0,-0.9,Graduate
1,2,4,9130,1,6,111.6,15,22,16,5,8,133.5,0,0,0,1,0,0,34,0,12,0,9,0,11.4,8,11,16,15,12,4.1,1,8.3,3.3,0.68,Graduate
1,17,3,9130,0,9,116.7,4,5,2,10,8,122.1,0,0,0,1,0,0,51,0,8,13,10,13,17.0,5,2,2,17,1,8.9,0,7.4,2.4,-1.29,Graduate
2,1,6,9070,1,3,128.9,10,12,1,5,13,138.1,1,0,0,1,1,0,54,0,7,10,14,6,15.8,5,4,9,12,2,7.1,4,11.5,3.2,3.19,Enrolled
2,5,4,9070,0,6,131.6,8,29,3,19,14,121.4,1,0,0,1,0,0,26,0,5,19,1,9,2.8,2,11,4,9,6,15.6,1,15.4,0.7,2.76,Dropout
2,5,7,9238,1,12,138.8,14,3,24,14,4,125.4,0,0,1,1,0,0,36,0,6,11,16,10,15.8,3,11,1,13,0,9.7,3,14.5,-0.1,-1.71,Graduate
1,2,0,8014,0,3,129.4,13,11,2,12,1,110.3,0,0,0,1,1,0,26,0,2,1,10,14,0.0,6,10,2,17,6,14.8,8,8.2,2.3,-2.6,Enrolled
6,16,4,9119,1,6,124.5,21,26,16,5,16,134.3,0,0,0,1,1,0,29,0,9,4,10,11,9.2,1,6,16,6,2,7.5,1,8.3,0.8,-2.72,Graduate
3,10,3,9085,1,9,140.8,17,2,29,19,10,123.5,1,0,1,1,1,1,40,0,1,4,5,6,9.4,8,3,8,27,5,11.9,1,7.9,0.4,1.84,Enrolled
3,10,2,33,1,5,143.7,7,29,4,14,12,147.5,1,0,0,1,1,0,27,0,7,8,4,7,13.1,2,4,0,8,12,16.4,5,14.1,1.9,0.52,Graduate
3,2,4,9003,1,14,104.5,6,29,14,5,11,136.2,1,0,0,1,1,0,36,0,4,15,17,5,13.6,7,5,4,1,12,2.7,4,10.0,-0.1,0.04,Graduate
5,10,9,9085,1,10,146.0,9,19,17,15,2,128.1,0,0,0,1,1,1,32,0,6,6,13,10,4.2,2,12,8,24,1,10.1,8,10.0,1.9,0.91,Graduate
1,7,2,9085,1,10,125.1,20,10,17,0,19,142.9,1,1,0,1,0,0,51,0,3,11,4,9,15.9,1,8,8,29,10,11.4,9,15.3,3.1,1.53,Dropout
1,10,7,8014,1,6,154.0,20,11,20,5,12,132.3,1,0,0,1,0,0,29,0,3,14,15,5,3.2,0,8,5,18,1,11.1,8,12.8,2.3,-2.35,Dropout
2,10,2,9085,1,9,120.2,8,7,29,15,14,140.1,1,0,0,1,0,0,25,0,14,1,13,13,17.3,1,12,5,28,7,9.9,1,15.4,1.5,3.36,Enrolled
2,10,0,9238,1,3,115.1,14,13,26,0,10,115.8,1,0,0,1,0,0,47,0,12,5,17,5,17.7,9,8,15,5,1,14.3,6,9.2,1.4,-1.38,Enrolled
2,7,8,9085,0,9,139.7,20,2,17,6,15,133.0,1,0,0,1,0,0,52,0,4,9,1,0,12.5,5,0,8,2,0,1.1,5,13.7,0.6,-3.47,Graduate
1,16,8,9147,1,9,162.0,3,30,12,9,6,133.5,0,0,0,1,1,0,30,0,14,0,6,1,11.7,4,2,16,9,10,11.9,4,7.8,2.6,2.26,Dropout
1,10,5,9147,1,4,105.7,13,22,28,7,0,106.9,0,0,0,1,1,1,28,1,3,1,26,11,17.6,6,1,12,3,3,16.0,6,13.0,3.4,-0.04,Dropout
1,15,9,171,0,14,142.6,21,1,9,4,18,146.6,0,0,0,1,1,0,39,0,4,17,7,2,4.4,0,5,2,2,3,16.5,5,10.9,1.3,-3.92,Enrolled
5,7,0,9003,1,4,138.4,9,27,32,17,17,111.9,0,0,1,1,0,0,48,0,6,16,10,7,11.6,6,14,8,24,12,3.2,7,7.3,3.2,0.54,Dropout
2,2,7,9147,1,3,129.5,21,7,34,3,8,110.1,0,0,0,1,1,0,17,0,13,15,27,7,7.3,1,8,13,29,5,10.8,3,7.8,-0.7,0.63,Enrolled
1,1,1,9003,1,14,161.1,9,1,16,19,17,90.0,1,0,0,1,1,0,32,0,11,5,24,0,3.0,1,1,2,10,5,5.0,7,15.5,0.1,1.05,Dropout
1,2,8,9130,1,9,101.3,11,25,31,15,2,133.2,0,0,0,1,1,1,27,0,5,14,20,4,2.3,6,13,3,22,11,13.0,8,14.1,-0.6,0.45,Graduate
1,1,7,9238,1,5,146.7,6,4,27,9,2,105.6,1,0,0,1,1,0,45,0,6,13,27,3,12.6,5,6,19,25,9,1.4,9,14.2,1.6,-2.04,Graduate
4,17,2,8014,1,3,144.6,12,30,29,15,3,120.3,0,0,0,1,1,0,18,0,6,2,20,0,4.1,0,0,13,16,9,2.2,0,7.3,0.7,3.5,Graduate
2,2,4,8014,1,6,148.0,4,8,1,7,15,137.9,1,0,0,1,1,0,32,0,8,8,28,5,10.8,1,9,17,5,14,12.1,2,13.7,3.0,-0.52,Graduate
3,15,8,9147,0,6,146.1,4,21,27,18,10,129.5,0,0,0,1,1,1,32,0,1,7,23,12,4.3,2,13,0,3,7,9.9,3,7.2,2.3,-1.12,Graduate
1,1,0,9238,1,6,133.5,17,4,32,0,14,118.9,1,0,0,1,1,0,43,0,14,6,16,6,8.2,2,11,19,23,0,16.1,5,9.6,2.0,-4.03,Enrolled
2,1,8,9130,0,2,125.4,7,4,11,8,8,106.3,0,0,0,1,0,1,52,0,12,13,28,11,13.4,0,9,18,5,4,0.5,7,11.5,-0.2,0.25,Graduate
1,5,3,33,1,14,120.8,6,8,2,5,7,125.6,1,0,0,1,0,0,49,0,2,4,4,0,9.5,2,9,4,28,13,12.6,7,10.5,0.5,-0.37,Dropout
2,1,3,9238,1,9,138.8,20,26,1,12,5,138.1,1,0,0,1,0,1,42,0,13,18,29,12,15.7,1,3,7,21,7,12.9,9,8.3,2.5,3.11,Graduate
1,1,3,171,1,9,129.9,8,29,6,12,17,136.1,1,0,0,1,1,0,27,0,14,14,10,0,9.5,4,11,6,8,14,14.9,5,15.8,0.1,-1.64,Graduate
1,5,9,8014,1,14,126.8,7,16,7,17,5,150.2,0,0,0,1,0,0,23,0,14,10,26,10,3.5,5,0,15,21,12,13.9,1,7.5,2.3,1.08,Graduate
2,10,8,171,1,4,121.7,8,19,2,13,5,118.5,0,0,0,1,0,1,54,0,2,1,26,5,16.1,0,0,10,10,13,9.3,5,13.2,3.3,0.71,Graduate
5,10,5,8014,1,6,123.9,9,1,2,1,11,109.9,0,0,0,1,0,0,54,0,14,4,24,13,7.5,2,9,7,19,7,5.2,1,14.1,3.1,1.92,Dropout
1,5,7,9130,1,4,141.7,1,34,5,15,4,131.0,0,0,0,1,1,0,41,0,10,4,26,13,15.6,2,6,5,8,12,7.1,0,9.5,-0.7,1.96,Graduate
3,7,3,9085,1,4,130.3,3,29,13,16,13,129.7,1,0,0,1,1,1,24,0,5,2,11,2,4.2,7,12,12,3,14,9.4,7,10.7,3.2,-4.03,Dropout
1,17,2,9119,1,6,148.1,18,27,19,15,5,126.9,0,0,0,1,1,1,44,0,11,11,3,4,11.5,3,9,10,18,14,0.1,0,7.8,0.5,2.51,Dropout
1,1,0,9238,1,12,109.7,19,30,19,13,19,117.3,1,0,0,1,1,0,22,0,0,1,19,10,3.0,4,4,14,18,5,1.6,0,10.2,1.2,-3.17,Graduate
1,1,9,9238,1,9,139.3,11,6,1,12,18,92.5,0,0,0,1,1,0,45,0,13,1,24,5,1.4,6,7,0,27,5,9.8,2,10.1,1.6,-3.66,Dropout
1,5,6,9085,1,2,114.9,16,2,18,15,13,113.9,0,0,0,1,0,0,19,0,8,11,22,2,18.0,5,11,3,10,3,17.9,0,7.3,1.0,2.05,Dropout
1,5,3,33,1,6,148.1,18,14,32,0,0,134.2,1,0,0,1,1,0,52,0,4,4,1,11,0.2,3,1,19,0,0,6.8,5,9.4,2.0,-3.42,Graduate
1,7,7,8014,1,5,148.5,6,8,32,16,19,130.7,0,0,1,0,1,1,22,0,5,15,17,9,10.6,7,5,16,23,5,14.4,8,15.3,3.0,-3.72,Enrolled
1,15,2,33,1,6,108.8,2,3,8,0,6,139.5,0,0,0,1,0,0,17,0,6,11,23,2,0.2,6,8,7,19,8,6.9,5,13.1,2.3,-2.23,Graduate
5,10,0,9238,1,10,118.5,4,27,11,9,6,131.5,1,0,0,1,0,0,31,0,0,0,3,14,9.9,4,2,6,4,7,2.2,7,7.1,0.3,-0.09,Graduate
1,2,4,9147,1,10,119.2,5,34,20,4,13,136.6,0,0,1,1,0,0,45,0,2,14,25,4,1.8,9,5,17,1,0,15.2,3,11.7,3.3,2.53,Dropout
3,15,1,9147,1,3,148.9,21,28,8,6,19,136.9,0,0,0,1,1,0,31,0,13,0,20,11,14.2,0,13,2,21,6,11.8,4,10.1,2.3,2.89,Dropout
1,16,2,9070,1,12,121.1,14,31,28,3,15,127.3,1,0,0,1,0,0,28,0,8,12,16,12,5.3,1,8,15,25,8,2.4,4,15.9,-0.2,-0.63,Dropout
2,10,5,9003,1,6,140.4,1,17,21,0,11,127.4,1,0,0,1,0,0,22,0,4,15,19,6,6.2,2,2,11,11,6,7.8,5,15.5,2.5,0.41,Enrolled
1,1,2,9147,1,9,120.1,14,19,6,0,10,89.2,1,0,0,1,1,1,53,0,1,18,21,10,4.5,0,4,10,15,0,4.1,8,13.2,-0.6,2.93,Graduate
1,16,2,9147,1,12,146.1,21,11,2,9,17,118.5,1,0,0,1,1,0,23,0,13,9,27,0,2.1,5,5,5,29,10,12.0,0,7.2,2.0,1.8,Enrolled
1,15,5,8014,1,9,147.6,13,9,10,2,11,119.0,1,0,0,1,0,0,20,0,2,4,22,0,9.0,9,0,4,10,9,8.4,8,8.3,3.4,0.65,Graduate
1,5,4,9070,1,14,155.0,16,30,9,4,9,125.6,0,1,1,1,1,1,26,0,5,14,11,10,8.1,7,7,9,16,2,5.4,5,13.8,1.8,-2.21,Graduate
1,7,9,8014,1,12,127.4,4,6,3,12,4,114.9,0,0,0,1,0,0,29,0,11,18,12,14,9.7,1,9,0,28,1,10.0,9,12.4,0.6,-0.5,Graduate
2,10,8,9238,1,1,130.0,6,14,2,8,1,139.2,1,0,0,1,0,0,23,0,2,17,29,8,11.3,1,2,14,8,7,16.3,7,9.1,3.6,2.44,Dropout
4,7,0,171,1,1,127.9,9,31,8,7,9,115.5,0,0,0,1,0,0,51,0,12,15,26,9,1.6,0,13,10,26,7,7.5,2,8.0,2.8,-1.71,Graduate
3,16,2,33,1,3,130.4,1,11,9,10,15,141.3,0,0,0,1,0,0,21,0,10,2,11,12,7.4,7,14,0,15,9,17.4,8,10.3,0.3,-2.96,Graduate
2,10,2,9238,1,12,123.6,17,5,26,13,5,114.5,1,0,0,1,0,0,34,0,0,6,5,7,10.7,0,11,13,28,6,12.8,8,14.9,-0.5,-2.89,Enrolled
1,17,5,171,1,1,145.9,4,31,34,7,5,119.2,0,0,0,1,1,0,23,0,4,10,1,7,5.8,9,9,10,6,10,10.8,6,11.9,3.5,1.79,Enrolled
1,17,7,9130,1,1,118.6,6,2,30,9,19,118.2,1,0,0,1,1,0,54,0,12,6,26,5,3.4,5,7,6,9,1,1.1,1,9.6,-0.6,-2.81,Dropout
1,15,2,9130,1,5,127.8,16,17,8,2,11,120.5,1,0,0,1,1,0,24,0,9,13,15,9,10.9,3,0,3,0,2,14.6,6,7.8,2.2,-3.72,Enrolled
1,1,2,8014,1,10,132.9,7,3,3,3,8,142.3,1,0,0,1,0,1,42,0,10,4,12,6,12.9,1,3,13,21,8,12.1,4,8.6,3.6,2.41,Enrolled
1,17,5,9119,1,2,137.4,5,29,11,11,16,122.7,0,0,0,1,1,0,22,0,6,1,22,11,13.5,3,3,7,16,0,2.3,5,10.8,0.3,3.01,Dropout
1,17,7,9119,1,4,112.1,9,33,25,8,9,123.1,1,0,0,0,0,1,34,0,10,12,27,5,5.9,7,7,7,25,2,0.2,8,13.8,3.4,3.41,Dropout
1,2,5,171,1,6,126.3,19,14,5,10,7,117.4,0,0,0,1,1,0,54,0,10,0,26,2,1.8,1,3,17,23,4,16.8,2,11.4,1.1,-1.29,Dropout
1,7,9,9147,1,1,130.3,1,29,12,10,8,123.6,1,0,0,1,0,0,26,0,4,18,3,12,16.5,7,3,9,7,8,3.6,2,11.2,0.3,2.82,Graduate
3,7,2,8014,0,4,142.0,8,23,30,15,6,129.8,1,0,0,1,1,0,25,0,0,16,27,6,12.4,1,6,3,15,1,7.6,2,9.5,-0.4,-2.89,Dropout
3,17,3,171,1,4,126.8,20,17,27,12,9,124.2,1,0,0,0,1,0,28,0,14,14,15,6,17.1,9,9,6,8,8,7.5,8,9.3,1.9,3.46,Enrolled
1,2,0,8014,1,12,128.5,4,11,5,13,0,125.0,0,1,0,0,1,0,45,0,1,5,22,5,2.6,3,12,15,21,10,1.5,2,13.0,2.3,-3.93,Enrolled
5,7,7,171,0,12,132.1,17,28,20,6,18,140.2,1,0,0,0,1,0,37,0,1,15,14,2,11.8,9,7,6,9,1,14.5,5,13.4,2.1,-1.44,Graduate
6,7,3,9130,1,6,145.7,1,7,21,11,10,130.6,1,0,0,1,1,0,37,0,11,13,12,10,3.5,2,5,12,22,13,10.9,3,15.7,1.9,1.58,Graduate
1,10,5,9070,0,10,99.2,2,8,3,18,19,112.0,1,0,0,1,0,0,43,0,9,3,9,1,15.6,6,3,2,11,3,9.6,9,15.1,2.0,0.5,Graduate
1,10,2,8014,1,14,131.6,21,29,4,7,9,125.9,0,0,1,1,1,0,28,0,10,5,28,0,9.4,7,12,17,23,5,15.5,4,12.3,1.5,-1.03,Enrolled
1,2,5,9070,0,4,147.5,14,25,24,3,1,120.0,0,0,0,1,0,1,45,0,3,3,28,8,9.6,9,12,8,25,3,16.4,3,12.5,0.2,-3.47,Graduate
5,16,8,9130,0,14,117.6,2,7,7,16,13,133.8,1,0,0,1,1,0,42,0,3,4,17,12,16.8,9,6,18,9,7,2.3,2,10.5,1.9,3.15,Dropout
4,1,8,9119,1,10,118.7,1,22,24,1,11,128.3,1,0,0,1,0,0,42,1,0,2,2,6,5.5,4,8,3,29,11,12.4,6,15.8,3.2,2.4,Dropout
1,15,9,9085,1,3,148.4,13,9,11,12,3,141.7,0,0,0,1,1,0,44,0,1,8,20,4,11.1,6,1,7,11,1,4.8,9,15.3,-0.7,-3.49,Dropout
1,17,2,33,1,2,124.8,8,11,2,6,12,117.4,1,0,1,1,1,0,30,0,13,16,3,4,2.6,6,11,16,29,13,14.0,7,7.4,3.6,1.64,Graduate
2,17,2,9238,1,6,125.2,9,34,6,17,19,124.5,1,0,1,1,1,0,41,0,1,4,20,3,6.5,5,2,14,5,1,2.1,0,10.3,3.6,-2.8,Graduate
1,15,3,33,1,5,134.2,20,27,7,9,9,113.2,1,0,0,1,1,0,24,0,10,12,25,13,3.5,2,0,2,27,2,3.4,4,10.6,0.4,3.23,Graduate
1,17,6,33,1,10,85.2,21,22,18,3,1,126.5,0,0,0,0,1,0,31,0,0,17,26,8,3.6,9,6,5,18,0,3.8,9,9.4,1.1,-3.56,Dropout
4,17,2,9238,1,1,102.7,2,3,9,7,16,107.0,1,0,0,1,1,0,43,0,4,5,25,3,11.9,3,14,1,5,8,11.2,6,11.0,1.7,-2.67,Enrolled
2,16,9,9130,1,14,138.7,17,8,28,12,9,131.2,1,0,0,1,1,0,51,0,14,2,15,14,5.2,9,5,16,10,8,12.0,1,11.1,3.0,1.79,Dropout
3,7,7,9130,1,3,126.3,6,6,19,13,15,126.3,1,0,0,1,0,0,21,0,4,19,3,6,4.5,8,9,13,4,7,16.5,5,14.0,-0.5,-3.93,Dropout
4,1,7,9119,1,9,127.6,3,25,4,16,8,129.0,1,0,0,1,1,0,20,0,4,19,18,12,14.5,9,7,12,17,9,1.3,2,15.2,0.2,2.57,Enrolled
2,17,5,9085,1,14,120.1,20,2,4,11,18,137.2,0,0,0,1,1,0,37,0,11,17,20,7,8.5,4,1,13,7,7,12.3,0,11.7,2.2,-2.08,Graduate
1,2,3,9003,1,4,125.9,17,16,13,3,10,129.9,1,0,0,1,0,0,36,0,5,16,2,9,6.8,1,4,7,28,6,0.2,9,9.3,-0.5,2.46,Graduate
2,16,4,33,1,14,147.9,6,21,28,8,5,110.4,0,0,1,1,1,0,22,0,12,18,6,4,14.7,7,0,9,6,1,9.2,0,11.8,3.2,-0.49,Dropout
1,17,1,9147,1,5,132.0,8,15,11,14,3,119.8,0,0,0,1,0,1,45,0,10,14,20,9,8.8,9,9,0,11,14,8.3,9,8.6,3.2,-3.63,Graduate
2,2,5,33,1,10,145.9,14,34,2,14,15,126.0,0,0,0,1,1,1,19,0,4,11,4,8,14.7,1,8,1,25,4,0.8,4,10.2,-0.4,0.03,Graduate
1,10,2,9003,1,1,127.7,10,20,6,17,11,122.7,0,0,0,1,0,0,52,0,13,10,24,10,5.7,2,1,3,15,8,3.4,9,11.8,1.1,1.4,Graduate
2,7,5,8014,1,1,130.3,20,31,12,5,15,124.3,1,0,1,1,0,0,33,0,9,9,20,10,17.3,5,12,15,22,6,14.4,8,15.6,1.5,-0.01,Graduate
1,5,4,9119,1,9,134.9,10,15,24,1,2,148.1,1,0,0,1,1,0,53,0,6,7,20,4,16.6,6,6,10,14,13,5.5,9,11.2,2.1,2.76,Dropout
1,17,1,9070,1,12,137.9,15,28,9,8,11,128.3,0,0,0,1,0,0,41,0,8,2,12,8,14.8,1,6,14,9,5,8.7,7,7.1,1.6,1.64,Graduate
1,2,4,9070,1,4,117.3,8,6,26,4,14,132.0,1,0,1,0,0,0,51,0,8,0,0,9,3.8,8,13,0,17,3,7.1,7,8.0,-0.8,-3.12,Dropout
1,16,4,9003,1,10,129.6,11,3,4,11,19,100.9,0,0,0,1,1,0,37,0,9,19,2,10,13.1,5,11,19,6,8,3.3,3,10.6,-0.2,-3.71,Graduate
2,7,8,33,1,14,119.9,16,23,4,4,11,136.7,0,0,0,1,1,0,18,0,0,5,15,10,14.7,7,3,9,7,14,16.9,3,8.5,2.9,-1.32,Dropout
2,1,7,9070,1,9,152.6,3,3,34,11,8,164.1,1,0,0,1,0,1,27,0,5,8,0,8,6.5,2,5,12,27,4,1.0,4,9.9,2.7,1.27,Graduate
1,16,6,9003,0,2,104.1,15,8,22,14,9,144.5,0,0,1,1,0,1,54,0,6,16,5,9,2.5,6,1,15,0,6,8.3,2,14.8,-0.7,2.43,Dropout
1,10,2,9238,1,5,138.8,13,2,13,1,7,121.3,1,0,0,1,0,1,33,0,8,16,17,2,4.9,3,1,14,7,6,6.1,3,13.2,-0.7,2.46,Graduate
1,15,9,9130,1,12,118.4,11,7,15,10,12,156.7,0,0,1,1,0,0,47,0,9,10,20,0,10.5,6,8,4,23,1,12.0,9,12.7,3.0,-3.55,Dropout
1,17,3,171,1,12,113.0,14,17,2,18,14,127.4,1,0,0,1,1,1,35,1,10,2,8,0,4.5,3,12,16,15,7,11.6,4,10.5,0.8,2.04,Graduate
1,1,5,9130,0,3,125.5,7,7,2,16,16,131.0,0,0,0,1,1,0,45,0,11,19,21,11,11.9,0,0,18,6,3,12.5,1,13.9,1.0,-1.88,Graduate
4,2,2,33,1,3,149.4,19,33,8,17,11,123.5,0,0,0,0,1,0,29,0,4,14,22,5,7.1,2,5,12,29,12,9.0,9,16.0,3.4,2.89,Enrolled
1,17,8,9003,1,2,120.4,15,4,18,9,15,123.2,0,0,1,1,0,0,37,0,1,12,24,8,4.1,1,0,1,28,12,2.0,4,10.0,3.2,-0.3,Graduate
1,2,7,8014,1,9,102.9,6,16,29,4,10,97.8,1,0,0,1,1,1,53,0,9,12,5,6,11.0,8,10,7,10,14,9.1,3,13.0,1.0,-2.91,Enrolled
1,1,5,9070,1,6,115.8,20,21,11,16,18,137.2,0,0,0,0,0,0,21,0,7,8,15,10,1.3,9,10,0,26,5,15.8,3,8.8,2.8,3.46,Dropout
1,2,3,9070,1,5,131.9,7,18,6,0,12,123.1,0,0,0,1,0,0,44,0,0,5,26,14,11.2,5,5,1,13,8,5.9,8,7.9,1.2,-2.51,Graduate
1,16,6,9070,1,9,105.7,14,28,9,12,2,124.6,0,0,0,1,1,0,31,0,6,17,26,1,17.5,4,3,8,0,4,16.0,0,15.7,1.1,-1.99,Dropout
2,7,2,9003,1,4,140.8,4,16,22,1,3,130.6,0,0,0,1,0,0,43,0,12,16,22,5,12.8,9,4,11,15,12,12.7,3,8.8,-0.7,-0.06,Graduate
1,2,9,9130,1,5,106.3,9,22,25,16,14,121.6,0,0,0,1,1,0,20,0,11,9,29,8,5.9,5,12,8,25,7,17.1,5,7.9,2.8,-3.86,Graduate
1,10,7,8014,1,12,122.8,7,6,31,14,13,130.4,0,0,0,1,0,1,54,0,3,1,2,2,16.2,3,3,0,18,4,8.8,1,11.3,2.8,2.19,Dropout
1,7,0,9003,1,12,142.3,15,30,21,7,10,142.6,1,0,0,1,1,0,19,0,9,0,19,13,9.5,9,4,7,27,6,5.0,8,13.3,2.6,-0.64,Graduate
1,16,2,33,1,4,122.5,3,28,19,1,12,132.3,0,0,0,1,0,0,45,0,5,13,18,5,9.5,0,2,6,14,0,1.3,3,7.0,3.5,-1.4,Enrolled
1,17,4,9119,1,6,109.9,5,17,10,7,19,125.0,1,0,0,1,1,0,27,0,14,7,21,6,6.8,8,10,19,1,7,0.1,2,10.6,-0.6,-0.73,Graduate
6,5,4,33,1,2,128.6,17,12,12,4,17,125.4,1,0,0,1,0,0,52,1,14,17,20,11,0.9,7,10,9,14,8,16.3,8,11.2,3.6,3.28,Graduate
2,17,9,171,1,3,122.6,1,12,19,16,12,129.6,0,0,0,1,0,0,43,0,7,8,14,1,4.9,1,5,0,29,3,10.2,0,11.4,3.1,-0.33,Dropout
2,2,1,9119,0,12,148.2,1,29,2,3,18,116.2,1,0,0,1,1,0,51,0,14,14,16,12,14.7,8,0,14,19,10,1.9,8,10.6,-0.3,1.64,Graduate
1,2,9,33,1,6,142.3,16,2,15,11,3,129.7,0,0,0,1,1,0,21,0,10,9,25,12,4.7,7,1,2,4,13,6.3,2,8.4,-0.6,-3.95,Graduate
1,10,7,8014,1,10,137.6,14,29,8,17,11,135.9,1,0,0,1,1,1,32,0,2,5,9,13,7.4,7,5,17,5,0,10.5,1,13.4,-0.7,1.66,Graduate
1,16,4,9085,1,5,130.3,11,30,30,5,2,128.1,1,0,0,1,1,0,37,0,1,7,22,8,11.4,0,11,4,25,8,16.6,8,12.7,-0.3,-3.34,Dropout
2,10,6,9085,1,2,126.7,14,25,9,4,15,121.5,0,0,0,0,0,0,41,0,7,9,14,12,5.1,1,8,16,6,10,13.3,7,7.3,2.9,1.95,Graduate
2,15,6,9085,1,9,126.6,8,21,30,18,0,123.3,0,0,0,1,0,0,46,0,5,18,17,9,14.6,2,4,0,3,11,7.5,4,12.4,0.9,2.89,Dropout
1,16,4,171,1,6,104.4,19,22,19,4,3,135.5,0,1,1,1,0,0,19,0,10,10,14,9,16.2,7,13,17,24,13,0.7,0,13.8,2.0,-2.29,Dropout
1,1,7,171,1,2,130.0,2,10,29,9,8,112.7,1,0,0,1,1,0,53,0,5,12,14,10,1.1,3,1,2,24,4,11.5,0,8.1,1.0,-1.96,Enrolled
1,1,8,9085,1,6,118.1,10,31,2,18,12,116.4,0,0,1,1,1,1,23,0,7,9,4,12,10.3,0,4,1,26,9,6.6,5,13.9,1.8,2.06,Graduate
4,1,3,9238,1,10,128.7,5,9,28,3,9,106.1,1,0,0,1,1,1,19,0,4,14,8,4,6.3,4,5,11,4,12,1.3,9,9.3,0.5,1.88,Enrolled
2,10,3,9070,1,1,130.8,15,34,8,12,8,127.4,1,0,0,1,1,1,24,0,10,4,19,5,10.0,5,11,8,9,13,14.9,0,13.1,3.2,1.94,Dropout
1,1,7,9119,1,4,122.7,1,23,25,12,19,138.2,0,0,0,1,1,0,37,0,4,13,21,10,9.8,4,1,8,12,10,16.9,9,13.0,2.0,2.06,Enrolled
1,16,0,9119,0,1,144.0,2,12,10,16,5,144.3,1,0,0,1,1,0,34,0,6,14,19,12,0.2,1,14,10,6,13,9.5,2,12.1,1.3,-1.45,Dropout
2,1,3,9070,0,2,113.9,19,7,22,17,18,147.1,0,0,0,1,1,1,26,0,5,8,26,12,11.7,7,13,5,28,2,2.1,7,9.0,0.4,3.13,Graduate
1,5,5,9130,1,1,122.6,17,32,24,18,2,118.0,1,0,0,1,0,0,36,0,2,9,22,1,3.9,3,10,8,22,11,7.2,4,9.5,0.5,2.74,Enrolled
1,1,3,9238,1,6,125.1,15,19,26,16,9,130.3,0,0,0,1,0,1,45,0,13,7,27,6,10.1,7,10,4,23,13,1.4,1,11.3,2.3,-3.09,Dropout
1,2,5,9085,0,6,147.3,18,22,31,2,9,121.8,0,0,0,1,1,0,46,0,3,11,24,12,16.1,7,9,19,12,0,14.4,6,7.2,1.0,-3.74,Graduate
2,15,4,9070,1,1,130.5,21,16,23,12,1,148.4,1,0,0,1,1,0,52,0,1,12,26,12,3.5,4,10,12,17,10,9.7,8,10.7,1.7,2.89,Graduate
1,10,8,9003,1,4,129.7,8,8,2,12,12,143.9,1,0,0,1,1,0,48,0,7,6,12,12,4.9,1,10,13,23,1,7.1,1,13.2,3.6,-2.43,Dropout
1,7,9,9119,1,4,143.1,21,30,33,2,6,129.2,1,0,0,1,0,0,22,0,5,3,21,3,1.1,9,6,15,4,7,13.1,1,7.0,0.6,1.55,Dropout
4,15,8,9003,1,10,122.2,14,6,24,1,12,118.9,1,0,0,1,0,0,35,0,13,16,29,4,8.9,6,7,17,26,5,15.1,0,13.7,1.0,0.95,Dropout
1,5,3,9070,1,6,143.1,8,2,12,14,13,82.2,1,0,0,1,1,0,47,0,6,1,13,11,15.7,1,7,7,15,8,14.1,6,10.9,0.6,1.43,Graduate
1,10,3,9070,1,2,136.0,8,34,9,2,17,108.4,1,0,0,1,1,0,49,0,4,0,9,11,9.8,4,14,1,0,3,14.8,6,11.4,-0.4,0.62,Enrolled
1,16,7,33,1,5,148.6,19,29,3,15,13,102.9,1,0,1,0,1,0,20,0,6,10,9,6,6.3,2,5,16,6,3,15.6,3,9.0,3.4,-1.89,Dropout
1,17,9,33,1,4,124.3,13,20,23,9,12,108.2,0,0,0,1,0,1,27,0,3,1,26,5,16.3,2,13,10,9,2,8.4,4,10.7,2.6,0.44,Dropout
3,10,3,8014,1,14,125.6,5,3,24,19,18,151.4,0,0,0,1,0,1,22,0,9,10,18,4,9.6,0,10,5,10,9,11.9,5,11.6,2.0,-0.03,Enrolled
1,2,1,8014,1,4,132.1,10,8,33,1,7,110.2,0,0,0,1,1,0,28,0,14,7,26,2,17.5,0,3,8,26,6,10.6,9,15.8,-0.7,-1.74,Dropout
1,16,1,171,1,10,129.1,7,12,30,14,3,113.2,1,0,0,1,0,0,53,0,3,12,23,12,13.5,3,1,0,27,10,2.3,6,12.6,2.9,-1.43,Graduate
2,15,0,171,1,5,141.5,9,32,2,7,8,115.0,1,0,1,1,0,0,47,0,12,5,8,5,16.4,8,9,10,2,0,4.3,6,12.7,-0.5,0.84,Dropout
2,15,4,9085,1,3,126.8,14,29,22,12,11,160.8,1,0,1,1,1,0,33,1,10,8,10,11,11.7,4,0,11,23,0,3.1,2,16.0,-0.2,2.27,Graduate
2,1,5,33,1,14,114.1,6,21,11,0,19,126.2,1,0,0,1,0,1,20,0,1,17,0,5,17.8,8,12,5,12,13,11.7,4,7.3,-0.4,0.44,Dropout
1,16,8,9085,1,4,150.3,10,3,12,1,1,139.9,0,0,0,1,0,0,31,0,13,0,26,13,9.5,9,14,14,0,9,15.5,8,14.8,-0.1,-0.75,Dropout
1,17,4,9070,1,1,158.7,1,27,19,8,3,129.3,1,0,0,1,0,1,54,0,13,12,7,12,11.5,5,7,5,28,3,13.7,5,14.1,2.1,-3.13,Dropout
2,2,5,9085,0,6,106.5,11,3,20,19,18,101.2,1,1,0,1,1,0,28,0,7,3,21,5,2.4,5,4,17,12,14,6.8,9,7.4,-0.4,-3.92,Dropout
1,1,5,9070,0,14,137.2,8,1,9,19,8,146.9,0,0,0,0,0,0,26,0,6,3,16,10,16.9,2,8,6,26,11,11.8,0,11.0,2.1,-3.4,Graduate
3,1,2,9119,0,4,141.2,6,20,18,18,8,132.2,1,0,0,1,1,0,22,0,3,14,8,10,6.0,3,12,7,9,2,7.4,9,11.7,2.7,-3.54,Dropout
3,17,3,33,1,6,133.7,17,7,18,11,10,125.4,1,0,0,1,0,0,38,0,2,17,27,0,12.0,6,10,4,1,0,4.9,7,7.3,1.3,-2.81,Graduate
3,10,0,8014,1,2,153.6,4,1,27,11,9,149.9,1,0,0,0,1,0,47,0,0,13,11,1,6.5,3,7,7,29,7,16.1,1,11.0,2.1,2.78,Dropout
1,15,3,9085,1,5,109.9,6,10,13,9,2,122.5,1,0,0,1,1,0,32,0,12,16,10,12,15.9,1,13,5,0,3,3.7,8,14.9,0.8,-2.92,Graduate
1,1,0,33,1,12,121.5,15,12,8,18,7,125.1,1,0,0,1,1,1,24,0,4,17,26,8,2.0,3,14,18,27,2,11.4,3,7.3,2.6,-2.6,Graduate
3,5,4,9119,1,10,131.6,10,4,23,19,10,122.5,1,1,0,1,1,1,52,1,5,10,0,8,16.2,3,1,10,4,0,13.5,1,14.5,3.6,0.58,Dropout
1,5,7,9003,1,3,143.8,17,7,13,9,5,141.0,0,0,0,1,0,0,19,0,2,12,23,8,11.3,9,8,11,23,14,11.1,7,14.5,0.7,0.02,Dropout
1,15,7,8014,1,1,148.1,10,10,7,18,17,137.6,1,0,0,1,1,0,45,0,10,15,0,10,17.2,7,14,16,9,2,2.2,2,7.0,1.9,2.27,Dropout
4,5,4,9238,1,14,111.9,5,22,2,8,7,130.6,1,0,0,0,1,0,19,0,9,14,11,12,9.1,9,11,10,26,2,4.9,8,15.2,3.6,-2.32,Enrolled
4,17,9,9147,1,3,103.4,19,25,3,4,1,113.3,0,0,0,0,1,1,26,0,13,10,7,4,8.9,9,10,11,28,1,0.3,4,13.4,-0.7,-0.4,Enrolled
1,10,1,33,0,10,141.7,7,29,23,2,19,122.2,1,0,0,1,1,1,48,0,11,10,12,4,6.5,7,3,6,28,0,13.7,3,15.5,0.5,-3.23,Dropout
1,2,5,9130,0,3,131.7,19,15,7,18,4,113.3,1,0,0,1,0,1,37,0,8,3,1,3,5.9,2,2,7,21,12,3.3,0,15.4,-0.1,0.39,Dropout
1,7,0,33,1,5,132.5,10,19,4,3,9,142.1,1,1,0,1,0,0,22,0,13,14,14,7,2.2,3,13,7,11,4,15.4,0,9.2,1.9,0.5,Graduate
3,1,6,9070,1,2,142.1,19,18,8,13,17,106.5,0,0,0,1,1,1,48,0,9,9,17,7,5.9,6,8,3,12,0,3.0,5,11.7,-0.0,2.36,Graduate
5,7,3,9238,1,1,117.9,11,3,32,5,11,147.7,0,0,0,1,0,0,44,0,9,12,14,1,11.0,4,1,17,3,2,6.7,6,11.4,0.6,-1.56,Graduate
1,2,4,9130,1,14,126.4,3,6,19,12,1,143.7,1,0,0,1,1,0,20,0,8,15,28,11,1.5,1,11,16,7,11,2.6,3,13.4,1.2,-1.8,Graduate
1,2,5,9085,1,5,137.9,11,22,12,6,9,115.1,1,0,1,1,1,1,46,0,5,7,28,10,3.3,3,5,15,25,4,9.6,7,12.2,-0.6,3.15,Dropout
4,17,0,9119,1,5,115.7,6,31,10,11,11,121.6,1,0,0,1,0,0,33,0,4,10,9,8,15.5,7,14,14,15,0,10.7,6,15.7,0.5,-0.65,Dropout
1,10,8,9130,0,6,121.9,6,21,14,19,18,117.7,1,1,0,1,0,0,44,0,14,1,7,0,1.6,1,9,7,21,7,4.1,1,11.5,0.2,-1.87,Graduate
1,5,9,9085,1,2,131.6,15,8,27,13,4,132.6,0,0,0,1,1,0,26,0,1,10,3,3,4.3,6,6,12,9,14,7.3,4,10.4,1.1,0.53,Graduate
6,5,3,9085,1,12,137.9,3,1,21,12,9,145.4,0,0,0,1,1,0,17,0,5,8,6,2,0.1,1,7,7,21,12,2.1,7,15.9,3.7,-2.98,Dropout
1,17,7,9085,1,2,108.3,11,3,20,10,0,142.4,0,0,0,1,1,0,47,0,4,14,14,1,12.9,4,2,4,4,0,14.2,2,12.3,3.7,-1.14,Enrolled
2,2,4,9070,1,2,140.0,8,29,4,5,6,121.4,0,0,0,1,1,0,48,0,11,19,25,13,15.3,9,9,6,23,13,14.2,7,10.7,0.0,-0.59,Enrolled
1,10,7,9130,1,5,136.6,8,6,19,6,0,143.3,1,0,0,1,1,1,36,0,2,12,12,9,15.8,9,14,4,28,12,4.7,6,10.2,2.4,2.63,Dropout
1,10,0,171,1,12,117.4,16,33,29,9,16,142.2,1,0,0,0,0,1,45,0,11,14,9,0,16.2,1,1,13,19,12,4.8,4,13.4,3.2,1.44,Enrolled
3,15,7,9119,1,4,163.7,3,18,7,14,11,124.5,0,0,0,1,1,0,53,1,10,17,25,8,7.3,2,14,0,2,8,11.0,0,15.0,1.5,-1.1,Enrolled
1,16,3,9003,1,6,115.7,8,1,33,8,6,126.9,0,0,0,0,1,0,41,0,9,18,4,4,10.1,2,13,2,13,14,11.0,4,8.6,2.5,-0.54,Graduate
6,1,1,33,1,2,141.0,8,22,8,2,7,147.0,0,0,0,1,0,1,54,0,2,5,11,3,12.2,3,14,16,4,7,13.2,7,10.4,1.1,3.07,Graduate
2,17,5,9070,1,4,134.2,13,31,11,4,2,140.8,1,0,0,1,1,0,17,0,0,17,1,0,16.5,3,1,11,27,4,1.7,5,7.6,1.9,2.28,Graduate
1,16,1,8014,1,12,123.8,1,23,33,9,14,142.9,1,0,0,0,1,1,31,0,8,18,26,10,14.3,1,1,19,8,12,12.1,6,9.5,1.3,-3.17,Dropout
1,17,4,9003,1,2,131.4,10,8,25,14,11,160.6,0,0,0,0,0,1,50,0,3,11,26,9,8.8,3,9,12,27,1,13.2,1,15.3,0.6,-1.34,Graduate
1,5,1,9119,0,1,138.0,5,29,33,2,16,134.1,0,0,0,1,1,0,39,0,8,11,17,5,9.2,6,6,0,6,9,5.0,4,12.8,-0.1,-0.55,Dropout
1,2,2,9070,1,4,172.8,5,19,26,17,1,131.2,1,0,0,1,1,1,45,0,3,10,12,5,6.1,0,12,16,28,8,4.6,4,15.2,0.5,-2.53,Graduate
1,17,5,9003,1,4,108.3,17,16,11,2,16,144.7,1,0,0,1,1,0,29,0,4,11,23,6,0.2,5,9,16,5,12,12.0,8,12.0,3.2,-3.08,Enrolled
1,17,0,33,1,1,89.3,14,19,30,6,3,152.8,0,0,0,1,0,0,18,1,4,0,18,6,2.6,7,3,8,5,5,2.1,2,15.9,3.3,-1.66,Enrolled
1,15,5,9085,1,4,114.8,6,22,33,13,6,119.1,0,0,0,1,1,1,21,0,3,6,9,1,6.0,5,6,4,13,2,9.7,4,12.7,3.1,0.95,Graduate
2,7,2,9238,1,3,129.5,14,19,10,15,14,124.4,0,0,0,1,1,1,38,0,3,15,23,13,10.9,7,12,5,20,2,9.0,1,13.5,0.5,3.2,Graduate
2,5,6,9085,1,2,140.0,12,4,29,18,15,113.8,0,0,0,0,0,0,31,0,6,11,12,5,12.9,6,5,18,8,0,12.1,0,14.8,3.2,3.32,Graduate
2,1,1,9119,1,14,131.4,20,5,25,3,5,131.5,1,0,0,1,1,1,29,0,11,10,18,2,16.0,2,11,0,23,2,10.9,3,10.2,-0.1,2.57,Graduate
1,10,5,33,1,4,127.7,1,5,32,2,4,138.6,0,0,0,1,1,1,46,0,6,11,11,1,10.0,6,10,9,29,8,14.7,1,9.7,3.1,1.32,Graduate
1,2,7,9003,1,10,153.1,5,25,4,2,15,114.7,1,0,0,1,0,1,41,0,5,2,4,3,7.1,4,3,2,15,5,1.1,8,8.6,0.4,-3.49,Enrolled
2,5,0,9147,0,9,118.1,18,24,34,8,0,141.7,1,0,0,1,1,0,37,0,13,0,2,13,12.4,2,4,13,17,2,11.6,3,13.4,2.1,-3.94,Graduate
1,7,8,9238,1,12,154.9,14,1,22,3,14,121.1,1,0,0,1,1,1,33,1,14,12,16,6,7.1,9,10,11,13,13,12.9,2,14.4,2.6,-3.88,Enrolled
1,17,4,9085,1,10,139.3,7,28,13,18,19,120.0,1,0,0,1,1,1,52,0,2,1,14,10,2.0,6,7,18,25,0,14.3,0,10.5,-0.5,-3.3,Graduate
3,1,4,171,1,1,152.5,15,21,6,10,4,141.7,0,0,0,1,0,1,50,0,5,9,29,14,0.1,2,5,15,8,0,6.7,5,7.0,0.5,-0.55,Graduate
3,17,4,9003,1,2,115.9,9,19,17,14,12,118.9,0,0,0,1,1,0,50,0,13,11,8,14,12.8,1,2,12,13,5,5.3,2,15.2,2.0,-3.92,Enrolled
1,1,5,9085,1,2,124.7,15,23,26,3,13,108.8,1,0,0,1,1,1,54,0,8,15,20,4,16.2,6,9,12,20,13,12.0,2,13.5,1.9,-1.37,Graduate
1,15,1,9003,1,10,108.1,16,14,24,7,1,136.7,0,0,1,1,0,0,54,1,2,19,2,13,12.2,0,7,14,11,11,9.3,1,15.0,3.2,3.15,Graduate
3,17,5,9238,1,4,134.5,9,6,9,1,1,125.3,0,0,0,1,1,1,42,0,10,9,3,13,0.5,0,6,18,10,14,6.8,1,14.9,2.1,0.19,Dropout
2,5,3,9119,1,12,134.8,7,32,2,17,18,142.6,0,0,0,1,0,0,18,0,6,16,28,6,3.9,4,3,13,13,10,13.4,3,11.4,0.1,0.53,Enrolled
3,7,7,8014,1,2,160.1,7,32,20,2,18,137.8,0,0,0,1,0,1,50,0,10,17,28,9,17.0,1,1,18,0,9,8.7,5,13.8,2.7,-0.35,Graduate
3,1,8,9085,1,4,131.2,17,8,27,2,11,104.3,1,0,0,0,0,1,54,0,4,7,27,3,12.8,0,1,8,7,7,8.2,3,14.6,3.5,3.37,Dropout
3,2,8,9003,1,1,107.2,11,22,6,18,16,144.1,1,0,0,1,1,0,52,0,6,3,21,0,13.3,7,1,19,6,11,6.5,1,7.4,2.1,-2.8,Enrolled
1,1,7,8014,0,3,144.2,6,8,27,11,1,151.7,1,0,0,1,1,1,50,0,12,7,7,5,14.5,0,1,5,16,9,0.9,8,14.3,1.3,3.32,Graduate
1,7,2,8014,1,6,116.3,14,10,24,13,10,140.4,1,0,0,1,0,1,20,1,10,1,17,7,16.4,8,12,12,19,5,15.0,7,11.5,2.8,-0.52,Enrolled
2,10,9,171,1,12,111.0,15,3,15,12,16,141.0,0,0,0,1,1,1,27,0,1,0,1,10,7.9,7,7,1,26,0,6.2,7,10.2,1.3,2.94,Graduate
2,10,3,8014,1,1,140.5,21,13,33,15,13,123.8,0,0,0,1,1,0,29,0,2,13,11,0,7.7,0,13,6,7,1,7.9,0,8.5,-0.1,0.79,Graduate
2,15,0,9238,1,5,118.5,8,30,10,16,8,120.8,0,0,1,1,1,1,52,0,1,3,27,6,0.4,6,11,16,23,1,2.1,9,9.0,-0.4,-2.53,Dropout
1,5,8,33,1,2,121.0,4,4,21,17,18,129.8,0,0,0,1,1,0,21,0,9,17,2,6,16.9,2,4,11,21,6,11.0,2,14.2,1.0,1.97,Dropout
1,7,4,8014,1,9,151.0,1,6,6,12,18,139.0,1,0,0,1,1,0,27,0,6,13,11,12,2.3,5,13,6,14,11,10.7,3,14.8,2.4,-3.05,Graduate
4,15,5,9147,1,4,137.7,6,16,30,12,0,138.6,1,0,0,1,1,1,43,0,8,4,21,0,8.1,9,12,9,10,10,5.5,6,15.7,2.3,2.09,Enrolled
2,16,2,9003,1,5,139.0,1,22,23,7,4,121.3,1,0,1,1,1,0,19,0,11,0,24,1,10.8,1,14,2,14,10,6.4,5,8.3,1.6,-3.79,Dropout
5,1,9,8014,1,10,109.4,21,27,3,6,18,120.0,1,0,0,1,0,1,44,0,14,2,8,14,17.9,0,10,6,29,5,13.5,2,11.6,1.2,-2.98,Graduate
3,16,7,9130,0,2,140.6,5,21,26,7,1,107.6,1,0,1,1,1,0,51,0,2,15,25,9,7.2,4,9,14,4,3,9.6,7,15.3,2.2,-1.34,Graduate
2,1,6,33,1,3,125.8,19,29,34,16,13,135.4,1,0,1,1,1,0,53,0,10,3,24,1,12.0,6,11,3,7,1,4.5,0,9.0,3.5,-3.57,Dropout
2,10,0,9070,1,5,123.3,5,1,30,0,18,121.9,1,0,1,1,1,0,30,0,10,13,8,9,17.1,7,11,16,8,9,10.1,2,9.2,0.5,2.14,Graduate
4,15,9,33,0,14,136.1,5,30,18,2,7,123.1,1,0,0,1,1,0,45,0,11,15,5,10,10.3,4,11,12,5,1,15.7,0,11.9,1.7,-0.64,Graduate
2,10,4,9119,1,4,130.1,17,24,17,3,16,149.5,1,0,0,1,1,0,53,0,6,6,26,14,9.6,6,6,19,15,1,17.9,2,12.1,3.0,0.63,Graduate
2,2,9,9070,1,5,108.1,12,13,21,18,1,134.8,0,0,0,1,1,0,33,0,9,10,9,3,10.3,1,11,0,5,5,1.6,8,8.7,0.4,-3.29,Graduate
1,16,8,171,0,3,144.3,7,30,24,1,16,131.2,0,0,0,1,0,1,30,0,6,2,2,1,14.7,0,6,11,3,5,8.1,1,11.7,0.4,-4.01,Graduate
1,16,5,33,1,12,145.7,15,26,4,10,7,137.8,1,0,0,1,1,0,47,0,2,14,15,4,0.8,0,1,12,25,6,8.0,1,15.2,3.2,3.37,Dropout
2,10,7,9119,0,10,121.2,19,34,25,10,13,145.5,0,0,0,0,1,1,54,0,10,7,20,12,13.7,9,7,0,29,1,17.0,1,12.3,3.5,-2.97,Graduate
1,2,9,33,1,6,139.1,21,20,24,18,16,106.0,1,0,0,1,1,0,21,1,11,19,21,14,3.1,0,14,0,9,10,16.6,1,14.1,2.3,2.22,Dropout
1,1,0,8014,1,1,143.7,13,6,27,1,5,119.6,1,0,0,1,1,0,34,0,4,12,8,14,13.8,2,10,10,25,8,8.1,0,14.0,2.1,0.79,Graduate
1,15,9,9085,1,4,102.0,12,9,31,4,10,124.0,1,0,0,1,1,0,34,0,11,17,8,13,14.4,4,5,19,19,2,4.8,0,10.5,1.6,2.04,Graduate
1,2,6,9085,1,9,122.3,19,16,20,18,7,114.3,0,0,0,1,1,0,31,0,5,1,2,7,11.3,7,7,9,17,10,11.6,9,14.1,2.7,0.5,Enrolled
1,15,2,9119,0,14,97.3,13,4,16,8,12,123.6,0,0,0,1,0,0,20,0,11,0,28,1,7.9,6,12,15,15,10,2.2,7,14.5,3.5,-1.11,Graduate
1,16,8,33,0,5,139.5,6,32,31,6,7,106.8,1,0,0,1,0,0,54,0,4,16,22,7,13.2,1,2,2,12,8,3.7,3,10.8,0.9,-0.06,Graduate
5,15,5,9119,0,4,136.7,1,20,7,11,6,139.0,1,0,0,1,1,0,25,0,7,16,29,3,0.3,8,2,19,14,10,14.8,6,14.1,0.5,-0.01,Graduate
1,16,4,171,1,12,120.2,6,29,18,18,2,120.3,0,0,0,1,0,0,35,0,8,8,8,12,11.7,5,13,12,2,5,15.1,6,15.9,3.6,-2.71,Dropout
1,2,7,9085,1,10,127.7,13,31,8,17,1,129.6,1,0,0,1,1,1,41,0,11,18,11,6,4.2,7,9,18,9,6,16.3,8,12.7,1.5,0.78,Dropout
1,16,7,9130,1,3,124.5,13,17,27,17,11,127.7,1,0,0,0,1,0,36,0,11,6,2,10,11.9,3,2,17,11,8,13.4,7,9.2,-0.0,-2.74,Graduate
2,17,2,9070,1,6,99.4,13,25,14,8,3,134.2,1,0,0,1,1,1,30,0,5,11,25,5,2.5,1,14,19,19,1,3.0,6,14.5,3.2,0.04,Enrolled
1,5,1,9238,1,4,149.5,20,16,18,1,4,95.0,1,0,0,0,1,0,24,0,10,10,4,3,3.2,7,13,17,15,9,5.2,1,8.1,-0.3,1.03,Dropout
3,16,1,8014,1,9,133.8,4,20,1,1,15,132.9,0,0,0,1,1,0,25,0,1,11,29,5,8.1,1,8,12,1,7,8.3,3,11.5,1.5,2.08,Dropout
2,10,4,9130,1,1,127.8,5,10,31,14,1,123.4,1,0,0,1,1,0,37,0,1,14,0,11,9.5,3,11,13,7,2,5.8,0,15.1,2.6,0.05,Dropout
3,2,9,9130,1,1,127.9,13,23,20,15,12,132.3,1,0,0,1,1,0,50,0,14,6,8,11,7.5,1,5,0,26,1,9.6,5,12.8,3.2,0.59,Graduate
1,17,6,9003,0,6,140.6,9,33,6,13,3,111.7,1,0,0,1,1,1,29,0,3,12,25,12,11.0,4,8,15,14,11,1.7,5,15.7,-0.4,1.45,Enrolled
2,1,7,9130,1,14,106.2,17,13,1,18,4,132.4,1,0,0,1,1,1,42,0,9,13,16,2,1.0,7,1,14,6,13,17.1,6,10.5,2.3,-1.31,Dropout
1,15,9,9070,1,9,116.9,3,25,19,14,11,143.9,1,0,0,1,0,1,53,0,2,10,3,9,3.5,9,11,10,2,7,17.6,7,11.7,2.8,-3.71,Enrolled
5,17,7,9070,1,12,133.2,20,24,27,2,14,129.5,1,0,0,0,0,1,46,0,6,16,13,13,0.1,2,10,9,20,10,1.3,7,10.3,2.0,-1.82,Dropout
2,7,7,8014,1,9,146.7,18,6,16,5,4,117.7,0,0,0,1,0,1,36,0,11,14,19,12,10.2,1,10,14,4,0,0.7,7,12.9,0.4,-3.16,Enrolled
1,17,9,9119,1,12,93.8,15,15,14,5,4,118.2,1,0,0,1,1,1,23,0,11,7,23,11,12.4,1,11,19,17,11,8.8,2,9.7,2.3,1.69,Graduate
1,2,2,9147,0,14,144.9,1,34,34,19,15,134.5,0,0,0,1,0,0,36,0,3,1,4,3,8.7,5,9,5,21,1,2.6,0,9.4,3.3,2.1,Graduate
1,17,1,9147,1,12,119.4,9,4,7,8,8,134.4,0,0,0,1,1,0,32,0,2,14,11,3,8.3,2,8,0,12,3,2.5,3,13.7,3.4,3.27,Dropout
2,17,3,33,1,10,125.7,6,14,20,10,14,131.6,0,0,1,0,1,1,18,0,1,14,12,11,7.7,4,9,17,9,7,6.6,0,15.8,2.4,0.49,Graduate
1,10,0,33,0,9,130.5,18,4,31,3,3,126.5,0,0,0,1,0,0,26,0,3,12,12,14,6.0,1,2,6,14,4,17.3,3,8.5,0.2,-0.45,Dropout
2,16,2,9238,1,3,113.4,1,28,22,13,16,129.6,1,0,0,1,0,0,51,1,14,4,18,12,10.6,5,9,5,12,0,16.9,2,14.9,0.2,3.06,Dropout
1,15,8,9070,1,3,111.4,7,29,20,12,0,126.2,0,0,0,1,1,0,44,0,4,14,16,8,0.1,2,13,13,4,11,16.7,7,15.4,0.8,2.9,Enrolled
2,5,6,33,1,5,133.1,10,18,15,14,15,122.0,1,0,0,1,1,0,26,0,3,2,16,0,10.7,6,9,12,19,9,3.0,1,13.9,0.1,0.8,Graduate
3,1,6,9003,1,9,158.4,6,20,25,16,19,136.8,0,0,0,1,1,0,29,0,9,15,19,12,8.8,7,7,1,22,11,1.5,2,10.5,0.3,1.8,Graduate
3,5,0,33,1,14,115.8,7,32,1,7,16,131.0,1,0,0,1,1,0,38,0,8,9,6,7,11.3,3,2,9,16,8,2.0,8,7.6,0.2,-2.56,Graduate
3,17,6,171,1,9,115.7,6,8,17,10,3,143.8,1,0,0,0,0,0,50,0,0,9,14,8,15.4,4,11,11,25,5,10.6,8,7.3,-0.3,-0.16,Dropout
1,7,9,171,1,1,111.6,8,13,16,10,12,141.5,0,0,0,0,1,1,32,0,8,15,23,7,14.9,4,14,5,7,14,6.1,5,12.4,1.6,-1.48,Graduate
1,2,6,9003,1,10,126.6,2,9,21,15,7,130.6,1,0,0,1,1,0,24,0,13,16,0,13,14.5,2,3,7,1,13,15.8,2,14.1,0.5,2.17,Enrolled
2,15,3,9130,1,1,115.3,9,33,27,2,17,134.7,1,0,0,1,1,1,36,0,14,7,28,4,7.4,1,8,17,22,1,11.9,4,9.7,3.7,2.68,Dropout
1,2,6,171,0,4,115.6,9,12,24,14,12,114.6,0,0,0,1,0,0,26,0,7,17,7,7,7.0,2,9,0,17,6,18.0,5,11.0,1.1,-1.02,Dropout
1,10,7,9147,0,2,133.2,7,25,2,12,8,126.0,0,0,0,1,1,1,45,0,12,3,20,14,3.7,4,12,5,3,0,16.4,9,9.3,2.1,-0.44,Graduate
1,2,2,9147,0,5,108.3,9,25,25,6,4,131.5,0,0,0,1,1,0,46,0,8,2,21,12,0.6,7,3,9,12,13,10.3,2,14.3,3.5,-2.31,Enrolled
1,1,9,171,1,6,154.3,17,16,19,4,10,106.4,1,0,0,1,0,0,40,0,10,19,29,4,9.1,3,13,6,29,0,15.0,0,14.2,2.8,2.59,Graduate
1,7,1,33,1,4,112.4,3,16,13,11,13,132.6,1,0,0,1,1,1,18,0,2,1,7,6,17.5,4,5,16,9,8,2.9,9,13.6,2.9,-3.01,Graduate
4,5,6,9238,1,4,147.0,16,23,29,2,17,114.5,1,0,1,0,0,0,50,0,8,4,9,3,13.5,7,13,6,9,2,15.5,7,14.6,3.4,2.88,Graduate
1,17,4,9238,1,9,159.6,16,8,32,11,17,116.0,0,0,0,1,0,0,37,0,8,10,16,9,9.9,6,6,19,4,7,12.9,6,8.4,3.0,0.61,Graduate
2,17,4,9147,0,4,148.0,2,3,6,4,19,120.1,0,0,0,1,1,0,50,0,1,14,0,14,5.4,9,12,1,10,4,7.0,2,11.0,3.2,-2.2,Graduate
1,7,4,171,0,2,146.1,11,24,9,18,15,126.6,0,0,0,1,1,0,48,0,2,18,23,5,2.2,9,9,9,9,1,14.5,9,14.3,3.3,-0.83,Graduate
2,15,6,9130,0,4,141.9,16,22,1,18,3,109.7,0,0,0,1,0,1,46,0,7,16,13,5,4.7,7,1,14,22,1,11.8,6,15.6,1.4,-3.29,Graduate
1,2,8,8014,1,9,133.2,15,14,24,0,18,138.1,0,0,0,1,1,1,30,0,6,19,27,5,9.6,3,6,8,22,4,1.6,3,14.3,-0.1,0.44,Graduate
4,15,7,33,0,1,147.7,1,22,10,19,4,129.3,0,0,0,1,1,0,35,0,1,17,7,14,11.2,1,3,7,17,11,17.6,6,15.0,2.9,2.05,Graduate
4,5,5,33,1,4,126.1,21,34,6,11,1,152.0,1,0,0,1,1,1,46,0,13,14,19,0,6.6,1,6,9,21,1,4.9,8,7.2,3.0,0.88,Enrolled
1,15,6,9238,1,6,143.0,17,31,20,5,16,130.9,1,0,0,1,1,1,43,0,9,6,26,12,1.9,8,2,11,13,2,9.9,1,13.8,1.8,-2.81,Dropout
5,10,8,171,1,10,146.6,3,21,12,17,3,134.4,0,0,0,1,1,0,32,0,8,17,27,10,4.7,1,10,2,8,9,15.6,0,8.3,2.7,0.12,Dropout
6,7,5,9119,1,10,137.6,19,5,3,15,5,115.9,1,0,0,1,1,0,41,0,1,17,14,11,4.6,0,11,0,17,8,5.2,9,13.7,3.3,2.21,Graduate
3,5,0,9085,1,12,126.0,20,19,18,10,17,111.6,1,0,0,1,0,0,41,0,13,10,28,2,9.6,4,0,7,19,5,4.2,5,7.6,1.6,2.46,Graduate
3,5,3,171,1,5,137.3,7,21,21,9,5,135.0,1,0,0,1,1,0,40,0,0,7,20,13,1.9,8,10,17,26,13,10.0,3,9.7,1.6,1.58,Dropout
1,16,7,9003,1,2,124.5,11,2,19,2,19,112.8,0,0,0,1,0,0,19,0,8,19,24,0,5.2,8,8,11,23,14,6.3,0,13.1,3.3,-1.29,Dropout
2,5,6,171,0,3,121.8,18,3,25,17,14,135.3,1,0,0,1,0,0,40,0,3,6,29,8,6.2,5,6,8,10,11,12.5,2,8.7,1.6,3.35,Dropout
1,16,2,33,0,2,141.8,14,30,18,11,0,149.2,1,0,0,1,1,0,27,0,10,7,17,2,9.5,3,14,5,6,8,5.8,2,14.1,2.9,2.12,Dropout
1,1,9,8014,1,12,132.2,16,34,30,13,16,139.3,1,0,0,1,0,0,48,0,12,13,29,12,5.4,8,13,7,29,6,17.8,8,7.8,2.9,2.31,Dropout
6,17,2,9003,1,6,141.6,6,25,34,3,1,134.4,1,0,0,1,0,0,39,0,14,1,0,7,2.7,1,1,9,6,12,5.1,4,14.5,0.6,2.38,Enrolled
1,16,2,9238,1,1,132.3,2,29,10,9,3,130.5,0,0,0,1,0,0,28,0,5,9,22,10,0.5,3,4,4,12,0,11.5,2,12.1,3.7,1.48,Enrolled
2,7,0,9070,1,3,137.6,11,12,22,6,2,122.0,0,0,1,1,0,0,37,0,10,15,9,4,3.1,5,3,7,13,11,4.9,3,7.2,3.0,-0.24,Graduate
3,15,9,9070,1,9,151.0,11,23,4,15,2,125.5,1,0,0,1,1,1,53,0,4,19,3,11,14.8,0,12,9,6,1,8.3,0,9.3,2.5,-0.68,Graduate
4,16,0,9119,1,9,127.6,10,28,3,8,13,119.6,0,0,0,0,1,0,50,0,14,18,6,12,6.3,1,9,2,17,8,5.2,4,11.3,0.9,1.7,Graduate
6,5,5,9238,1,5,123.9,4,17,28,2,19,109.9,0,0,0,1,1,0,37,0,3,5,26,6,9.7,1,6,17,26,12,7.5,0,12.8,-0.1,-0.38,Dropout
1,7,0,9130,1,3,136.4,17,16,22,1,7,127.5,0,0,0,0,1,1,42,0,3,5,18,10,8.8,0,1,6,19,14,11.4,8,13.1,0.7,2.76,Graduate
1,16,4,9147,1,9,91.3,10,9,12,5,7,141.4,1,0,0,1,0,0,52,0,2,7,10,1,5.0,8,7,8,0,11,12.7,7,15.1,-0.4,-2.33,Graduate
1,16,3,9119,1,5,140.6,9,3,13,9,8,110.2,1,0,0,1,1,0,50,0,3,11,19,14,15.2,0,6,6,16,13,4.2,9,10.9,3.1,1.84,Graduate
1,5,4,9070,1,6,117.1,13,22,33,3,17,145.2,1,0,0,1,0,0,25,0,3,16,9,3,16.9,0,10,7,23,2,16.2,5,7.1,2.6,-2.25,Graduate
1,10,6,9147,0,3,155.1,11,31,19,3,6,142.8,1,0,0,1,1,1,34,0,6,4,23,3,3.8,3,14,15,24,13,5.8,4,9.4,0.3,-0.51,Enrolled
1,10,5,9130,1,6,141.8,10,14,17,9,9,132.2,1,0,0,1,0,0,46,0,8,11,16,10,14.5,0,2,10,22,7,1.1,8,7.8,0.1,-3.41,Dropout
3,16,8,9238,1,9,143.7,5,3,34,9,0,132.3,1,0,0,1,0,0,19,0,14,2,29,13,13.6,8,5,14,18,6,17.0,2,14.5,0.3,-0.3,Graduate
2,10,5,9147,1,10,144.1,3,23,4,12,3,124.6,0,0,0,1,1,0,18,0,11,12,6,1,15.1,7,8,13,14,10,4.9,4,8.3,1.1,-0.07,Graduate
1,2,8,9238,1,2,123.1,4,21,8,5,19,127.5,0,0,0,1,0,0,19,0,9,8,6,9,7.4,7,0,16,27,5,17.9,7,10.2,1.4,-2.69,Dropout
2,5,3,9130,0,2,126.1,3,24,33,6,3,121.0,1,0,0,1,1,0,31,0,3,2,21,13,12.4,6,0,14,15,9,9.9,3,8.3,-0.4,-1.6,Enrolled
1,2,0,9085,1,6,104.6,10,32,1,4,13,127.4,1,0,0,1,1,0,19,0,13,9,26,8,3.4,9,8,3,0,7,15.3,1,11.6,-0.5,-2.45,Dropout
1,7,0,9003,0,10,152.4,13,5,5,14,4,128.8,0,0,0,1,1,1,54,0,5,11,0,1,17.4,8,10,12,22,7,2.0,8,8.8,0.8,-0.81,Graduate
3,2,9,9147,1,5,110.7,5,33,32,7,4,151.5,0,0,0,1,1,0,50,0,5,5,26,0,13.0,6,14,3,2,9,9.9,1,13.9,2.0,0.77,Graduate
2,7,6,9147,1,1,129.8,13,19,1,9,18,134.4,1,0,0,0,0,0,33,0,14,1,9,4,1.4,9,0,18,27,7,0.3,9,11.4,2.3,-2.98,Graduate
3,16,2,9238,0,1,148.4,1,34,22,11,4,124.3,0,0,0,0,1,0,19,0,13,19,3,7,15.8,7,0,17,13,14,6.8,2,11.5,2.3,-1.07,Dropout
1,7,1,9238,1,14,153.0,11,3,29,16,10,125.7,0,0,0,1,1,1,23,0,14,17,7,12,17.3,0,11,18,4,0,0.7,3,15.6,1.5,0.08,Dropout
3,7,5,9147,1,12,126.2,3,28,17,15,1,117.7,1,0,1,1,0,1,47,0,4,8,1,13,6.0,5,1,10,2,12,8.3,2,9.9,3.5,1.98,Graduate
2,15,5,9238,0,4,104.4,17,11,30,0,14,119.9,0,0,1,1,0,0,26,1,10,13,9,7,9.7,2,2,5,10,6,12.8,2,10.4,2.6,0.65,Graduate
2,2,6,8014,1,14,133.5,19,10,1,3,13,138.8,1,0,0,1,1,0,51,0,4,11,28,13,17.9,1,10,9,21,10,15.8,6,12.3,1.4,2.18,Dropout
2,15,4,8014,1,1,135.0,13,2,4,7,13,120.6,1,0,0,1,1,0,44,0,8,15,26,4,8.1,0,3,7,16,7,12.0,0,10.1,1.3,-3.53,Enrolled
4,16,7,9085,0,10,136.4,16,27,9,5,7,119.0,1,0,1,1,0,0,36,0,11,17,1,0,12.0,0,11,19,20,13,13.1,7,14.5,1.6,-2.65,Enrolled
2,5,6,9085,0,2,125.4,18,9,32,9,19,119.3,1,0,0,1,1,0,17,0,1,3,20,6,8.1,0,3,3,0,1,3.9,3,11.9,0.7,2.95,Enrolled
2,2,1,9085,1,2,127.9,20,1,5,17,7,117.5,1,0,1,0,0,1,29,0,5,14,16,6,1.4,2,9,19,15,3,5.3,8,7.0,3.2,0.95,Enrolled
6,5,0,9070,1,1,119.6,19,33,14,12,4,141.7,0,0,1,1,1,0,24,0,8,17,7,9,9.2,3,2,3,5,11,16.9,5,9.9,1.5,-0.94,Graduate
3,5,8,9070,1,1,132.4,6,33,26,4,4,128.9,1,0,0,1,1,0,40,0,13,6,25,10,14.9,3,7,10,17,11,2.9,1,11.5,2.1,-1.31,Enrolled
1,7,4,171,1,12,142.0,7,3,23,11,13,123.3,0,0,0,1,1,0,38,0,2,10,19,6,0.7,5,3,7,12,5,17.8,6,14.0,0.2,1.6,Enrolled
2,17,4,9119,1,1,133.9,15,32,22,17,4,127.4,0,0,0,1,1,0,43,0,3,14,5,5,7.9,1,8,18,22,3,15.1,6,13.7,0.4,2.66,Graduate
1,2,9,9003,1,6,129.3,5,13,27,7,8,129.8,0,0,0,1,0,0,49,0,5,13,28,11,14.8,4,8,0,7,10,14.4,1,13.0,3.4,-0.02,Dropout
1,5,3,8014,1,9,146.9,16,21,25,13,10,117.3,1,0,1,1,1,0,42,0,6,11,5,1,6.4,3,14,16,13,1,14.6,4,14.5,-0.6,-3.06,Graduate
2,17,1,9130,0,4,133.8,6,4,4,14,16,108.9,0,0,0,1,0,0,19,0,13,19,29,7,17.6,5,3,5,27,12,6.7,2,8.9,0.7,2.51,Dropout
5,10,4,9003,1,5,130.5,3,17,32,4,11,144.4,0,0,1,1,1,0,46,0,2,1,19,0,6.9,2,3,18,15,1,14.3,4,11.1,1.4,-1.01,Graduate
5,5,1,9003,1,4,131.2,12,4,9,4,11,139.8,0,0,0,1,1,0,54,0,7,10,20,10,14.1,3,10,15,19,1,6.4,1,11.9,0.7,2.69,Dropout
1,10,6,9130,0,4,111.8,4,20,2,16,15,131.9,0,0,0,1,1,0,26,0,8,7,26,0,4.4,0,2,10,25,1,6.6,0,15.8,0.9,1.76,Graduate
1,2,8,33,1,14,113.6,3,12,25,12,0,138.9,1,0,1,1,1,1,22,0,1,0,5,6,6.0,4,13,15,13,6,14.3,5,15.8,3.7,-1.6,Graduate
1,16,8,9147,0,1,128.1,16,26,10,16,17,151.9,0,0,0,1,1,1,33,0,10,11,16,0,13.0,6,3,11,23,8,7.0,5,11.5,1.8,-3.21,Dropout
6,15,5,9119,1,6,118.9,16,16,25,10,5,120.0,1,0,0,1,1,0,23,0,6,3,5,3,1.0,5,4,0,21,13,14.5,2,8.3,1.5,-0.2,Graduate
6,2,0,171,1,14,129.3,19,7,29,0,4,112.4,1,0,1,1,0,0,30,0,11,18,13,10,1.7,2,9,11,10,9,0.2,2,15.0,1.1,-3.45,Dropout
2,15,5,9085,1,14,142.9,15,33,5,12,17,135.6,1,0,0,1,1,1,50,0,6,8,6,12,4.8,6,1,2,10,11,3.1,2,7.2,2.7,2.21,Enrolled
3,15,4,9130,1,9,140.6,9,2,14,17,12,107.9,1,0,1,1,1,0,22,1,12,19,5,9,4.5,5,5,17,28,8,16.8,9,11.1,2.5,-3.63,Dropout
2,2,3,9070,1,9,135.9,20,33,33,5,5,127.5,0,0,0,1,1,1,49,0,12,4,3,5,1.2,0,6,11,13,5,11.3,8,11.5,2.1,3.08,Enrolled
2,5,5,9085,1,10,142.7,2,14,27,12,6,123.1,0,0,1,1,1,0,34,1,2,2,5,4,17.5,7,9,10,14,9,8.4,0,8.3,-0.0,-0.3,Dropout
1,1,5,9238,1,9,145.5,6,20,5,19,2,135.8,1,0,0,1,1,1,22,0,1,10,1,8,5.3,0,1,5,22,2,10.4,4,10.3,-0.3,-0.4,Graduate
1,5,5,9130,1,6,144.9,14,27,15,10,10,120.7,1,0,1,1,1,0,34,0,13,1,0,11,13.0,9,9,18,21,10,7.2,8,13.0,1.4,2.32,Graduate
2,5,1,9085,1,10,144.5,9,21,3,18,7,142.6,1,0,0,1,0,0,46,0,8,7,29,7,7.1,9,7,7,8,10,2.4,9,13.3,2.8,0.08,Dropout
2,16,6,9147,1,3,112.0,10,2,1,19,3,117.3,1,0,0,1,1,1,20,0,6,14,21,10,17.8,2,3,11,23,11,16.0,8,14.0,-0.5,-0.86,Graduate
1,7,3,9147,1,12,101.6,18,16,24,8,9,136.2,1,0,0,1,0,1,41,0,3,18,15,11,2.5,5,3,7,23,6,13.6,9,12.2,3.2,-2.52,Dropout
5,7,8,9147,1,3,118.3,15,19,12,12,8,118.3,0,0,0,0,0,0,19,0,10,0,16,13,6.7,2,12,3,0,14,12.6,8,9.6,3.0,1.46,Dropout
1,5,9,9085,1,4,123.1,4,4,14,14,12,134.1,1,0,0,1,1,0,21,0,11,1,9,11,7.8,8,6,5,8,10,15.2,1,7.1,0.1,-0.27,Dropout
1,10,1,9147,1,14,143.9,5,10,20,10,18,113.8,0,0,1,1,1,0,21,0,9,11,19,2,12.9,1,8,5,5,7,13.4,2,12.5,1.1,-0.23,Graduate
2,16,4,8014,1,6,128.6,21,22,14,15,14,126.7,1,0,0,0,1,0,26,0,4,10,5,2,8.9,8,9,8,11,11,9.3,8,12.1,-0.5,-2.13,Enrolled
2,15,3,9070,1,10,122.8,6,12,14,16,4,144.2,0,0,0,1,1,0,54,0,6,8,5,5,13.5,0,14,3,25,8,2.5,1,12.7,-0.6,-2.97,Graduate
2,17,8,171,1,3,132.5,15,2,19,4,12,128.5,0,0,0,1,1,1,36,0,8,1,7,2,15.1,6,6,11,24,13,1.9,0,15.4,1.1,-1.67,Enrolled
1,7,3,9130,1,14,138.0,20,2,20,13,11,142.4,1,0,0,0,0,0,29,0,4,5,11,11,5.2,7,4,14,12,3,0.6,0,9.1,0.7,2.04,Enrolled
1,5,7,9003,1,6,141.6,2,34,23,14,8,126.7,0,0,0,1,1,1,17,0,14,13,10,0,14.5,1,1,0,23,12,8.9,8,13.4,2.8,0.68,Enrolled
2,16,7,9085,1,5,123.8,16,18,34,8,7,120.4,0,0,0,1,1,0,46,0,6,19,28,5,8.8,5,11,8,9,4,2.9,4,8.8,0.4,-1.39,Enrolled
2,1,5,9085,1,5,115.6,5,16,1,13,8,129.2,1,0,0,0,1,0,52,0,0,13,0,11,1.4,6,14,13,10,0,4.9,6,14.1,2.7,-1.82,Enrolled
1,10,5,9070,0,5,118.3,4,19,4,9,12,135.0,1,0,0,1,1,0,54,0,4,4,0,0,5.3,1,11,4,4,4,15.8,9,7.3,0.6,-4.03,Enrolled
2,2,7,33,1,12,131.8,1,25,17,12,8,102.2,1,0,0,1,0,0,24,0,10,10,26,1,14.5,0,13,5,5,14,10.9,4,9.4,1.7,-3.83,Enrolled
1,5,9,9119,1,9,114.2,8,30,26,16,5,133.8,1,0,0,1,1,0,25,0,7,7,7,8,7.0,9,9,2,16,9,17.7,4,9.3,3.0,-0.42,Graduate
2,16,8,9238,1,12,144.2,21,6,14,0,5,114.8,1,0,0,1,1,0,49,0,1,4,12,1,1.7,2,1,6,25,6,17.1,9,14.6,-0.1,-2.12,Graduate
3,5,4,9130,1,12,114.4,10,27,32,13,10,111.6,0,0,0,1,1,1,53,0,7,10,4,12,11.5,8,14,6,17,10,8.0,4,11.9,0.8,3.03,Graduate
1,17,0,33,1,6,106.6,15,15,20,11,9,134.0,0,0,0,0,1,1,22,0,4,19,4,1,15.3,5,5,14,26,11,11.8,1,10.7,2.5,0.16,Enrolled
1,15,0,9238,1,6,132.3,2,31,16,6,13,144.4,1,0,0,1,0,0,33,0,7,6,9,11,2.4,4,13,10,15,1,17.1,5,9.2,0.1,2.77,Graduate
3,10,1,9119,0,4,125.9,19,22,19,2,5,129.8,1,0,0,1,1,0,39,0,1,18,18,4,9.8,5,4,18,22,10,14.1,4,9.9,-0.5,-2.52,Dropout
2,7,9,9003,0,10,137.1,12,12,24,0,6,109.4,0,0,0,1,0,0,53,0,7,4,9,3,3.7,8,11,18,25,4,11.8,1,13.5,3.6,-3.13,Dropout
2,7,9,9085,1,2,122.5,10,10,14,12,8,118.3,0,0,0,1,0,0,18,0,4,14,28,3,6.1,6,9,17,18,8,10.7,9,14.7,0.8,2.25,Graduate
3,7,4,9147,1,5,136.0,12,21,29,1,2,121.6,0,0,1,1,1,1,34,0,3,15,25,9,7.5,0,14,13,19,11,9.8,1,7.8,3.2,0.55,Enrolled
3,17,3,9070,0,1,145.1,21,31,14,8,11,129.5,1,0,0,1,1,0,54,0,12,8,8,2,0.1,1,12,4,8,2,2.5,0,7.1,0.2,1.31,Graduate
6,2,0,9130,1,14,120.6,20,10,11,17,15,126.1,0,0,1,1,1,0,44,0,8,16,25,3,6.4,5,8,19,23,1,1.9,1,11.9,1.6,0.12,Dropout
1,16,3,9070,1,2,137.7,9,19,11,3,12,133.4,1,0,0,1,0,1,30,0,11,8,7,6,5.6,1,4,8,14,4,4.3,2,14.5,3.1,-1.35,Graduate
1,10,3,171,0,1,156.9,8,23,24,15,5,140.0,1,0,0,1,1,0,38,0,2,18,9,12,12.0,7,12,17,7,10,10.3,9,7.2,-0.5,-1.88,Graduate
1,10,9,9003,1,6,141.6,2,10,22,5,12,131.5,1,0,0,1,0,0,17,0,2,3,27,11,15.8,5,1,10,4,8,16.7,1,12.2,2.6,-3.34,Graduate
1,7,3,171,1,2,118.1,21,27,21,19,4,138.7,1,0,0,1,0,0,24,0,7,4,23,2,1.9,8,0,0,18,9,7.1,8,14.3,-0.2,-3.46,Graduate
2,7,0,9119,1,4,135.0,7,2,6,2,3,123.5,0,0,0,1,1,1,43,0,10,9,2,10,8.7,1,5,12,20,3,15.5,4,8.0,0.2,-0.65,Enrolled
1,15,8,9119,1,5,110.5,4,11,14,10,7,169.8,1,0,0,1,1,0,26,0,1,13,12,5,5.0,0,2,10,10,0,0.4,0,10.3,0.8,-1.85,Dropout
5,17,2,8014,1,9,112.6,19,8,9,4,2,134.2,1,0,0,1,1,0,50,0,13,4,10,11,17.8,3,5,8,20,5,13.3,0,7.9,0.5,0.32,Enrolled
2,1,3,9119,1,14,152.4,8,19,25,0,1,135.9,0,0,0,1,1,0,49,0,13,9,24,2,14.0,9,8,3,22,8,1.6,6,7.3,0.9,1.31,Graduate
2,1,4,33,1,1,136.1,13,16,15,7,19,149.8,0,0,0,1,1,0,53,0,2,2,4,5,2.1,7,5,3,23,3,16.2,6,11.4,2.3,0.9,Graduate
1,5,6,33,1,5,153.1,21,4,28,18,18,128.1,1,0,0,1,1,1,24,0,12,3,0,9,6.6,5,6,9,18,12,8.7,8,13.0,0.3,2.63,Dropout
1,5,5,9147,1,4,136.4,3,14,14,3,6,118.6,1,0,1,1,0,0,46,0,11,5,1,0,2.0,2,10,14,16,8,9.1,8,15.3,2.0,1.5,Enrolled
1,10,4,9085,1,9,121.8,5,22,13,8,11,144.0,1,0,0,1,0,0,36,0,7,14,11,14,14.2,6,12,10,23,14,16.5,8,9.8,1.9,-1.07,Graduate
1,10,7,9070,1,14,130.6,20,17,31,2,3,144.7,1,0,0,1,1,0,17,0,8,10,22,2,8.8,9,0,0,17,10,7.9,1,9.3,0.3,-1.33,Dropout
1,2,0,9085,0,9,134.0,8,26,5,4,9,129.0,1,0,0,1,1,0,23,0,13,19,12,3,11.7,0,5,18,22,6,16.2,3,12.6,-0.4,-3.6,Graduate
2,2,6,9085,1,10,163.2,2,30,19,15,8,149.9,0,0,0,1,1,0,27,0,10,17,16,10,10.3,7,5,15,9,0,12.3,6,15.5,0.3,0.11,Dropout
4,1,5,33,0,4,140.5,10,21,8,7,11,125.9,1,0,0,1,0,0,23,0,14,13,1,3,3.3,7,11,5,22,5,5.1,0,8.7,2.1,1.08,Graduate
4,17,4,9070,0,4,118.8,16,20,13,5,10,139.1,1,0,0,1,1,1,52,0,0,0,20,12,0.2,2,10,2,9,1,1.1,0,8.1,0.3,-1.65,Graduate
2,5,6,9147,1,14,127.1,4,26,17,2,18,146.7,0,0,0,1,1,0,36,0,7,8,20,3,15.7,0,0,3,26,7,16.3,8,14.6,0.2,2.35,Graduate
1,1,2,9003,1,5,137.1,14,12,32,15,1,128.3,1,0,0,1,0,0,49,0,14,5,5,12,1.7,2,1,2,2,6,5.8,4,8.2,3.4,-1.32,Graduate
4,17,0,8014,0,5,113.7,3,8,5,7,5,132.9,1,0,0,1,1,0,50,0,9,13,21,13,14.2,6,14,8,22,6,0.4,1,10.9,3.5,-1.36,Dropout
4,1,8,33,1,3,129.7,10,29,9,12,5,140.3,1,0,0,1,1,0,39,0,6,6,29,0,3.4,1,10,15,5,12,16.3,9,14.0,1.0,-1.66,Dropout
1,5,1,171,1,5,126.9,13,7,34,4,0,122.2,1,0,0,1,1,0,40,1,13,16,26,1,15.3,6,5,16,26,3,9.6,8,10.4,2.7,-3.35,Enrolled
2,16,9,8014,1,5,137.3,5,10,1,5,6,116.4,1,0,0,1,1,0,25,0,13,5,14,0,10.7,4,2,17,3,0,12.6,5,12.8,-0.5,3.46,Enrolled
1,2,2,9003,1,10,128.5,17,20,15,2,11,144.3,0,0,0,1,0,0,39,0,1,15,14,14,7.2,0,2,12,29,13,17.2,4,14.1,3.3,-0.4,Dropout
3,15,7,9119,1,9,109.0,17,28,32,7,11,131.0,1,0,0,1,1,0,33,0,13,7,12,3,11.9,7,1,9,3,6,3.6,2,11.9,0.8,3.05,Enrolled
6,15,9,9085,1,10,129.3,11,14,34,3,19,120.4,0,0,0,1,1,0,50,0,0,12,14,8,4.9,2,11,17,27,4,11.4,2,8.8,2.6,0.29,Dropout
1,15,8,9130,1,5,141.5,19,12,28,16,5,128.2,0,0,0,0,0,0,22,0,14,17,8,12,7.5,0,3,3,27,4,3.1,7,9.0,2.2,2.51,Dropout
4,5,2,9147,1,2,151.7,18,8,17,7,13,133.6,0,0,0,1,0,1,19,0,6,0,11,7,14.8,2,12,5,4,8,4.7,5,15.9,1.0,0.5,Enrolled
2,7,5,9085,1,10,144.4,17,7,11,18,16,106.6,1,0,0,1,1,0,54,0,7,10,6,0,0.2,5,13,5,6,2,9.7,6,14.3,-0.5,0.85,Enrolled
6,7,6,9119,0,12,106.1,11,5,23,13,16,136.3,1,0,0,1,0,0,54,0,12,6,23,7,4.2,1,12,15,20,4,4.0,0,9.9,2.0,3.14,Graduate
1,7,0,9003,1,2,110.0,15,1,26,8,17,132.3,1,0,0,1,0,1,24,0,0,7,20,1,13.3,1,0,19,16,9,8.5,5,8.6,-0.5,1.71,Graduate
3,10,6,171,1,1,114.1,8,9,5,11,12,148.5,1,0,0,1,1,0,25,0,3,11,8,10,13.0,5,0,13,11,10,0.3,2,9.5,3.5,-2.71,Graduate
1,2,3,9147,1,6,152.6,12,18,26,12,12,124.2,1,0,0,0,0,0,31,0,2,13,1,4,2.9,3,7,2,6,1,11.7,8,14.4,1.1,0.92,Enrolled
1,2,4,9147,1,3,137.4,17,10,6,7,10,144.9,1,0,0,1,0,0,46,0,4,0,6,13,17.7,3,7,10,15,10,13.8,4,12.4,0.5,-1.49,Dropout
1,16,7,9003,1,1,169.6,5,1,34,2,2,126.4,0,0,1,1,1,0,20,0,14,6,1,14,12.2,1,8,12,12,4,4.2,4,13.2,0.1,-0.98,Dropout
6,16,3,8014,1,6,149.3,4,20,13,14,16,128.8,0,0,0,1,1,0,45,1,8,16,23,8,6.7,3,7,1,18,4,0.5,6,12.9,-0.5,2.52,Enrolled
3,10,3,9238,1,10,131.4,11,29,25,19,1,130.7,0,0,0,1,1,0,49,0,11,1,12,8,6.3,1,1,17,10,1,1.2,7,14.7,2.4,2.4,Dropout
4,1,7,9085,0,12,123.2,8,2,2,18,1,154.2,0,0,0,1,1,1,22,0,0,11,11,0,9.4,5,11,0,3,8,11.4,2,15.9,3.7,-1.39,Enrolled
5,17,4,8014,0,6,135.6,16,26,14,3,6,110.9,0,0,0,1,1,0,45,0,2,14,20,12,0.7,9,1,14,17,2,18.0,3,12.7,1.3,2.81,Graduate
1,16,5,33,1,6,142.6,16,11,17,1,9,133.4,1,0,0,1,0,0,35,0,1,5,26,8,12.9,1,1,12,22,11,12.3,0,12.4,2.4,-0.47,Graduate
1,15,4,9003,0,1,148.2,3,25,25,4,13,127.5,0,0,0,1,1,0,53,0,0,19,23,10,1.2,3,6,14,11,12,0.2,9,8.0,1.4,-1.9,Graduate
1,7,0,33,1,5,125.7,12,34,27,1,18,126.6,0,0,0,1,1,1,43,0,11,3,20,5,11.8,7,2,1,13,0,16.9,0,15.3,1.0,-3.73,Graduate
1,15,6,171,1,3,162.9,13,1,24,6,16,134.6,0,0,1,1,0,0,27,0,5,3,14,11,14.4,7,5,4,15,10,15.4,7,7.6,0.8,-1.71,Dropout
1,7,5,8014,1,9,129.3,1,31,33,10,15,141.4,1,0,0,1,1,0,25,0,5,11,2,0,16.3,5,4,17,19,3,9.4,4,13.1,3.2,1.74,Graduate
1,15,1,9130,1,12,147.7,4,22,27,11,16,133.9,1,0,0,1,1,0,32,0,8,10,18,6,2.7,2,4,16,1,3,14.6,6,13.7,2.6,-0.42,Enrolled
1,1,6,9238,1,6,135.1,21,2,31,3,17,143.1,1,0,0,1,1,0,34,0,13,9,5,2,13.4,1,13,16,25,4,5.3,5,10.0,3.1,-2.43,Graduate
1,17,5,9003,1,5,124.7,6,1,15,2,10,123.7,1,0,0,1,1,0,29,0,10,4,26,4,17.7,8,11,18,7,2,2.2,9,7.9,-0.4,-0.45,Dropout
1,15,4,9003,1,9,100.5,5,24,1,7,18,126.4,1,0,0,1,1,0,23,0,11,17,6,3,1.2,8,3,4,22,7,2.8,6,10.8,0.8,2.82,Enrolled
1,15,7,9238,1,12,111.4,5,34,11,17,10,114.0,1,0,0,1,1,1,33,0,14,3,10,13,0.5,9,5,15,1,6,4.2,9,9.2,0.1,-1.84,Graduate
6,5,4,9147,1,5,147.7,21,9,15,4,9,152.8,1,0,1,1,1,1,25,0,7,2,22,12,3.8,0,10,15,15,0,4.9,6,12.3,-0.0,1.14,Graduate
3,17,1,9119,1,5,141.3,10,12,33,15,13,124.6,1,0,0,0,0,0,48,0,1,16,2,11,3.7,8,10,14,0,0,7.6,7,7.3,3.2,-3.06,Graduate
6,15,5,171,1,14,138.9,19,20,32,11,13,123.1,1,0,0,1,1,0,42,0,10,1,1,2,5.8,4,9,16,17,7,12.4,6,7.4,3.2,2.55,Enrolled
1,5,0,8014,1,4,153.3,18,4,25,8,9,134.9,1,0,0,1,0,0,38,0,8,14,20,2,16.6,8,2,17,28,4,2.4,8,12.2,1.8,-0.21,Dropout
1,2,4,9003,1,5,115.3,2,15,33,7,3,141.4,1,0,0,1,1,0,44,0,5,16,28,3,12.3,1,6,0,8,1,3.6,7,8.2,0.4,-1.9,Dropout
3,17,5,9003,1,9,122.9,16,4,29,4,9,118.0,0,0,0,1,1,0,32,0,12,1,18,14,0.2,6,4,16,11,11,2.1,0,10.2,3.6,2.39,Graduate
1,10,6,9238,0,3,123.9,15,5,34,19,5,142.4,0,0,0,1,1,0,52,0,8,11,6,2,8.9,0,5,3,22,7,8.7,9,14.9,-0.3,-2.99,Enrolled
1,17,1,9130,1,4,109.9,5,10,8,18,10,123.1,0,0,0,1,1,0,41,0,6,16,10,5,15.8,0,0,14,14,7,12.8,1,7.2,2.7,-1.39,Enrolled
1,17,0,9238,1,12,118.0,21,1,11,14,17,145.6,1,0,0,1,1,0,44,0,7,16,10,1,9.6,7,8,16,9,6,8.0,6,8.3,0.7,-2.78,Graduate
1,15,5,9238,1,2,113.9,9,18,13,19,5,120.0,0,0,0,1,1,0,45,0,9,4,28,11,3.5,7,1,3,29,6,13.4,8,15.1,1.0,2.54,Dropout
1,2,2,9085,1,10,106.5,5,31,5,10,14,136.6,0,0,0,0,1,0,17,0,14,9,2,0,17.2,6,9,10,28,9,10.2,2,10.4,2.8,-0.75,Graduate
1,17,4,8014,1,12,116.5,5,6,19,19,5,127.6,1,0,0,1,1,0,47,0,6,10,23,13,5.5,7,4,2,17,1,5.7,2,10.3,-0.6,-1.84,Dropout
2,16,1,9147,1,5,129.0,9,6,21,12,19,112.4,1,0,0,1,1,0,46,0,13,14,6,8,6.3,6,9,8,25,9,9.8,1,12.0,1.3,2.42,Dropout
1,16,0,9238,1,9,156.8,9,19,3,12,0,108.6,1,0,0,1,1,0,41,0,7,13,10,6,6.4,7,12,10,8,3,15.0,0,11.0,1.0,2.78,Enrolled
1,5,0,9130,1,6,114.7,2,32,26,16,8,117.3,0,0,0,1,1,0,34,0,8,12,23,0,7.1,1,11,9,13,8,3.1,4,14.0,0.4,-3.33,Graduate
3,15,3,9147,1,1,146.1,7,30,33,15,13,139.9,1,0,0,1,1,0,53,0,5,6,11,7,12.8,4,13,5,4,10,10.1,0,9.5,3.5,0.5,Graduate
1,15,9,9070,1,10,133.3,1,26,30,16,2,101.7,1,0,0,1,1,0,25,0,12,15,12,0,5.7,5,8,4,20,10,12.1,5,8.4,1.4,0.14,Graduate
1,17,1,8014,1,12,136.6,20,3,22,18,0,131.3,1,0,1,1,0,0,31,0,9,16,27,0,8.4,7,13,12,11,8,16.3,0,12.0,1.2,2.25,Dropout
4,1,0,9003,1,14,132.2,2,33,5,13,13,130.2,1,0,0,1,0,1,45,0,6,15,0,5,4.7,0,4,11,27,1,10.9,9,11.2,2.3,-0.24,Graduate
1,2,5,9070,1,1,102.2,12,31,19,6,13,105.1,0,0,1,1,1,1,53,0,1,0,27,9,9.1,3,7,17,4,9,0.8,5,10.2,2.5,-3.36,Dropout
1,7,3,9147,1,10,114.2,6,20,9,8,3,116.6,1,0,0,1,1,0,21,0,6,18,6,8,17.1,6,2,16,7,1,10.2,3,10.4,0.4,3.3,Dropout
1,7,9,9147,0,3,138.6,20,4,24,1,13,116.6,0,0,0,1,1,0,25,0,0,17,19,10,5.2,7,14,19,14,13,3.7,9,15.2,0.6,0.08,Enrolled
1,1,6,8014,1,6,130.7,19,32,12,18,3,127.7,0,0,0,1,1,0,53,0,10,15,24,12,14.7,4,4,8,10,1,8.4,5,14.1,-0.6,0.75,Graduate
2,5,5,9119,1,14,105.3,16,18,27,5,10,146.1,0,0,0,1,0,1,26,0,9,1,19,10,3.9,5,8,13,7,4,10.2,1,8.8,3.7,-3.67,Graduate
3,7,4,9085,1,10,126.7,4,10,21,0,19,141.0,1,0,0,0,1,0,41,0,3,1,3,14,2.6,7,8,10,0,13,11.9,5,11.0,-0.8,2.0,Graduate
1,17,9,9003,1,5,138.9,18,22,32,6,8,122.3,0,0,0,1,1,0,54,0,9,7,2,2,1.6,7,7,14,5,12,1.3,4,13.8,1.4,2.78,Graduate
2,7,1,9070,1,10,111.2,5,17,33,15,10,116.2,1,0,0,1,1,0,26,0,13,2,16,14,17.6,7,5,12,23,7,15.2,9,11.7,1.2,-1.87,Graduate
1,16,4,9238,1,9,124.1,18,4,17,1,14,106.7,0,0,0,1,1,1,54,0,11,19,2,1,10.3,2,2,3,6,2,17.0,5,15.4,2.8,-1.88,Dropout
1,16,8,171,1,9,152.8,6,7,5,3,5,122.1,1,0,0,1,1,1,36,0,2,15,9,9,9.3,2,5,9,8,8,12.6,7,13.4,-0.5,-2.52,Enrolled
2,10,8,9119,0,9,138.8,14,8,20,19,11,115.3,1,0,0,1,1,0,25,0,14,3,4,14,0.1,7,12,15,3,0,10.9,8,8.3,0.6,0.07,Graduate
1,2,1,9003,1,12,153.8,20,1,23,13,12,126.5,1,0,0,1,1,0,19,0,12,3,27,10,8.7,6,8,14,5,4,11.1,1,10.6,2.5,-3.9,Enrolled
1,5,6,171,1,6,124.4,17,8,4,10,17,127.0,1,0,0,1,1,0,27,0,13,0,25,10,11.9,1,12,5,22,7,12.6,6,14.7,3.6,-3.09,Dropout
1,15,9,9085,1,6,146.2,18,19,26,8,13,120.8,0,0,0,1,0,0,20,0,3,0,15,0,7.4,9,1,3,14,13,15.9,0,10.6,3.7,0.57,Graduate
1,2,3,171,1,12,114.5,21,17,30,4,10,121.1,1,0,1,1,0,0,44,0,11,0,16,5,2.3,1,4,11,20,1,2.7,8,11.6,0.0,-0.39,Graduate
1,5,2,9238,1,6,142.5,10,9,29,2,1,118.0,1,0,0,1,0,0,54,0,4,1,1,4,4.8,7,8,15,6,5,0.6,2,14.3,-0.5,1.58,Graduate
3,7,0,171,1,9,119.3,19,16,34,19,18,120.3,1,0,0,1,1,1,27,0,9,11,16,14,12.9,2,7,14,25,2,1.3,9,7.2,1.4,1.56,Enrolled
1,10,2,9119,0,9,136.9,18,27,10,1,1,145.7,1,0,1,1,1,1,48,0,14,14,7,13,8.6,0,2,16,10,8,5.0,8,7.7,-0.6,-0.77,Graduate
1,2,8,33,1,2,137.6,4,2,20,9,16,133.7,1,0,0,1,0,0,34,1,14,6,8,9,8.6,1,1,6,18,6,7.3,3,9.4,1.3,1.05,Graduate
1,7,8,9119,1,10,140.3,20,12,24,9,7,133.9,0,0,1,1,0,1,35,0,3,2,6,12,0.7,7,10,13,19,10,8.4,0,13.9,3.5,2.45,Enrolled
2,5,6,9238,1,6,114.9,15,31,34,6,4,140.2,0,0,0,1,1,0,32,0,3,6,0,6,9.5,6,10,12,7,8,4.0,7,9.5,3.0,0.46,Enrolled
2,2,2,9070,1,4,134.7,6,19,13,14,10,139.0,1,0,0,1,0,0,19,0,7,12,19,4,7.6,5,11,0,9,5,1.4,0,10.7,-0.6,3.27,Enrolled
2,15,2,33,1,9,130.4,6,26,23,4,19,145.5,0,0,0,0,0,0,29,0,12,6,7,5,15.8,2,2,5,1,12,4.5,7,10.1,-0.7,3.46,Graduate
3,2,3,9085,1,10,148.8,3,4,10,7,0,134.6,1,0,0,1,0,1,53,0,1,16,8,14,6.9,6,6,10,5,8,13.9,2,14.2,1.1,-0.17,Dropout
4,7,6,9119,1,1,120.4,9,31,22,17,19,129.7,0,0,0,1,1,0,46,0,0,15,19,1,11.0,7,7,5,24,1,11.0,8,12.5,-0.3,-2.09,Dropout
1,17,6,33,1,14,110.4,11,13,14,19,15,119.3,0,0,0,1,0,0,30,0,7,14,15,12,16.8,9,6,9,28,14,13.3,3,9.0,0.9,1.91,Dropout
1,17,1,9147,1,4,105.3,5,4,25,5,4,116.3,1,0,0,1,0,1,52,0,13,2,17,0,10.2,6,6,9,7,13,9.5,8,14.9,2.3,-2.74,Graduate
3,2,4,9119,1,4,125.7,14,13,18,10,15,138.5,1,0,0,1,1,0,22,0,11,3,1,5,0.5,8,7,15,25,9,4.6,7,7.1,0.7,1.8,Graduate
6,15,6,33,1,14,123.6,2,9,20,7,4,125.6,1,0,0,1,0,0,48,0,10,15,19,1,1.8,8,7,6,28,1,17.4,0,10.8,0.8,-0.7,Graduate
4,10,6,8014,1,12,125.5,19,2,28,3,9,109.3,0,0,1,1,1,0,48,0,12,16,7,2,17.4,5,4,0,12,3,15.3,6,14.2,-0.4,1.83,Graduate
1,10,5,9070,1,6,125.6,8,12,8,6,8,99.8,0,0,0,1,0,1,28,0,6,7,21,11,9.9,1,14,3,27,4,16.4,5,11.1,3.3,-1.8,Graduate
1,17,9,9003,1,4,150.9,13,17,5,1,18,154.9,1,1,0,1,1,0,41,0,11,15,25,0,3.4,9,6,4,6,9,3.9,9,9.5,2.9,-0.62,Graduate
1,7,9,171,0,1,127.8,19,4,21,14,2,114.2,0,0,0,1,0,0,41,0,1,5,23,7,10.2,0,14,18,28,14,12.6,5,15.3,0.9,2.27,Dropout
2,5,7,33,1,10,147.0,5,14,20,8,8,118.1,0,0,1,0,1,0,24,0,2,8,26,6,17.2,7,8,10,10,8,9.9,4,13.0,1.7,-1.49,Enrolled
1,7,2,9003,0,12,135.8,15,21,16,18,19,143.0,1,0,0,1,1,1,51,0,14,3,17,9,0.8,9,7,3,15,1,3.9,9,11.9,1.4,-0.98,Dropout
1,10,0,9119,1,5,116.3,4,8,20,18,7,111.3,1,0,1,1,1,0,22,0,0,8,15,7,9.5,0,8,1,22,7,14.7,5,15.3,0.2,0.29,Dropout
3,1,2,9003,1,5,130.1,4,33,25,4,3,133.9,1,0,1,1,1,1,20,0,10,11,18,14,2.5,8,4,10,7,4,0.1,2,15.2,0.2,0.8,Graduate
1,1,1,9147,1,14,153.2,18,28,7,18,10,150.7,0,0,0,1,1,0,51,0,5,14,25,4,8.0,7,10,6,10,8,3.1,0,10.1,1.4,-2.63,Dropout
4,2,1,9130,1,10,145.2,19,3,25,2,3,154.5,0,0,0,1,1,1,42,0,13,5,21,5,11.8,7,3,14,17,4,3.0,8,10.1,1.1,0.57,Graduate
1,15,1,9130,1,10,148.0,20,14,10,11,11,121.2,0,0,0,1,1,0,47,0,3,13,25,2,8.3,9,5,4,23,12,10.4,2,9.6,1.0,-0.41,Dropout
1,17,4,9070,1,5,137.6,9,19,16,6,6,126.8,1,0,0,0,1,0,37,0,7,14,0,14,17.3,9,5,6,4,11,9.2,9,9.6,3.0,1.93,Dropout
1,16,0,33,0,4,122.8,15,6,4,4,7,121.8,0,0,0,1,0,0,40,0,2,11,13,6,10.5,4,3,10,7,1,16.7,2,8.3,-0.7,0.88,Dropout
3,16,9,9147,1,6,154.6,12,20,10,11,9,126.8,0,0,0,1,0,0,26,0,0,13,21,3,17.3,6,4,18,23,7,14.9,2,12.8,3.5,-0.28,Enrolled
1,16,3,171,1,14,138.4,4,1,31,3,12,143.9,0,0,0,1,1,0,23,0,9,1,26,1,5.7,5,13,12,7,0,5.9,9,9.7,2.8,2.45,Dropout
1,2,9,9085,1,5,144.0,3,10,12,19,13,108.8,1,0,0,1,1,0,42,0,0,17,5,6,0.4,8,4,7,17,2,9.5,5,11.0,3.2,0.48,Graduate
6,1,4,9238,1,10,131.6,5,13,20,18,15,135.4,1,0,1,1,1,0,44,0,5,11,11,5,2.8,4,5,14,8,3,5.6,6,11.3,2.1,-0.51,Dropout
1,10,1,9070,1,12,114.5,17,12,32,12,6,124.5,1,0,0,1,1,0,18,0,6,16,0,0,1.3,8,0,17,4,13,3.6,4,13.0,0.5,-2.58,Graduate
2,2,4,9238,1,1,135.9,5,11,2,14,15,144.8,0,0,0,1,1,0,30,0,13,11,29,8,13.3,1,13,2,16,9,11.0,8,14.4,1.5,-2.5,Dropout
2,16,9,9130,1,12,155.4,4,17,11,9,16,144.1,1,0,0,1,0,1,23,0,7,10,29,10,3.4,0,12,17,6,6,14.9,8,15.7,1.2,-2.94,Graduate
1,16,3,8014,1,12,142.1,21,29,20,0,19,121.7,1,0,0,1,1,0,33,0,0,5,18,8,13.6,1,1,12,2,11,0.5,0,11.0,-0.0,2.16,Graduate
2,17,7,9085,1,6,138.3,7,3,23,2,18,125.6,1,0,0,1,0,1,31,0,14,3,0,9,9.7,2,10,6,22,2,0.9,0,14.7,3.6,-3.79,Graduate
1,7,0,9085,1,14,117.1,7,29,13,17,11,138.6,1,0,0,1,1,0,38,0,4,10,28,2,3.9,1,5,2,9,13,0.7,0,11.8,0.6,3.27,Graduate
2,16,4,9238,1,5,152.8,7,10,17,15,8,139.8,0,0,0,1,0,0,48,1,4,4,21,14,11.0,0,9,2,16,0,12.6,2,15.4,-0.6,0.41,Graduate
1,15,9,8014,0,9,150.2,17,19,10,11,7,94.9,1,0,0,1,0,0,42,0,5,16,24,11,0.2,6,4,7,20,3,6.3,1,13.8,1.4,-3.2,Dropout
2,16,0,9119,1,10,103.3,15,4,14,15,8,138.6,1,0,0,1,1,0,39,0,8,11,5,13,6.0,4,14,5,29,7,12.8,8,13.2,-0.3,2.09,Enrolled
1,7,9,9003,0,12,143.9,7,12,19,10,4,148.4,0,0,0,1,1,1,42,0,2,15,15,9,14.1,1,10,14,27,12,4.0,8,10.8,2.9,2.57,Graduate
2,16,9,9070,0,12,126.3,15,31,32,10,9,130.3,0,0,1,1,1,0,40,0,10,7,27,0,13.5,3,12,1,9,14,0.2,1,9.7,-0.7,-1.27,Graduate
1,15,3,9147,1,14,134.4,20,2,33,13,4,139.4,1,0,0,1,1,0,38,0,0,10,28,11,14.2,2,11,5,14,1,12.0,9,14.3,-0.6,-1.31,Dropout
1,10,7,9085,0,3,117.7,4,1,25,16,13,143.6,0,0,0,1,1,0,43,0,14,6,27,6,10.6,5,5,14,25,14,3.5,4,12.2,2.8,2.35,Graduate
1,2,0,9238,1,10,131.8,2,17,25,18,17,129.9,1,0,0,1,1,1,37,0,2,2,29,3,10.3,2,7,12,22,6,10.0,4,7.7,-0.2,-0.39,Graduate
1,15,1,9003,1,1,113.5,13,25,14,10,6,137.6,1,0,1,1,1,1,53,0,14,12,14,13,7.3,9,6,14,5,1,7.8,5,10.9,1.7,-0.18,Graduate
3,7,0,9130,1,9,118.0,12,5,24,3,7,127.2,0,0,0,1,1,0,24,0,7,4,11,2,17.1,8,0,15,9,0,16.0,1,8.3,2.0,2.69,Graduate
1,2,6,9147,1,5,137.8,10,14,13,9,4,126.3,0,0,0,1,1,0,30,0,9,8,26,7,17.1,6,6,15,24,14,0.7,6,7.2,3.7,-3.08,Graduate
5,2,1,9238,1,2,118.6,19,10,2,18,5,118.4,0,0,0,1,1,0,18,0,14,2,5,8,0.2,2,12,6,25,13,8.0,9,15.9,0.3,2.64,Enrolled
6,7,0,9070,1,2,136.4,15,21,34,3,19,129.2,0,0,0,0,1,0,23,0,10,3,14,12,17.3,9,1,6,19,8,15.1,0,11.9,0.5,2.95,Graduate
2,17,5,171,1,10,131.6,17,25,15,10,8,151.5,1,0,0,0,1,0,43,0,2,8,17,7,15.7,3,7,12,5,9,12.2,9,14.3,-0.5,-3.96,Graduate
1,1,5,9085,1,5,165.7,21,3,2,6,8,115.3,1,0,1,1,0,0,24,1,6,14,0,3,10.9,1,8,17,7,2,15.8,3,11.1,-0.6,1.1,Graduate
1,16,9,9130,1,3,120.3,6,18,25,19,7,135.0,0,0,0,1,1,0,20,0,8,8,19,6,5.8,0,11,3,5,11,17.8,7,12.7,1.0,-1.92,Graduate
3,15,1,9070,1,1,125.0,5,33,5,8,16,131.2,0,0,0,0,0,0,26,0,7,19,28,11,7.6,1,11,3,16,5,10.0,3,15.9,2.2,0.21,Graduate
1,7,0,33,1,9,119.3,21,17,34,1,7,146.2,0,0,0,0,0,0,26,0,10,0,15,1,15.3,1,14,19,18,1,6.2,0,12.9,2.2,0.85,Graduate
1,10,9,9130,1,3,151.4,13,6,5,0,0,148.6,0,0,0,0,1,0,32,0,10,4,10,10,2.7,5,5,13,25,8,1.5,2,8.5,2.7,0.36,Graduate
2,5,2,9147,1,9,131.6,14,34,8,7,17,115.0,1,0,0,1,1,0,19,0,4,6,29,12,11.2,3,6,19,18,1,11.3,7,14.1,1.6,1.08,Dropout
3,7,9,33,1,2,127.6,14,26,14,18,14,119.5,0,0,0,1,0,0,39,0,12,5,8,0,4.2,3,5,10,26,4,14.0,6,15.4,2.8,0.16,Dropout
3,16,4,9130,1,4,141.6,15,31,29,15,15,120.2,1,0,0,1,1,0,18,0,10,7,15,14,6.8,3,3,0,1,4,9.0,5,9.9,0.0,1.56,Enrolled
1,16,5,9238,0,2,116.9,16,28,30,13,1,120.7,0,0,0,0,1,0,17,0,10,11,15,14,0.1,4,12,5,26,9,3.7,6,9.0,2.1,0.0,Dropout
2,2,2,171,1,4,109.9,10,13,4,3,12,121.8,1,0,0,1,0,0,27,0,7,2,0,0,17.4,8,11,15,27,5,16.3,8,9.4,2.7,-2.52,Enrolled
1,2,8,9003,1,5,134.3,1,21,7,18,1,131.5,1,0,0,1,0,0,53,0,13,18,22,9,2.0,6,0,13,11,13,16.1,2,8.5,1.8,-2.55,Dropout
1,7,4,171,1,10,132.4,11,26,26,5,13,115.9,1,0,0,1,1,0,36,0,0,2,18,4,13.7,4,4,3,22,11,6.9,7,8.9,2.5,0.86,Enrolled
4,5,1,171,1,2,119.0,7,31,32,14,6,117.8,1,0,0,1,1,1,37,0,1,7,24,8,10.1,0,12,10,20,4,11.8,0,13.2,-0.2,-0.21,Graduate
1,17,9,9238,1,14,135.3,17,16,33,12,10,116.7,0,0,0,1,1,0,46,0,12,14,17,3,14.9,6,10,1,10,7,13.9,3,10.3,1.2,-1.35,Dropout
1,7,5,8014,1,3,157.7,4,31,24,18,14,133.4,1,0,0,1,0,0,41,0,11,13,1,13,9.3,8,0,19,11,14,1.8,9,15.0,3.0,0.23,Dropout
1,5,7,9130,1,14,136.7,7,13,1,3,16,126.2,1,0,0,1,1,0,33,0,2,7,6,3,17.7,6,7,3,12,10,15.2,7,10.2,0.6,3.41,Enrolled
4,17,5,9003,1,5,100.3,3,30,29,1,16,123.9,1,0,0,1,1,0,39,0,3,11,23,6,10.9,2,12,1,0,10,13.2,4,15.3,3.2,0.71,Graduate
3,5,3,9119,1,12,151.3,20,32,21,2,14,116.1,1,0,0,0,1,0,35,0,0,7,16,9,11.1,4,7,7,2,8,9.4,7,8.2,3.6,1.19,Enrolled
2,16,5,9238,1,14,159.8,14,5,23,13,15,106.1,0,0,1,1,1,1,37,0,7,6,24,0,16.6,7,0,8,18,8,16.6,6,7.3,-0.2,1.0,Dropout
3,16,7,8014,1,5,137.9,18,12,5,3,8,148.2,0,0,0,1,1,1,23,0,3,5,6,1,4.6,6,4,16,25,6,14.1,3,14.0,-0.1,1.2,Graduate
1,16,7,9238,1,12,132.6,18,4,30,15,19,123.2,1,0,0,1,0,0,22,0,6,1,2,6,6.5,4,13,7,20,1,8.9,7,13.9,0.9,-2.58,Graduate
1,10,9,8014,1,4,106.8,1,29,18,10,18,162.2,0,0,0,1,0,0,18,0,9,14,12,13,12.0,9,3,18,22,12,15.8,2,13.3,1.7,-3.07,Dropout
1,16,1,171,1,14,117.0,6,5,6,12,8,137.0,1,0,0,1,1,0,19,0,1,15,29,9,2.5,8,5,6,24,2,15.8,0,10.8,2.6,1.85,Dropout
1,15,7,9085,1,5,125.4,9,11,5,0,5,150.8,1,0,0,1,1,0,27,0,5,6,22,7,14.6,9,10,17,19,4,11.2,4,8.8,-0.5,-2.24,Graduate
1,2,5,9085,1,12,119.0,2,30,18,12,0,139.9,0,0,0,0,1,1,38,0,8,0,27,2,10.7,3,9,8,5,1,16.0,5,9.1,2.7,-3.99,Graduate
5,2,1,33,1,4,122.4,8,9,13,14,4,129.1,0,0,0,1,1,1,25,0,12,13,29,8,13.6,6,2,11,4,13,13.1,6,14.2,-0.1,-1.8,Graduate
1,5,0,9119,1,5,131.9,20,28,20,6,4,119.2,1,0,1,1,1,0,36,0,6,12,11,0,17.8,5,14,16,1,12,1.7,0,15.5,-0.4,-0.55,Graduate
1,2,5,9003,1,5,119.7,4,22,21,4,0,114.3,0,0,0,1,0,0,18,0,6,16,29,1,17.6,2,5,7,5,7,15.8,3,15.6,1.9,-2.03,Enrolled
1,1,6,8014,1,4,152.8,21,11,4,5,0,141.6,1,0,0,1,1,0,32,0,2,15,12,1,8.1,1,6,18,23,3,13.5,5,10.4,-0.5,-3.35,Dropout
1,17,9,9130,0,4,131.1,10,21,13,8,5,130.4,0,0,0,1,1,0,42,0,6,11,5,13,5.1,4,7,4,15,6,6.0,6,12.9,-0.5,-2.16,Graduate
5,5,4,171,1,5,137.6,1,6,18,5,8,135.0,1,0,0,1,0,0,39,0,11,5,23,7,11.4,6,10,6,20,4,2.6,6,9.8,2.0,-3.45,Dropout
1,2,9,9147,1,6,137.6,11,26,13,5,18,137.6,0,0,0,0,0,1,30,0,8,1,23,3,12.8,8,8,11,15,8,1.3,1,14.7,2.3,-0.0,Graduate
1,1,7,9130,1,9,135.7,9,16,13,1,4,131.6,1,0,0,1,0,1,37,0,6,6,29,2,5.3,0,0,14,6,13,17.3,2,12.3,3.3,1.13,Dropout
3,17,8,9130,0,6,130.7,19,14,27,5,16,120.9,0,0,0,1,0,0,39,0,1,7,16,7,5.1,1,1,10,29,9,10.7,4,14.7,3.5,1.34,Graduate
1,10,3,8014,0,1,145.0,11,22,26,9,19,140.2,0,0,0,1,1,0,28,0,6,7,14,9,3.9,0,8,7,2,2,1.1,2,13.7,1.3,1.92,Dropout
1,2,6,9003,0,2,148.1,4,2,12,4,11,124.4,0,0,0,1,1,1,20,0,13,18,3,0,16.4,3,3,17,26,3,0.4,5,9.2,2.1,-3.67,Graduate
1,1,7,171,1,9,99.1,5,13,2,19,5,128.2,0,0,0,0,1,1,33,0,9,4,17,2,1.8,8,14,13,27,5,1.9,3,7.3,2.7,1.57,Enrolled
2,7,5,171,0,3,108.4,21,11,20,11,12,136.3,0,0,0,1,1,1,47,0,8,8,23,0,4.4,7,6,12,18,10,12.3,8,15.8,3.4,1.59,Dropout
6,15,1,9003,1,14,121.9,17,12,10,5,7,126.2,0,0,0,1,0,0,44,0,14,14,23,14,11.2,3,5,8,27,6,3.8,5,11.1,-0.7,-0.22,Dropout
3,7,6,9085,1,2,113.3,18,33,8,5,2,103.4,0,0,0,1,1,0,52,0,6,11,2,2,8.4,9,8,19,7,7,9.3,9,9.5,0.2,0.49,Dropout
1,1,8,9070,1,6,119.0,5,22,31,7,10,140.5,1,0,0,0,1,1,30,0,0,2,28,11,2.2,5,14,8,2,7,15.0,3,14.3,1.6,1.06,Graduate
3,5,4,33,1,4,123.2,18,9,15,16,19,143.3,1,0,0,1,0,0,47,0,6,10,19,5,5.2,5,7,1,13,0,13.8,6,8.5,0.2,-0.3,Dropout
1,16,1,9238,0,5,126.1,17,7,18,17,0,103.2,1,0,0,1,0,0,49,0,0,8,12,13,7.3,2,9,6,20,5,7.2,9,11.6,1.5,3.45,Graduate
1,16,3,33,1,6,107.6,3,17,15,10,13,113.4,0,0,0,1,0,1,25,0,11,5,0,13,17.3,0,4,1,23,11,15.2,2,10.8,2.3,-3.69,Graduate
1,16,2,9085,1,3,123.8,11,10,19,0,12,153.3,0,0,0,0,1,0,38,0,1,19,19,7,7.1,7,0,13,3,0,5.6,3,8.1,2.7,-3.2,Graduate
1,17,3,8014,1,1,151.3,17,25,24,6,14,130.0,1,1,0,1,0,1,52,1,8,5,20,13,2.1,5,5,13,5,0,4.4,9,13.1,3.0,-1.98,Graduate
1,5,9,8014,0,3,126.2,8,27,2,7,7,127.0,0,0,0,1,1,0,46,0,2,11,11,5,17.5,4,2,7,4,12,13.6,4,14.9,3.7,0.27,Graduate
2,17,6,9119,0,3,138.9,8,30,13,2,14,121.5,1,0,0,1,0,0,25,0,7,15,23,12,7.8,6,14,16,21,11,8.9,8,15.4,3.2,2.93,Dropout
5,2,9,33,1,6,129.0,2,30,9,18,12,113.6,1,0,0,1,0,1,25,0,0,18,3,4,2.5,5,10,9,24,13,17.1,1,12.0,0.8,3.23,Graduate
1,16,7,33,0,4,131.7,7,34,2,15,0,124.5,1,0,0,1,0,0,28,0,8,10,11,1,11.0,7,7,1,28,3,4.9,7,7.1,0.5,3.22,Enrolled
1,7,0,9238,1,9,128.3,21,33,16,7,10,139.7,1,0,0,1,0,0,44,0,11,0,20,4,14.6,4,0,18,24,10,9.5,3,10.5,0.6,3.15,Graduate
1,5,7,8014,0,2,141.1,20,32,2,5,19,126.8,1,0,0,1,0,0,32,0,13,6,18,5,12.8,8,11,15,1,14,3.6,7,11.9,-0.4,2.46,Graduate
1,5,4,9130,1,4,117.7,21,12,16,1,14,134.9,1,0,0,1,1,0,53,0,12,11,18,7,5.6,9,6,0,12,8,1.4,4,15.7,2.2,-0.02,Graduate
2,16,6,33,0,10,132.6,6,23,8,11,3,150.0,1,0,0,1,1,0,22,0,14,18,4,8,4.3,8,10,5,29,9,3.4,8,11.0,-0.8,1.04,Enrolled
1,7,0,9238,1,6,121.3,20,29,1,5,5,119.5,0,0,0,1,1,1,25,0,9,14,1,0,15.9,4,11,16,2,11,1.1,5,10.2,0.5,-3.88,Dropout
3,10,1,9003,1,14,140.1,18,1,18,13,11,130.9,1,0,0,1,1,0,50,0,5,17,0,10,3.5,6,9,12,18,1,3.6,1,15.3,2.7,-3.84,Graduate
1,5,0,9147,1,3,113.4,7,20,26,6,0,140.1,0,0,0,0,1,0,47,0,0,13,4,11,13.6,1,0,11,4,3,0.4,1,11.0,1.3,2.54,Dropout
1,16,4,9003,1,14,139.8,18,10,5,8,9,114.9,0,0,0,1,1,0,23,0,6,6,9,1,0.4,4,12,18,28,5,2.5,7,15.6,1.1,-1.28,Graduate
1,15,5,9238,1,2,133.1,12,19,21,6,17,129.3,1,0,0,1,1,1,48,0,11,19,29,14,7.6,5,2,0,0,10,7.8,3,9.9,2.7,-1.22,Graduate
1,1,9,9130,1,3,111.0,7,23,28,14,0,151.3,1,0,0,1,1,0,40,0,4,4,28,9,17.7,3,4,18,26,7,5.0,9,13.7,1.0,-2.61,Graduate
1,17,8,9119,1,1,156.2,7,21,26,11,6,122.6,0,0,1,1,1,1,46,0,4,9,16,8,11.4,2,5,6,21,1,5.9,7,14.6,1.3,-2.09,Dropout
2,2,7,8014,0,1,138.4,1,32,32,16,1,140.9,0,0,1,1,0,0,42,0,12,5,29,8,5.6,8,7,6,21,11,3.1,8,15.0,1.4,1.31,Enrolled
1,5,6,9119,1,2,113.7,10,10,21,14,7,125.2,1,0,0,1,0,0,49,0,8,3,13,13,12.6,5,10,5,25,0,16.8,3,9.7,1.5,2.47,Graduate
2,15,4,9119,0,3,132.4,10,2,4,14,0,150.4,0,0,0,0,0,0,42,0,14,5,4,4,6.4,8,11,7,17,2,16.1,9,15.9,-0.3,-1.21,Graduate
1,15,2,9238,1,12,105.4,12,6,24,13,18,105.6,0,0,0,1,1,1,35,0,5,3,3,9,16.9,8,14,8,4,14,6.0,4,13.7,1.6,0.96,Graduate
1,5,8,8014,0,10,104.3,3,17,33,10,5,127.8,1,0,0,1,0,0,17,0,8,19,12,10,4.2,2,2,5,7,0,16.5,0,8.4,0.9,1.48,Dropout
1,10,4,171,1,12,147.9,3,15,5,10,10,107.8,1,0,0,0,1,1,36,0,11,8,25,6,5.8,9,7,8,8,9,7.9,9,13.8,3.2,-0.15,Dropout
3,1,2,9147,0,9,112.0,13,24,3,19,18,117.9,1,0,1,1,1,0,54,0,1,14,15,3,12.4,3,6,10,11,10,5.3,7,14.5,-0.7,-1.04,Enrolled
1,2,2,33,1,9,141.8,13,29,11,12,9,117.8,1,0,0,1,0,1,28,0,3,16,12,5,14.3,5,9,0,18,0,17.8,9,8.6,1.5,0.5,Dropout
3,5,2,9119,1,5,147.5,6,14,32,12,15,123.5,1,0,0,1,1,0,38,0,14,4,26,14,10.4,9,3,0,10,4,7.7,5,8.5,3.6,0.21,Graduate
1,17,5,9003,1,9,115.2,3,2,22,7,15,111.6,1,0,0,1,1,0,23,0,12,4,28,9,5.2,2,5,12,1,9,1.5,5,8.2,-0.7,-1.63,Graduate
3,2,0,171,1,4,161.2,15,22,11,6,9,126.1,1,0,0,0,0,0,38,0,5,0,23,13,10.3,0,12,10,15,14,10.5,1,11.5,2.3,-1.51,Dropout
1,7,3,171,1,5,131.4,9,6,22,19,17,133.0,1,0,1,1,0,1,43,0,2,19,17,10,3.9,9,3,4,17,8,3.3,3,13.4,-0.7,-2.55,Graduate
2,15,7,9130,1,1,130.7,21,9,4,12,17,107.1,1,0,0,1,1,1,30,0,9,17,6,0,1.0,2,2,15,1,6,11.1,5,10.4,3.1,0.24,Dropout
2,15,2,9119,1,4,115.0,6,12,3,10,2,118.7,1,0,0,1,1,0,29,0,11,17,7,10,16.6,2,1,15,28,4,0.9,2,7.5,0.1,3.04,Graduate
5,5,4,9119,0,3,115.3,6,5,10,18,11,160.0,1,0,0,1,1,0,36,0,9,1,4,10,8.7,0,1,14,11,3,2.0,9,10.2,2.9,-1.48,Graduate
1,5,1,9070,0,2,97.1,8,1,19,5,9,131.3,1,0,0,1,1,1,24,0,2,11,15,5,8.6,4,9,2,11,14,5.6,0,13.3,3.3,1.02,Dropout
1,17,1,9238,1,2,118.3,11,10,18,7,15,103.4,0,0,0,1,1,1,34,0,12,9,13,13,13.4,8,5,6,25,4,11.1,4,7.9,-0.2,2.17,Graduate
1,7,6,9130,1,10,147.5,19,11,28,18,8,108.8,0,0,0,1,1,0,20,0,11,16,2,9,10.1,3,13,10,28,4,11.6,3,12.0,-0.4,3.24,Enrolled
3,10,9,171,1,1,114.7,16,27,31,4,17,129.9,0,0,0,1,0,1,39,0,9,8,5,2,8.2,1,14,16,29,4,11.7,5,12.4,3.0,2.03,Dropout
1,5,2,171,1,10,116.0,9,23,17,9,12,128.3,0,0,0,1,0,0,39,0,9,19,12,9,14.3,4,12,18,8,1,9.2,5,12.9,-0.0,-3.34,Enrolled
3,15,4,9070,1,12,110.7,11,20,24,0,13,119.4,0,0,0,1,1,0,20,0,14,9,16,7,8.6,2,7,4,13,6,6.0,4,10.1,-0.6,-3.51,Enrolled
1,2,2,33,1,6,109.6,16,5,1,11,18,155.5,0,0,0,1,1,0,18,0,0,17,18,12,16.4,3,7,3,29,7,15.7,8,15.3,0.2,1.36,Graduate
1,1,5,9085,1,1,143.3,6,13,5,6,13,161.0,1,0,0,1,1,0,38,0,4,4,24,7,5.5,6,3,17,4,10,8.1,1,16.0,0.1,1.47,Graduate
1,16,9,9003,0,14,111.8,17,10,32,7,1,123.6,0,0,0,1,1,0,17,1,5,18,10,14,0.6,3,8,7,21,14,14.1,7,14.5,2.2,2.6,Enrolled
6,2,2,9085,1,9,128.0,16,16,17,17,10,138.3,1,0,0,1,0,0,26,0,3,14,9,12,2.7,3,4,5,10,4,8.5,3,8.0,1.3,1.91,Graduate
2,10,7,9119,1,5,124.7,20,7,21,6,7,139.0,1,0,1,1,1,0,50,0,12,16,28,10,14.7,0,3,12,10,1,15.4,0,9.4,2.6,0.41,Graduate
5,1,1,8014,1,12,144.3,21,32,22,13,2,140.7,0,0,0,1,0,1,47,0,13,1,20,6,16.7,0,9,1,25,7,0.5,2,8.8,0.3,1.25,Dropout
1,2,2,9130,1,9,117.5,18,25,34,19,14,118.7,0,0,0,1,0,0,30,0,8,11,21,7,1.4,5,2,14,11,6,4.8,1,7.5,1.4,0.58,Dropout
2,2,7,9119,1,5,123.5,1,26,14,17,12,152.2,0,0,0,1,0,0,35,0,5,7,8,2,16.4,2,14,10,19,3,14.0,9,15.1,-0.3,2.77,Enrolled
2,7,7,33,0,2,113.6,18,28,16,3,7,126.1,0,0,0,1,1,0,45,0,2,6,10,14,17.0,2,2,5,18,7,12.4,2,8.7,1.3,-0.64,Graduate
1,16,0,9085,0,4,120.4,8,12,5,9,12,132.5,1,0,0,1,1,0,52,0,13,12,1,11,13.6,5,2,9,15,14,16.3,0,10.4,1.4,-2.69,Graduate
3,17,7,9119,1,2,116.5,10,26,18,10,15,127.0,1,0,0,1,0,0,46,1,6,9,22,0,13.7,3,5,17,26,6,10.7,2,10.4,3.3,-2.65,Dropout
5,10,9,9003,1,12,127.8,2,4,4,10,0,125.2,1,0,0,1,1,0,27,0,4,12,5,7,0.0,1,10,3,9,9,17.2,9,14.0,3.5,-3.91,Graduate
4,15,1,171,1,2,154.0,9,23,28,19,1,130.6,1,0,0,1,1,1,46,0,8,17,10,4,4.0,0,0,5,3,6,16.5,9,11.0,3.1,2.13,Dropout
2,7,6,9238,1,2,126.9,4,24,27,18,12,111.6,0,0,1,1,1,0,38,0,10,17,27,10,3.9,2,7,12,6,10,16.7,6,10.3,3.4,0.36,Graduate
1,1,5,9147,0,2,147.6,11,31,6,0,13,101.4,1,0,0,1,1,0,18,0,4,15,8,10,10.5,4,3,15,10,4,11.1,4,9.4,-0.6,-0.55,Graduate
1,16,1,9119,1,1,144.2,10,30,11,1,1,124.2,1,0,0,1,1,0,41,0,10,13,26,2,11.8,5,11,18,13,12,16.0,6,11.7,2.9,1.57,Graduate
6,15,4,33,0,12,129.4,14,3,21,8,15,115.6,1,0,0,0,1,0,24,0,6,5,16,14,16.2,3,4,16,22,13,7.7,4,8.0,-0.5,-1.67,Dropout
1,7,6,9130,1,10,144.4,7,16,17,16,13,134.1,0,0,0,1,1,0,48,0,5,10,13,14,8.8,4,2,16,14,6,17.5,2,12.6,1.8,1.46,Enrolled
2,16,7,8014,1,2,133.5,19,34,31,4,6,132.6,0,0,0,1,1,1,23,0,11,17,19,13,9.0,1,4,11,13,5,3.0,6,14.4,-0.4,2.43,Graduate
2,17,2,9003,1,2,108.6,6,28,34,1,13,127.2,0,0,0,1,1,1,38,0,9,8,26,10,1.0,5,2,19,1,7,5.4,2,15.3,2.8,0.61,Dropout
2,10,0,9070,1,5,129.4,16,7,13,3,17,146.3,0,0,0,1,1,0,45,0,13,5,2,10,18.0,8,0,8,16,0,9.2,2,12.7,-0.8,3.29,Graduate
6,5,6,33,1,4,133.1,19,8,23,6,16,126.9,1,0,0,1,0,0,18,0,2,5,16,11,17.0,7,8,13,4,8,17.3,7,14.4,0.9,1.5,Graduate
1,17,4,9085,1,2,156.4,19,7,1,16,4,108.0,0,0,0,1,1,0,54,0,9,4,3,7,1.3,3,1,17,16,9,10.4,7,9.0,1.6,-0.74,Graduate
1,5,4,9238,1,10,116.0,13,7,4,2,10,124.1,1,1,0,1,1,0,31,0,6,9,9,5,10.0,4,10,6,24,12,1.1,5,11.6,0.4,0.67,Graduate
1,1,6,9085,1,10,136.9,12,18,30,8,17,142.2,1,0,0,1,1,0,36,0,3,5,12,0,6.3,9,5,14,2,6,11.1,7,9.6,1.5,-3.15,Graduate
1,5,0,171,1,4,111.5,15,21,31,0,15,102.5,0,0,1,1,1,0,42,0,5,12,21,11,7.7,8,2,0,15,11,17.2,0,16.0,3.1,2.85,Graduate
1,7,7,9238,1,4,153.1,8,34,16,19,9,125.8,0,0,0,1,0,0,27,0,5,8,0,1,11.7,4,14,14,27,3,7.8,2,10.4,1.9,0.87,Graduate
1,1,9,9085,1,12,148.4,4,27,3,15,5,134.5,1,0,0,1,0,0,39,0,2,5,8,3,7.6,6,11,17,7,1,5.4,1,9.0,1.7,-0.95,Graduate
3,15,4,9130,1,4,112.0,20,8,12,2,13,161.5,1,0,0,1,1,0,20,0,1,15,20,8,8.9,6,7,14,10,14,10.8,5,13.9,3.6,2.4,Graduate
5,17,7,9085,1,14,156.1,8,34,12,18,1,142.7,1,0,0,1,1,0,20,0,2,16,2,8,4.9,7,0,0,16,6,12.3,6,11.1,1.0,-3.6,Graduate
1,17,9,9003,1,12,146.2,21,18,11,15,8,128.7,1,0,0,1,0,1,17,0,7,3,14,9,1.5,6,7,10,20,7,7.3,4,8.1,3.2,-0.03,Dropout
1,10,9,9003,1,3,149.0,16,12,16,0,12,133.8,0,0,0,1,0,0,39,0,0,11,24,1,13.6,1,5,12,0,5,1.4,2,14.1,2.1,1.56,Enrolled
5,1,4,9147,1,2,153.5,16,22,29,11,19,102.3,0,0,0,1,0,0,40,0,10,18,9,0,6.8,7,6,15,5,4,6.7,0,11.3,2.7,1.27,Dropout
1,15,6,9085,1,10,146.9,2,22,21,19,11,113.4,0,0,0,1,1,0,43,0,2,5,11,12,16.0,6,6,1,18,2,8.8,0,14.1,0.6,-3.93,Graduate
1,17,9,9130,1,3,125.0,17,8,5,5,1,135.5,1,0,0,1,1,0,23,0,5,3,26,0,17.0,6,3,15,17,0,9.3,2,13.8,1.9,-2.35,Dropout
1,1,2,9130,1,2,152.5,5,28,13,2,2,129.1,1,0,0,1,0,0,50,0,12,14,0,1,1.6,4,12,10,26,2,12.6,2,12.1,3.0,2.45,Enrolled
2,2,1,9119,1,10,116.6,5,32,17,6,12,130.8,0,0,0,1,0,0,20,0,12,7,13,14,12.3,1,11,8,23,13,0.3,1,13.5,2.0,-2.1,Graduate
1,2,5,8014,0,10,118.4,12,11,12,2,0,127.4,0,0,0,1,1,1,18,0,11,17,1,12,14.8,0,14,11,18,3,15.9,2,14.7,2.2,-0.43,Dropout
6,1,4,9238,0,5,123.2,7,21,17,12,19,126.9,1,0,0,1,0,0,39,0,11,13,29,9,11.6,5,2,3,2,7,10.9,4,11.0,1.5,3.42,Graduate
1,17,8,33,1,12,135.0,5,26,1,15,3,128.3,1,0,0,1,0,0,52,0,6,14,28,3,5.9,0,3,1,3,10,9.5,4,15.6,-0.2,0.46,Graduate
1,16,9,9070,1,6,116.2,4,14,8,13,17,113.3,1,0,0,1,0,0,38,0,11,14,7,8,5.1,6,9,5,9,7,2.9,0,8.6,2.6,0.16,Dropout
1,5,3,9238,1,5,112.0,17,15,16,8,12,124.0,0,0,0,1,1,0,26,0,9,2,2,7,8.3,8,13,11,3,8,2.2,2,15.7,2.3,0.32,Dropout
1,2,2,9238,1,3,116.3,6,14,15,7,5,110.8,1,0,1,0,1,0,51,0,11,16,9,11,4.7,9,6,4,14,1,10.1,4,9.1,1.4,-2.7,Graduate
2,16,8,171,1,9,124.6,14,12,19,14,5,118.9,1,0,0,0,1,0,43,0,3,8,8,2,16.1,5,13,17,29,0,12.9,3,11.6,1.0,1.15,Enrolled
3,16,7,9238,1,12,131.1,9,3,25,18,14,142.5,1,0,0,1,0,0,40,0,7,11,4,11,0.9,5,11,0,20,14,13.7,1,11.2,2.2,-3.88,Graduate
3,10,5,171,1,4,118.6,4,7,31,12,17,124.7,0,0,0,1,1,0,23,0,12,10,24,10,2.0,0,9,1,19,10,10.3,9,7.5,2.4,-1.61,Graduate
2,15,0,9119,1,9,111.8,11,1,2,13,16,134.7,0,0,0,1,1,0,37,0,10,11,27,0,10.9,9,6,11,0,12,6.4,4,8.7,0.9,-1.73,Graduate
5,7,9,8014,1,3,135.8,20,25,25,10,13,128.5,0,0,0,1,0,0,24,0,7,5,0,5,11.9,7,7,9,0,3,2.5,2,14.5,0.6,-3.49,Graduate
3,2,0,9130,1,2,157.1,21,31,31,17,3,122.0,1,0,0,1,1,0,52,0,13,14,4,9,13.2,1,10,0,7,6,10.2,4,9.5,3.6,-1.52,Graduate
3,1,5,9147,1,1,123.8,16,22,4,2,0,113.9,1,0,0,1,1,0,21,0,3,18,11,12,5.0,3,12,4,21,12,6.0,0,7.1,3.6,0.5,Enrolled
1,5,2,9130,0,6,143.4,16,10,4,3,7,121.8,1,0,0,0,1,0,32,0,3,15,19,12,5.3,6,5,9,4,2,14.6,6,14.4,0.9,-1.21,Graduate
1,7,2,9085,0,5,130.0,16,18,12,2,10,129.4,0,0,0,1,1,1,34,0,10,4,6,10,7.4,1,13,15,16,8,9.1,4,15.6,3.5,-3.9,Graduate
1,15,5,9070,1,2,139.6,6,13,17,12,12,134.5,0,0,0,1,0,0,54,0,12,4,10,6,4.2,1,0,13,8,4,4.0,8,11.8,1.8,0.68,Dropout
2,16,2,8014,1,3,142.2,15,8,21,15,16,128.6,0,0,1,1,1,1,39,0,13,8,0,1,6.8,4,6,19,20,1,14.9,6,12.4,-0.7,-1.75,Dropout
1,15,9,8014,1,12,130.1,3,9,29,12,13,135.4,1,0,0,1,0,1,53,0,4,1,15,10,12.5,9,1,4,18,2,16.5,7,8.0,-0.3,3.5,Dropout
1,17,5,9119,1,3,115.3,9,15,22,9,16,107.2,1,0,0,1,0,1,37,0,2,15,2,12,9.0,3,6,18,12,11,3.3,6,15.5,0.2,2.75,Graduate
4,2,4,9070,1,9,111.5,1,8,16,17,19,138.3,0,0,0,1,1,0,38,0,12,9,4,12,17.4,8,0,8,7,5,9.9,8,8.9,2.9,-0.37,Graduate
4,15,3,9085,1,1,147.3,11,33,15,7,0,112.3,1,0,1,1,1,0,29,0,5,9,7,5,10.4,6,4,2,13,14,15.3,8,11.9,2.5,-1.27,Dropout
5,15,7,9085,0,9,139.5,6,19,30,6,7,139.8,0,0,0,1,0,0,52,0,12,15,29,7,5.9,3,6,11,14,10,15.6,0,15.7,2.9,-3.53,Graduate
1,5,1,9147,1,12,144.7,5,30,11,16,18,133.5,1,0,0,1,1,0,27,0,8,19,23,13,3.3,8,3,6,20,10,10.5,1,11.0,1.5,-4.05,Enrolled
2,17,6,33,1,10,140.1,18,9,13,5,10,102.7,0,0,1,1,1,0,22,1,1,12,18,13,4.0,1,12,8,14,6,9.6,5,7.8,1.7,1.99,Enrolled
1,17,3,9130,1,9,146.1,21,19,23,14,9,136.6,1,0,1,1,1,0,25,1,2,13,15,0,0.3,8,13,13,15,13,0.8,7,8.9,-0.6,-0.33,Graduate
1,16,1,9238,0,14,133.3,12,26,34,8,0,139.9,1,0,0,1,1,1,36,0,9,16,10,13,8.0,7,7,0,1,9,13.2,3,7.6,0.2,-1.65,Dropout
1,5,6,9070,1,10,107.2,7,1,20,9,4,143.4,0,0,0,1,0,0,40,0,14,19,20,7,17.3,9,12,9,23,8,3.3,8,10.6,1.3,0.25,Graduate
1,5,0,9085,1,4,134.2,2,3,2,7,15,117.0,0,0,0,1,1,1,28,0,10,17,27,13,14.0,4,5,15,25,10,15.9,1,12.3,2.8,-1.75,Dropout
1,1,3,9085,1,2,156.9,7,34,8,6,19,129.3,0,0,0,1,1,0,51,0,0,15,8,2,5.4,1,5,6,11,4,14.2,5,11.0,2.1,-1.16,Dropout
3,15,8,33,1,12,135.3,9,25,18,4,19,136.0,0,0,0,1,1,0,41,0,5,10,10,10,14.4,4,14,16,20,4,17.9,7,10.1,2.0,-3.51,Graduate
1,15,3,8014,1,3,111.6,20,30,7,17,4,136.6,1,0,1,1,1,0,43,0,10,2,17,13,16.8,1,10,16,9,5,9.8,1,8.5,3.2,-0.71,Enrolled
2,17,2,9085,1,4,141.0,8,1,31,15,15,132.3,1,0,0,1,0,0,17,0,10,14,11,12,12.1,8,1,4,22,4,8.3,0,13.3,1.9,-2.98,Dropout
1,15,9,9147,1,9,162.5,9,18,22,14,2,121.5,1,0,0,1,1,0,28,0,2,17,10,12,9.2,1,13,3,0,12,5.5,6,15.7,0.4,-0.8,Dropout
1,10,9,9085,1,2,121.6,10,33,28,9,1,139.8,1,0,1,1,0,1,17,0,0,12,6,8,2.4,6,4,8,11,8,0.7,9,10.0,1.4,1.81,Enrolled
1,5,1,9085,1,10,134.9,12,9,25,0,16,139.9,1,0,0,1,1,0,29,0,13,16,22,9,1.4,8,5,3,6,8,11.4,8,11.7,2.4,-2.28,Graduate
1,7,2,33,1,14,137.1,2,7,1,5,0,125.0,0,0,0,1,1,0,22,0,12,11,17,9,3.9,1,13,14,13,4,17.0,7,8.5,2.9,-2.32,Graduate
2,17,0,9147,1,10,133.1,10,30,32,14,15,116.8,0,0,0,1,1,0,45,0,6,0,5,7,11.9,7,1,3,28,11,8.5,7,7.7,1.6,1.32,Dropout
1,2,9,9003,1,5,142.0,3,13,25,1,1,117.5,1,0,0,1,0,1,20,0,14,4,7,1,2.8,6,13,19,13,0,5.3,6,8.5,2.8,0.01,Enrolled
1,17,7,171,1,12,123.9,1,17,16,11,19,144.7,1,0,0,1,1,0,39,0,11,18,12,14,9.6,0,1,19,14,6,12.2,7,7.8,3.7,-0.88,Enrolled
1,16,0,33,0,10,139.4,17,13,29,0,6,139.4,1,0,0,1,1,1,24,0,5,8,2,13,7.9,6,12,8,20,14,12.9,7,12.6,-0.5,-3.69,Graduate
1,7,2,8014,1,1,147.5,1,13,24,14,10,126.7,0,0,0,1,1,0,53,0,9,7,24,11,11.3,5,0,1,3,10,12.9,3,12.9,2.5,-0.5,Graduate
5,16,2,8014,0,12,126.5,5,10,17,12,5,124.4,0,0,0,1,1,0,18,0,9,19,23,14,0.9,3,12,11,24,8,17.2,2,16.0,3.4,-0.97,Enrolled
1,1,1,9070,0,5,142.1,14,14,6,0,1,104.0,1,0,0,1,1,0,20,0,14,12,27,1,17.6,0,2,7,4,13,2.2,3,15.9,1.5,-2.83,Dropout
2,1,4,33,0,12,124.3,6,5,14,0,13,125.9,1,0,0,1,1,0,39,0,6,9,29,5,12.4,9,3,3,4,3,14.6,7,11.0,0.9,2.98,Dropout
2,16,9,9119,0,12,109.3,9,23,26,3,3,111.5,1,0,1,1,0,0,37,0,6,11,2,8,13.0,0,14,4,0,0,1.5,6,9.1,1.7,-0.98,Dropout
5,15,2,33,1,14,109.3,14,5,28,13,18,129.1,0,0,0,1,1,0,42,0,1,17,22,10,0.3,8,14,13,27,0,12.6,4,11.4,3.3,-4.05,Enrolled
3,7,2,9003,1,14,136.9,4,28,31,16,1,142.4,0,0,0,1,0,0,46,0,3,7,14,2,1.4,4,3,0,7,7,13.6,1,15.1,3.0,3.27,Graduate
2,15,7,9085,1,3,101.9,1,23,27,12,1,114.3,0,0,0,1,1,0,49,0,4,5,7,1,12.4,1,2,0,21,2,7.3,8,13.1,1.9,-0.53,Dropout
2,17,3,33,1,10,131.4,6,34,2,11,12,130.1,0,0,0,0,1,0,38,0,8,7,14,11,2.0,9,12,17,8,1,12.9,9,12.6,3.4,0.65,Graduate
4,10,3,9119,1,9,118.1,7,31,19,5,12,140.0,0,0,0,1,0,0,28,0,10,10,0,2,16.1,4,12,5,15,5,3.7,5,13.3,2.5,-1.15,Graduate
1,1,2,9238,1,9,97.1,21,7,28,18,2,129.9,0,0,0,0,1,0,22,0,10,12,2,14,11.2,2,12,1,11,1,0.6,1,8.4,0.9,1.87,Graduate
1,1,0,9119,1,14,140.2,6,7,21,19,5,120.2,1,0,0,1,1,0,36,1,7,6,25,5,1.3,8,5,15,0,3,3.2,0,10.4,0.3,-1.71,Enrolled
1,7,7,8014,1,2,109.0,1,4,15,15,16,127.1,1,0,0,1,1,0,23,0,7,15,11,3,11.0,5,8,19,9,9,2.5,5,8.7,2.0,-0.63,Graduate
3,1,0,9003,1,2,164.6,8,32,34,15,0,139.4,0,0,0,1,0,0,46,0,12,12,8,13,14.4,3,6,18,26,11,15.1,2,15.5,2.6,-0.85,Graduate
3,10,6,9085,1,2,154.6,12,28,3,11,6,130.4,0,0,0,1,1,0,24,0,8,19,6,1,14.4,9,11,4,12,0,4.9,2,8.8,2.2,-0.77,Graduate
1,10,4,9119,1,2,129.0,11,4,1,19,6,127.0,1,0,0,1,1,0,33,0,6,2,0,11,7.2,3,0,5,20,7,13.0,9,8.6,2.0,0.69,Graduate
2,10,3,9003,1,4,99.9,2,8,24,19,12,142.0,0,0,0,1,1,1,44,0,13,17,20,4,8.3,0,14,8,4,7,15.0,8,15.2,-0.4,1.9,Enrolled
1,2,3,9238,1,9,134.4,2,14,27,12,8,133.7,1,0,0,1,1,0,48,0,10,17,27,7,13.3,9,6,14,11,8,17.2,6,15.5,1.9,-1.1,Dropout
1,10,7,9147,1,2,157.5,2,30,9,0,17,111.4,1,0,0,1,1,0,25,0,5,17,29,4,15.7,3,6,13,10,10,14.9,2,13.4,-0.8,0.7,Graduate
6,10,5,9147,0,5,145.9,8,3,24,17,0,135.2,0,0,0,1,0,1,20,0,8,18,10,4,14.3,1,1,9,23,3,15.2,5,16.0,-0.6,-3.57,Dropout
1,2,0,9147,0,9,146.9,21,2,17,1,10,139.3,1,0,0,1,1,0,19,0,4,3,9,14,10.7,1,5,2,5,0,6.2,7,7.5,0.3,-3.52,Enrolled
1,15,9,9238,1,12,153.2,7,10,28,1,10,110.9,1,0,0,0,0,0,52,0,4,4,18,5,13.0,1,14,8,17,5,5.2,2,13.5,-0.2,-3.25,Enrolled
2,17,7,9085,1,10,111.2,16,6,4,0,9,97.5,0,0,0,1,1,0,23,0,12,3,1,13,11.7,1,6,5,21,9,7.6,4,8.7,0.2,-2.33,Graduate
2,5,1,171,1,12,146.3,9,7,29,9,16,113.5,1,0,0,0,0,0,26,0,2,19,12,8,10.4,0,9,10,2,3,12.2,4,10.4,3.6,-2.71,Graduate
1,1,5,171,1,9,159.1,16,16,28,0,16,125.7,1,0,0,0,1,0,49,0,8,13,29,0,16.6,2,7,17,9,0,5.6,0,9.6,3.4,-0.44,Graduate
2,10,8,9003,1,3,120.7,2,6,29,13,11,140.1,1,0,0,1,1,0,30,0,1,18,16,1,11.7,2,10,1,4,4,0.5,4,14.8,-0.5,-2.04,Graduate
1,1,0,9147,1,1,124.0,3,16,29,7,9,115.4,1,0,0,1,0,1,34,0,9,6,1,13,6.9,1,7,4,29,9,9.8,9,8.1,-0.4,1.14,Graduate
1,7,5,8014,1,14,153.3,2,27,5,0,11,134.2,0,0,0,1,1,0,49,0,2,6,0,7,17.5,4,7,17,11,3,0.6,1,9.8,1.8,1.84,Graduate
1,1,7,9085,0,9,150.9,19,12,11,13,5,89.4,0,0,0,0,1,0,42,0,3,19,21,11,17.1,3,0,0,21,0,14.1,8,13.8,3.5,-1.0,Dropout
2,16,9,171,0,6,116.9,17,22,2,9,5,129.3,0,0,0,1,1,1,33,0,11,12,24,11,14.0,2,4,7,2,6,2.2,5,13.7,2.6,2.64,Graduate
1,15,1,33,1,2,110.6,20,15,4,18,5,121.7,0,0,0,0,0,0,44,0,12,0,2,13,0.6,4,12,5,16,9,16.5,1,11.9,2.3,0.37,Graduate
5,17,4,9070,1,1,128.3,21,22,10,7,19,154.3,0,0,0,1,0,0,18,0,0,1,25,7,13.1,2,0,17,6,1,9.8,9,14.3,1.0,2.58,Graduate
3,2,5,9130,0,14,107.9,12,15,8,1,7,102.4,0,0,0,1,1,0,53,0,1,3,9,4,0.5,7,14,9,11,5,11.5,5,7.8,2.4,-0.54,Enrolled
6,1,4,9238,1,4,117.1,11,23,23,3,4,126.8,0,0,0,0,1,1,48,0,4,3,0,13,1.3,1,7,8,14,1,6.7,4,7.0,1.9,-1.46,Graduate
1,1,2,9238,1,4,119.8,20,2,27,11,5,102.3,0,0,0,0,0,0,43,0,5,1,13,4,6.3,4,12,10,10,4,11.7,4,7.9,2.8,-0.01,Dropout
6,1,3,171,1,6,146.9,19,2,23,8,1,119.9,1,0,0,1,1,1,47,0,5,0,21,14,5.7,1,12,11,0,1,4.6,7,14.4,3.3,-1.14,Graduate
1,5,6,9238,1,5,150.9,6,19,34,0,16,104.9,0,0,0,1,1,1,20,0,2,10,5,5,10.1,8,0,15,4,8,14.6,0,11.5,2.5,-1.65,Enrolled
1,5,3,9147,1,12,146.9,10,5,17,7,7,156.9,1,0,0,1,0,0,51,0,3,0,17,7,4.4,0,7,6,22,0,5.8,3,10.5,0.3,-3.25,Dropout
1,7,8,9130,1,10,117.6,14,4,10,16,8,122.4,1,0,1,1,0,0,48,0,14,5,19,12,3.6,4,9,16,13,1,11.5,7,9.1,1.4,-0.49,Graduate
1,2,9,8014,1,12,128.7,1,28,2,15,7,124.3,1,0,0,1,1,0,27,0,10,15,29,3,12.0,9,8,18,19,7,13.0,4,8.2,2.5,0.78,Graduate
2,1,1,33,1,14,123.2,15,18,17,14,10,126.4,1,0,0,1,1,0,39,0,8,14,28,3,8.0,3,14,12,18,14,5.7,9,12.2,2.9,1.96,Graduate
1,1,4,9003,1,9,133.2,6,31,31,8,9,112.3,1,0,0,1,1,0,39,0,0,8,13,13,1.0,2,6,18,7,12,11.5,2,12.8,0.2,2.51,Graduate
1,1,7,9130,1,12,141.3,13,22,16,7,16,140.7,1,0,0,1,1,1,51,0,8,13,11,12,8.0,8,11,10,12,8,6.7,2,7.4,1.7,-2.77,Enrolled
2,1,4,8014,1,3,122.9,14,11,24,19,19,135.3,0,1,0,1,0,1,33,0,7,0,26,11,13.7,0,3,17,13,0,9.8,0,7.7,3.4,-1.14,Graduate
1,5,9,9238,1,12,114.8,13,16,7,13,12,138.9,0,0,0,0,1,0,36,0,3,9,10,0,1.2,6,7,2,9,9,14.1,3,13.6,2.2,0.57,Dropout
2,15,7,171,1,2,153.6,16,4,19,11,8,111.2,1,0,0,0,1,0,48,0,3,1,14,9,16.5,9,5,3,12,11,13.1,6,10.9,1.6,0.75,Dropout
1,15,7,9119,1,12,146.1,1,21,16,14,14,141.8,1,0,1,1,1,0,54,0,4,18,27,12,8.6,5,7,12,23,11,4.3,6,9.8,2.3,2.53,Graduate
3,7,8,9003,1,6,135.1,14,25,33,3,12,140.3,0,0,0,1,1,0,21,0,10,19,20,10,9.2,0,11,7,10,2,12.7,7,11.4,1.7,-0.14,Dropout
3,16,9,9085,1,4,114.0,13,20,10,3,12,124.0,1,0,1,1,1,0,31,0,9,2,5,0,5.4,3,2,18,20,3,14.6,4,8.8,0.5,0.07,Graduate
1,10,5,9070,1,2,143.0,10,8,15,1,12,138.6,0,0,0,1,0,0,48,0,1,2,21,6,11.6,9,2,3,10,4,2.6,3,7.2,1.0,-1.34,Graduate
1,2,3,171,1,14,127.5,10,9,3,3,3,130.5,1,0,0,1,1,0,50,0,6,18,1,4,0.4,0,1,8,27,0,0.8,2,10.1,2.9,3.18,Graduate
1,15,2,9238,1,3,96.7,4,18,2,19,9,106.3,0,0,0,1,1,0,42,0,1,14,13,4,13.3,2,8,8,2,12,8.0,5,9.9,1.8,-2.44,Graduate
3,16,4,171,0,5,122.1,14,31,27,17,14,124.6,1,0,0,1,0,0,31,0,6,17,4,11,1.8,0,1,13,27,10,4.4,9,10.6,1.1,1.43,Dropout
1,17,5,9147,1,12,136.9,12,30,5,14,9,120.7,1,0,0,1,0,0,25,0,11,16,14,0,8.0,1,3,13,6,12,1.8,4,11.5,-0.3,-0.1,Dropout
1,17,2,9238,0,9,126.8,6,18,15,7,7,128.1,1,0,0,1,1,0,21,0,4,10,4,1,2.6,0,3,10,18,10,15.9,4,14.2,-0.3,-2.04,Dropout
1,1,1,171,1,3,137.6,15,19,33,9,9,140.3,1,0,0,1,0,0,50,0,6,1,9,13,3.1,4,2,14,12,4,0.6,3,15.1,-0.1,-2.56,Graduate
1,17,6,9130,1,4,137.0,5,24,1,1,16,105.7,1,0,0,1,1,0,49,0,14,9,13,2,8.4,5,11,9,14,10,6.0,8,8.6,3.4,0.38,Graduate
1,15,4,9130,0,2,113.6,10,22,12,8,4,121.2,1,0,0,1,1,0,37,0,0,14,17,14,1.2,1,5,10,5,6,13.9,7,10.6,3.5,-3.72,Enrolled
3,7,8,33,1,10,140.3,9,14,9,15,12,116.3,0,0,1,1,1,0,19,0,8,16,22,4,2.7,2,10,17,24,0,0.7,9,7.2,2.5,3.18,Enrolled
1,10,2,33,1,6,141.6,10,19,20,11,18,116.9,1,0,0,1,0,0,46,0,12,14,25,1,9.8,1,9,3,14,2,4.0,7,12.8,-0.6,-1.47,Dropout
1,15,7,9003,1,3,129.5,12,29,30,4,11,116.3,0,0,0,0,1,0,21,0,3,13,1,13,12.5,6,8,15,29,7,11.2,4,10.1,1.9,3.5,Enrolled
3,7,5,171,1,5,130.2,4,22,14,6,11,127.9,0,0,1,1,1,0,40,0,9,2,16,10,6.5,0,6,8,26,3,8.4,0,10.9,2.0,0.18,Dropout
3,17,3,33,1,5,130.2,4,30,23,14,1,133.8,0,0,0,1,1,0,32,0,10,5,27,6,15.6,6,14,10,4,1,1.6,2,7.6,3.6,-1.73,Graduate
1,5,8,9147,1,1,152.7,13,15,29,12,8,131.5,1,0,0,0,1,0,22,0,13,18,5,5,2.9,4,13,7,9,2,7.2,7,14.6,0.3,-2.32,Graduate
1,10,4,8014,1,5,135.7,14,21,27,7,1,129.4,0,0,0,0,1,1,51,0,13,19,0,9,10.1,8,0,8,27,10,5.5,0,13.6,2.5,1.74,Graduate
1,7,9,33,0,6,131.9,12,26,27,18,0,135.1,1,0,0,1,1,0,42,1,14,8,3,7,1.6,6,0,1,1,6,12.6,8,8.5,3.7,-3.65,Dropout
5,16,5,171,1,14,137.1,13,12,30,18,13,157.9,0,0,0,1,1,0,17,0,7,2,19,11,3.0,0,0,0,22,14,10.1,5,7.1,3.4,1.84,Graduate
1,15,8,9130,0,14,136.7,20,7,3,4,12,128.8,0,0,0,1,1,1,36,0,5,14,21,0,16.4,1,4,4,22,6,9.5,0,8.1,0.8,0.73,Graduate
5,5,6,9070,1,2,128.5,13,11,12,17,2,140.3,1,0,0,1,1,1,27,0,3,5,27,7,17.9,5,13,7,22,7,13.7,7,11.4,-0.2,-1.43,Graduate
2,16,4,9119,1,3,110.0,2,20,31,16,19,139.5,0,0,0,1,0,0,36,0,9,9,14,12,18.0,1,1,6,20,6,3.8,4,14.3,-0.5,0.25,Graduate
1,7,1,9085,1,14,131.6,21,4,27,6,4,150.1,0,0,0,1,1,0,20,1,7,0,20,2,14.4,3,5,7,23,2,11.2,6,13.5,-0.5,2.65,Dropout
1,7,3,33,1,5,138.9,19,2,24,13,1,134.3,0,0,0,1,0,0,54,0,8,5,3,7,3.6,0,5,14,19,1,3.4,1,12.7,-0.4,3.12,Enrolled
1,17,1,9085,1,3,134.4,9,20,11,14,17,116.0,1,0,0,0,0,0,46,0,4,12,21,5,5.1,7,6,7,4,11,9.0,9,14.2,3.6,3.01,Dropout
1,16,2,9119,1,5,122.5,10,20,27,16,8,131.0,1,0,1,1,1,0,52,0,12,15,25,12,1.6,8,2,10,10,7,12.9,9,11.6,3.6,-0.17,Graduate
1,15,9,9003,1,5,127.1,17,12,9,2,11,130.3,1,0,0,1,1,0,38,0,9,3,4,2,1.0,8,9,1,27,3,12.6,6,13.0,-0.3,0.39,Graduate
2,10,2,9130,1,10,144.9,10,17,16,12,4,137.6,0,0,0,0,1,0,34,0,7,11,22,14,13.2,7,9,3,25,7,8.2,2,14.5,-0.4,-2.68,Graduate
6,5,3,9130,1,14,104.7,20,18,14,10,17,115.6,1,0,0,1,1,1,21,0,3,3,20,1,9.7,8,4,18,13,1,4.7,4,12.0,2.2,2.9,Dropout
2,17,5,9119,0,12,118.8,13,24,30,2,1,143.5,1,1,0,0,0,1,46,0,9,12,24,4,11.9,3,4,9,1,11,0.4,8,12.4,2.9,-3.57,Enrolled
2,1,2,171,1,10,132.0,20,8,24,5,9,127.1,1,0,1,1,1,0,21,0,3,15,18,0,10.4,2,0,4,25,7,7.0,4,12.6,2.6,-0.4,Graduate
1,2,9,9085,1,3,145.6,1,30,13,5,9,137.9,1,0,1,1,1,0,30,0,8,0,14,2,0.2,5,13,11,10,7,10.7,4,15.4,-0.8,-2.48,Graduate
1,10,0,9085,1,1,157.2,2,20,33,5,2,131.0,1,0,0,1,1,0,27,0,6,18,13,3,5.8,2,8,8,8,14,5.3,8,11.1,1.2,-0.75,Graduate
1,17,0,9119,1,3,143.3,17,23,9,5,13,128.6,0,0,0,1,1,0,37,0,4,0,12,5,12.4,0,6,14,9,9,14.6,1,7.8,2.4,1.15,Graduate
2,5,8,9085,0,1,121.1,13,10,26,5,4,130.0,0,0,0,1,1,1,27,0,6,12,17,7,15.5,4,3,6,4,5,15.2,5,14.8,2.9,-0.86,Enrolled
5,16,8,171,1,12,103.6,17,33,13,13,12,135.7,1,0,0,1,1,0,48,0,14,10,28,9,2.8,9,14,16,4,14,7.6,8,7.5,2.3,2.95,Dropout
2,7,4,9130,0,3,158.0,13,24,21,10,16,152.5,1,0,0,1,0,0,45,0,13,16,0,7,2.1,3,11,11,16,6,8.2,1,7.4,0.7,0.79,Dropout
1,16,8,9003,0,10,117.4,17,16,29,15,5,100.8,0,0,0,0,1,1,19,0,11,6,20,14,17.3,8,12,6,19,6,3.2,1,8.8,0.4,0.24,Enrolled
1,17,6,9147,1,6,132.2,19,28,28,18,12,134.0,1,0,0,0,1,0,29,0,0,0,10,5,17.4,4,8,16,21,2,2.8,0,7.7,2.9,-0.77,Enrolled
2,5,8,9130,0,3,128.2,14,12,24,6,11,127.6,0,0,0,1,1,1,22,0,10,1,11,14,13.5,1,2,13,9,0,4.2,3,11.7,1.6,-1.43,Graduate
1,16,6,8014,1,12,129.0,20,20,13,5,2,124.7,1,0,0,1,1,1,44,0,1,8,28,3,1.1,0,12,11,5,7,7.4,1,14.9,0.3,2.71,Enrolled
3,16,8,8014,1,10,112.5,10,18,20,10,15,96.3,0,0,0,1,1,0,47,0,3,13,23,7,11.3,8,3,6,15,12,17.5,7,9.2,3.1,-0.89,Enrolled
3,2,1,9130,1,3,156.9,2,26,7,3,4,134.5,1,0,0,1,1,0,39,1,9,15,24,9,2.3,1,1,7,11,5,11.2,4,7.5,2.9,0.33,Graduate
2,15,7,171,1,9,116.9,14,7,15,0,1,125.4,0,0,1,1,1,0,54,0,1,17,2,0,15.2,6,2,8,7,12,7.6,0,9.3,1.4,-0.33,Graduate
1,17,6,9147,1,5,132.4,17,21,25,8,10,116.2,1,0,0,1,1,0,54,0,12,19,22,3,5.5,5,6,17,17,5,3.9,6,9.6,2.8,0.5,Dropout
1,2,5,9003,1,2,123.3,5,32,13,12,3,127.6,1,0,0,1,0,0,22,0,5,6,15,1,8.6,4,13,3,3,6,14.0,8,14.8,-0.3,-2.44,Dropout
1,17,4,9085,1,10,139.2,18,7,8,7,0,123.2,1,0,0,1,1,1,38,0,1,16,3,11,3.4,1,10,13,1,10,11.5,3,12.9,3.3,3.38,Dropout
1,1,3,8014,1,1,126.9,3,23,21,1,12,104.3,0,0,0,1,1,0,50,0,7,12,15,9,13.1,7,12,10,0,9,7.3,1,8.3,3.6,-1.17,Enrolled
1,1,6,8014,1,4,125.3,16,20,6,15,17,128.1,0,0,0,1,1,0,54,0,10,1,22,8,9.0,5,11,11,10,8,11.0,1,9.6,-0.8,-2.04,Dropout
2,2,2,8014,1,4,146.3,19,20,10,18,15,134.5,0,0,0,0,0,0,54,0,6,11,20,4,12.7,7,2,6,1,10,10.4,6,12.7,3.1,-3.77,Graduate
2,10,7,9238,1,14,125.1,18,32,21,7,1,119.9,0,0,0,0,0,1,23,0,14,9,5,14,5.8,3,1,8,29,6,10.4,9,7.5,2.6,2.32,Enrolled
1,10,1,171,1,5,151.2,20,26,14,11,8,130.4,0,0,0,1,0,0,17,0,14,1,23,5,6.8,9,0,6,7,10,1.3,2,13.1,3.0,0.87,Graduate
1,16,0,9130,1,4,111.5,5,24,33,10,11,128.4,1,0,0,1,0,0,48,0,4,5,25,9,16.1,5,12,14,13,10,16.2,5,14.9,0.5,-1.8,Graduate
1,16,1,9147,1,1,126.3,8,1,25,8,4,140.6,1,0,0,1,1,1,38,0,9,0,28,2,4.6,8,3,1,12,12,15.3,8,14.8,3.5,-1.24,Dropout
1,7,8,9130,1,9,117.1,6,28,19,9,4,125.7,0,0,0,1,1,1,19,0,10,5,25,7,16.3,2,11,9,9,2,1.5,5,7.5,2.9,-0.46,Enrolled
3,1,4,9238,1,14,130.5,15,26,9,0,12,137.4,0,0,1,1,1,0,20,0,11,8,24,12,1.4,8,7,1,23,13,11.4,6,14.3,1.1,-0.88,Graduate
1,17,7,8014,1,2,109.4,3,34,15,18,15,122.9,1,0,0,1,1,0,33,0,0,9,7,11,2.9,5,7,10,12,14,8.9,3,11.5,2.7,-0.84,Graduate
1,7,2,9119,1,14,139.3,9,26,5,16,18,152.6,1,0,1,1,1,0,51,0,10,9,5,13,11.9,0,7,8,7,7,13.4,6,11.5,1.1,0.66,Dropout
1,1,6,9238,0,3,140.8,11,5,17,3,8,121.3,0,0,0,1,1,0,39,0,7,15,27,3,17.9,3,13,5,1,14,7.2,9,12.2,0.7,2.37,Graduate
4,2,1,171,1,5,152.6,20,2,30,11,15,118.1,1,0,0,1,1,0,45,0,3,15,20,7,16.8,4,7,13,13,6,17.6,1,10.7,-0.1,-1.2,Dropout
2,10,7,9003,1,10,142.7,14,32,7,19,18,125.7,1,0,0,1,0,0,18,0,3,18,3,3,9.2,1,2,15,16,4,17.1,7,13.4,3.4,-2.7,Dropout
1,16,6,9085,1,14,142.5,9,34,6,7,3,117.5,1,0,0,1,1,1,22,0,3,11,29,2,9.5,6,4,18,17,14,1.7,1,9.9,0.2,-3.83,Graduate
1,10,4,9070,1,10,140.2,10,30,15,15,14,110.8,1,0,0,1,0,0,40,0,0,19,1,2,10.3,3,8,5,29,11,5.5,4,13.7,1.5,-0.66,Graduate
2,2,3,9147,1,2,126.7,15,24,10,0,8,136.5,0,0,0,1,1,0,18,0,9,9,7,13,14.3,8,8,12,26,10,3.7,3,15.3,1.6,-2.44,Graduate
6,7,0,9238,1,12,154.3,18,28,6,8,15,87.2,1,0,0,1,0,0,28,0,9,0,2,10,9.9,9,3,9,27,14,5.7,3,8.2,-0.6,-2.42,Dropout
1,7,4,9003,0,6,138.3,21,3,13,10,5,117.7,0,0,1,1,0,0,21,0,14,14,15,2,2.1,3,6,2,7,13,8.6,5,11.0,2.8,-3.39,Enrolled
4,5,8,9070,1,12,167.1,19,10,14,11,7,109.6,1,0,0,1,1,0,31,1,1,18,5,2,15.1,8,11,19,29,6,2.1,4,7.2,2.3,-2.9,Graduate
5,16,9,9003,1,4,156.3,7,6,1,8,0,128.8,0,0,1,1,0,0,29,0,13,10,16,10,15.9,4,8,0,4,14,12.8,1,11.0,0.5,-0.66,Graduate
5,16,3,9130,1,3,135.2,19,34,33,5,13,98.5,0,0,0,1,1,1,26,0,10,9,20,13,16.5,5,7,2,27,8,10.3,2,10.9,3.4,1.13,Enrolled
2,17,8,9130,1,5,135.9,5,31,19,8,3,134.1,0,0,0,1,1,0,38,0,6,0,2,4,7.6,8,9,18,20,6,2.6,4,13.5,3.7,-0.66,Graduate
2,16,1,8014,1,5,142.5,21,13,9,5,9,135.5,0,0,0,1,0,0,45,0,0,13,13,7,4.0,9,11,1,14,12,12.2,3,10.2,2.2,1.38,Enrolled
1,1,3,33,1,4,153.8,18,20,12,5,15,105.8,0,0,0,1,0,1,23,0,4,12,0,14,2.1,6,5,14,26,9,11.6,5,15.0,2.6,1.79,Graduate
3,7,8,9085,1,9,107.0,1,32,5,19,3,129.5,1,0,0,1,0,1,38,0,8,1,6,12,9.4,3,5,12,15,11,15.9,5,10.6,-0.5,0.94,Graduate
1,2,3,171,1,10,149.7,12,10,6,2,1,133.7,0,0,0,1,1,1,20,0,7,7,23,3,5.0,8,12,12,22,10,3.8,8,12.0,1.2,-3.87,Enrolled
2,7,4,171,1,5,135.6,6,26,11,2,1,139.2,1,0,0,1,0,1,18,0,7,10,9,10,7.7,3,13,14,15,4,11.0,0,9.3,-0.7,0.11,Dropout
1,10,7,8014,1,12,146.2,13,19,10,15,12,107.9,1,0,0,1,1,1,38,0,13,18,24,8,1.8,4,6,11,0,9,15.8,8,8.4,2.4,-1.88,Graduate
2,1,0,9130,0,9,119.2,17,29,15,1,10,106.1,0,0,0,1,1,1,40,0,4,18,19,5,3.6,8,7,1,16,5,4.7,3,12.9,2.9,2.5,Dropout
3,16,0,8014,1,9,118.5,9,13,28,3,9,146.5,0,0,0,1,0,0,42,0,3,10,1,3,7.9,7,2,0,28,14,4.2,8,10.8,-0.3,2.79,Graduate
1,17,8,9119,1,10,135.1,21,34,3,8,5,116.3,1,0,0,1,0,1,38,0,9,4,13,3,3.2,9,3,1,29,10,5.0,7,12.6,-0.4,-0.87,Dropout
3,17,8,9238,1,4,144.6,1,20,16,6,6,120.1,1,0,0,1,1,0,21,0,12,16,7,9,4.1,5,6,11,7,13,13.7,5,12.5,2.9,1.62,Enrolled
1,17,3,9238,1,14,111.5,12,18,17,2,14,135.2,1,0,0,1,1,0,26,0,1,2,24,11,0.4,5,9,13,9,6,14.6,3,11.4,1.5,-1.19,Enrolled
3,15,1,9147,1,6,124.0,1,34,19,12,19,111.8,1,0,1,1,1,0,35,0,0,17,19,3,1.3,6,5,14,21,12,0.6,3,9.7,3.0,-0.38,Dropout
1,5,8,9130,1,5,112.0,4,8,4,13,18,123.5,1,0,0,1,0,0,38,0,1,17,5,3,2.1,0,2,5,18,2,5.7,3,8.8,1.0,3.38,Enrolled
1,1,3,33,1,1,136.3,7,16,25,8,2,138.6,1,0,0,1,1,0,43,0,6,10,27,1,11.8,3,5,9,18,4,2.3,3,8.6,-0.0,-2.75,Graduate
5,10,5,9119,1,12,159.9,20,23,27,0,13,108.5,0,0,0,0,1,1,18,0,5,12,4,5,2.7,7,9,7,26,8,2.8,1,11.8,0.9,0.52,Dropout
1,16,0,9119,1,2,125.0,5,32,12,11,1,120.5,1,0,0,1,0,0,37,0,6,12,28,0,15.9,9,1,13,19,0,14.7,9,9.7,0.5,0.77,Graduate
3,10,8,9130,1,6,141.8,20,13,27,0,15,112.4,0,0,0,0,1,0,41,0,14,2,24,10,14.1,9,10,4,27,5,17.4,1,12.0,1.5,2.33,Enrolled
1,10,4,9238,1,10,131.8,5,26,4,8,16,116.9,0,0,1,1,0,0,38,0,9,15,11,9,14.7,6,3,19,10,7,7.4,4,14.2,3.2,-2.94,Graduate
1,16,2,9070,1,3,135.5,7,1,24,6,14,142.4,0,0,1,1,1,0,25,0,13,13,10,2,6.3,1,13,17,18,3,17.5,5,11.5,0.8,2.79,Graduate
1,10,3,9238,1,5,121.1,17,2,17,2,12,145.3,1,0,0,1,1,1,47,0,2,3,19,4,1.0,6,5,12,11,0,6.8,9,11.2,2.5,1.08,Enrolled
2,17,0,9147,1,9,139.8,12,13,26,3,11,130.4,1,0,0,1,1,0,17,1,4,4,22,5,1.4,4,0,10,12,14,12.9,1,15.6,2.1,3.46,Graduate
1,2,8,9147,1,4,127.0,15,27,18,6,6,133.9,0,0,1,1,1,0,31,0,2,5,17,7,12.4,9,13,13,21,0,6.5,0,10.4,0.2,-0.01,Dropout
1,5,7,9130,1,5,156.9,3,4,22,14,19,133.6,1,0,0,1,1,0,46,0,8,14,0,3,16.6,5,2,2,19,2,5.8,2,7.3,0.6,0.69,Dropout
1,15,3,9085,1,1,122.3,17,20,6,0,19,118.3,0,0,0,1,1,0,29,0,14,8,0,11,3.2,9,10,0,14,9,10.6,3,14.9,0.1,-2.61,Dropout
1,10,1,9085,1,4,144.7,14,3,19,5,2,130.1,0,0,0,1,1,0,30,0,14,12,4,3,15.6,0,8,8,21,13,15.7,3,9.0,2.6,-1.01,Graduate
6,10,8,33,1,9,159.6,15,23,34,4,8,110.2,1,0,0,1,1,0,50,0,7,12,6,13,11.8,0,2,17,17,4,10.7,8,12.4,-0.2,1.88,Dropout
6,7,3,9085,1,14,147.8,15,2,11,10,2,114.5,0,0,0,1,1,0,41,0,6,5,11,11,12.2,7,5,7,18,14,10.3,5,15.4,1.8,-1.77,Enrolled
1,5,8,9003,0,9,116.5,15,16,24,16,15,125.9,0,0,0,1,0,1,49,0,5,17,4,13,12.6,9,4,19,23,12,9.1,2,13.7,-0.0,3.09,Graduate
2,1,9,9003,1,14,115.0,19,10,23,2,19,113.2,0,0,0,1,0,1,37,0,13,15,13,0,1.1,6,6,8,12,3,17.1,9,14.5,0.1,1.64,Graduate
1,5,2,171,0,14,136.8,11,28,4,11,2,110.5,0,0,0,1,0,0,48,1,3,15,19,10,10.9,0,11,18,28,8,14.7,8,10.8,-0.8,-2.37,Graduate
2,5,6,9003,0,4,130.9,18,18,18,19,7,117.7,0,0,0,1,0,1,32,0,3,15,29,9,8.7,9,8,7,3,3,7.3,1,11.1,1.2,2.9,Graduate
3,16,6,9070,1,6,137.7,21,2,30,9,7,141.9,0,0,0,1,1,0,21,0,1,10,8,13,15.1,1,6,3,4,2,14.8,7,7.5,2.8,-2.32,Graduate
5,16,9,9070,1,5,147.9,10,14,15,6,14,147.2,1,0,0,1,0,0,43,0,11,8,17,14,7.7,0,3,17,24,11,2.0,4,13.0,-0.4,0.05,Dropout
1,16,3,9070,1,1,131.3,21,20,23,14,4,126.6,0,0,0,1,0,0,42,0,10,0,17,14,9.2,1,7,5,23,9,7.8,8,13.7,3.0,0.46,Enrolled
3,15,1,9003,0,10,120.6,9,23,12,17,12,134.6,1,0,0,1,0,1,35,0,14,12,9,7,10.4,6,0,4,3,7,2.0,6,11.8,3.0,-1.13,Graduate
1,17,8,33,1,9,133.1,3,7,4,18,14,119.7,1,0,1,1,1,0,38,0,5,0,16,1,10.6,9,10,16,19,8,17.9,8,14.7,0.2,-2.04,Graduate
6,5,3,9238,1,5,152.8,1,14,4,0,6,100.1,0,0,0,1,1,0,26,0,5,19,4,5,7.2,9,2,0,3,12,0.8,9,8.0,3.1,-3.59,Graduate
1,15,7,9130,0,14,130.5,21,8,14,12,11,115.4,1,0,0,1,1,0,31,0,9,15,27,8,3.0,6,11,15,25,12,16.3,0,7.8,2.9,2.41,Graduate
2,10,1,8014,0,14,162.3,11,5,8,3,2,123.0,0,0,0,1,1,0,50,0,1,6,4,5,4.5,8,6,16,24,12,16.8,7,8.2,2.1,-2.8,Graduate
2,16,7,171,1,9,143.3,16,23,23,17,7,128.8,0,0,0,1,1,1,46,0,6,13,0,0,7.4,8,1,19,12,11,5.3,2,14.8,2.9,-2.19,Graduate
2,10,9,9147,0,14,141.8,3,10,1,11,9,125.7,1,0,0,1,1,1,51,0,12,8,5,4,11.2,8,12,13,2,12,17.1,7,8.7,-0.5,2.23,Graduate
1,16,4,9119,0,3,121.8,21,27,11,3,1,123.3,1,1,0,1,0,0,30,0,9,17,20,10,8.2,6,7,7,8,13,9.0,1,7.7,0.6,-1.53,Enrolled
5,2,6,9147,1,10,128.1,9,1,27,3,7,119.5,0,0,0,1,1,0,39,0,14,12,6,11,14.2,7,3,0,13,8,16.9,1,14.1,0.5,0.78,Enrolled
1,15,6,171,1,5,137.8,11,7,4,4,17,131.5,0,0,0,1,1,1,23,0,3,12,10,7,10.4,6,10,4,23,10,8.7,3,13.3,2.7,0.36,Dropout
2,15,8,9147,1,2,129.6,17,8,29,18,11,109.3,0,0,0,0,0,0,42,0,12,3,27,11,6.2,5,3,6,3,6,8.5,9,8.4,2.6,1.91,Dropout
1,17,2,9238,0,2,148.9,1,11,17,8,17,137.4,1,0,1,1,1,1,45,0,5,16,0,0,8.9,9,11,0,7,3,13.6,4,13.9,3.2,0.85,Enrolled
1,1,9,9147,1,4,133.2,9,34,19,6,18,119.4,1,0,1,1,1,0,26,0,10,4,2,0,6.5,3,2,7,2,14,4.2,9,9.6,0.5,-1.14,Graduate
1,7,3,9147,1,9,121.2,3,28,24,6,4,153.9,0,0,0,1,0,0,46,0,11,16,12,9,0.5,2,13,3,3,11,16.3,1,7.3,1.3,2.33,Graduate
1,5,9,9238,1,14,135.3,10,34,32,11,15,122.9,0,0,0,1,1,0,39,0,11,16,15,1,5.1,4,9,13,7,8,15.3,2,7.3,-0.7,0.81,Graduate
1,1,3,9238,0,4,125.2,5,20,31,9,16,120.8,0,0,0,1,1,0,26,0,5,9,25,8,8.1,4,13,10,9,1,2.4,4,8.1,3.7,-0.65,Graduate
1,15,9,9003,1,12,140.9,11,28,16,19,8,119.7,1,0,0,1,0,1,42,0,6,15,12,4,4.6,3,7,12,6,5,0.5,2,14.4,1.0,-1.29,Dropout
1,1,4,9238,0,2,122.9,5,3,32,12,9,120.9,1,0,1,1,1,0,34,0,11,13,8,12,13.0,2,5,17,3,9,12.8,2,10.6,1.7,0.53,Dropout
3,2,5,8014,1,6,158.5,12,9,34,5,18,134.9,0,0,0,1,1,0,17,0,2,1,5,3,15.5,3,8,3,16,10,6.3,3,10.4,1.6,-3.91,Graduate
4,7,2,9085,1,4,108.4,14,22,16,8,11,126.5,0,0,0,1,1,0,19,0,14,14,17,12,5.3,1,7,18,9,14,1.8,4,14.1,1.0,1.62,Graduate
1,17,3,8014,0,6,125.9,12,25,21,18,0,139.8,0,0,0,1,1,0,26,0,4,6,28,3,0.4,6,9,17,27,0,16.1,2,12.8,0.2,1.5,Graduate
1,15,2,9147,1,14,133.7,19,2,13,15,16,133.0,0,0,0,1,1,0,45,0,4,2,24,12,15.8,7,10,12,5,2,17.9,0,14.9,2.6,-0.5,Dropout
1,15,1,8014,1,12,123.7,9,23,18,10,2,127.4,1,0,0,1,1,0,21,0,3,17,2,4,10.4,9,3,3,0,6,5.7,2,7.2,0.9,-1.14,Dropout
1,5,9,171,1,14,97.1,7,17,2,3,6,131.8,0,0,0,1,0,0,21,0,9,14,18,0,0.1,0,7,13,23,7,3.3,4,8.5,2.2,2.02,Graduate
2,17,8,9130,1,12,160.0,16,25,33,0,19,142.6,1,0,0,1,1,0,31,0,9,10,17,12,9.0,0,12,3,12,6,15.4,5,14.7,2.5,-2.87,Dropout
2,17,0,9085,1,12,142.5,7,12,18,11,8,135.5,1,0,0,1,1,0,42,0,13,6,4,3,1.7,4,8,14,19,9,9.5,7,15.6,2.5,1.54,Graduate
1,16,1,9130,1,12,112.7,14,27,28,3,4,130.6,0,0,0,1,0,0,42,0,11,8,2,2,12.1,6,5,11,9,12,17.7,6,9.7,-0.4,-3.86,Enrolled
1,7,7,9119,1,3,114.9,8,20,12,4,8,132.5,1,0,0,1,0,0,52,0,9,8,21,5,9.6,4,5,19,12,11,11.5,1,7.3,3.6,2.81,Dropout
1,2,6,8014,1,12,109.5,21,9,8,5,18,112.0,0,0,1,1,0,0,20,0,10,0,4,10,16.4,6,11,6,6,4,10.2,4,7.1,2.6,3.15,Dropout
3,10,0,9130,1,3,129.4,18,23,25,13,10,160.4,0,0,0,1,1,0,42,0,6,1,10,9,7.1,1,9,0,27,9,16.7,2,7.3,1.9,1.41,Enrolled
6,1,4,9238,1,14,153.6,3,28,7,0,13,133.9,1,0,0,0,1,0,45,0,4,12,24,6,16.6,2,8,16,12,10,14.4,7,12.9,0.5,1.6,Enrolled
1,17,9,33,1,3,127.2,2,29,2,7,13,135.2,1,0,0,1,0,0,38,0,2,1,25,13,15.1,3,12,13,26,1,7.3,0,9.3,-0.1,-1.29,Graduate
1,5,5,33,1,5,124.7,5,32,33,14,7,126.6,0,0,0,0,1,1,17,0,3,11,9,11,13.5,4,9,2,10,4,0.2,2,10.3,2.8,2.59,Graduate
4,15,4,9238,1,6,146.0,8,12,33,11,19,97.1,0,0,0,0,1,1,44,0,1,8,13,0,7.9,3,8,5,6,6,13.5,6,10.3,1.0,-1.76,Graduate
5,10,3,9130,1,12,136.3,19,30,23,18,0,123.6,0,0,0,1,0,0,35,0,11,19,27,0,7.5,6,13,5,25,5,15.6,6,9.2,3.3,0.23,Graduate
1,2,0,9147,1,1,130.7,9,11,5,6,3,128.0,0,0,1,1,0,0,28,0,2,8,18,1,7.1,4,3,5,19,0,2.3,7,8.6,3.4,1.54,Enrolled
1,7,6,9238,1,10,142.6,2,20,14,8,15,116.3,0,0,0,0,0,1,22,0,4,14,18,10,0.9,4,5,13,14,8,16.1,3,11.7,-0.5,0.37,Graduate
1,17,8,9085,1,4,105.1,15,11,8,10,0,116.2,0,0,0,1,1,0,51,0,14,10,3,11,10.9,1,4,12,0,5,15.6,0,7.6,1.8,-0.32,Graduate
2,1,5,9070,1,14,138.7,8,16,20,7,18,122.6,1,0,0,0,1,1,27,0,0,7,20,12,14.4,0,11,0,20,2,0.3,0,11.1,0.9,-2.33,Graduate
1,17,2,171,1,9,150.8,10,1,18,3,2,137.0,1,0,0,1,1,0,17,0,11,3,9,9,13.4,0,10,7,24,2,13.1,0,10.8,1.0,0.91,Graduate
1,5,9,9147,1,6,113.0,7,25,23,9,1,143.3,0,0,0,1,1,0,17,0,11,14,23,11,10.5,7,4,5,9,5,6.9,6,9.6,2.0,1.67,Graduate
2,17,3,9085,1,6,126.0,19,27,29,19,16,129.2,1,0,0,1,1,1,23,0,3,4,17,12,6.4,0,14,12,6,6,0.9,0,7.7,2.7,0.25,Graduate
1,17,9,9130,1,9,102.4,1,32,7,9,10,119.6,0,0,0,1,1,0,45,0,11,1,25,4,12.5,8,8,5,20,3,6.0,9,12.9,1.7,2.13,Dropout
3,17,4,9147,1,4,125.1,2,6,24,7,2,122.3,0,0,0,1,1,0,50,0,4,7,16,11,9.5,1,10,6,21,12,10.9,4,12.4,2.6,0.48,Enrolled
1,15,0,9147,1,6,121.9,3,23,25,13,6,128.3,1,0,0,0,1,0,23,1,14,7,22,8,15.1,7,7,10,11,6,5.5,7,13.7,3.5,1.6,Dropout
1,15,4,9130,1,3,157.2,14,29,14,3,9,129.8,1,0,0,1,0,0,47,0,4,9,7,13,4.9,1,10,17,27,2,14.2,1,11.8,1.0,3.0,Graduate
2,10,0,9238,1,5,124.7,15,30,3,19,2,132.7,0,0,0,1,1,0,17,0,7,5,4,3,1.8,7,3,2,13,2,8.9,3,11.6,1.2,-2.0,Graduate
1,10,8,9130,1,2,136.1,21,22,14,2,7,121.3,0,0,0,1,1,0,53,0,2,10,7,3,0.1,8,0,17,0,12,0.6,5,9.2,2.2,-0.67,Graduate
6,1,6,8014,0,3,151.8,14,11,3,2,4,133.9,1,0,0,1,1,0,42,0,8,1,29,8,13.4,7,1,16,24,3,10.1,6,10.6,-0.6,2.81,Graduate
1,7,2,8014,0,12,98.8,8,26,9,3,9,132.9,1,0,0,1,0,0,45,0,3,19,7,9,10.8,5,2,4,29,11,7.9,4,11.8,-0.3,-0.38,Dropout
1,2,8,171,0,6,133.5,18,23,7,11,11,121.9,0,0,0,1,1,1,51,0,10,11,3,0,1.1,6,6,12,9,1,1.7,7,7.7,-0.1,-4.01,Dropout
2,16,1,33,1,3,115.0,17,3,26,17,17,104.6,0,0,0,1,1,0,53,1,12,14,9,12,15.1,3,5,0,5,6,8.0,9,13.3,1.8,-3.73,Dropout
1,7,6,9003,1,2,115.4,7,6,7,18,5,115.5,1,0,0,1,1,1,26,0,9,17,26,14,8.6,3,4,0,17,4,14.4,2,15.4,1.6,-3.3,Graduate
5,7,8,171,1,5,118.7,20,7,7,10,7,147.4,0,0,0,1,1,1,21,0,13,1,18,2,8.3,2,12,5,21,8,1.9,6,15.7,0.6,-0.98,Dropout
1,7,5,171,1,14,124.2,1,22,13,17,17,105.0,0,0,0,1,1,0,46,0,14,15,28,9,12.3,9,1,12,12,8,4.4,6,14.3,1.8,-1.17,Dropout
1,16,9,9070,1,5,116.1,9,33,3,13,5,144.1,0,0,0,1,0,0,20,0,12,8,8,6,11.4,8,5,2,2,0,17.8,1,14.3,3.5,0.62,Graduate
1,1,4,9003,1,1,125.3,9,3,20,10,8,104.5,1,0,0,1,0,0,23,0,4,15,14,11,4.3,4,10,16,27,12,7.5,0,8.5,3.1,-2.46,Graduate
1,16,6,33,1,3,146.0,11,30,9,13,15,116.9,0,0,0,1,1,0,36,0,1,4,19,11,11.6,7,5,13,4,12,14.9,1,9.9,0.8,-0.87,Dropout
3,1,5,9147,1,9,138.8,19,24,22,2,10,122.1,1,0,0,1,0,0,44,0,1,18,5,5,15.4,2,9,18,13,11,9.1,9,13.9,3.5,1.17,Graduate
3,16,4,9003,1,12,172.3,6,3,33,1,1,150.2,0,0,0,1,1,0,23,0,10,11,17,4,7.1,3,7,8,2,9,4.2,2,7.3,0.8,3.43,Dropout
1,2,1,9070,1,5,134.3,7,2,23,8,16,127.3,1,0,0,0,0,0,27,0,8,3,22,12,5.2,2,7,13,5,1,1.5,6,7.7,1.8,-0.47,Graduate
1,17,7,9119,1,4,140.5,15,19,23,7,12,124.2,0,0,0,1,1,0,30,0,8,11,11,14,1.1,8,12,7,27,3,13.4,0,12.7,2.3,-4.04,Graduate
3,7,6,171,1,3,150.4,20,24,26,4,6,114.8,0,0,0,1,1,0,24,0,14,18,6,6,10.9,0,6,0,16,4,8.7,9,10.9,1.9,0.61,Graduate
5,17,5,9130,1,14,113.8,6,20,32,8,9,133.8,1,0,0,1,1,0,40,0,12,7,21,1,13.6,9,14,16,12,6,17.6,0,13.1,3.0,-0.12,Graduate
1,1,4,171,1,12,150.0,9,31,28,4,12,120.3,1,0,0,0,1,0,47,0,1,5,11,1,17.4,8,12,6,17,4,16.2,8,9.3,1.7,-1.39,Dropout
1,16,4,9238,1,9,116.8,15,31,30,12,9,124.0,1,0,0,1,0,0,18,0,12,14,13,14,11.0,7,8,19,25,12,2.8,4,7.7,0.9,-1.53,Dropout
1,2,8,9070,1,9,137.9,6,29,17,10,3,122.3,0,0,0,1,0,1,24,0,0,3,13,14,8.1,0,2,16,12,0,11.8,8,14.5,1.7,1.44,Dropout
4,16,0,171,1,10,145.2,7,4,18,10,10,136.4,1,0,0,1,1,1,43,0,0,8,10,6,16.8,9,7,12,11,3,3.3,7,14.0,3.4,-1.62,Graduate
1,17,8,171,1,14,102.3,17,10,25,19,8,136.9,1,0,0,0,1,0,40,0,11,16,16,7,3.2,9,11,18,15,4,6.6,8,11.2,2.4,3.31,Graduate
1,15,5,9003,1,1,125.3,6,21,4,11,15,115.4,1,0,0,1,0,1,22,0,8,4,17,1,12.8,3,7,12,16,14,6.0,8,14.9,0.5,-3.34,Graduate
3,2,3,9003,1,4,129.7,9,1,26,18,16,118.8,1,0,0,1,1,0,27,0,13,18,2,12,5.9,9,4,14,28,11,9.3,4,9.0,-0.7,-3.4,Graduate
1,7,9,9130,1,5,114.0,3,12,31,12,4,117.6,1,0,1,0,1,1,32,0,11,15,18,10,15.5,0,11,15,2,1,15.0,9,10.3,1.9,2.92,Enrolled
1,5,6,9085,1,5,135.8,14,24,12,8,4,129.4,0,0,0,1,1,0,45,0,4,10,5,0,13.4,1,0,12,14,0,15.9,8,9.2,-0.1,-0.85,Graduate
1,7,8,9238,1,1,156.2,6,2,18,3,5,138.8,1,0,0,0,0,0,46,0,2,1,26,12,6.0,9,7,3,16,13,12.3,0,7.8,1.5,-0.42,Dropout
1,5,4,9130,1,3,116.2,4,20,10,6,1,129.6,0,0,0,1,1,0,23,0,0,4,7,10,13.9,1,13,15,9,13,11.3,1,12.9,0.3,-3.32,Dropout
1,2,4,9119,1,2,148.6,16,16,2,4,13,98.5,1,0,0,1,1,0,32,0,14,2,2,4,16.0,4,13,13,15,1,16.6,3,12.3,3.2,-1.34,Dropout
1,15,7,9238,1,9,138.1,16,34,25,6,10,136.9,1,0,0,1,1,0,52,0,3,16,19,0,4.5,2,10,17,0,3,1.8,6,11.0,-0.2,0.21,Graduate
1,17,6,9003,1,5,110.4,9,13,9,7,18,109.5,1,0,0,0,1,0,47,0,10,4,8,9,10.3,7,1,19,3,9,7.1,3,14.7,3.6,-3.38,Dropout
2,15,7,171,0,3,124.5,4,18,32,13,10,117.7,1,0,0,1,1,1,27,0,2,14,11,10,7.6,1,10,7,27,2,3.9,6,11.4,-0.3,1.23,Dropout
3,1,9,9147,0,10,134.6,8,29,5,9,19,129.6,1,0,0,1,0,1,35,0,4,10,7,9,16.7,9,12,4,15,13,2.5,8,11.1,1.9,0.85,Dropout
3,15,1,171,1,1,154.6,8,14,3,5,5,125.9,1,0,0,1,0,1,30,0,9,17,7,8,17.5,4,14,1,8,11,12.1,8,13.1,1.5,0.33,Enrolled
1,10,8,33,1,1,142.8,6,30,17,4,12,138.3,1,0,0,1,0,1,31,1,7,4,0,4,1.9,5,3,8,7,7,3.5,9,7.3,2.5,-1.23,Dropout
1,2,2,9130,0,6,120.5,8,9,13,14,18,119.1,0,0,0,1,1,1,24,0,6,2,24,7,9.9,9,11,10,9,3,17.3,1,9.5,0.2,-1.19,Dropout
1,17,5,9238,1,1,136.7,6,12,3,15,2,114.4,1,0,0,0,1,0,28,0,10,1,6,3,9.6,4,9,17,6,3,9.5,3,14.5,1.1,2.53,Dropout
1,17,5,9147,1,4,88.7,14,21,28,1,15,122.9,0,0,0,1,1,0,40,0,4,1,29,0,15.6,0,3,7,0,4,8.5,1,8.2,-0.8,-3.8,Graduate
1,1,1,33,1,6,144.3,14,18,4,14,8,139.7,1,0,1,1,0,0,54,0,9,19,9,14,14.0,6,13,14,1,0,6.4,7,14.4,2.2,1.7,Dropout
2,17,6,9119,1,1,119.3,18,11,18,7,2,135.2,0,0,0,1,1,0,29,0,13,7,15,8,5.2,5,2,2,20,13,4.9,9,12.7,0.6,-2.62,Enrolled
1,15,8,171,1,12,114.9,13,27,14,12,18,128.1,0,0,0,1,0,0,34,0,2,12,3,13,9.4,9,2,11,3,0,16.4,5,14.2,3.5,1.78,Enrolled
1,2,9,9085,1,4,126.0,15,24,16,16,14,144.2,1,0,0,1,1,0,51,0,12,10,12,10,6.8,3,10,2,16,12,11.1,4,7.7,1.3,-0.36,Dropout
1,7,0,9070,1,12,112.1,3,34,12,14,12,141.9,0,0,0,1,1,0,45,0,4,8,21,13,6.4,9,2,4,5,9,4.3,6,13.3,2.3,-1.33,Enrolled
2,15,7,33,0,12,127.8,6,20,11,13,16,137.3,1,0,0,1,0,0,36,0,11,10,16,3,13.2,6,9,18,0,13,12.3,2,14.0,-0.0,-1.9,Graduate
1,16,1,171,1,6,146.6,20,13,2,18,7,111.7,0,0,0,1,1,0,50,0,12,19,28,10,10.8,9,14,6,25,14,4.3,6,7.2,2.8,-0.39,Dropout
2,5,0,171,1,9,101.1,17,8,33,12,13,137.2,0,0,0,1,0,0,19,0,10,14,10,14,3.6,6,11,10,18,4,13.9,7,13.5,-0.7,1.31,Enrolled
1,2,7,9238,1,1,129.7,20,5,13,6,8,124.4,1,0,0,1,1,0,51,0,10,16,14,13,11.2,9,13,19,25,5,10.0,4,11.4,-0.6,0.13,Dropout
4,17,1,9238,1,5,128.4,16,7,30,7,2,121.9,1,0,0,1,1,0,47,0,0,11,23,2,8.3,8,6,7,18,14,8.0,1,7.1,2.7,0.78,Graduate
4,1,5,9085,1,3,138.5,6,12,26,6,8,118.1,1,0,0,1,1,0,23,0,2,12,15,13,6.1,0,1,10,0,2,11.8,6,12.8,1.0,3.02,Graduate
1,7,5,33,1,14,128.0,8,4,18,18,11,124.8,0,0,0,1,1,0,25,0,1,19,8,1,1.2,5,11,16,11,3,15.7,7,9.2,-0.6,0.65,Graduate
1,10,4,9003,1,14,145.1,13,19,13,14,14,118.9,1,0,0,0,0,0,33,0,0,5,15,0,16.7,5,12,18,4,14,7.3,9,15.7,1.0,0.39,Dropout
1,7,7,9238,1,6,151.3,13,1,4,6,16,129.2,0,0,0,1,1,1,23,0,4,6,24,8,15.5,5,10,16,7,7,12.4,0,15.8,-0.1,-1.22,Enrolled
1,15,2,9070,1,4,146.3,20,13,33,16,8,124.8,1,0,0,0,1,1,21,0,0,3,29,0,5.5,7,1,5,11,4,6.5,5,7.0,1.3,-1.61,Enrolled
2,5,9,171,1,12,119.9,17,25,15,17,7,129.9,1,0,0,1,1,1,40,0,1,16,11,3,10.0,8,2,6,23,8,6.5,6,8.2,3.7,-0.05,Graduate
3,7,3,171,1,9,159.9,21,34,17,18,5,134.2,1,0,0,1,1,1,31,0,0,2,8,1,15.6,3,11,0,11,1,15.1,4,11.6,-0.7,-3.96,Dropout
2,10,6,9119,0,4,113.6,3,17,6,2,8,123.2,1,0,0,1,1,0,18,0,9,18,14,14,9.4,5,11,1,28,5,9.9,2,12.7,2.7,0.3,Graduate
3,16,6,9119,1,6,141.6,13,26,5,6,14,117.4,1,0,0,1,1,1,31,0,7,0,28,11,2.6,0,14,15,16,13,7.3,1,12.7,0.9,-1.54,Dropout
1,1,7,9085,1,2,148.2,7,21,33,9,17,100.9,1,0,0,1,0,0,37,1,7,19,16,7,8.5,4,5,9,9,8,3.6,4,13.5,2.7,1.81,Graduate
1,2,1,33,1,3,162.1,20,12,16,6,10,137.0,1,0,0,1,0,0,53,0,12,18,25,4,5.7,1,7,19,3,13,14.3,7,8.6,1.2,-3.02,Graduate
2,5,1,8014,1,9,146.0,5,16,24,10,13,128.0,0,0,0,1,1,0,30,0,0,17,25,10,8.2,8,2,2,1,4,11.3,9,9.7,2.6,1.41,Graduate
1,10,3,9147,1,4,119.6,11,20,5,2,12,124.7,0,0,0,1,1,0,18,0,6,17,11,2,15.3,5,7,16,27,12,13.0,5,11.8,1.7,-0.68,Dropout
2,17,9,9238,1,14,144.7,18,10,3,8,12,142.2,0,0,1,0,1,0,41,0,2,6,9,11,7.4,9,4,6,6,4,7.8,4,8.3,2.6,-0.87,Dropout
1,15,8,33,1,9,128.9,4,23,27,3,12,110.2,1,0,0,1,1,0,43,0,2,13,24,13,14.4,7,9,15,5,12,5.5,9,14.3,1.5,-3.72,Enrolled
1,15,9,171,1,12,147.5,20,30,12,7,15,127.7,1,0,1,1,1,0,54,0,1,4,25,3,4.2,6,7,18,0,10,13.0,8,14.1,2.2,-1.46,Graduate
6,15,8,9130,1,5,133.8,7,8,25,11,11,114.5,1,0,0,1,0,0,35,0,1,17,5,2,10.7,5,5,16,17,4,1.6,2,13.1,1.3,3.0,Graduate
1,17,3,9119,1,1,152.4,4,5,17,7,17,135.5,1,0,0,1,1,1,46,0,9,11,26,9,7.7,7,4,11,5,13,11.9,7,10.0,0.3,-3.97,Graduate
6,17,8,9147,1,5,131.4,10,12,20,14,11,98.1,1,0,0,1,1,0,26,0,5,3,27,1,17.5,2,3,7,15,10,17.6,7,12.2,2.6,-2.97,Dropout
6,5,2,9238,1,6,145.0,1,14,28,13,4,137.5,0,0,1,1,0,1,47,0,4,19,5,5,0.0,9,4,14,7,14,14.7,7,7.0,1.4,1.89,Enrolled
3,7,4,9003,1,2,121.7,17,12,15,4,16,136.9,0,0,0,0,1,0,29,0,5,11,0,13,6.5,0,9,10,20,5,13.2,2,12.4,1.0,-0.98,Enrolled
2,5,9,9003,1,10,148.7,5,24,33,16,0,115.0,0,0,0,1,0,1,29,0,9,17,1,13,14.6,6,0,2,0,13,7.9,3,7.4,3.7,-2.94,Dropout
2,15,8,9119,0,2,98.8,17,17,3,19,12,127.9,0,0,0,1,1,0,43,0,2,18,26,5,7.0,9,8,5,12,7,0.3,8,9.0,-0.6,-2.75,Graduate
4,16,5,33,1,12,141.5,3,1,7,10,9,115.3,0,0,0,1,1,0,35,0,6,14,9,2,3.9,4,8,17,29,7,17.7,0,10.1,2.5,-3.16,Dropout
1,10,2,9238,1,2,136.5,9,11,10,14,2,132.6,1,0,1,1,0,0,35,0,14,19,7,4,15.4,1,10,6,3,0,16.6,2,12.8,1.1,-3.73,Graduate
1,2,9,9147,1,3,133.2,3,6,26,12,5,137.7,0,0,0,1,1,1,53,0,10,5,17,11,10.7,3,3,6,5,3,9.0,6,9.2,0.7,3.45,Dropout
2,2,8,171,1,10,98.5,3,15,6,3,15,113.9,0,0,0,1,0,0,31,0,9,18,9,8,10.0,9,10,2,11,8,12.4,0,8.2,3.2,-0.37,Graduate
1,5,5,33,1,6,123.6,9,23,33,12,0,110.1,1,0,0,1,0,0,44,0,3,6,8,12,7.2,9,0,16,28,13,10.1,4,11.5,2.7,-2.04,Dropout
1,15,3,9119,1,1,149.0,5,23,16,12,18,141.3,1,0,0,1,0,0,52,0,13,3,19,14,2.8,1,9,13,19,11,12.4,1,13.8,-0.7,-0.13,Enrolled
1,17,3,9085,1,4,118.3,10,12,24,10,7,152.2,1,0,0,1,0,1,44,0,1,8,10,14,10.4,1,14,7,19,5,1.0,6,10.5,2.5,-1.26,Dropout
2,1,7,8014,1,5,109.0,15,7,30,4,8,133.4,0,0,0,1,1,0,49,0,6,2,3,9,9.1,4,6,19,20,4,18.0,7,14.7,-0.8,2.11,Enrolled
4,16,6,33,1,3,114.9,12,16,10,13,19,134.4,1,0,0,1,1,0,38,0,3,15,29,0,7.2,6,13,9,17,4,14.0,8,15.5,-0.6,0.48,Graduate
1,5,0,9070,1,1,148.8,6,29,11,2,6,122.7,1,0,0,1,0,0,25,1,0,8,27,6,1.4,9,5,2,23,13,4.8,6,13.4,0.3,2.23,Enrolled
5,15,5,9238,1,3,137.9,7,17,22,17,10,129.3,0,0,0,1,1,0,52,0,8,17,4,13,11.7,5,11,1,1,13,9.8,1,14.3,3.6,-2.28,Dropout
2,7,7,9003,0,12,152.3,7,26,3,2,7,131.6,1,0,0,1,1,0,22,0,10,4,6,0,11.4,0,10,5,7,3,8.5,9,12.0,1.0,0.04,Dropout
3,2,2,9070,1,2,141.4,4,20,23,5,10,124.6,0,0,0,1,0,0,18,0,0,11,26,5,10.1,0,12,18,8,4,6.4,2,12.2,1.8,-2.07,Graduate
2,2,8,33,1,1,118.0,13,25,19,7,13,144.5,1,0,0,1,1,0,42,0,14,3,16,12,2.4,9,5,2,28,13,7.9,8,7.3,2.7,-2.15,Graduate
3,16,9,33,1,9,158.4,15,19,13,16,13,129.3,1,0,1,1,1,0,21,0,0,10,8,4,5.5,0,5,5,16,1,10.2,9,11.8,0.4,-2.69,Dropout
1,2,1,9070,1,9,121.8,18,21,3,0,3,131.0,0,0,0,1,1,1,39,0,6,11,14,3,8.5,2,12,13,26,8,9.2,8,11.7,3.4,-1.02,Enrolled
3,1,5,9085,1,5,118.6,18,32,22,6,19,124.9,0,0,0,0,1,0,22,0,6,2,5,12,13.2,0,9,18,3,2,15.1,2,12.0,1.3,1.22,Enrolled
1,15,0,9070,1,2,134.8,7,28,25,17,8,126.2,0,0,1,1,0,0,17,0,8,19,28,2,4.0,9,13,18,14,13,2.1,2,9.0,3.1,-0.22,Enrolled
4,15,1,171,1,1,137.2,10,12,20,3,7,142.8,1,0,0,1,1,1,51,0,12,2,4,9,14.4,3,2,19,4,0,1.0,1,10.5,1.2,3.3,Enrolled
6,16,4,9147,1,5,143.5,16,15,28,9,14,128.9,0,0,0,1,0,0,49,0,4,0,12,3,5.7,4,3,15,18,12,9.1,2,15.5,3.3,-2.05,Graduate
1,15,0,9070,1,14,125.9,8,28,3,4,19,129.2,0,0,0,1,1,1,42,0,13,1,20,13,12.0,0,0,0,12,12,8.4,8,14.7,3.1,1.17,Graduate
1,17,7,9070,1,4,152.1,19,21,22,7,5,129.4,0,0,0,1,1,0,41,0,1,11,16,11,16.9,4,0,10,4,1,11.6,4,11.1,0.7,-1.22,Graduate
3,16,0,9238,1,12,121.2,11,16,18,12,15,122.3,0,0,0,1,0,0,29,0,11,10,0,10,12.9,2,6,9,19,4,5.2,4,10.8,-0.4,-1.42,Graduate
1,15,8,9147,1,5,114.5,21,23,20,16,15,108.7,1,0,1,1,1,0,33,0,7,4,22,0,1.2,0,3,16,28,11,1.6,5,14.1,-0.5,-0.79,Dropout
4,1,9,8014,1,14,101.6,6,26,5,3,13,147.4,1,0,0,0,1,0,32,0,2,18,17,4,6.8,3,13,9,2,9,14.5,5,10.6,1.3,-2.24,Dropout
1,10,2,9070,1,2,127.4,10,15,9,9,14,140.9,0,0,0,1,1,0,46,0,13,4,13,8,10.4,4,1,5,10,4,7.9,7,12.4,-0.6,3.0,Graduate
1,5,1,9070,1,4,143.4,19,12,29,7,11,143.2,0,0,0,1,1,1,18,0,13,9,11,5,12.1,0,12,9,25,10,2.4,5,14.8,2.0,-1.19,Enrolled
6,5,0,171,1,12,141.6,14,4,17,9,17,113.1,1,0,0,1,1,0,20,0,12,18,3,9,6.2,1,7,13,3,2,17.2,7,8.7,2.8,-2.06,Dropout
2,15,8,9003,1,10,135.5,20,31,12,12,10,145.8,1,0,0,1,1,0,29,0,4,14,7,9,7.7,5,14,6,20,5,17.0,8,13.7,3.1,0.4,Enrolled
3,7,3,171,1,3,123.7,6,27,26,11,6,152.6,0,0,1,0,1,0,54,0,5,7,5,3,6.8,1,6,10,0,3,2.9,4,16.0,3.5,-2.82,Graduate
1,2,0,9070,1,10,149.5,4,32,33,12,5,140.6,0,0,0,1,1,1,33,0,2,17,27,4,12.6,1,9,10,24,1,14.5,1,7.3,-0.4,1.47,Dropout
2,1,0,9238,1,2,132.0,20,33,33,9,2,148.4,0,0,0,1,0,0,39,0,5,7,19,0,16.4,7,1,10,19,3,9.7,4,7.3,3.1,-0.98,Graduate
2,7,6,171,1,3,136.6,15,13,29,0,8,137.4,0,0,0,1,1,0,45,0,4,12,22,12,14.0,7,11,5,14,4,5.4,2,13.3,-0.3,-0.1,Enrolled
2,17,1,9238,1,5,113.1,5,2,22,8,14,116.0,1,0,0,1,0,0,25,0,10,0,22,13,4.7,9,10,7,28,5,7.1,9,11.0,3.7,2.25,Dropout
2,7,6,9147,0,14,102.8,16,5,18,2,1,133.6,0,0,0,1,0,0,31,0,6,8,16,3,9.7,3,6,13,19,0,17.4,5,8.6,-0.3,-2.97,Graduate
2,15,6,9238,1,14,143.7,7,18,17,16,3,113.7,0,0,0,1,1,0,18,0,9,0,0,3,8.6,2,13,17,19,12,6.0,4,11.7,3.7,0.39,Graduate
1,1,9,9085,1,10,168.5,2,17,24,9,1,119.2,1,0,0,1,0,0,45,0,1,8,20,8,0.3,1,6,2,17,6,3.8,9,15.0,1.1,-3.8,Graduate
1,5,8,9130,1,1,137.4,13,2,22,18,5,131.1,1,0,0,1,1,1,50,0,7,17,6,4,16.9,7,13,8,1,14,8.4,2,11.7,2.5,-1.04,Graduate
3,2,6,9147,1,4,143.7,2,14,5,5,11,129.4,0,1,0,1,0,0,33,0,5,15,5,2,8.4,1,2,3,0,0,11.1,6,15.5,-0.0,2.4,Dropout
1,5,0,9130,1,1,143.4,9,12,1,6,6,133.0,0,0,0,1,0,0,30,1,0,8,16,9,17.0,7,8,17,24,13,5.1,5,12.1,-0.4,1.43,Dropout
2,7,7,9070,1,1,131.8,20,33,19,10,8,103.7,1,0,1,1,1,1,31,1,14,5,22,7,12.0,0,4,13,26,3,13.9,4,8.7,2.2,1.88,Graduate
1,17,7,9070,1,5,107.4,5,7,30,15,5,125.0,1,0,0,1,1,1,42,0,10,2,16,9,12.7,4,7,4,2,12,10.9,8,14.5,1.7,-0.88,Enrolled
2,2,3,9085,1,6,141.8,3,9,15,3,4,134.1,1,0,0,1,1,0,50,0,10,17,13,9,7.7,8,12,12,23,9,16.7,0,10.4,3.3,-0.45,Dropout
2,10,7,33,0,1,153.7,2,5,5,3,3,136.7,0,0,0,0,1,0,19,0,1,4,1,13,15.4,5,7,8,14,3,5.8,3,12.4,2.3,2.3,Graduate
1,7,3,9130,1,6,138.9,14,4,6,17,9,137.6,0,0,0,1,0,0,34,1,12,6,15,6,3.3,6,0,14,25,0,12.0,5,10.5,2.1,-0.23,Enrolled
1,5,7,171,1,5,127.7,8,32,25,17,19,130.3,0,0,0,0,0,0,53,0,2,10,26,7,17.3,0,4,9,18,8,15.9,0,10.8,2.1,0.43,Graduate
1,5,4,9085,1,4,137.4,20,5,11,6,3,122.1,0,0,0,1,1,0,52,0,13,13,12,14,11.1,7,4,17,11,8,0.1,8,8.6,1.0,2.32,Graduate
2,15,3,9147,0,14,130.2,12,8,22,10,4,133.5,0,0,0,0,0,0,23,0,2,16,15,3,6.0,5,2,19,10,2,8.9,9,12.6,2.4,2.11,Dropout
3,5,5,8014,1,5,150.9,17,13,34,4,16,123.1,1,0,0,1,0,0,39,0,12,2,12,6,13.3,0,4,10,10,10,10.0,0,9.8,3.2,-2.22,Dropout
1,1,1,171,1,10,134.6,16,4,14,17,17,138.7,1,0,0,1,1,0,53,0,9,13,25,10,13.4,0,0,3,19,14,9.1,4,10.2,2.3,0.39,Graduate
2,7,1,9238,1,12,142.2,6,11,9,6,2,132.6,1,0,0,1,1,0,42,0,2,9,10,3,13.9,5,11,11,17,3,5.3,9,8.7,-0.3,-2.5,Dropout
1,16,1,9070,1,2,148.4,6,15,20,1,12,126.2,1,0,0,1,0,0,31,0,10,17,22,8,5.3,8,13,3,0,0,1.6,0,10.1,1.2,-3.75,Enrolled
1,16,8,9147,1,6,142.3,18,18,16,4,0,117.0,1,0,0,1,1,0,40,0,4,4,0,12,0.5,9,9,12,9,0,15.6,8,14.4,1.0,-3.27,Enrolled
5,17,9,9085,1,3,132.4,2,20,17,4,18,141.6,1,0,0,1,1,0,36,0,8,0,12,14,16.0,8,9,8,8,2,9.2,0,15.6,1.4,-0.51,Graduate
1,2,2,9130,1,2,108.8,8,1,17,18,1,134.3,1,1,0,1,0,0,53,0,12,8,26,4,14.4,2,0,11,19,4,1.3,2,11.0,0.5,2.67,Enrolled
1,5,9,9130,1,1,138.1,14,1,34,1,3,154.3,0,0,0,1,1,0,40,0,5,11,29,13,7.2,9,11,6,17,13,7.4,0,13.7,1.7,-0.45,Dropout
1,15,3,9119,0,4,145.5,2,11,11,18,15,133.8,0,0,0,1,0,0,30,0,12,5,11,12,3.0,2,14,15,24,8,3.3,0,15.2,2.8,-3.1,Dropout
1,15,9,9070,1,10,107.4,17,29,34,4,15,134.9,1,0,0,1,1,1,48,0,8,7,4,4,8.4,0,14,7,4,14,5.6,7,9.3,0.7,-2.98,Enrolled
1,5,7,171,1,3,137.8,16,29,8,11,16,108.0,1,0,0,1,1,1,51,0,2,12,14,3,5.5,7,9,14,17,12,14.7,5,8.2,3.3,0.64,Dropout
1,1,3,9238,1,5,131.7,18,24,19,12,11,131.0,1,0,0,1,1,1,39,0,8,14,2,4,3.5,7,0,16,21,8,9.4,6,9.2,0.4,2.44,Graduate
2,15,9,9238,1,14,97.5,21,20,33,19,1,122.9,1,0,1,0,1,0,49,0,3,5,3,0,8.8,2,5,18,10,1,4.2,2,15.0,1.5,-1.64,Graduate
1,16,9,9070,1,5,136.5,6,30,23,6,9,137.7,1,0,0,1,0,1,18,0,6,6,14,10,14.9,6,13,8,24,12,14.6,3,9.8,2.1,0.1,Graduate
1,2,6,9119,1,5,152.2,17,5,2,1,5,131.4,1,0,0,1,1,0,29,0,0,10,27,11,10.5,7,13,1,12,13,3.5,9,11.7,2.9,2.7,Enrolled
1,7,4,9119,1,12,131.9,18,10,8,13,11,139.8,1,0,0,1,1,0,46,0,9,7,14,0,8.8,5,5,5,24,10,5.7,1,15.7,2.2,-3.06,Enrolled
1,10,8,171,1,10,100.3,14,6,29,4,11,154.7,1,0,0,1,1,0,50,0,2,8,13,8,17.9,2,11,7,15,9,0.6,4,11.3,3.2,-2.88,Enrolled
2,1,3,9119,1,10,136.9,10,4,7,19,16,116.6,1,0,1,1,1,0,27,0,3,3,23,1,13.7,3,9,2,1,4,17.2,0,10.3,2.9,-1.2,Graduate
6,17,2,9085,1,1,148.0,4,4,29,11,17,139.3,0,0,0,1,0,0,53,0,11,13,8,7,2.4,6,14,1,4,9,7.5,9,15.3,0.1,-0.63,Graduate
1,17,1,9119,1,1,118.7,18,7,31,3,3,135.9,1,0,0,1,1,1,28,0,7,13,5,10,7.5,6,0,17,18,14,3.0,6,8.0,0.9,-2.32,Graduate
4,15,0,9130,1,2,127.9,11,33,30,16,2,152.7,1,0,1,0,0,1,34,0,0,18,10,1,8.4,2,0,13,20,2,9.2,1,13.4,-0.7,0.1,Dropout
2,7,5,9003,1,10,126.0,16,9,25,15,16,136.2,1,0,0,1,0,0,36,0,14,9,28,12,11.0,5,4,5,8,5,1.9,6,10.9,0.5,2.74,Dropout
2,10,9,33,1,14,132.8,4,26,4,9,8,134.8,0,0,0,1,1,0,29,0,6,9,15,8,12.3,4,1,11,28,2,16.2,7,14.1,-0.7,2.64,Dropout
1,17,1,9130,1,1,125.5,19,21,17,2,11,138.1,1,0,0,1,1,0,22,0,3,12,12,1,5.9,7,2,7,24,1,1.1,6,11.2,2.3,-3.59,Dropout
1,5,7,9130,1,4,151.3,6,22,10,0,6,139.0,0,0,0,1,1,1,26,0,13,17,10,13,6.6,8,6,13,11,9,11.2,3,14.5,2.4,0.51,Enrolled
1,5,5,8014,0,12,150.9,8,33,1,5,15,145.9,1,0,0,1,1,0,49,0,10,17,1,0,1.9,0,2,8,16,2,16.1,7,10.9,2.7,-2.43,Graduate
2,2,4,8014,1,2,122.0,18,33,18,2,7,116.3,1,0,0,1,1,0,20,0,2,19,17,13,1.6,3,0,5,7,1,4.5,8,8.4,-0.2,0.97,Dropout
1,10,1,9070,1,3,151.3,19,5,19,18,2,121.9,0,0,0,1,1,1,20,0,12,15,24,12,13.6,7,11,11,2,0,1.8,2,10.6,0.7,0.24,Enrolled
5,5,6,8014,1,6,106.3,18,21,32,6,12,149.6,1,0,0,1,0,0,53,0,7,10,8,12,16.7,0,11,15,7,13,8.4,1,8.2,2.0,-2.37,Graduate
1,17,1,9070,1,14,118.9,16,27,31,8,19,101.5,1,0,0,1,0,1,28,0,4,18,14,7,3.5,4,0,5,23,6,10.6,9,7.5,3.0,3.06,Dropout
1,5,4,9130,1,3,140.4,7,1,33,11,8,125.9,1,0,0,0,1,0,21,0,5,3,13,2,16.6,3,4,13,24,5,5.2,4,9.2,3.0,-0.48,Enrolled
2,16,1,33,1,4,132.4,17,16,22,13,8,128.9,1,0,0,1,1,0,41,0,1,15,9,13,6.2,9,13,12,15,3,5.9,3,10.8,1.0,-1.09,Dropout
1,15,9,171,1,12,133.2,3,32,1,0,3,124.7,1,0,0,1,1,0,41,0,13,2,6,6,15.9,1,8,7,9,12,11.5,7,8.2,0.7,1.93,Enrolled
1,17,1,171,1,12,136.7,15,29,17,12,13,147.6,1,0,0,1,0,0,49,0,0,13,29,4,0.5,7,2,3,17,2,17.6,9,13.2,1.3,-1.81,Graduate
2,17,6,9003,1,14,123.8,4,23,34,1,17,133.2,1,0,0,1,1,0,31,1,11,2,3,6,1.6,6,4,7,29,5,7.6,5,12.7,-0.1,0.42,Enrolled
5,17,8,9147,1,5,149.9,16,15,29,2,0,122.0,1,0,0,1,1,1,36,0,6,12,29,7,7.8,4,5,17,26,3,8.0,5,14.2,0.2,-2.51,Graduate
3,2,4,171,1,9,141.5,14,26,6,10,18,118.8,0,0,0,1,1,0,28,0,7,8,14,2,15.3,6,14,18,18,5,15.7,2,9.2,-0.7,-3.6,Graduate
2,7,6,9147,0,12,129.6,17,25,1,4,1,130.7,1,0,0,1,1,0,30,0,12,18,19,4,8.1,7,6,10,27,8,7.0,4,10.4,2.6,-0.29,Graduate
2,17,3,9119,0,10,145.0,9,2,27,1,4,142.2,0,0,0,1,0,0,38,0,2,10,17,4,15.1,6,3,18,1,6,5.9,4,12.9,3.7,-2.83,Enrolled
5,5,1,9238,1,9,138.0,7,12,12,13,13,128.8,1,0,0,1,1,0,40,0,5,1,28,6,6.1,6,6,5,25,2,8.4,6,10.7,-0.5,-1.33,Dropout
1,16,2,9130,1,10,127.5,14,19,4,12,8,125.3,1,0,0,1,1,0,28,0,14,12,25,14,2.4,7,2,18,12,11,0.8,6,10.5,-0.1,-0.46,Graduate
1,17,1,33,1,5,126.8,12,32,16,13,19,118.0,1,0,0,1,0,1,36,0,11,13,28,13,16.7,6,11,7,22,3,16.4,7,10.1,0.1,-4.02,Dropout
1,1,4,9070,1,5,113.9,17,23,11,2,19,131.9,0,0,0,1,1,0,44,0,0,1,21,10,1.4,1,3,17,5,8,1.8,4,11.5,1.7,-1.42,Dropout
1,1,5,9147,1,5,121.9,9,5,20,7,14,131.1,1,0,0,1,0,0,27,0,3,11,22,1,12.7,7,6,4,14,13,16.2,4,10.7,0.9,-0.7,Graduate
2,7,6,9003,1,1,128.3,12,25,26,12,19,117.6,1,0,0,1,0,0,38,0,11,12,22,7,15.9,7,2,14,25,13,16.8,4,11.9,-0.4,0.07,Graduate
2,10,2,171,1,6,132.4,12,29,28,11,0,140.3,0,0,0,1,0,1,49,0,1,13,28,6,2.2,6,7,16,15,12,15.9,3,15.9,-0.8,2.3,Enrolled
2,2,3,9085,1,5,117.5,8,20,8,17,18,149.2,1,0,0,1,0,0,30,0,0,12,11,11,9.3,8,10,10,9,5,1.6,5,11.4,0.7,-1.59,Graduate
1,16,7,171,1,10,131.7,10,7,2,17,3,127.6,1,0,0,1,1,0,29,0,11,18,5,9,1.0,7,11,5,12,1,9.8,9,14.0,1.2,2.92,Graduate
2,15,3,8014,1,10,123.0,12,22,26,16,13,130.9,1,0,0,0,0,0,41,0,2,13,27,6,8.3,2,9,2,3,9,6.4,6,13.0,2.3,-1.51,Graduate
1,16,6,9130,1,2,120.4,5,18,27,6,0,112.6,1,0,0,0,0,0,32,0,10,9,5,4,14.2,2,6,2,26,7,3.1,2,12.0,3.6,0.21,Graduate
2,1,5,8014,1,6,138.9,20,21,33,12,4,136.6,1,0,0,1,1,1,46,1,1,9,11,7,5.5,9,4,8,27,13,9.7,1,13.6,1.1,-3.47,Enrolled
2,1,6,171,0,14,133.7,1,22,7,12,9,133.0,1,0,1,1,1,1,17,0,4,10,20,0,4.2,2,13,14,10,2,0.8,2,12.7,1.5,-1.02,Graduate
1,7,0,9085,1,14,129.1,9,12,21,5,8,122.8,1,0,0,0,0,0,44,0,8,2,23,14,4.5,9,1,11,15,2,5.5,6,7.6,2.5,1.83,Graduate
1,10,2,8014,1,6,138.8,15,11,34,18,16,117.3,0,0,0,1,1,0,47,0,7,9,4,11,14.2,7,6,8,10,4,9.4,1,13.7,1.1,-1.81,Graduate
1,10,5,33,1,3,111.9,2,12,23,18,13,151.0,1,0,0,1,1,0,52,0,11,1,8,14,17.5,9,1,14,12,8,17.7,1,15.1,1.9,-3.98,Graduate
3,7,2,8014,1,1,113.1,4,26,34,15,6,132.0,1,0,0,1,1,0,18,0,1,7,22,6,4.1,7,13,7,15,9,9.3,5,14.2,0.9,2.97,Dropout
5,17,6,9085,1,9,125.0,4,30,7,2,17,115.1,1,0,0,1,1,0,53,0,6,3,1,12,1.2,6,14,6,10,6,5.6,8,10.4,3.7,-4.01,Graduate
2,16,8,8014,1,14,128.4,3,15,26,13,9,138.1,1,0,0,1,1,0,18,0,10,15,11,10,2.3,5,1,16,8,14,9.9,2,15.1,0.2,-2.04,Dropout
1,1,2,9147,1,5,141.5,16,8,17,5,3,130.0,0,0,0,1,0,0,49,0,13,0,10,8,11.3,1,3,3,15,7,0.9,3,7.9,2.6,2.77,Graduate
1,16,0,9119,1,14,120.6,8,18,31,16,13,127.8,1,0,1,1,0,1,52,0,11,9,2,7,12.2,3,9,19,16,6,14.7,4,10.4,-0.4,-3.02,Enrolled
2,16,9,9070,1,5,120.9,7,10,25,15,2,139.7,0,0,0,1,0,0,46,0,2,5,23,14,8.1,3,11,9,16,14,16.2,8,7.0,0.4,2.45,Dropout
3,2,5,171,1,10,146.3,12,8,15,1,10,93.0,1,0,1,1,0,0,50,0,5,12,28,14,1.4,2,12,2,8,7,0.7,6,10.2,2.3,3.18,Graduate
1,1,0,9147,1,5,113.8,12,20,2,8,9,103.5,1,0,0,1,1,1,34,0,11,7,8,3,16.7,1,8,5,20,14,3.7,0,7.4,0.6,0.66,Enrolled
1,10,0,9070,1,5,145.2,4,12,11,12,7,144.9,0,0,1,1,0,0,52,0,8,6,7,7,16.7,8,3,14,4,7,0.6,4,13.8,0.6,-1.54,Graduate
2,15,7,9119,1,1,130.1,15,3,32,13,8,125.3,1,0,0,1,1,0,40,0,2,11,1,14,7.1,5,14,17,0,1,16.2,4,9.5,0.1,-1.72,Graduate
1,16,8,9147,0,2,118.3,6,20,30,19,5,121.5,1,0,0,1,1,1,17,0,9,17,28,11,14.8,8,11,10,1,13,0.3,7,12.0,-0.4,-3.01,Enrolled
1,1,1,9003,0,5,113.6,3,12,17,11,13,109.6,1,0,0,1,1,0,40,0,9,2,25,11,16.2,2,7,9,18,1,0.4,4,12.3,0.8,2.77,Dropout
1,16,8,9147,0,9,127.2,7,24,24,19,8,129.5,0,0,0,1,1,1,37,1,14,16,4,7,9.1,7,5,6,29,8,10.3,5,9.8,-0.4,1.95,Enrolled
1,2,4,33,1,3,139.8,21,16,4,10,13,131.1,1,0,0,1,1,0,45,0,1,3,15,0,10.8,4,6,19,13,3,3.4,2,9.2,3.6,-2.37,Graduate
4,17,7,9085,1,1,129.8,6,10,32,18,7,145.7,0,0,0,1,0,0,29,0,13,8,27,13,13.2,0,13,3,7,5,16.7,3,12.0,0.6,1.0,Dropout
6,5,6,171,0,2,143.8,1,19,19,9,5,131.8,1,0,0,0,1,0,26,0,1,16,8,14,16.0,9,1,13,3,14,14.6,1,9.2,1.6,0.43,Graduate
2,1,6,9130,1,3,143.3,8,14,3,17,5,123.1,1,0,0,1,0,0,29,0,4,11,7,0,1.6,4,1,11,16,6,3.9,5,8.4,0.4,-2.99,Graduate
1,7,3,9070,1,12,142.1,1,14,4,2,1,132.3,1,0,0,1,1,1,27,0,5,14,3,10,1.0,1,5,16,7,0,8.0,8,13.7,0.2,-2.26,Graduate
1,5,1,8014,1,10,142.7,16,22,25,15,4,141.4,1,0,0,1,1,0,54,0,3,3,13,8,12.2,2,2,5,16,14,15.2,6,9.9,2.4,-3.04,Graduate
1,16,4,171,1,4,122.0,3,4,9,17,2,138.6,1,0,0,1,1,0,22,0,5,1,11,0,0.9,5,13,15,17,7,0.3,6,11.0,0.8,0.02,Graduate
1,7,2,9130,1,10,141.7,2,34,21,13,10,135.1,0,0,0,1,1,0,26,0,3,17,22,9,1.9,9,5,18,7,10,8.5,4,15.2,-0.1,-2.59,Dropout
2,7,8,9119,0,12,162.0,6,18,23,16,6,130.6,1,0,0,0,1,1,29,0,11,1,26,2,7.6,0,13,3,29,0,8.3,9,8.1,0.1,3.39,Graduate
1,7,5,9147,1,3,144.7,8,34,29,4,8,119.4,1,0,0,1,0,0,51,0,4,6,18,2,3.3,1,3,4,13,9,16.8,6,7.6,3.1,-1.97,Enrolled
1,1,0,9130,1,6,124.2,7,18,30,16,12,113.6,1,0,0,1,0,0,38,0,6,19,18,3,16.2,0,3,19,12,7,6.2,0,10.9,1.7,1.41,Graduate
1,10,2,9003,1,10,121.3,7,31,25,13,15,111.5,0,0,0,1,1,1,33,0,5,11,18,12,6.0,9,11,12,23,13,3.8,9,12.5,2.2,-1.59,Dropout
1,16,3,171,1,14,131.7,21,20,29,2,11,132.1,0,0,0,1,1,0,19,0,1,15,21,11,10.4,4,13,19,25,14,5.8,1,11.2,-0.4,-1.35,Enrolled
1,5,8,171,1,9,141.6,19,10,34,14,7,133.5,1,0,1,1,1,0,46,0,8,13,12,2,0.2,9,7,12,16,0,5.3,6,7.1,1.8,-1.7,Dropout
1,2,5,171,0,12,132.7,18,3,14,11,13,141.2,0,0,0,1,0,1,50,1,9,14,28,13,9.2,1,8,13,1,1,14.7,6,10.7,0.0,-3.24,Enrolled
6,10,3,9085,1,9,113.4,3,21,22,16,13,134.3,1,0,1,1,0,1,43,0,4,17,24,2,14.6,1,10,0,29,1,12.3,1,11.3,-0.3,2.96,Graduate
1,16,0,9119,1,1,141.4,11,10,16,16,4,140.7,1,0,0,1,1,0,20,0,8,15,18,4,17.4,9,9,13,7,3,7.9,2,15.5,1.4,1.84,Dropout
1,17,7,9085,1,12,144.1,11,7,11,18,9,125.3,0,0,1,1,1,0,49,0,4,14,2,4,12.2,4,13,3,10,1,15.4,2,7.7,1.9,-2.27,Enrolled
4,17,1,171,1,5,116.8,3,22,14,6,13,137.0,1,0,0,1,1,0,47,0,2,6,7,7,3.6,9,13,0,29,12,10.7,9,13.2,0.8,-1.73,Dropout
6,1,7,9003,1,6,144.4,1,23,7,4,16,114.0,1,0,0,1,1,0,35,0,6,16,28,12,6.5,6,10,7,3,5,2.2,2,10.6,2.3,-0.72,Graduate
2,7,5,8014,1,2,131.8,10,12,5,1,3,126.2,0,0,0,1,1,0,27,1,11,16,23,6,2.8,3,6,12,25,12,12.2,6,14.9,2.9,1.8,Dropout
3,2,7,9003,1,2,137.3,2,13,29,15,14,103.2,0,0,0,1,1,0,53,0,7,6,25,12,6.1,3,8,8,24,6,4.7,4,12.9,2.0,2.57,Graduate
1,16,5,9070,1,4,137.6,17,13,17,12,10,127.4,0,0,0,1,1,0,31,0,11,4,13,11,10.1,9,0,3,2,0,12.3,9,10.5,2.7,1.75,Graduate
1,5,4,9119,1,4,134.3,9,33,30,10,8,142.9,0,0,0,1,1,0,36,0,4,0,6,8,8.8,0,5,13,26,1,9.3,0,12.8,3.0,3.13,Graduate
1,16,4,9147,1,5,124.0,18,31,25,6,14,127.9,1,0,0,1,1,0,53,0,8,17,3,14,15.7,0,9,0,7,6,13.5,3,11.0,3.7,1.7,Enrolled
2,10,9,171,1,9,137.5,20,28,14,2,19,136.4,1,0,1,1,0,0,24,0,2,10,16,11,3.7,1,11,4,25,2,8.7,8,13.5,1.8,-2.36,Enrolled
2,17,9,9130,1,1,130.7,9,19,22,5,1,130.6,0,0,0,1,0,0,18,0,7,3,20,14,7.8,3,3,9,6,12,15.9,8,14.1,-0.3,-1.19,Dropout
1,15,7,8014,1,14,134.9,11,21,5,4,0,119.6,1,0,1,0,1,0,54,0,10,4,12,4,11.4,2,13,8,23,4,6.6,7,13.2,1.1,1.56,Dropout
1,10,6,9147,0,4,125.9,17,32,28,0,19,124.6,1,0,0,1,1,0,43,0,1,8,11,3,17.7,7,1,7,24,1,5.4,6,10.4,2.6,-3.1,Graduate
2,16,7,9238,1,12,135.9,14,26,12,0,16,142.3,1,0,0,1,1,1,30,0,9,19,8,11,3.8,0,9,12,19,12,4.0,6,7.3,3.1,-2.32,Graduate
1,2,7,9003,1,10,130.0,18,13,13,17,3,136.3,1,0,0,1,0,0,40,0,0,19,6,3,15.0,5,1,12,15,11,9.7,5,8.2,0.1,3.37,Graduate
2,16,6,8014,1,3,115.0,18,29,21,2,4,119.0,0,0,1,1,1,0,51,0,14,4,12,12,11.1,5,5,15,9,2,5.2,7,11.2,1.9,0.97,Graduate
2,16,1,9238,1,6,138.1,12,7,32,18,4,109.0,0,1,0,1,1,0,44,0,6,16,2,12,2.4,7,3,1,4,10,12.9,2,12.3,2.5,-2.71,Graduate
2,1,8,9085,0,12,146.2,18,26,21,9,13,129.7,0,0,0,1,1,0,50,0,9,8,7,12,14.1,4,4,1,22,9,4.4,9,7.8,3.6,-3.36,Graduate
3,5,6,9238,0,10,136.2,8,6,9,19,0,119.4,1,0,0,1,0,0,33,0,11,16,10,1,3.1,0,9,19,5,5,9.3,6,11.2,0.9,3.22,Graduate
4,2,5,9147,1,9,127.4,8,32,2,10,1,124.7,1,0,0,1,0,0,49,0,4,19,4,13,12.6,6,8,4,2,14,11.2,9,9.6,-0.6,-0.28,Enrolled
1,16,8,9119,1,9,136.1,8,23,3,7,9,108.1,1,0,0,1,0,0,39,0,11,8,9,8,4.3,2,7,4,28,13,8.7,2,7.6,3.5,-0.87,Graduate
2,7,0,9003,1,1,120.1,20,11,10,19,4,140.5,1,0,0,1,1,0,24,0,6,16,1,6,8.4,2,3,11,7,6,0.8,9,10.2,-0.6,1.97,Enrolled
2,5,1,8014,0,5,142.0,15,21,9,10,8,125.7,0,0,0,1,1,0,49,0,2,19,1,10,14.1,8,10,4,10,3,6.0,0,12.7,0.3,1.01,Enrolled
1,10,0,9238,1,9,143.4,8,19,32,4,12,127.7,1,0,0,0,1,0,35,0,2,17,21,1,11.4,1,1,9,17,9,15.2,9,14.0,1.7,0.16,Dropout
1,2,9,9003,1,2,129.6,14,34,21,3,12,116.2,0,1,0,1,1,1,28,0,12,11,2,9,13.3,0,1,13,26,12,12.7,9,13.9,-0.4,-2.33,Graduate
1,10,2,8014,1,6,132.0,13,31,34,12,8,123.4,1,0,0,1,0,0,20,0,0,6,5,7,14.5,3,2,0,16,7,17.8,4,11.6,3.4,0.14,Dropout
1,17,4,8014,1,2,115.0,8,29,25,5,13,128.6,0,0,0,1,1,0,47,0,2,14,15,1,0.6,8,6,10,21,14,5.3,5,7.9,1.8,0.03,Dropout
2,16,0,9147,1,3,138.9,17,6,32,1,16,119.0,0,0,0,1,1,0,37,0,0,11,18,14,8.7,1,6,4,12,1,16.7,7,12.4,0.8,-3.29,Graduate
3,10,3,9003,0,1,126.8,19,31,22,5,2,124.2,0,0,0,1,1,1,28,0,3,18,19,1,17.7,9,6,3,13,3,7.7,8,7.5,0.8,-0.27,Dropout
1,10,7,9147,0,3,92.2,6,32,25,9,17,145.0,1,0,1,1,1,0,23,0,13,7,14,3,14.3,8,2,10,9,12,1.3,6,10.8,-0.7,0.5,Graduate
1,1,5,9238,1,9,132.0,17,20,1,3,11,104.2,1,0,0,1,1,1,34,0,13,12,9,14,6.6,2,8,6,16,4,6.5,1,12.9,2.8,1.47,Dropout
6,10,0,9070,1,5,128.6,4,22,21,15,8,129.4,0,0,0,0,0,0,27,0,9,3,11,6,5.1,7,14,12,16,2,3.6,9,8.1,1.0,0.14,Graduate
1,7,0,9119,1,4,115.1,7,3,16,9,15,116.8,0,0,0,1,1,0,49,0,4,4,12,9,12.7,7,6,13,24,3,5.1,5,12.6,-0.8,0.18,Dropout
1,7,2,9070,1,10,144.9,17,8,32,0,12,144.4,0,0,0,1,1,1,38,0,9,14,29,8,2.5,0,13,0,10,4,6.0,1,13.1,2.8,0.23,Dropout
2,5,9,33,1,10,123.8,18,19,21,12,17,124.7,0,0,0,1,1,0,24,1,14,6,14,4,15.9,5,11,19,16,4,5.6,0,15.0,3.3,-2.01,Enrolled
1,16,7,171,1,1,119.3,6,31,28,13,11,113.4,0,0,0,1,1,0,47,0,14,15,21,2,1.5,7,11,16,8,12,0.6,8,9.0,2.1,2.57,Enrolled
1,15,7,9070,0,12,146.8,10,32,19,11,1,124.2,1,0,0,1,0,0,43,0,8,16,6,14,10.1,2,11,14,18,3,5.3,3,14.4,3.6,0.62,Graduate
1,17,2,9085,1,12,136.3,18,15,14,12,18,131.5,1,0,0,1,0,1,44,0,13,9,15,5,15.2,8,8,6,1,11,10.7,1,10.1,1.6,1.11,Graduate
1,10,6,9119,0,2,115.6,7,31,23,0,0,163.1,1,0,0,1,1,0,39,0,0,10,12,8,13.0,3,8,5,2,6,14.0,3,10.5,-0.4,-0.25,Graduate
2,10,2,171,1,2,130.1,14,3,24,13,5,99.6,0,0,0,1,0,0,43,0,7,13,0,1,8.7,0,6,16,17,14,0.1,6,15.7,3.6,-2.95,Graduate
1,2,3,9238,1,10,118.5,14,32,20,7,17,111.4,1,0,1,1,1,0,26,0,3,12,24,12,4.1,4,4,16,15,1,1.8,5,11.6,0.5,-2.85,Enrolled
1,1,8,9147,1,6,111.4,10,10,32,13,2,144.0,0,0,0,1,1,0,39,0,3,17,22,6,10.8,1,7,2,1,4,11.2,3,14.8,2.4,-0.58,Enrolled
2,15,3,9085,0,3,110.3,9,28,10,0,5,107.4,0,0,0,1,0,0,49,0,0,16,8,9,17.4,8,9,0,16,2,1.4,4,13.3,1.5,2.53,Dropout
3,5,2,171,0,2,140.6,10,27,1,16,3,127.1,0,0,0,1,0,0,42,0,11,8,0,10,1.7,5,2,2,3,8,0.3,8,10.8,-0.0,-3.14,Dropout
1,17,4,171,1,5,118.4,2,31,31,15,16,120.7,1,0,0,1,0,1,29,0,7,15,5,9,0.6,6,5,3,20,3,5.7,4,7.4,1.0,-0.25,Graduate
1,15,6,8014,1,10,115.6,3,34,15,11,17,118.7,1,0,0,0,1,1,47,1,4,8,13,3,7.6,6,7,13,19,2,12.5,9,11.4,1.0,-3.76,Dropout
2,10,4,33,1,6,126.9,16,5,31,19,6,124.8,1,0,0,1,1,0,43,0,2,10,18,5,10.6,5,2,2,16,10,15.3,7,10.4,2.6,2.54,Graduate
1,2,3,9147,1,3,168.8,10,11,28,4,1,122.7,0,0,0,1,0,0,29,0,4,13,3,14,6.4,5,10,4,17,5,9.6,4,11.7,0.5,-2.08,Dropout
1,16,7,9238,0,12,137.3,11,7,10,17,14,140.7,1,0,1,0,1,0,50,0,6,13,29,3,12.9,0,8,4,18,13,8.6,2,13.6,3.7,-1.4,Graduate
2,1,3,9003,1,10,142.6,10,8,6,3,16,144.3,1,0,0,1,0,0,23,0,8,10,2,14,9.4,7,1,16,16,8,9.5,8,11.8,2.9,-2.82,Graduate
4,16,1,9070,1,14,116.1,12,17,15,19,5,132.5,0,0,0,1,0,1,28,0,13,14,4,1,6.2,2,0,4,9,11,8.0,3,13.0,2.0,-1.69,Enrolled
3,5,9,9119,0,6,136.7,14,14,27,10,7,123.9,0,0,0,1,1,0,21,0,10,11,13,4,14.3,9,12,2,2,3,14.1,8,13.3,1.5,-1.09,Graduate
2,15,5,33,1,1,130.2,9,24,10,7,7,130.4,1,0,0,1,1,0,54,0,8,13,17,13,1.8,2,10,2,5,13,11.1,0,14.0,2.5,-2.85,Graduate
2,5,1,8014,1,2,119.8,13,30,21,8,6,137.5,1,0,0,1,1,0,22,0,13,2,1,14,0.7,0,11,8,24,1,2.6,8,12.8,3.5,-1.93,Enrolled
1,10,2,8014,1,4,127.0,6,15,19,19,3,140.0,1,0,0,0,1,0,42,0,12,11,22,2,1.0,2,9,8,17,14,16.9,0,14.9,3.7,1.12,Dropout
2,5,0,171,1,2,120.7,11,4,4,9,19,131.8,1,0,0,1,0,1,35,0,13,13,15,9,14.7,3,5,10,27,7,3.4,7,9.7,3.1,2.51,Dropout
1,16,4,9130,1,3,132.3,1,13,22,6,4,146.9,1,0,0,1,1,1,31,0,14,8,3,2,14.4,4,5,8,27,11,3.1,1,14.5,-0.7,0.85,Dropout
1,2,8,9070,0,10,127.1,15,5,15,18,7,119.0,1,0,0,1,1,0,25,0,6,16,3,9,15.0,1,12,18,6,14,6.6,3,12.7,3.5,3.23,Graduate
2,5,1,33,1,12,120.7,7,31,6,0,13,141.8,1,0,0,0,1,1,29,0,8,16,28,13,5.1,5,13,6,15,13,6.7,5,12.5,2.5,-2.2,Dropout
2,7,6,171,1,6,126.6,11,12,11,4,19,136.2,0,0,0,1,1,0,51,0,11,15,23,2,8.8,0,3,13,5,10,1.5,2,8.7,2.0,-1.32,Graduate
1,2,4,33,1,4,143.3,17,30,30,5,2,119.1,1,0,0,1,1,0,50,0,8,1,10,1,5.8,9,11,16,21,1,1.8,9,14.6,0.0,-1.57,Dropout
5,15,1,9085,1,2,112.9,5,10,24,11,17,130.0,0,0,0,1,0,0,50,0,12,3,6,3,10.6,0,1,6,12,12,17.5,5,12.4,-0.2,-0.05,Graduate
1,1,7,9147,1,9,122.0,9,30,22,11,14,130.9,0,0,0,1,1,0,45,0,13,7,15,6,15.2,3,2,11,16,13,2.1,8,8.6,1.3,1.34,Dropout
1,1,5,9119,1,14,135.1,16,26,30,13,4,125.2,0,0,0,1,1,0,43,0,11,8,17,1,0.4,8,1,8,9,3,17.3,3,7.4,2.4,-2.46,Dropout
1,10,3,9070,1,9,121.2,11,6,4,6,14,125.0,1,0,0,1,1,0,28,0,2,15,10,3,10.3,2,11,16,1,1,12.4,2,11.4,2.6,2.18,Dropout
3,10,3,8014,1,14,149.0,17,27,6,19,5,107.2,0,0,0,1,0,1,18,0,4,10,4,4,3.6,3,3,12,19,8,3.9,0,9.5,1.7,-1.5,Graduate
2,7,1,9130,0,12,147.4,6,20,26,19,9,118.0,1,0,1,1,1,0,52,0,1,9,2,9,15.7,5,9,2,2,12,7.4,2,9.7,2.8,-0.56,Graduate
1,15,2,9238,1,5,148.1,15,28,19,13,19,123.9,1,0,0,1,1,0,34,0,9,1,1,2,17.2,4,10,15,18,0,4.2,6,7.7,1.8,2.27,Graduate
2,16,6,9003,0,14,139.8,3,20,2,15,14,119.6,1,0,0,1,0,0,22,0,14,0,13,4,14.9,6,11,0,26,0,4.2,3,9.0,1.1,-1.58,Graduate
1,1,2,9147,1,4,144.7,9,12,4,8,19,115.9,0,0,0,1,0,1,46,0,14,18,4,11,0.6,3,7,4,10,6,11.7,9,15.7,0.8,1.01,Graduate
3,1,4,9070,1,14,130.4,12,21,5,1,8,140.8,1,0,0,1,0,0,37,0,4,6,2,14,5.4,4,14,6,9,14,6.1,8,12.0,0.5,-0.55,Dropout
1,1,9,9085,0,6,121.5,19,30,29,16,3,125.6,1,0,0,1,1,0,38,1,6,7,2,4,4.1,6,1,2,3,6,15.3,6,11.8,2.9,-1.99,Dropout
1,16,5,9070,1,2,122.4,18,10,16,3,7,155.2,0,0,0,1,1,1,27,0,4,1,23,1,14.9,5,6,14,5,7,9.5,2,11.6,0.2,-0.67,Dropout
5,1,5,9238,1,2,106.7,16,5,12,13,12,129.9,0,0,1,1,0,0,23,0,14,2,14,0,0.3,1,3,4,22,2,4.7,8,13.9,3.2,1.69,Graduate
1,5,3,9119,0,12,124.8,8,8,21,13,16,140.5,1,0,0,1,0,0,23,0,7,15,18,14,16.6,6,5,15,10,13,0.6,6,13.1,0.6,1.0,Dropout
1,15,5,9119,1,9,125.7,19,30,9,14,3,124.3,0,0,0,1,1,0,47,0,9,6,22,1,10.6,4,0,15,2,3,10.7,3,8.7,1.1,1.65,Dropout
2,2,2,33,1,9,127.4,5,17,11,11,1,118.4,0,0,1,1,0,0,22,0,14,12,23,11,13.4,5,0,4,28,10,16.9,4,11.5,-0.1,-1.69,Dropout
6,2,6,171,0,5,167.8,12,3,8,12,4,130.4,1,0,0,1,0,0,42,0,1,2,15,4,8.2,9,6,7,24,2,9.1,3,13.4,-0.3,1.77,Dropout
1,7,6,9119,1,9,119.1,6,21,26,9,1,143.8,1,0,0,1,1,0,52,0,5,6,26,7,12.7,3,6,15,28,9,9.8,7,11.1,-0.2,-1.0,Dropout
1,5,3,9130,0,12,126.7,12,16,32,15,15,125.8,1,0,0,1,0,0,25,1,9,11,11,0,6.0,1,6,16,25,1,4.9,2,11.9,2.5,0.0,Dropout
1,1,1,9003,0,14,162.3,15,32,4,14,14,132.8,0,0,0,1,1,1,52,0,12,4,4,13,11.9,0,2,3,15,5,11.8,7,7.7,2.3,2.59,Graduate
1,1,6,9085,1,5,119.7,10,27,34,7,3,130.3,0,0,0,1,1,0,19,0,5,1,20,14,7.8,0,5,8,0,12,9.1,1,7.1,2.4,1.37,Dropout
1,10,2,9238,1,12,114.6,17,6,28,3,14,125.7,0,0,0,1,1,0,47,0,3,15,2,5,16.8,8,9,12,16,2,12.9,3,13.9,3.0,1.36,Graduate
2,10,0,8014,1,1,127.1,7,16,25,0,4,126.4,1,0,0,1,0,0,46,0,0,3,10,13,16.7,8,7,3,2,13,2.2,4,14.0,0.1,-0.28,Enrolled
6,7,1,9119,1,3,119.6,7,3,19,13,2,114.0,1,0,0,0,1,0,47,0,13,9,6,2,10.3,8,7,18,16,3,4.2,3,11.6,0.4,0.33,Graduate
1,1,9,8014,1,9,146.4,21,20,29,8,13,126.9,0,0,0,0,1,0,46,0,5,5,5,12,13.9,7,11,14,9,0,14.8,1,14.3,3.5,1.65,Dropout
1,7,8,9119,1,4,132.3,11,7,14,18,6,135.5,1,0,0,1,1,1,25,0,8,18,27,4,13.4,8,7,17,4,10,17.4,3,14.0,-0.3,-4.03,Graduate
1,5,7,9130,1,2,113.6,2,11,21,5,14,130.8,1,0,0,1,0,0,22,0,14,13,13,9,12.7,9,9,10,18,7,14.7,5,10.2,0.5,-0.93,Graduate
1,2,5,8014,0,3,134.8,21,29,14,15,4,129.4,0,0,0,1,1,0,41,0,11,13,15,10,17.5,0,6,1,19,1,8.0,3,11.4,3.5,-1.79,Graduate
4,1,5,171,0,9,132.9,2,3,15,10,8,136.4,1,0,0,1,1,0,46,0,0,14,22,0,15.8,1,3,19,4,12,1.3,1,11.3,1.7,-2.13,Graduate
1,15,0,9085,1,10,109.4,14,21,30,10,12,129.5,0,0,1,1,1,0,42,0,5,10,9,4,13.4,3,4,12,2,8,15.8,2,7.2,3.4,2.22,Dropout
1,16,1,9003,0,12,136.7,18,32,12,13,6,127.2,1,0,0,1,1,0,19,0,11,5,3,9,1.4,7,5,10,6,14,14.6,7,7.0,2.8,-0.45,Dropout
2,5,3,9130,1,6,137.5,16,30,5,10,3,136.6,1,0,0,1,0,0,38,0,3,11,15,1,6.4,7,0,14,15,6,17.3,1,14.5,3.5,-3.68,Dropout
1,1,2,171,1,14,109.8,11,11,27,13,6,128.8,1,0,0,1,0,0,25,0,8,13,18,8,6.2,3,1,11,18,6,7.4,4,15.8,2.5,3.33,Enrolled
2,16,0,9003,1,12,111.8,9,17,15,0,0,123.9,0,0,1,1,0,1,51,0,8,5,6,2,9.2,7,5,13,14,0,12.4,6,13.8,0.4,-2.95,Enrolled
1,15,7,171,0,4,124.7,7,25,26,10,14,133.1,0,0,0,1,1,0,23,0,6,18,26,10,15.4,1,2,9,24,1,2.9,3,7.6,2.6,-0.78,Dropout
3,10,6,171,1,5,120.7,4,25,9,17,14,126.5,0,0,0,1,0,0,53,0,0,13,2,9,12.1,0,2,2,29,13,16.5,8,12.5,1.0,0.72,Dropout
5,7,3,171,0,1,138.9,16,9,13,16,17,123.3,0,0,0,1,0,1,25,0,2,16,2,10,13.9,3,3,6,18,4,12.6,2,12.6,-0.1,0.21,Graduate
2,10,8,33,1,12,123.5,14,29,33,3,14,129.0,1,0,0,1,1,0,43,0,0,13,15,10,0.8,8,0,17,10,10,13.0,7,9.4,0.3,-0.77,Graduate
6,2,3,9003,1,12,127.4,11,15,34,13,2,129.2,1,0,1,0,0,0,44,0,4,0,3,9,1.0,2,4,14,15,2,12.1,6,11.4,0.5,-1.75,Graduate
1,10,0,171,1,12,114.1,8,19,4,7,4,112.7,1,0,0,1,1,0,49,0,14,9,10,4,16.7,7,7,2,8,7,13.0,1,7.1,-0.3,0.25,Graduate
1,1,9,9147,1,3,144.2,11,15,13,14,4,131.3,0,0,0,1,1,1,22,0,6,16,9,4,3.8,2,7,18,20,10,2.7,9,11.2,1.0,2.42,Enrolled
2,15,0,9147,1,14,118.6,20,13,10,15,15,151.0,1,0,0,1,1,0,33,0,4,8,0,13,14.3,9,6,5,19,8,12.2,1,9.4,3.4,-2.24,Graduate
2,10,0,9119,1,14,114.5,17,16,1,0,9,114.3,0,0,0,1,1,1,39,0,2,9,17,2,9.9,4,6,10,11,3,7.1,6,9.0,0.1,-3.58,Graduate
1,1,0,9085,1,14,130.8,19,3,11,0,12,120.5,1,0,0,1,0,0,41,0,4,17,29,9,6.3,5,3,5,11,5,6.0,4,15.8,3.6,-1.35,Enrolled
1,2,3,8014,1,10,146.1,10,31,9,9,14,163.1,0,0,0,1,1,1,35,0,8,10,18,4,13.7,4,8,9,13,8,4.7,5,13.1,1.4,1.6,Graduate
1,16,0,9119,1,3,136.8,12,1,23,1,7,116.3,1,0,0,1,0,1,45,0,2,16,27,13,17.4,6,10,14,6,4,15.6,2,15.0,2.6,3.44,Graduate
1,15,1,33,1,6,121.5,1,16,13,11,19,143.7,0,0,0,1,1,1,47,0,13,11,29,13,4.7,3,5,3,1,6,13.3,4,8.3,-0.3,0.87,Graduate
1,10,3,9147,1,5,123.9,2,1,5,3,6,124.0,0,0,0,1,1,0,22,0,9,4,10,4,6.3,3,1,19,29,1,5.3,3,9.1,3.1,-0.2,Graduate
2,7,6,9003,1,10,109.8,18,14,25,18,13,127.8,1,0,0,1,0,0,53,0,5,4,15,7,5.3,3,10,3,20,3,2.0,0,15.3,1.8,-3.48,Dropout
1,7,1,9085,0,3,158.9,7,7,10,0,5,125.3,1,0,0,1,1,1,50,0,1,9,21,7,11.6,8,14,8,24,8,7.7,9,9.5,-0.2,-1.48,Graduate
1,15,7,9085,1,1,153.3,16,23,5,0,7,132.5,1,0,0,1,1,0,40,0,3,1,19,5,13.0,0,4,14,27,9,11.1,1,14.9,1.4,-3.63,Enrolled
2,7,6,8014,1,12,134.3,13,29,22,8,14,106.5,0,0,0,1,1,0,26,0,6,0,29,1,8.6,9,14,4,18,14,0.2,7,13.7,2.3,-0.88,Graduate
2,10,8,9003,1,14,129.8,4,22,25,19,16,129.4,0,0,0,1,1,0,27,0,8,17,8,8,3.9,6,6,8,23,1,9.4,9,7.3,1.1,-0.35,Dropout
4,10,5,9238,1,12,113.1,10,16,20,12,4,121.8,0,0,0,1,1,1,40,0,3,15,6,14,5.8,2,11,9,18,14,1.9,5,8.4,0.7,-1.98,Dropout
2,15,3,8014,1,3,127.8,9,29,28,10,11,102.8,1,0,0,0,0,1,18,0,9,15,4,5,13.5,9,7,19,18,3,14.7,9,12.0,0.6,-3.53,Graduate
1,10,5,9085,0,2,143.4,18,6,21,18,12,141.6,0,0,0,1,0,1,45,0,12,4,9,6,15.9,8,13,1,13,8,12.1,8,15.3,1.6,-0.83,Graduate
3,16,3,33,1,4,140.9,9,18,11,16,2,99.6,1,0,0,1,0,0,32,0,2,18,24,10,9.1,7,10,5,18,8,6.8,9,12.2,1.2,3.29,Dropout
1,1,6,9130,1,10,123.2,10,29,29,2,18,154.9,1,0,0,1,1,1,39,0,6,7,10,6,4.5,8,6,9,5,14,4.0,6,13.3,2.5,-1.62,Enrolled
1,2,8,9130,1,6,142.0,8,25,5,19,14,135.0,1,0,0,1,1,0,51,0,1,0,27,10,12.0,5,9,14,13,5,6.9,1,13.1,3.5,-1.68,Enrolled
2,16,2,9147,1,14,147.4,11,2,5,12,17,109.3,1,0,0,1,1,1,38,0,3,10,22,13,11.5,6,2,16,22,5,16.1,0,8.0,0.0,-2.94,Dropout
5,16,2,9085,1,1,130.5,13,32,33,18,19,144.4,1,0,0,1,1,1,51,0,4,18,21,4,16.4,6,4,15,13,1,1.2,8,14.5,1.5,0.15,Dropout
1,7,1,33,0,10,144.7,13,32,8,19,6,117.2,0,0,0,1,1,1,22,0,2,7,19,9,5.1,7,14,16,15,13,16.5,1,13.6,1.4,-0.0,Graduate
1,1,0,8014,1,5,154.8,16,20,6,8,13,117.8,0,0,0,1,1,0,39,0,13,18,4,3,14.7,8,8,17,6,11,1.3,8,9.9,1.0,-1.14,Enrolled
1,15,0,33,1,6,158.7,13,33,15,18,19,103.6,0,0,0,1,1,1,39,0,4,4,21,14,12.1,0,5,1,16,2,0.7,3,11.1,2.6,2.71,Graduate
1,17,2,9070,1,5,121.0,12,5,15,18,18,115.8,1,0,1,1,1,0,46,0,1,19,16,6,15.1,4,9,13,29,13,3.6,3,11.3,1.3,-3.35,Enrolled
1,7,6,8014,1,14,136.7,15,6,9,0,10,117.3,0,0,0,1,1,0,53,0,7,17,17,5,1.9,1,11,3,7,0,2.6,8,14.1,-0.4,2.91,Graduate
2,1,8,171,1,5,140.6,16,22,5,16,6,137.6,1,0,0,1,1,1,36,0,12,1,14,6,14.9,8,3,15,5,8,16.8,8,15.6,1.5,-0.94,Graduate
1,10,1,8014,1,3,129.7,8,21,26,13,10,142.2,0,0,0,0,0,0,27,0,4,18,29,3,8.6,3,5,5,6,12,4.4,1,14.7,2.6,-3.03,Graduate
5,15,6,9147,0,4,148.7,6,19,23,11,7,110.9,1,0,0,1,1,0,40,0,7,9,11,14,13.9,9,14,16,27,1,14.8,1,11.3,3.5,0.21,Enrolled
3,17,0,9130,1,5,130.8,8,15,16,1,9,130.5,1,0,0,1,0,0,34,0,11,17,1,1,4.4,1,13,5,10,5,5.8,1,10.0,-0.3,1.09,Graduate
2,15,1,8014,1,2,127.7,2,34,10,2,10,103.1,1,0,0,1,1,0,43,0,12,15,6,9,6.3,9,10,14,20,12,2.7,8,9.1,2.1,-1.95,Graduate
3,17,5,171,1,6,110.3,18,7,27,4,0,130.6,0,0,0,1,0,1,23,0,2,4,2,8,7.5,6,0,0,6,3,7.6,2,13.2,0.8,2.28,Dropout
1,17,4,9070,1,2,104.6,11,17,16,2,19,155.1,1,0,0,0,1,0,37,0,1,12,11,6,9.9,9,2,1,13,9,1.8,0,10.8,0.2,-3.98,Graduate
1,7,7,33,1,4,124.7,17,5,21,13,9,103.9,1,0,0,1,1,0,31,0,8,1,13,3,9.2,4,3,8,28,2,10.9,1,8.3,1.9,-1.42,Enrolled
2,10,1,9003,1,1,86.5,10,2,12,17,6,113.8,0,0,0,1,0,1,24,0,4,10,3,14,4.3,7,14,3,16,11,2.9,6,7.4,1.0,2.59,Graduate
3,7,0,9130,1,4,148.7,2,27,9,4,2,136.5,1,0,0,1,1,1,44,0,13,11,24,1,16.3,6,6,14,29,9,10.1,0,12.2,-0.5,1.07,Dropout
3,17,6,33,1,9,143.3,19,24,16,2,18,138.0,0,0,0,1,1,0,37,0,7,7,4,7,17.0,8,1,19,0,9,4.2,5,14.9,3.2,-2.37,Dropout
1,17,5,9070,1,10,140.3,20,28,9,1,3,114.8,0,0,0,1,0,0,24,1,14,11,18,7,4.3,4,6,0,28,13,16.5,5,10.0,1.1,-0.62,Graduate
5,5,7,9003,1,2,146.7,20,1,29,8,5,146.2,0,0,0,1,1,0,44,0,9,14,13,9,7.0,7,10,19,9,4,3.9,6,8.9,3.5,-2.03,Graduate
1,1,7,9085,1,3,125.9,20,21,23,17,0,116.4,0,0,0,0,0,0,50,0,4,14,22,7,14.5,6,13,14,7,10,8.4,0,11.5,0.2,-0.48,Graduate
4,5,1,9119,1,1,133.3,2,28,24,1,3,148.8,1,0,0,1,1,0,31,0,12,16,20,2,14.1,4,7,7,15,10,0.3,7,13.8,-0.5,2.28,Enrolled
6,1,7,9147,1,9,124.4,6,3,22,18,6,133.1,0,0,0,1,0,0,53,0,5,9,14,11,17.5,8,12,19,5,11,2.2,7,7.3,-0.7,-3.68,Graduate
1,2,5,33,0,4,146.6,17,30,31,2,10,143.5,1,1,0,0,1,0,43,0,11,6,29,9,17.1,1,12,19,1,8,2.9,1,14.9,2.0,-2.2,Dropout
2,16,8,9238,1,14,91.7,12,1,10,17,5,131.8,1,0,0,1,1,0,42,1,1,19,6,3,15.8,2,7,14,5,4,14.9,8,15.9,3.0,-3.82,Graduate
1,15,6,9003,1,10,146.6,5,18,27,13,4,135.5,1,0,0,1,0,0,28,0,10,19,24,1,10.6,3,6,19,13,14,11.2,2,11.0,2.1,3.44,Graduate
1,7,1,9085,1,5,102.7,2,33,34,12,11,136.2,0,0,0,1,1,1,50,0,0,9,25,13,6.1,9,7,14,11,5,0.7,5,14.6,2.9,-2.85,Enrolled
1,2,7,9238,1,12,126.9,9,15,24,15,1,141.9,1,0,0,1,1,0,47,0,12,17,0,6,9.4,7,7,5,19,4,3.3,2,10.8,1.5,-1.93,Dropout
2,2,8,9119,1,6,114.3,2,24,21,10,17,126.6,0,0,0,1,0,0,19,0,1,13,21,11,13.9,5,0,15,18,8,15.6,3,7.9,-0.3,2.4,Graduate
5,15,6,9119,1,14,128.0,20,34,15,11,8,115.3,1,0,0,1,1,0,42,0,1,15,24,6,1.9,9,0,18,12,14,5.5,6,11.5,2.8,-0.19,Enrolled
2,15,3,9130,1,2,121.7,14,26,17,2,13,126.0,1,0,0,0,1,0,22,0,12,12,16,0,12.7,0,6,0,13,6,3.8,2,8.6,0.8,3.09,Graduate
1,1,8,9238,1,1,124.2,15,22,19,5,11,118.3,0,0,0,1,1,0,36,0,8,10,5,8,16.1,2,7,15,25,4,14.3,2,8.7,2.3,0.41,Graduate
3,5,3,9130,1,1,138.2,2,16,25,15,8,119.2,0,0,0,0,1,0,33,0,6,2,11,8,3.8,0,8,3,15,8,7.1,0,14.2,-0.3,1.41,Dropout
6,10,3,9130,1,12,133.4,18,16,22,11,0,148.5,1,0,0,1,1,0,17,0,4,16,18,4,14.6,9,4,8,8,11,8.7,5,7.9,0.5,0.61,Enrolled
1,1,8,9130,0,1,145.0,12,5,14,19,6,135.1,0,0,0,1,1,1,29,0,8,4,25,6,16.0,5,1,16,26,6,12.7,0,9.6,1.1,1.52,Graduate
6,10,7,9130,1,3,136.3,7,6,28,5,6,134.5,0,0,0,1,0,0,34,0,7,6,23,9,1.2,3,9,5,19,1,16.3,1,10.3,3.6,-2.03,Enrolled
1,2,3,9085,1,2,106.2,16,24,12,19,9,140.9,0,0,0,1,1,0,37,0,9,5,28,14,17.2,1,6,11,9,7,12.6,0,15.2,2.1,-1.54,Enrolled
3,10,7,9147,1,4,165.3,19,30,27,13,1,135.0,1,0,0,1,0,1,28,0,6,5,13,7,9.0,6,3,7,21,6,7.1,8,12.5,2.3,0.51,Graduate
1,5,7,8014,1,1,100.2,3,32,24,8,3,151.3,0,0,0,1,1,0,28,0,4,5,9,2,8.2,8,9,9,29,1,17.4,4,7.5,2.7,2.45,Graduate
1,1,6,9085,1,1,134.7,15,19,22,16,7,99.8,1,0,0,1,1,0,42,0,7,19,6,6,10.8,2,14,8,9,2,9.9,7,9.5,1.4,-2.33,Graduate
1,17,9,9070,1,4,141.0,15,28,23,11,13,114.0,1,0,0,1,1,0,44,0,9,6,19,4,3.8,9,4,7,11,12,16.2,8,7.6,-0.1,3.18,Enrolled
2,15,5,9130,0,4,134.4,7,8,8,0,12,117.9,1,0,0,1,1,1,41,0,4,5,19,3,11.9,8,0,16,11,7,16.0,0,13.6,0.6,-0.67,Enrolled
1,17,7,9003,1,9,127.0,8,1,28,19,15,109.1,1,0,0,1,0,0,37,0,12,4,28,9,14.6,0,13,17,18,12,9.2,5,8.7,0.3,-3.04,Dropout
1,5,6,9003,1,10,152.3,7,4,29,7,6,128.5,1,0,0,1,0,0,27,0,10,6,23,1,5.8,9,13,7,15,4,3.8,7,9.0,3.2,2.54,Dropout
2,16,4,9238,0,10,146.8,3,22,15,11,9,129.1,0,0,0,1,0,0,25,0,11,14,11,6,4.6,5,3,16,12,1,6.7,5,8.1,2.5,2.96,Dropout
5,5,3,9238,1,10,129.7,19,22,8,15,10,152.7,0,0,0,1,1,0,51,0,4,17,21,12,16.5,0,4,9,27,9,3.2,6,13.2,1.7,2.17,Graduate
1,16,1,9070,1,12,123.3,19,30,28,0,10,138.7,1,0,0,1,1,1,52,0,13,4,14,6,8.4,5,8,15,12,6,2.9,2,11.7,0.3,-0.77,Dropout
1,1,7,9085,1,1,117.7,18,27,33,2,5,120.4,1,0,0,1,0,0,45,0,4,10,6,9,11.3,3,4,6,5,1,16.1,7,9.4,-0.1,3.08,Graduate
1,15,8,9003,0,12,118.9,7,27,11,11,11,133.4,1,1,0,1,1,1,33,0,1,19,4,9,15.4,2,4,13,25,2,2.5,0,14.1,1.9,-1.55,Dropout
1,5,3,171,1,14,129.1,19,13,25,3,9,103.2,0,0,0,1,1,0,53,0,8,13,3,11,12.9,4,12,0,7,0,17.5,5,12.2,-0.2,-3.39,Graduate
3,17,3,171,1,10,105.2,5,27,34,9,8,128.8,1,0,1,1,0,0,24,0,9,7,0,7,5.8,5,7,6,14,8,5.0,4,8.6,1.2,-1.46,Graduate
3,16,4,8014,1,1,129.9,13,8,22,1,5,128.2,1,0,1,1,0,0,21,0,5,7,22,10,0.4,2,3,3,17,4,8.3,7,7.2,1.8,-1.29,Graduate
2,15,1,171,1,9,142.0,2,12,2,8,8,115.3,0,0,0,1,1,0,39,0,11,1,19,3,8.4,1,6,19,21,8,3.3,3,7.8,0.8,2.0,Dropout
1,7,6,33,1,12,121.6,18,24,16,2,2,124.4,1,0,0,1,0,1,26,0,12,15,12,13,4.5,1,4,1,21,0,6.7,4,10.0,3.4,1.35,Dropout
3,7,4,9130,1,4,129.7,4,18,11,19,6,118.0,0,0,1,1,1,0,31,0,1,16,4,12,7.6,8,13,3,20,9,10.8,5,7.7,-0.4,0.64,Graduate
2,7,5,9070,1,12,134.6,4,15,14,19,2,114.9,1,0,0,1,1,0,32,0,13,9,4,9,8.3,3,4,3,26,1,16.5,5,9.2,1.1,-2.6,Graduate
3,10,3,9238,1,1,137.3,8,16,32,0,19,135.8,0,0,0,1,1,0,43,0,0,13,26,14,15.6,2,5,8,13,8,17.0,6,7.7,3.2,2.0,Dropout
2,5,7,33,1,12,127.0,11,33,22,4,7,140.4,0,0,0,1,1,0,48,0,3,11,17,1,13.8,9,7,6,24,13,1.0,4,7.7,-0.0,-3.82,Dropout
3,1,7,9147,1,6,156.4,1,10,5,4,7,133.6,1,0,0,1,1,0,51,0,3,19,1,10,3.5,8,14,4,4,7,9.6,8,9.8,2.0,-2.4,Graduate
2,17,4,9130,1,4,130.1,9,24,23,1,12,121.3,1,0,0,1,0,1,53,0,4,10,24,2,5.7,6,13,11,29,0,2.4,5,11.6,1.8,0.1,Graduate
1,1,5,9003,1,5,110.1,6,19,19,14,1,118.4,0,0,0,1,1,0,40,0,3,1,14,0,10.5,4,6,19,11,12,2.6,3,10.1,3.3,-0.46,Dropout
6,10,2,9130,1,9,124.2,4,27,29,0,13,121.7,0,0,0,1,0,0,47,0,0,14,12,14,10.2,5,10,13,25,10,14.8,0,7.9,3.2,1.17,Graduate
1,1,0,9238,1,14,149.5,6,31,23,4,4,124.1,0,0,0,1,1,1,51,0,14,14,5,10,9.8,7,7,16,7,9,5.9,2,7.5,3.3,1.94,Dropout
2,16,8,9119,0,4,148.3,13,21,9,6,12,115.7,1,0,0,1,0,1,32,0,1,2,23,11,17.1,6,2,3,18,9,17.7,8,8.8,1.8,2.49,Enrolled
1,7,8,9119,1,10,104.2,9,16,18,10,12,140.7,0,0,0,1,1,0,52,0,11,17,29,5,12.5,8,8,3,17,5,14.4,2,13.3,0.0,3.24,Graduate
2,17,2,33,1,3,125.5,14,23,31,9,18,124.4,1,0,1,1,1,0,28,0,5,19,13,7,1.7,4,4,5,8,4,9.8,4,13.0,-0.2,0.13,Dropout
2,5,3,9085,1,2,122.1,12,14,17,1,2,136.9,1,0,0,1,0,1,32,0,10,15,5,9,16.9,9,12,4,18,9,0.6,0,15.1,2.7,0.33,Dropout
1,1,6,9003,1,1,141.7,4,23,18,13,13,108.8,1,0,0,1,0,1,21,0,14,8,2,11,8.3,1,12,19,23,2,1.3,2,15.2,1.1,0.18,Graduate
1,1,1,9238,1,6,112.9,8,18,27,4,3,118.1,0,0,0,1,0,1,21,0,9,17,18,11,10.5,3,6,3,17,12,10.9,5,13.9,0.3,2.72,Enrolled
2,2,2,9238,1,2,153.4,17,12,21,15,9,138.2,0,0,0,1,0,0,36,0,8,6,29,11,14.8,1,12,19,28,3,15.1,8,7.2,2.2,1.79,Graduate
3,2,5,9238,1,10,108.0,5,11,1,1,5,138.4,0,0,0,1,1,0,54,0,7,9,26,7,3.8,4,14,15,14,14,9.3,7,8.0,2.7,-0.3,Graduate
1,2,7,171,1,14,127.9,3,5,32,9,5,111.4,0,0,0,1,1,0,52,0,6,19,20,3,9.2,2,13,8,25,9,15.7,7,13.7,3.3,1.12,Dropout
1,5,0,9238,0,4,111.9,4,21,14,17,1,130.9,1,0,0,1,1,1,48,0,6,16,18,3,15.5,9,12,10,21,8,7.2,7,14.4,-0.6,-1.75,Enrolled
2,7,3,9119,1,12,139.9,8,32,14,4,1,131.3,0,0,0,1,0,1,27,0,0,15,26,11,13.3,1,13,11,25,8,16.6,4,12.5,-0.3,-2.8,Dropout
1,15,0,9147,1,4,99.1,16,29,33,16,18,117.8,0,0,0,1,0,0,27,0,4,9,17,9,6.3,7,10,9,17,5,16.0,6,10.3,2.3,-3.7,Graduate
1,7,1,9070,1,4,127.4,11,7,12,10,2,131.6,1,0,0,1,1,0,44,0,13,16,15,11,10.6,7,0,16,3,12,11.3,8,8.7,-0.1,-0.92,Dropout
1,17,7,9130,1,10,127.1,2,27,25,4,19,106.5,1,0,0,1,1,0,28,0,3,11,3,12,0.1,4,0,19,3,8,16.2,3,13.1,-0.2,-1.24,Graduate
1,7,5,9070,1,10,116.6,8,6,15,5,3,115.0,0,0,0,1,1,1,47,0,4,6,27,11,0.9,4,13,3,23,11,9.7,3,10.7,0.0,1.68,Graduate
1,5,8,9119,1,5,148.3,7,4,20,15,3,134.8,1,0,0,1,0,0,46,0,11,0,19,0,2.0,4,10,16,9,11,1.9,1,10.3,0.5,-0.25,Graduate
1,16,1,9119,1,3,155.6,1,10,34,4,10,127.4,1,0,1,1,0,1,36,0,14,11,12,5,12.5,3,6,0,15,13,13.3,8,11.2,3.2,-2.76,Dropout
1,16,2,9147,1,2,124.0,2,30,14,15,2,128.1,1,0,0,1,1,0,43,0,5,17,8,3,11.2,9,10,8,4,11,11.6,2,14.5,2.8,-3.32,Enrolled
1,5,8,8014,1,12,131.9,13,9,30,16,16,124.7,1,0,1,1,1,0,41,0,5,15,22,8,16.5,2,13,16,24,7,12.2,4,12.8,0.7,-3.46,Graduate
1,2,8,33,1,12,120.7,11,16,13,8,8,134.0,0,0,0,0,1,0,50,0,9,11,7,1,12.8,6,5,11,26,7,0.7,4,12.0,2.0,-3.93,Dropout
1,1,5,171,1,5,111.1,3,4,14,1,13,134.6,1,0,0,0,1,0,51,0,12,9,16,7,7.6,0,2,2,28,3,1.8,8,9.9,2.3,-3.5,Graduate
1,10,2,9085,1,10,113.2,2,26,29,18,1,137.3,1,0,1,1,1,0,21,0,12,10,22,12,15.6,0,4,18,28,4,18.0,3,9.9,3.6,1.65,Graduate
3,10,4,9238,1,9,113.6,16,29,26,16,13,128.6,1,0,0,1,0,1,24,0,4,11,25,6,0.8,7,4,0,12,7,13.8,9,15.9,-0.4,1.8,Graduate
1,15,1,9238,1,3,148.7,1,28,3,4,2,122.0,0,0,0,1,0,0,35,0,12,3,8,7,0.2,8,6,14,2,2,8.4,2,11.2,0.8,-1.37,Graduate
1,1,6,9147,1,5,136.5,7,11,25,1,1,119.8,0,0,0,1,1,1,34,0,2,3,24,1,4.5,3,1,11,3,13,12.1,0,9.1,3.5,-3.81,Graduate
1,15,9,8014,1,12,115.7,3,28,27,10,0,113.3,0,0,0,1,1,0,32,0,2,9,11,9,2.3,5,14,11,0,7,15.0,9,13.5,1.6,-3.08,Dropout
1,2,7,9238,1,4,117.0,16,32,16,0,3,121.8,1,1,0,1,1,0,35,0,7,5,27,11,4.9,3,5,11,9,14,16.4,3,13.8,2.7,-0.22,Dropout
2,15,5,171,1,3,115.0,6,24,11,8,9,119.1,1,0,0,1,0,0,31,0,13,4,4,8,5.5,4,10,12,25,12,15.5,1,10.4,0.2,3.34,Dropout
2,1,7,33,1,9,101.8,14,7,29,5,14,147.8,1,0,0,1,0,0,45,0,14,12,16,12,8.2,2,11,2,24,6,9.8,6,14.1,0.5,-3.13,Graduate
4,17,1,171,1,10,137.8,11,18,24,10,11,113.4,0,0,0,1,1,0,31,0,7,10,12,3,11.0,2,14,14,7,7,16.4,7,14.8,3.2,-2.89,Enrolled
2,1,2,8014,1,5,128.1,21,3,29,7,5,140.5,0,0,0,1,0,0,45,0,12,8,15,14,6.3,0,6,5,6,1,14.2,1,14.5,2.2,-1.0,Enrolled
6,10,6,9119,1,10,155.6,19,20,34,12,2,123.5,1,0,0,1,1,0,33,0,11,2,21,0,17.4,6,11,2,20,0,1.3,9,7.7,3.0,0.6,Dropout
1,16,9,171,1,5,98.7,1,34,11,11,2,124.3,1,0,0,1,1,0,31,0,7,15,18,5,9.8,1,4,7,14,11,1.9,3,14.1,0.2,-1.09,Dropout
1,2,0,9070,1,12,142.7,21,30,20,8,18,132.2,1,0,0,1,1,0,27,0,12,15,22,3,15.8,4,0,17,29,9,13.2,0,10.6,0.3,0.68,Dropout
1,17,6,171,1,9,144.1,13,9,20,14,19,108.6,1,0,0,1,0,1,19,0,10,16,7,14,14.4,0,13,8,23,13,15.3,0,8.0,0.5,-3.57,Dropout
1,5,5,9119,0,5,146.0,20,10,9,4,3,116.6,0,0,0,1,1,1,29,0,6,6,5,1,0.9,5,3,4,26,1,8.0,6,15.0,2.9,-2.71,Dropout
1,17,7,9238,1,12,133.7,9,6,23,14,18,110.9,1,0,0,1,1,1,54,0,10,7,17,0,8.5,8,1,17,28,10,13.8,1,11.4,0.2,-3.52,Dropout
2,17,6,9130,0,5,143.8,11,17,27,1,13,122.1,1,0,1,1,1,0,25,0,4,10,25,5,14.5,8,1,17,17,4,13.4,7,14.9,2.2,2.56,Dropout
1,15,3,9130,1,10,134.6,1,15,24,14,3,115.2,0,0,0,1,1,0,36,1,12,11,10,7,16.3,6,0,18,2,8,8.5,9,12.4,0.7,1.99,Graduate
5,10,2,9130,1,4,118.8,13,33,25,19,7,144.1,1,0,0,1,1,0,42,0,11,15,25,2,11.4,4,4,15,15,7,7.3,8,9.9,1.9,-2.04,Graduate
3,15,2,9238,1,12,124.0,20,13,25,2,18,119.4,0,0,1,0,1,0,28,0,5,16,8,11,16.8,9,0,7,20,6,1.3,6,12.2,1.1,1.65,Graduate
1,15,3,9147,1,6,123.6,1,22,33,9,18,96.1,1,0,0,1,1,0,47,0,13,0,14,9,11.9,1,3,6,10,3,17.6,0,15.6,0.4,2.08,Graduate
1,5,8,33,1,6,147.5,3,16,31,6,0,122.7,1,0,0,1,0,0,18,0,5,12,13,7,3.8,0,9,10,12,11,3.7,2,12.6,2.2,2.38,Graduate
1,2,8,33,1,3,149.2,20,34,10,9,14,137.5,0,0,0,1,1,0,49,0,10,7,28,8,10.1,2,4,7,24,10,2.7,3,14.3,2.3,-0.78,Enrolled
1,1,1,9238,1,3,142.2,17,3,15,9,10,148.2,1,0,0,1,0,0,32,0,14,1,6,1,13.6,7,9,4,2,2,1.5,7,14.8,2.6,3.27,Graduate
1,7,4,171,0,4,130.9,5,8,1,7,8,124.0,1,0,1,0,0,0,21,0,12,15,24,3,12.0,9,0,14,21,3,9.2,9,10.5,2.9,2.69,Graduate
1,15,0,9085,1,1,99.1,6,20,16,12,2,120.3,1,0,0,1,0,0,33,0,14,7,1,5,1.5,1,14,12,13,14,1.2,6,8.4,0.4,1.31,Graduate
1,7,3,33,1,6,142.4,17,24,21,1,17,126.8,0,0,1,1,1,0,48,0,8,6,15,6,4.3,9,14,9,13,7,15.8,1,15.8,0.9,-3.82,Enrolled
1,2,1,9070,0,1,141.7,10,18,2,11,18,132.4,1,0,1,1,0,0,31,0,4,0,5,3,12.4,4,2,18,16,7,3.6,6,15.0,2.1,1.52,Enrolled
6,7,7,9070,1,4,134.3,11,23,3,8,15,112.3,0,0,0,1,1,1,28,0,10,1,8,3,9.5,8,6,0,26,5,16.5,9,12.3,2.2,0.7,Enrolled
2,15,3,9003,1,9,137.2,13,1,15,0,15,123.8,0,0,0,1,1,0,33,0,6,17,23,12,0.6,2,13,7,22,11,15.4,3,15.5,3.7,3.1,Dropout
5,5,4,9070,1,6,117.8,10,2,32,11,2,126.4,0,0,0,1,1,1,26,0,8,16,9,6,13.3,9,1,16,4,3,0.7,6,12.5,0.1,-0.62,Graduate
1,7,3,33,1,10,124.8,14,5,27,11,17,127.6,0,0,1,0,1,0,42,0,8,15,20,6,1.4,7,11,4,15,2,10.4,5,12.6,1.8,0.39,Enrolled
1,2,4,9085,1,4,117.7,13,18,24,2,12,125.1,1,0,0,1,0,0,44,0,0,18,25,6,3.3,7,4,11,1,7,3.3,4,12.7,-0.3,0.25,Dropout
2,2,4,9119,1,12,127.7,4,16,8,7,19,114.8,0,0,0,1,1,0,44,0,11,14,10,4,16.3,0,8,8,18,9,2.5,1,14.4,-0.2,-3.88,Graduate
1,16,4,9130,1,14,143.2,20,10,7,12,7,131.4,0,0,0,1,1,1,39,0,6,13,17,3,5.7,3,9,7,26,1,9.3,9,9.8,1.1,-2.44,Graduate
1,16,2,171,1,10,136.6,17,29,4,16,6,126.4,0,0,0,1,1,0,36,0,12,1,6,13,0.6,3,14,4,9,7,3.4,9,9.8,1.7,-2.68,Dropout
2,5,6,9119,1,5,114.3,18,25,30,19,18,126.4,0,0,0,1,1,0,33,0,13,10,7,12,0.3,5,6,17,25,4,8.1,3,7.3,0.1,-1.37,Dropout
2,7,2,9085,1,6,157.5,11,24,10,9,19,112.9,0,0,0,1,1,0,24,0,8,14,7,5,16.8,8,1,18,1,8,0.9,6,14.3,-0.5,-1.97,Dropout
1,7,1,9147,1,5,132.6,10,13,25,14,11,135.3,1,0,0,1,1,1,31,0,3,13,26,6,6.7,4,7,13,1,9,8.5,4,9.4,0.7,-1.61,Graduate
1,16,2,9130,0,6,119.9,21,21,32,8,17,114.7,1,0,0,1,1,0,39,0,2,2,12,9,11.2,7,1,5,23,14,3.1,2,9.0,0.2,-3.5,Dropout
1,1,2,9003,0,1,125.5,18,34,32,17,14,148.0,1,0,0,1,1,0,30,0,0,10,1,8,7.5,2,14,8,19,7,2.1,8,11.3,-0.4,-2.9,Graduate
1,10,7,9147,0,4,121.7,19,19,32,7,11,111.7,1,0,0,1,0,0,43,0,13,8,12,12,3.8,2,2,6,16,14,1.5,2,14.7,2.9,-0.23,Dropout
1,2,3,33,1,12,133.4,9,28,10,13,5,136.9,1,0,0,1,1,0,29,0,6,1,3,4,15.8,9,3,6,5,11,11.5,9,12.4,1.8,-0.21,Graduate
1,1,2,9085,1,4,110.2,5,27,9,10,16,102.2,1,0,0,1,1,0,41,0,7,11,23,5,17.1,6,5,13,7,13,1.2,9,14.6,2.5,-3.33,Graduate
1,2,9,9130,0,2,134.4,1,26,25,12,3,97.6,1,0,0,1,1,0,42,0,12,8,3,13,17.8,6,7,17,4,2,10.5,5,7.0,2.6,0.52,Dropout
6,17,4,9003,1,6,142.6,5,11,25,15,11,119.8,0,0,0,0,1,0,27,0,8,14,25,4,0.7,4,7,1,1,3,1.4,7,8.7,-0.1,3.34,Graduate
2,17,3,171,0,2,139.9,3,20,16,13,16,97.6,1,0,0,1,0,1,54,0,2,8,22,4,0.9,8,14,2,27,11,8.9,3,13.5,0.4,-1.09,Graduate
2,1,8,171,1,3,134.0,1,12,16,8,4,136.5,1,0,0,1,1,0,25,0,2,2,19,13,15.4,4,13,8,9,14,4.1,1,9.6,-0.6,-2.83,Graduate
